#VRML V2.0 utf8
# 3D model generated by easyeda2kicad.py (https://github.com/uPesy/easyeda2kicad.py)

Shape{
    appearance Appearance {
        material  Material 	{
            diffuseColor 0.0 1.0 0.0
            specularColor 0.0 0.5019607843137255 0.0
            ambientIntensity 0.587
            transparency 0.0
            shininess 0.5
        }
    }
    geometry IndexedFaceSet {
        ccw TRUE
        solid FALSE
        coord DEF co Coordinate {
            point [
                2.0 0.3533 0.3772, 2.0 0.3564 0.3807, 2.0 0.3564 0.4027, 2.0 0.2958 0.4029, 2.0 0.2934 0.4027, 2.0 0.3253 0.4027, 2.0 -1.2992 0.0787, 2.0 -1.2084 0.0787, 2.0 -1.2084 0.3498, 2.0 0.1945 0.7489, 2.0 0.2044 0.7501, 2.0 0.1514 0.7501, 2.0 0.2287 0.6152, 2.0 0.2201 0.6144, 2.0 0.2643 0.6144, 2.0 -0.1008 0.6449, 2.0 -0.075 0.6231, 2.0 0.0149 0.7501, 2.0 -0.2245 0.7625, 2.0 -0.2064 0.7501, 2.0 -0.1849 0.7354, 2.0 -0.1534 0.6989, 2.0 -0.1337 0.6605, 2.0 -0.129 0.6589, 2.0 -0.4033 0.7628, 2.0 -0.3595 0.7793, 2.0 -1.2084 5.9822, 2.0 -1.1913 5.9843, 2.0 -0.3139 0.7848, 2.0 0.0149 5.9843, 2.0 -0.2719 0.78, 2.0 -0.424 0.7501, 2.0 -1.2084 0.7501, 2.0 -0.4278 0.7478, 2.0 -1.2084 0.6144, 2.0 -0.6316 0.6144, 2.0 -0.6233 0.6331, 2.0 -0.6005 0.6624, 2.0 -0.5287 0.7033, 2.0 -0.4914 0.7079, 2.0 -0.4501 0.7287, 2.0 -0.4805 0.7073, 2.0 -0.4695 0.706, 2.0 -0.5941 0.6684, 2.0 -0.5639 0.6897, 2.0 -0.5756 0.4255, 2.0 -0.6052 0.4508, 2.0 -1.2084 0.4027, 2.0 -0.5413 0.4088, 2.0 -0.6269 0.4817, 2.0 -0.6405 0.517, 2.0 -1.2084 0.5753, 2.0 -0.6451 0.5542, 2.0 -0.6448 0.5633, 2.0 -0.6427 0.5753, 2.0 -0.6384 0.599, 2.0 -0.5293 0.4053, 2.0 -0.5281 0.4027, 2.0 -0.5198 0.3849, 2.0 -0.5057 0.3675, 2.0 -0.4871 0.3535, 2.0 0.0149 0.0787, 2.0 -0.4162 0.3436, 2.0 -0.4392 0.3407, 2.0 -0.4428 0.3408, 2.0 -0.4652 0.3443, 2.0 -0.4784 0.3498, 2.0 -0.3503 0.4027, 2.0 -0.3504 0.4023, 2.0 0.0149 0.3498, 2.0 -0.3616 0.3811, 2.0 -0.3761 0.3649, 2.0 -0.395 0.3517, 2.0 -0.3999 0.3498, 2.0 -0.2291 0.4587, 2.0 -0.2226 0.4612, 2.0 -0.2115 0.5153, 2.0 -0.0748 0.446, 2.0 -0.1006 0.4242, 2.0 0.0149 0.4027, 2.0 -0.368 0.4992, 2.0 -0.2409 0.5656, 2.0 -0.3846 0.5143, 2.0 -0.4048 0.5251, 2.0 -0.235 0.4545, 2.0 -0.056 0.4723, 2.0 -0.099 0.5436, 2.0 -0.1035 0.5618, 2.0 -0.1108 0.5753, 2.0 -0.5829 0.5753, 2.0 -0.0473 0.5753, 2.0 -0.0441 0.5672, 2.0 0.0149 0.5753, 2.0 -0.0397 0.5362, 2.0 -0.0441 0.5023, 2.0 -0.2153 0.4622, 2.0 -0.2143 0.4621, 2.0 -0.2115 0.4615, 2.0 -0.5773 0.5182, 2.0 -0.5661 0.499, 2.0 -0.5179 0.4892, 2.0 -0.5491 0.4816, 2.0 -0.5284 0.4688, 2.0 -0.4828 0.5206, 2.0 -0.5022 0.5071, 2.0 -0.5853 0.5561, 2.0 -0.5842 0.5414, 2.0 -0.4619 0.5286, 2.0 -0.4392 0.5314, 2.0 -0.4277 0.5308, 2.0 -0.2447 0.4328, 2.0 -0.2444 0.4365, 2.0 -0.3443 0.4451, 2.0 -0.2425 0.4437, 2.0 -0.2389 0.4502, 2.0 -0.1178 0.485, 2.0 -0.1074 0.4998, 2.0 -0.1008 0.5167, 2.0 -0.0986 0.5352, 2.0 -0.2225 0.4042, 2.0 -0.2288 0.4067, 2.0 -0.2349 0.4111, 2.0 -0.2371 0.4133, 2.0 -0.2413 0.4193, 2.0 -0.2438 0.4257, 2.0 -0.3448 0.4257, 2.0 -0.3443 0.4356, 2.0 -0.1296 0.41, 2.0 -0.1612 0.4034, 2.0 -0.2172 0.4034, 2.0 -0.2096 0.4612, 2.0 -0.1669 0.4612, 2.0 -0.1498 0.4645, 2.0 -0.1331 0.4723, 2.0 -0.119 0.4837, 2.0 -0.1802 0.6092, 2.0 -0.5743 0.6003, 2.0 -0.5825 0.5791, 2.0 -0.1726 0.6092, 2.0 -0.1123 0.5782, 2.0 -0.1232 0.5904, 2.0 -0.1379 0.6006, 2.0 -0.1545 0.607, 2.0 -0.2006 0.6663, 2.0 -0.2221 0.6918, 2.0 -0.4401 0.6368, 2.0 -0.2244 0.694, 2.0 -0.251 0.7125, 2.0 -0.4256 0.6668, 2.0 -0.5645 0.6144, 2.0 -0.4468 0.6404, 2.0 -0.1813 0.6144, 2.0 -0.186 0.6357, 2.0 -0.4681 0.6482, 2.0 -0.4904 0.651, 2.0 -0.5003 0.6505, 2.0 -0.4043 0.6922, 2.0 -0.2808 0.7239, 2.0 -0.3789 0.7108, 2.0 -0.313 0.7278, 2.0 -0.3479 0.7233, 2.0 -0.5238 0.6449, 2.0 -0.5449 0.6337, 2.0 -0.5612 0.6192, 2.0 -0.0557 0.5962, 2.0 0.0149 0.6144, 2.0 -0.0688 0.6144, 2.0 0.5235 0.652, 2.0 0.5169 0.652, 2.0 0.5235 0.6144, 2.0 0.5041 0.6155, 2.0 0.4814 0.6144, 2.0 0.4851 0.6155, 2.0 0.4814 0.7501, 2.0 0.5235 0.7165, 2.0 0.5235 0.7501, 2.0 0.5359 0.749, 2.0 0.5543 0.749, 2.0 0.2892 0.6756, 2.0 0.2892 0.6307, 2.0 0.3253 0.6307, 2.0 0.3253 0.6144, 2.0 0.3564 0.6144, 2.0 0.3438 0.6155, 2.0 0.3438 0.6307, 2.0 0.337 0.6756, 2.0 0.3253 0.6756, 2.0 0.3253 0.7501, 2.0 0.3253 0.749, 2.0 0.3408 0.749, 2.0 0.3253 0.6909, 2.0 0.337 0.6909, 2.0 0.3408 0.7336, 2.0 0.3564 0.7501, 2.0 0.3253 0.7336, 2.0 0.2892 0.7336, 2.0 0.2892 0.6909, 2.0 0.272 0.749, 2.0 0.2643 0.7501, 2.0 0.272 0.6155, 2.0 0.2453 0.7458, 2.0 0.2312 0.7498, 2.0 0.228 0.7501, 2.0 0.3253 0.6155, 2.0 0.2453 0.7278, 2.0 0.243 0.6199, 2.0 0.2109 0.6286, 2.0 0.2192 0.629, 2.0 0.2438 0.7286, 2.0 0.1636 0.6756, 2.0 0.1658 0.6623, 2.0 0.234 0.6323, 2.0 0.2453 0.6376, 2.0 0.2453 0.621, 2.0 0.1765 0.7198, 2.0 0.1701 0.7105, 2.0 0.1702 0.6515, 2.0 0.1766 0.6427, 2.0 0.1799 0.6394, 2.0 0.2139 0.7357, 2.0 0.2083 0.7354, 2.0 0.1775 0.7209, 2.0 0.1967 0.7331, 2.0 0.1863 0.7282, 2.0 0.1656 0.6989, 2.0 0.1635 0.6807, 2.0 0.1888 0.6334, 2.0 0.1985 0.63, 2.0 0.2303 0.7337, 2.0 0.2137 0.7512, 2.0 0.1514 5.9843, 2.0 0.2643 5.9843, 2.0 0.155 0.7189, 2.0 0.1647 0.7316, 2.0 0.1676 0.7344, 2.0 0.1805 0.7435, 2.0 0.1514 0.6494, 2.0 0.148 0.6581, 2.0 0.1434 0.6144, 2.0 0.1454 0.6797, 2.0 0.1456 0.6867, 2.0 0.1434 0.7501, 2.0 0.1487 0.7041, 2.0 0.1514 0.7104, 2.0 0.1514 0.6144, 2.0 0.1844 0.6171, 2.0 0.172 0.6234, 2.0 0.1625 0.6315, 2.0 0.1613 0.6328, 2.0 0.1534 0.6442, 2.0 0.1962 0.6144, 2.0 0.1514 0.5753, 2.0 0.1985 0.6138, 2.0 0.2084 0.6133, 2.0 0.2643 0.5753, 2.0 -1.7717 0.0787, 2.0 -1.7717 0.0, 2.0 -1.4961 0.0787, 2.0 -1.2992 0.0, 2.0 -1.4961 0.3498, 2.0 -1.2693 5.9163, 2.0 -1.6142 3.4252, 2.0 -1.4961 3.4252, 2.0 -1.243 5.9649, 2.0 -1.2556 5.951, 2.0 -1.2275 5.9754, 2.0 -1.2099 5.982, 2.0 -1.4961 0.4027, 2.0 -1.4961 0.5753, 2.0 -1.4961 0.6144, 2.0 -1.4961 0.7501, 2.0 -1.2645 5.9345, 2.0 0.5725 0.652, 2.0 0.5861 0.6155, 2.0 0.6051 0.6155, 2.0 1.496 0.6144, 2.0 1.496 0.7501, 2.0 1.496 3.4252, 2.0 1.0236 3.4252, 2.0 0.5235 5.9843, 2.0 1.0236 4.7244, 2.0 0.8338 5.9843, 2.0 0.9122 5.9129, 2.0 0.853 5.9819, 2.0 0.871 5.9749, 2.0 0.908 5.9318, 2.0 0.8994 5.9491, 2.0 0.8868 5.9637, 2.0 0.7532 0.4038, 2.0 0.7396 0.4403, 2.0 0.684 0.4403, 2.0 0.6712 0.4038, 2.0 0.6522 0.4038, 2.0 0.5235 0.4027, 2.0 0.5361 0.5373, 2.0 0.5235 0.5753, 2.0 0.5361 0.4038, 2.0 0.5728 0.4038, 2.0 0.5954 0.4065, 2.0 0.703 0.5373, 2.0 0.7214 0.5373, 2.0 0.7723 0.4038, 2.0 1.496 0.4027, 2.0 1.496 0.5753, 2.0 0.6246 0.5196, 2.0 0.6294 0.5149, 2.0 0.6377 0.5033, 2.0 0.6426 0.4905, 2.0 0.6333 0.4324, 2.0 0.6246 0.4225, 2.0 0.6106 0.4125, 2.0 0.5742 0.5373, 2.0 0.5946 0.535, 2.0 0.6107 0.5291, 2.0 0.6448 0.4722, 2.0 0.6441 0.4612, 2.0 0.6404 0.4459, 2.0 1.7716 0.0, 2.0 1.7716 0.0787, 2.0 1.4567 0.0, 2.0 1.496 0.0787, 2.0 1.4567 0.0787, 2.0 1.496 0.3498, 2.0 0.5235 0.0787, 2.0 0.5235 0.3498, 2.0 0.4814 0.3498, 2.0 0.4814 0.0787, 2.0 0.4301 0.3498, 2.0 0.4301 0.0787, 2.0 0.3564 0.3498, 2.0 0.3564 0.0787, 2.0 0.3253 0.3498, 2.0 0.3253 0.0787, 2.0 0.2643 0.3498, 2.0 0.2643 0.0787, 2.0 0.1514 0.3498, 2.0 0.1514 0.0787, 2.0 0.1434 0.3498, 2.0 0.1434 0.0787, 2.0 0.4301 0.7501, 2.0 0.4301 0.7457, 2.0 0.4436 0.7408, 2.0 0.4732 0.6576, 2.0 0.4662 0.6441, 2.0 0.4301 0.619, 2.0 0.4301 0.6144, 2.0 0.4435 0.6242, 2.0 0.4575 0.6342, 2.0 0.4575 0.7313, 2.0 0.4623 0.7266, 2.0 0.4705 0.715, 2.0 0.4755 0.7022, 2.0 0.4777 0.6839, 2.0 0.477 0.6729, 2.0 0.4071 0.749, 2.0 0.4275 0.7467, 2.0 0.4282 0.6182, 2.0 0.4057 0.6155, 2.0 0.369 0.6155, 2.0 0.369 0.749, 2.0 0.203 0.405, 2.0 0.1967 0.4027, 2.0 0.2172 0.4038, 2.0 0.164 0.4492, 2.0 0.1666 0.4762, 2.0 0.1607 0.4444, 2.0 0.1584 0.4385, 2.0 0.2088 0.4089, 2.0 0.1776 0.4027, 2.0 0.1711 0.4051, 2.0 0.1514 0.4027, 2.0 0.1666 0.4924, 2.0 0.1702 0.4945, 2.0 0.2164 0.4983, 2.0 0.2593 0.4848, 2.0 0.2624 0.4893, 2.0 0.1691 0.4536, 2.0 0.1762 0.4573, 2.0 0.1771 0.4829, 2.0 0.189 0.4604, 2.0 0.2036 0.4871, 2.0 0.1979 0.4877, 2.0 0.1876 0.4866, 2.0 0.2172 0.4186, 2.0 0.2168 0.4186, 2.0 0.2141 0.4145, 2.0 0.1655 0.4091, 2.0 0.1637 0.411, 2.0 0.1602 0.4161, 2.0 0.1582 0.4217, 2.0 0.1573 0.4293, 2.0 0.222 0.4952, 2.0 0.2265 0.491, 2.0 0.2573 0.4794, 2.0 0.2299 0.4856, 2.0 0.2326 0.4781, 2.0 0.1826 0.4993, 2.0 0.1995 0.5013, 2.0 0.2093 0.5004, 2.0 0.2172 0.4644, 2.0 0.2166 0.4718, 2.0 0.2149 0.4777, 2.0 0.2129 0.4812, 2.0 0.2641 0.4555, 2.0 0.2566 0.4244, 2.0 0.2643 0.4554, 2.0 0.2627 0.4206, 2.0 0.2643 0.42, 2.0 0.2614 0.4583, 2.0 0.2592 0.4618, 2.0 0.2339 0.4652, 2.0 0.2574 0.4669, 2.0 0.2567 0.4734, 2.0 0.2104 0.4839, 2.0 0.2074 0.4858, 2.0 0.1962 0.4025, 2.0 0.1876 0.4016, 2.0 0.1779 0.4027, 2.0 0.2566 0.4072, 2.0 0.2339 0.4038, 2.0 0.2643 0.4044, 2.0 0.2643 0.4027, 2.0 0.2674 0.4032, 2.0 0.2723 0.4027, 2.0 0.2824 0.4016, 2.0 0.3164 0.4971, 2.0 0.3164 0.4808, 2.0 0.2674 0.4937, 2.0 0.2723 0.4967, 2.0 0.3201 0.423, 2.0 0.3181 0.4177, 2.0 0.315 0.4133, 2.0 0.2643 0.491, 2.0 0.2814 0.5, 2.0 0.2938 0.5013, 2.0 0.3253 0.5753, 2.0 0.3048 0.5004, 2.0 0.3153 0.4455, 2.0 0.3185 0.4409, 2.0 0.3202 0.436, 2.0 0.3209 0.4297, 2.0 0.3102 0.4091, 2.0 0.305 0.4061, 2.0 0.2921 0.4877, 2.0 0.2872 0.4874, 2.0 0.2739 0.4749, 2.0 0.2827 0.4862, 2.0 0.279 0.4842, 2.0 0.274 0.4727, 2.0 0.2747 0.4701, 2.0 0.2759 0.4678, 2.0 0.2775 0.466, 2.0 0.2834 0.4624, 2.0 0.3035 0.4864, 2.0 0.2938 0.4578, 2.0 0.313 0.4828, 2.0 0.3003 0.4552, 2.0 0.3114 0.4491, 2.0 0.2765 0.482, 2.0 0.275 0.4798, 2.0 0.2742 0.4776, 2.0 0.2731 0.4165, 2.0 0.282 0.4457, 2.0 0.272 0.4503, 2.0 0.2841 0.4152, 2.0 0.2848 0.4152, 2.0 0.293 0.4411, 2.0 0.2934 0.4162, 2.0 0.3038 0.4281, 2.0 0.3036 0.4302, 2.0 0.2977 0.4178, 2.0 0.2992 0.4187, 2.0 0.3011 0.4204, 2.0 0.3026 0.4225, 2.0 0.3034 0.4249, 2.0 0.3029 0.4328, 2.0 0.3016 0.435, 2.0 0.2995 0.4372, 2.0 0.4038 0.4991, 2.0 0.4211 0.4991, 2.0 0.4301 0.5753, 2.0 0.3732 0.4275, 2.0 0.3753 0.4196, 2.0 0.3757 0.4196, 2.0 0.3564 0.5753, 2.0 0.3564 0.4759, 2.0 0.3778 0.4274, 2.0 0.3765 0.4229, 2.0 0.3564 0.4311, 2.0 0.3296 0.4991, 2.0 0.3483 0.4991, 2.0 0.3665 0.4027, 2.0 0.367 0.404, 2.0 0.3564 0.3807, 2.0 0.3597 0.3867, 2.0 0.3331 0.3603, 2.0 0.3331 0.3752, 2.0 0.3365 0.374, 2.0 0.3426 0.3733, 2.0 0.3564 0.3619, 2.0 0.3506 0.3597, 2.0 0.3439 0.3589, 2.0 0.3402 0.3591, 2.0 0.3466 0.3737, 2.0 0.3503 0.3751, 2.0 0.3779 0.3894, 2.0 0.3703 0.3747, 2.0 0.3831 0.4027, 2.0 0.3642 0.3673, 2.0 0.363 0.3663, 2.0 0.3572 0.3622, 2.0 0.4814 0.4639, 2.0 0.4564 0.4639, 2.0 0.4814 0.419, 2.0 0.4564 0.419, 2.0 0.5079 0.5373, 2.0 0.5079 0.5219, 2.0 0.5109 0.419, 2.0 0.5109 0.4038, 2.0 0.4814 0.4027, 2.0 0.5041 0.4639, 2.0 0.5041 0.4792, 2.0 0.4814 0.4792, 2.0 0.4814 0.5219, 2.0 0.4564 0.5219, 2.0 0.4564 0.4792, 2.0 0.4814 0.4038, 2.0 0.4391 0.4038, 2.0 0.4301 0.4027, 2.0 0.4391 0.5373, 2.0 0.4814 0.5373, 2.0 0.4814 0.5753, 2.0 0.3253 5.9843, 2.0 0.3564 5.9843, 2.0 0.4301 5.9843, 2.0 0.4814 5.9843, 2.0 0.1434 5.9843, 2.0 0.0696 0.6155, 2.0 0.1399 0.6307, 2.0 0.1399 0.6155, 2.0 0.0696 0.749, 2.0 0.0868 0.749, 2.0 0.0868 0.6307, 2.0 0.1434 0.5753, 2.0 0.1434 0.4027, 2.0 0.0696 0.4038, 2.0 0.0868 0.4639, 2.0 0.0868 0.419, 2.0 0.1345 0.4639, 2.0 0.1413 0.419, 2.0 0.1345 0.4792, 2.0 0.0696 0.5373, 2.0 0.1383 0.5373, 2.0 0.1383 0.5219, 2.0 0.0868 0.5219, 2.0 0.0868 0.4792, 2.0 0.1413 0.4038, 1.5512 1.1417 1.3189, 1.3544 0.8926 1.3189, 1.3544 0.7351 1.3189, 0.6457 0.8926 1.3189, 0.4489 1.1417 1.3189, 0.6457 0.7351 1.3189, 0.4489 -1.2205 1.3189, 1.5512 -1.2205 1.3189, -0.4488 1.1417 1.3189, -0.6456 0.8926 1.3189, -0.6456 0.7351 1.3189, -1.3543 0.8926 1.3189, -1.5511 1.1417 1.3189, -1.3543 0.7351 1.3189, -1.5511 -1.2205 1.3189, -0.4488 -1.2205 1.3189
            ]
        }
        coordIndex [
            0,1,2,-1,3,4,5,-1,6,7,8,-1,9,10,11,-1,12,13,14,-1,15,16,17,-1,18,19,17,-1,17,19,20,-1,17,20,21,-1,21,22,17,-1,17,22,23,-1,17,23,15,-1,24,25,26,-1,26,25,27,-1,27,25,28,-1,27,28,29,-1,29,28,30,-1,29,30,18,-1,24,26,31,-1,31,26,32,-1,31,32,33,-1,34,35,32,-1,32,35,36,-1,32,36,37,-1,32,38,33,-1,33,38,39,-1,33,39,40,-1,40,39,41,-1,40,41,42,-1,37,43,32,-1,32,43,44,-1,32,44,38,-1,45,46,47,-1,45,47,48,-1,46,49,47,-1,47,49,50,-1,47,50,51,-1,51,50,52,-1,52,53,51,-1,51,53,54,-1,51,54,34,-1,34,54,55,-1,34,55,35,-1,56,48,57,-1,57,48,47,-1,57,47,58,-1,58,47,8,-1,58,8,59,-1,59,8,60,-1,61,62,63,-1,61,63,7,-1,63,64,7,-1,7,64,65,-1,7,65,8,-1,8,65,66,-1,8,66,60,-1,67,68,69,-1,69,68,70,-1,70,71,69,-1,69,71,72,-1,69,72,73,-1,74,75,76,-1,77,78,79,-1,80,81,82,-1,82,81,83,-1,74,76,84,-1,77,79,85,-1,86,87,81,-1,81,87,88,-1,81,88,89,-1,90,91,92,-1,92,91,93,-1,92,93,79,-1,79,93,94,-1,79,94,85,-1,75,95,76,-1,76,95,96,-1,76,96,97,-1,98,99,100,-1,100,99,101,-1,100,101,102,-1,103,89,104,-1,104,89,105,-1,104,105,100,-1,100,105,106,-1,100,106,98,-1,103,107,89,-1,89,107,108,-1,89,108,81,-1,81,108,109,-1,81,109,83,-1,110,111,112,-1,112,111,113,-1,112,113,76,-1,76,113,114,-1,76,114,84,-1,115,116,76,-1,76,116,117,-1,76,117,81,-1,81,117,118,-1,81,118,86,-1,119,120,67,-1,67,120,121,-1,67,121,122,-1,122,123,67,-1,67,123,124,-1,67,124,125,-1,125,124,110,-1,125,110,126,-1,126,110,112,-1,78,127,79,-1,79,127,128,-1,79,128,67,-1,67,128,129,-1,67,129,119,-1,97,130,76,-1,76,130,131,-1,76,131,132,-1,132,133,76,-1,76,133,134,-1,76,134,115,-1,135,136,137,-1,137,89,135,-1,135,89,88,-1,135,88,138,-1,138,88,139,-1,139,140,138,-1,138,140,141,-1,138,141,142,-1,143,144,145,-1,144,146,145,-1,145,146,147,-1,145,147,148,-1,149,145,150,-1,136,135,149,-1,149,135,151,-1,149,151,145,-1,145,151,152,-1,145,152,143,-1,150,153,149,-1,149,153,154,-1,149,154,155,-1,148,147,156,-1,156,147,157,-1,156,157,158,-1,158,157,159,-1,158,159,160,-1,161,162,155,-1,155,162,163,-1,155,163,149,-1,90,92,164,-1,164,92,165,-1,164,165,166,-1,167,168,169,-1,169,168,170,-1,169,170,171,-1,171,170,172,-1,171,172,173,-1,173,172,174,-1,173,174,175,-1,175,174,176,-1,175,176,177,-1,178,179,180,-1,181,182,183,-1,183,182,184,-1,184,182,185,-1,184,185,180,-1,180,185,186,-1,180,186,178,-1,187,188,189,-1,190,191,192,-1,187,189,193,-1,193,189,192,-1,193,192,182,-1,182,192,191,-1,182,191,185,-1,192,194,190,-1,190,194,195,-1,190,195,196,-1,188,187,197,-1,197,187,198,-1,197,198,199,-1,200,198,201,-1,201,198,202,-1,183,203,181,-1,181,203,199,-1,181,199,14,-1,14,199,198,-1,14,198,204,-1,204,198,200,-1,12,14,205,-1,204,206,207,-1,208,209,204,-1,204,209,210,-1,207,211,204,-1,204,211,212,-1,204,212,14,-1,14,212,213,-1,14,213,205,-1,208,214,215,-1,210,216,204,-1,204,216,217,-1,204,217,218,-1,219,220,221,-1,221,220,222,-1,221,222,223,-1,215,224,208,-1,208,224,225,-1,208,225,209,-1,218,226,204,-1,204,226,227,-1,204,227,206,-1,214,208,221,-1,221,208,228,-1,221,228,219,-1,229,202,230,-1,230,202,231,-1,11,232,233,-1,233,234,11,-1,11,234,235,-1,11,235,9,-1,236,237,238,-1,238,237,239,-1,239,240,241,-1,241,240,242,-1,241,242,11,-1,11,242,243,-1,11,243,232,-1,244,245,246,-1,246,247,244,-1,244,247,248,-1,244,248,249,-1,245,244,250,-1,250,244,251,-1,250,251,252,-1,252,251,253,-1,253,251,254,-1,253,254,13,-1,255,256,257,-1,257,256,258,-1,257,258,259,-1,260,261,262,-1,263,264,265,-1,265,264,266,-1,258,6,259,-1,259,6,8,-1,259,8,267,-1,267,8,47,-1,267,47,268,-1,268,47,51,-1,268,51,269,-1,269,51,34,-1,269,34,270,-1,270,34,32,-1,270,32,262,-1,262,32,26,-1,262,26,260,-1,260,26,266,-1,260,266,271,-1,271,266,264,-1,272,167,273,-1,273,167,169,-1,273,169,274,-1,274,169,275,-1,274,275,177,-1,177,275,276,-1,177,276,175,-1,175,276,277,-1,175,277,278,-1,279,280,281,-1,281,280,282,-1,281,282,283,-1,283,282,284,-1,285,286,282,-1,282,286,287,-1,282,287,284,-1,288,289,290,-1,291,292,293,-1,294,295,296,-1,296,295,293,-1,296,293,297,-1,297,293,292,-1,297,292,298,-1,295,299,300,-1,290,291,288,-1,288,291,293,-1,288,293,301,-1,301,293,302,-1,301,302,300,-1,300,302,303,-1,300,303,295,-1,304,305,299,-1,299,305,306,-1,299,306,307,-1,308,309,292,-1,292,309,310,-1,292,310,298,-1,294,311,295,-1,295,311,312,-1,295,312,299,-1,299,312,313,-1,299,313,304,-1,307,314,299,-1,299,314,315,-1,299,315,292,-1,292,315,316,-1,292,316,308,-1,317,318,319,-1,319,318,320,-1,319,320,321,-1,321,320,322,-1,321,322,323,-1,322,324,323,-1,323,324,325,-1,323,325,326,-1,326,325,327,-1,326,327,328,-1,328,327,329,-1,328,329,330,-1,330,329,331,-1,330,331,332,-1,332,331,333,-1,332,333,334,-1,334,333,335,-1,334,335,336,-1,336,335,337,-1,336,337,338,-1,338,337,69,-1,338,69,61,-1,61,69,73,-1,61,73,62,-1,339,340,173,-1,173,340,341,-1,171,342,343,-1,344,345,346,-1,346,345,171,-1,346,171,347,-1,347,171,343,-1,341,348,173,-1,173,348,349,-1,173,349,350,-1,350,351,173,-1,173,351,352,-1,173,352,171,-1,171,352,353,-1,171,353,342,-1,193,354,339,-1,339,354,355,-1,339,355,340,-1,344,356,345,-1,345,356,357,-1,345,357,182,-1,182,357,358,-1,182,358,193,-1,193,358,359,-1,193,359,354,-1,360,361,362,-1,363,364,365,-1,365,364,366,-1,360,362,367,-1,368,369,370,-1,251,371,372,-1,373,374,375,-1,363,376,364,-1,364,376,377,-1,364,377,378,-1,378,377,379,-1,380,381,379,-1,379,381,382,-1,379,382,378,-1,383,384,362,-1,362,384,385,-1,362,385,367,-1,369,386,370,-1,370,386,387,-1,370,387,388,-1,388,389,370,-1,370,389,390,-1,370,390,251,-1,251,390,366,-1,251,366,371,-1,371,366,364,-1,373,391,374,-1,374,391,392,-1,374,392,393,-1,393,392,394,-1,393,394,395,-1,372,396,251,-1,251,396,397,-1,251,397,398,-1,399,400,379,-1,379,400,401,-1,379,401,402,-1,403,404,405,-1,405,404,406,-1,405,406,407,-1,408,409,410,-1,410,409,411,-1,410,411,395,-1,395,411,412,-1,395,412,393,-1,402,413,379,-1,379,413,414,-1,379,414,380,-1,361,415,333,-1,333,415,335,-1,335,415,416,-1,335,416,417,-1,403,408,404,-1,404,408,410,-1,404,410,418,-1,418,410,419,-1,418,419,420,-1,420,419,421,-1,420,421,422,-1,422,421,423,-1,424,423,333,-1,333,423,421,-1,333,421,361,-1,361,421,419,-1,361,419,362,-1,425,426,5,-1,427,428,254,-1,429,430,5,-1,5,430,431,-1,398,373,251,-1,251,373,375,-1,251,375,254,-1,254,375,432,-1,254,432,427,-1,428,433,254,-1,254,433,434,-1,254,434,435,-1,435,434,436,-1,435,436,425,-1,437,438,426,-1,426,438,439,-1,426,439,5,-1,5,439,440,-1,5,440,429,-1,431,441,5,-1,5,441,442,-1,5,442,3,-1,443,444,445,-1,445,444,446,-1,445,446,447,-1,445,448,443,-1,443,448,449,-1,443,449,450,-1,450,451,443,-1,443,451,452,-1,443,452,453,-1,453,452,454,-1,453,454,455,-1,455,454,456,-1,455,456,426,-1,426,456,457,-1,426,457,437,-1,458,459,447,-1,447,459,460,-1,447,460,445,-1,461,462,407,-1,407,462,463,-1,407,463,405,-1,461,464,462,-1,462,464,465,-1,462,465,466,-1,466,465,467,-1,466,468,469,-1,467,470,466,-1,466,470,471,-1,466,471,472,-1,472,473,466,-1,466,473,474,-1,466,474,468,-1,469,475,466,-1,466,475,476,-1,466,476,477,-1,478,479,480,-1,481,482,483,-1,480,484,478,-1,478,484,485,-1,478,485,486,-1,486,485,481,-1,486,481,487,-1,487,481,483,-1,488,489,5,-1,425,5,435,-1,435,5,489,-1,435,489,484,-1,484,489,490,-1,484,490,485,-1,5,2,488,-1,488,2,491,-1,488,491,492,-1,1,493,2,-1,2,493,494,-1,2,494,491,-1,331,495,496,-1,424,333,4,-1,4,333,331,-1,4,331,5,-1,5,331,496,-1,5,496,2,-1,2,496,497,-1,2,497,498,-1,499,500,329,-1,329,500,501,-1,329,501,331,-1,331,501,502,-1,331,502,495,-1,498,503,2,-1,2,503,504,-1,2,504,0,-1,505,506,327,-1,505,327,507,-1,506,508,327,-1,327,508,509,-1,327,509,329,-1,329,509,510,-1,329,510,499,-1,511,512,513,-1,513,512,514,-1,515,516,295,-1,295,516,517,-1,295,517,293,-1,293,517,518,-1,293,518,519,-1,511,513,520,-1,520,513,517,-1,520,517,521,-1,521,517,516,-1,521,516,522,-1,516,523,522,-1,522,523,524,-1,522,524,525,-1,518,526,519,-1,519,526,527,-1,519,527,528,-1,528,527,529,-1,515,295,530,-1,530,295,531,-1,530,531,529,-1,529,531,480,-1,529,480,528,-1,528,480,479,-1,528,479,507,-1,202,198,231,-1,231,198,187,-1,231,187,532,-1,532,187,193,-1,532,193,533,-1,533,193,339,-1,533,339,534,-1,534,339,173,-1,534,173,535,-1,535,173,175,-1,535,175,279,-1,279,175,278,-1,279,278,280,-1,18,17,29,-1,29,17,241,-1,29,241,536,-1,536,241,11,-1,536,11,230,-1,230,11,10,-1,230,10,229,-1,537,17,165,-1,165,17,16,-1,165,16,166,-1,239,241,238,-1,238,241,538,-1,238,538,539,-1,537,540,17,-1,17,540,541,-1,17,541,241,-1,241,541,542,-1,241,542,538,-1,13,254,14,-1,14,254,435,-1,14,435,181,-1,181,435,484,-1,181,484,182,-1,182,484,480,-1,182,480,345,-1,345,480,531,-1,345,531,171,-1,171,531,295,-1,171,295,169,-1,169,295,303,-1,169,303,275,-1,539,537,238,-1,238,537,165,-1,238,165,543,-1,543,165,92,-1,249,236,244,-1,244,236,238,-1,244,238,251,-1,251,238,543,-1,251,543,370,-1,370,543,544,-1,545,79,544,-1,546,547,548,-1,548,547,549,-1,548,549,550,-1,79,545,92,-1,92,545,551,-1,92,551,543,-1,543,551,552,-1,543,552,553,-1,554,555,553,-1,553,555,550,-1,553,550,543,-1,543,550,549,-1,543,549,544,-1,544,549,556,-1,544,556,545,-1,507,327,528,-1,528,327,325,-1,528,325,519,-1,519,325,324,-1,519,324,293,-1,293,324,322,-1,293,322,302,-1,67,69,79,-1,79,69,337,-1,79,337,544,-1,544,337,335,-1,544,335,370,-1,370,335,417,-1,370,417,368,-1,557,558,559,-1,558,557,560,-1,560,557,561,-1,560,561,562,-1,562,561,563,-1,562,563,559,-1,559,563,564,-1,559,564,557,-1,565,566,567,-1,566,565,568,-1,568,565,569,-1,568,569,570,-1,570,569,571,-1,570,571,567,-1,567,571,572,-1,567,572,565,-1,
        ]
    }
}
Shape{
    appearance Appearance {
        material  Material 	{
            diffuseColor 0.7529411764705882 0.7529411764705882 0.7529411764705882
            specularColor 0.3764705882352941 0.3764705882352941 0.3764705882352941
            ambientIntensity 0.7529
            transparency 0.0
            shininess 0.5
        }
    }
    geometry IndexedFaceSet {
        ccw TRUE
        solid FALSE
        coord DEF co Coordinate {
            point [
                -1.7513 -0.3347 5.1969, -0.2486 -0.3347 5.1969, -0.2378 -0.2697 5.1969, -1.7621 -0.2697 5.1969, -0.2378 -0.0846 5.1969, -1.7621 -0.0846 5.1969, -0.2486 -0.0197 5.1969, -1.7513 -0.0197 5.1969, 0.2487 -0.3347 5.1969, 1.7514 -0.3347 5.1969, 0.2379 -0.2697 5.1969, 1.7622 -0.2697 5.1969, 0.2379 -0.0846 5.1969, 1.7622 -0.0846 5.1969, 0.2487 -0.0197 5.1969, 1.7514 -0.0197 5.1969, -0.8031 0.1575 -0.9842, -0.8031 0.1575 0.0787, -0.8031 -0.1575 -0.9842, -0.8031 -0.1575 0.0787, 1.1969 0.1575 -0.9842, 1.1969 0.1575 0.0787, 1.1969 -0.1575 -0.9842, 1.1969 -0.1575 0.0787
            ]
        }
        coordIndex [
            0,1,2,-1,0,2,3,-1,3,2,4,-1,3,4,5,-1,5,4,6,-1,5,6,7,-1,8,9,10,-1,10,9,11,-1,10,11,12,-1,12,11,13,-1,12,13,14,-1,14,13,15,-1,16,17,18,-1,18,17,19,-1,20,21,22,-1,22,21,23,-1,
        ]
    }
}
Shape{
    appearance Appearance {
        material  Material 	{
            diffuseColor 0.0 1.0 0.0
            specularColor 0.0 0.5019607843137255 0.0
            ambientIntensity 0.587
            transparency 0.0
            shininess 0.5
        }
    }
    geometry IndexedFaceSet {
        ccw TRUE
        solid FALSE
        coord DEF co Coordinate {
            point [
                -0.4685 1.1417 3.0709, -0.4685 1.6142 3.0709, -1.5315 1.1417 3.0709, -1.5315 1.6142 3.0709, 1.5315 1.1417 3.0709, 1.5315 1.6142 3.0709, 0.4685 1.1417 3.0709, 0.4685 1.6142 3.0709
            ]
        }
        coordIndex [
            0,1,2,-1,2,1,3,-1,4,5,6,-1,6,5,7,-1,
        ]
    }
}
Shape{
    appearance Appearance {
        material  Material 	{
            diffuseColor 0.7529411764705882 0.7529411764705882 0.7529411764705882
            specularColor 0.3764705882352941 0.3764705882352941 0.3764705882352941
            ambientIntensity 0.7529
            transparency 0.0
            shininess 0.5
        }
    }
    geometry IndexedFaceSet {
        ccw TRUE
        solid FALSE
        coord DEF co Coordinate {
            point [
                -1.7513 -0.3347 5.5118, -0.2486 -0.3347 5.5118, -1.7513 -0.3347 5.1969, -0.2486 -0.3347 5.1969, -0.2486 -0.0197 5.5118, -1.7513 -0.0197 5.5118, -0.2486 -0.0197 5.1969, -1.7513 -0.0197 5.1969, 1.7514 -0.3347 5.5118, 1.7514 -0.3347 5.1969, 0.2487 -0.3347 5.5118, 0.2487 -0.3347 5.1969, 1.7514 -0.0197 5.1969, 1.7514 -0.0197 5.5118, 0.2487 -0.0197 5.1969, 0.2487 -0.0197 5.5118
            ]
        }
        coordIndex [
            0,1,2,-1,2,1,3,-1,4,5,6,-1,6,5,7,-1,8,9,10,-1,10,9,11,-1,12,13,14,-1,14,13,15,-1,
        ]
    }
}
Shape{
    appearance Appearance {
        material  Material 	{
            diffuseColor 0.0 1.0 0.0
            specularColor 0.0 0.5019607843137255 0.0
            ambientIntensity 0.587
            transparency 0.0
            shininess 0.5
        }
    }
    geometry IndexedFaceSet {
        ccw TRUE
        solid FALSE
        coord DEF co Coordinate {
            point [
                0.193 1.7716 0.0, 0.193 1.4567 0.0, -0.1929 1.7716 0.0, -0.1929 1.4567 0.0, -1.807 1.7716 0.0, -1.807 1.4567 0.0, -1.807 1.4567 0.0787, -1.807 1.4173 0.0787, -1.807 1.4173 3.4252, -1.807 1.7716 3.4252, -1.4133 1.7716 0.0, -1.4133 1.4567 0.0, -0.1929 -1.7717 0.0, -0.1929 -1.2992 0.0, 0.193 -1.7717 0.0, 0.193 -1.2992 0.0, -1.807 -1.6142 3.4252, -1.807 -1.4173 3.4252, -1.807 -1.4173 0.0787, -1.807 -1.7717 3.4252, -1.807 -1.7717 0.0, -1.807 -1.2992 0.0, -1.807 -1.2992 0.0787, -1.4133 -1.2992 0.0, -1.4133 -1.7717 0.0, -1.6299 -1.7717 1.0236, -1.5511 -1.2205 1.3189, -1.6299 -1.7717 2.874, -1.5511 -1.2205 2.3819, -0.37 -1.7717 2.874, -0.4488 -1.2205 2.3819, -0.4488 -1.2205 1.3189, -0.37 -1.7717 1.0236, 0.3701 -1.7717 2.874, 0.3701 -1.7717 1.0236, 0.4489 -1.2205 2.3819, 0.4489 -1.2205 1.3189, 1.63 -1.7717 2.874, 1.5512 -1.2205 2.3819, 1.63 -1.7717 1.0236, 1.5512 -1.2205 1.3189
            ]
        }
        coordIndex [
            0,1,2,-1,2,1,3,-1,4,5,6,-1,7,8,6,-1,6,8,9,-1,6,9,4,-1,10,11,4,-1,4,11,5,-1,12,13,14,-1,14,13,15,-1,16,17,18,-1,19,16,20,-1,20,16,18,-1,20,18,21,-1,21,18,22,-1,23,24,21,-1,21,24,20,-1,25,26,27,-1,27,26,28,-1,27,28,29,-1,29,28,30,-1,31,32,30,-1,30,32,29,-1,32,31,25,-1,25,31,26,-1,33,34,35,-1,35,34,36,-1,37,33,38,-1,38,33,35,-1,39,37,40,-1,40,37,38,-1,34,39,36,-1,36,39,40,-1,
        ]
    }
}
Shape{
    appearance Appearance {
        material  Material 	{
            diffuseColor 0.7529411764705882 0.7529411764705882 0.7529411764705882
            specularColor 0.3764705882352941 0.3764705882352941 0.3764705882352941
            ambientIntensity 0.7529
            transparency 0.0
            shininess 0.5
        }
    }
    geometry IndexedFaceSet {
        ccw TRUE
        solid FALSE
        coord DEF co Coordinate {
            point [
                -1.1968 0.1575 -0.9842, -1.1968 0.1575 0.0787, -0.8031 0.1575 -0.9842, -0.8031 0.1575 0.0787, -1.0913 -0.052 -1.378, -1.0913 0.052 -1.378, -0.9086 -0.052 -1.378, -0.9086 0.052 -1.378, -0.8031 -0.1575 -0.9842, -0.8031 -0.1575 0.0787, -1.1968 -0.1575 -0.9842, -1.1968 -0.1575 0.0787, 0.8032 0.1575 -0.9842, 0.8032 0.1575 0.0787, 1.1969 0.1575 -0.9842, 1.1969 0.1575 0.0787, 0.9087 -0.052 -1.378, 0.9087 0.052 -1.378, 1.0914 -0.052 -1.378, 1.0914 0.052 -1.378, 1.1969 -0.1575 -0.9842, 1.1969 -0.1575 0.0787, 0.8032 -0.1575 -0.9842, 0.8032 -0.1575 0.0787
            ]
        }
        coordIndex [
            0,1,2,-1,2,1,3,-1,4,5,6,-1,6,5,7,-1,8,9,10,-1,10,9,11,-1,12,13,14,-1,14,13,15,-1,16,17,18,-1,18,17,19,-1,20,21,22,-1,22,21,23,-1,
        ]
    }
}
Shape{
    appearance Appearance {
        material  Material 	{
            diffuseColor 0.0 1.0 0.0
            specularColor 0.0 0.5019607843137255 0.0
            ambientIntensity 0.587
            transparency 0.0
            shininess 0.5
        }
    }
    geometry IndexedFaceSet {
        ccw TRUE
        solid FALSE
        coord DEF co Coordinate {
            point [
                -1.5315 1.6142 3.4252, -1.5315 1.1417 3.4252, -1.5315 1.6142 3.0709, -1.5315 1.1417 3.0709, -0.4685 1.6142 3.4252, -0.4685 1.6142 3.0709, -0.4685 1.1417 3.4252, -0.4685 1.1417 3.0709, 0.4685 1.6142 3.4252, 0.4685 1.1417 3.4252, 0.4685 1.6142 3.0709, 0.4685 1.1417 3.0709, 1.5315 1.6142 3.4252, 1.5315 1.6142 3.0709, 1.5315 1.1417 3.4252, 1.5315 1.1417 3.0709
            ]
        }
        coordIndex [
            0,1,2,-1,2,1,3,-1,4,0,5,-1,5,0,2,-1,6,4,7,-1,7,4,5,-1,1,6,3,-1,3,6,7,-1,8,9,10,-1,10,9,11,-1,12,8,13,-1,13,8,10,-1,14,12,15,-1,15,12,13,-1,9,14,11,-1,11,14,15,-1,
        ]
    }
}
Shape{
    appearance Appearance {
        material  Material 	{
            diffuseColor 0.7529411764705882 0.7529411764705882 0.7529411764705882
            specularColor 0.3764705882352941 0.3764705882352941 0.3764705882352941
            ambientIntensity 0.7529
            transparency 0.0
            shininess 0.5
        }
    }
    geometry IndexedFaceSet {
        ccw TRUE
        solid FALSE
        coord DEF co Coordinate {
            point [
                -0.2486 -0.3347 5.5118, -1.7513 -0.3347 5.5118, -0.2821 -0.4494 5.5118, -1.7178 -0.4494 5.5118, -1.6318 -0.6133 5.5118, -1.509 -0.7518 5.5118, -1.3567 -0.857 5.5118, -0.3681 -0.6133 5.5118, -0.4909 -0.7518 5.5118, -1.1837 -0.9226 5.5118, -1.0 -0.9449 5.5118, -0.6432 -0.857 5.5118, -0.8162 -0.9226 5.5118
            ]
        }
        coordIndex [
            0,1,2,-1,2,1,3,-1,2,3,4,-1,4,5,2,-1,2,5,6,-1,2,6,7,-1,7,6,8,-1,6,9,8,-1,8,9,10,-1,8,10,11,-1,11,10,12,-1,
        ]
    }
}
Shape{
    appearance Appearance {
        material  Material 	{
            diffuseColor 0.0 1.0 0.0
            specularColor 0.0 0.5019607843137255 0.0
            ambientIntensity 0.587
            transparency 0.0
            shininess 0.5
        }
    }
    geometry IndexedFaceSet {
        ccw TRUE
        solid FALSE
        coord DEF co Coordinate {
            point [
                -1.387 -0.8402 5.7563, -1.3936 -0.8363 5.7414, -1.4715 -0.7444 5.7413, -1.4281 -0.8144 5.6975, -1.4287 -0.814 5.6971, -1.4814 -0.7535 5.6971, -1.5806 -0.6794 5.6621, -1.5875 -0.6709 5.665, -1.5763 -0.6587 5.6971, -1.6622 -0.5656 5.7521, -1.6638 -0.5628 5.7611, -1.564 -0.6452 5.7874, -1.6658 -0.5594 5.7824, -1.6658 -0.5593 5.7874, -1.6367 -0.606 5.6971, -1.6392 -0.6024 5.7, -1.5671 -0.6487 5.7413, -1.6522 -0.5821 5.7217, -1.6559 -0.5761 5.7306, -1.659 -0.5708 5.7414, -1.61 -0.6432 5.6742, -1.6318 -0.6133 5.6914, -1.632 -0.613 5.6916, -1.4935 -0.7647 5.6653, -1.5089 -0.7517 5.6612, -1.5146 -0.7468 5.6597, -1.5469 -0.7159 5.6575, -1.4586 -0.7928 5.6777, -1.4765 -0.7791 5.6698, -1.3969 -0.8343 5.7338, -1.4001 -0.8324 5.7286, -1.4198 -0.8199 5.7049, -1.468 -0.7412 5.7874, -1.382 -0.8431 5.7874, -1.3845 -0.8417 5.7657, -1.509 -0.7518 5.7874, -1.6318 -0.6133 5.7874, -0.3369 -0.5642 5.7563, -0.3408 -0.5708 5.7414, -0.4328 -0.6487 5.7413, -0.6115 -0.8394 5.7521, -0.6143 -0.841 5.7611, -0.5319 -0.7412 5.7874, -0.6177 -0.843 5.7824, -0.6179 -0.8431 5.7874, -0.5711 -0.8139 5.6971, -0.5748 -0.8164 5.7, -0.5285 -0.7444 5.7413, -0.595 -0.8294 5.7217, -0.6011 -0.8331 5.7306, -0.6063 -0.8363 5.7414, -0.5339 -0.7872 5.6742, -0.5642 -0.8092 5.6916, -0.5185 -0.7535 5.6971, -0.4612 -0.7242 5.6575, -0.491 -0.7517 5.6613, -0.4303 -0.6919 5.6597, -0.4236 -0.6587 5.6971, -0.4125 -0.6708 5.6653, -0.4977 -0.7578 5.6621, -0.5063 -0.7648 5.665, -0.3627 -0.6053 5.6975, -0.3632 -0.606 5.6971, -0.3683 -0.6132 5.6924, -0.3843 -0.6359 5.6777, -0.398 -0.6537 5.6698, -0.3428 -0.5741 5.7338, -0.3448 -0.5773 5.7286, -0.3572 -0.597 5.7049, -0.4359 -0.6452 5.7874, -0.3341 -0.5593 5.7874, -0.3355 -0.5617 5.7657, -0.4909 -0.7518 5.7874, -0.3681 -0.6133 5.7874
            ]
        }
        coordIndex [
            0,1,2,-1,3,4,5,-1,6,7,8,-1,9,10,11,-1,11,10,12,-1,11,12,13,-1,14,15,16,-1,15,17,16,-1,16,17,18,-1,16,18,19,-1,7,20,8,-1,8,20,21,-1,8,21,22,-1,23,24,5,-1,5,24,25,-1,5,25,8,-1,8,25,26,-1,8,26,6,-1,4,27,5,-1,5,27,28,-1,5,28,23,-1,1,29,2,-1,2,29,30,-1,2,30,31,-1,32,33,34,-1,19,9,16,-1,16,9,11,-1,16,11,2,-1,2,11,32,-1,2,32,0,-1,0,32,34,-1,31,3,2,-1,2,3,5,-1,2,5,16,-1,16,5,8,-1,16,8,14,-1,14,8,22,-1,33,32,35,-1,35,32,11,-1,35,11,36,-1,36,11,13,-1,37,38,39,-1,40,41,42,-1,42,41,43,-1,42,43,44,-1,45,46,47,-1,46,48,47,-1,47,48,49,-1,47,49,50,-1,51,52,53,-1,54,55,53,-1,54,53,56,-1,56,53,57,-1,56,57,58,-1,55,59,53,-1,53,59,60,-1,53,60,51,-1,61,62,57,-1,57,62,63,-1,63,64,57,-1,57,64,65,-1,57,65,58,-1,38,66,39,-1,39,66,67,-1,39,67,68,-1,69,70,71,-1,50,40,47,-1,47,40,42,-1,47,42,39,-1,39,42,69,-1,39,69,37,-1,37,69,71,-1,68,61,39,-1,39,61,57,-1,39,57,47,-1,47,57,53,-1,47,53,45,-1,45,53,52,-1,42,44,72,-1,42,72,69,-1,69,72,73,-1,69,73,70,-1,
        ]
    }
}
Shape{
    appearance Appearance {
        material  Material 	{
            diffuseColor 0.7529411764705882 0.7529411764705882 0.7529411764705882
            specularColor 0.3764705882352941 0.3764705882352941 0.3764705882352941
            ambientIntensity 0.7529
            transparency 0.0
            shininess 0.5
        }
    }
    geometry IndexedFaceSet {
        ccw TRUE
        solid FALSE
        coord DEF co Coordinate {
            point [
                -1.7178 0.0951 5.5118, -1.7513 -0.0197 5.5118, -0.2821 0.0951 5.5118, -0.2486 -0.0197 5.5118, -1.3567 0.5026 5.5118, -1.509 0.3975 5.5118, -1.6318 0.2589 5.5118, -0.3681 0.2589 5.5118, -0.4909 0.3975 5.5118, -0.6432 0.5026 5.5118, -0.8162 0.5682 5.5118, -1.0 0.5905 5.5118, -1.1837 0.5682 5.5118
            ]
        }
        coordIndex [
            0,1,2,-1,2,1,3,-1,4,5,2,-1,2,5,6,-1,2,6,0,-1,7,8,9,-1,9,10,7,-1,7,10,11,-1,7,11,2,-1,2,11,12,-1,2,12,4,-1,
        ]
    }
}
Shape{
    appearance Appearance {
        material  Material 	{
            diffuseColor 0.0 1.0 0.0
            specularColor 0.0 0.5019607843137255 0.0
            ambientIntensity 0.587
            transparency 0.0
            shininess 0.5
        }
    }
    geometry IndexedFaceSet {
        ccw TRUE
        solid FALSE
        coord DEF co Coordinate {
            point [
                -0.6129 0.4858 5.7563, -0.6063 0.4819 5.7414, -0.5285 0.39 5.7413, -0.5718 0.4601 5.6975, -0.5712 0.4596 5.6971, -0.5185 0.3992 5.6971, -0.4193 0.325 5.6621, -0.4124 0.3165 5.665, -0.4236 0.3043 5.6971, -0.3378 0.2113 5.7521, -0.3361 0.2084 5.7611, -0.4359 0.2909 5.7874, -0.3342 0.2051 5.7824, -0.3341 0.2049 5.7874, -0.3632 0.2517 5.6971, -0.3607 0.248 5.7, -0.4328 0.2943 5.7413, -0.3477 0.2277 5.7217, -0.344 0.2217 5.7306, -0.3409 0.2165 5.7414, -0.3899 0.2889 5.6742, -0.3681 0.2589 5.6914, -0.3679 0.2586 5.6916, -0.5064 0.4103 5.6653, -0.491 0.3973 5.6612, -0.4853 0.3925 5.6597, -0.453 0.3615 5.6575, -0.5413 0.4384 5.6777, -0.5234 0.4247 5.6698, -0.603 0.48 5.7338, -0.5998 0.478 5.7286, -0.5801 0.4656 5.7049, -0.5319 0.3868 5.7874, -0.6179 0.4887 5.7874, -0.6154 0.4873 5.7657, -0.4909 0.3975 5.7874, -0.3681 0.2589 5.7874, -1.663 0.2099 5.7563, -1.6591 0.2164 5.7414, -1.5671 0.2943 5.7413, -1.3884 0.485 5.7521, -1.3856 0.4867 5.7611, -1.468 0.3868 5.7874, -1.3822 0.4886 5.7824, -1.382 0.4887 5.7874, -1.4288 0.4595 5.6971, -1.4251 0.462 5.7, -1.4715 0.39 5.7413, -1.4049 0.4751 5.7217, -1.3988 0.4788 5.7306, -1.3936 0.4819 5.7414, -1.466 0.4329 5.6742, -1.4357 0.4549 5.6916, -1.4814 0.3992 5.6971, -1.5387 0.3698 5.6575, -1.5089 0.3973 5.6613, -1.5696 0.3375 5.6597, -1.5763 0.3043 5.6971, -1.5874 0.3164 5.6653, -1.5022 0.4035 5.6621, -1.4937 0.4104 5.665, -1.6372 0.251 5.6975, -1.6367 0.2516 5.6971, -1.6316 0.2588 5.6924, -1.6156 0.2815 5.6777, -1.6019 0.2993 5.6698, -1.6571 0.2198 5.7338, -1.6552 0.2229 5.7286, -1.6427 0.2426 5.7049, -1.564 0.2909 5.7874, -1.6658 0.2049 5.7874, -1.6644 0.2073 5.7657, -1.509 0.3975 5.7874, -1.6318 0.2589 5.7874
            ]
        }
        coordIndex [
            0,1,2,-1,3,4,5,-1,6,7,8,-1,9,10,11,-1,11,10,12,-1,11,12,13,-1,14,15,16,-1,15,17,16,-1,16,17,18,-1,16,18,19,-1,7,20,8,-1,8,20,21,-1,8,21,22,-1,23,24,5,-1,5,24,25,-1,5,25,8,-1,8,25,26,-1,8,26,6,-1,4,27,5,-1,5,27,28,-1,5,28,23,-1,1,29,2,-1,2,29,30,-1,2,30,31,-1,32,33,34,-1,19,9,16,-1,16,9,11,-1,16,11,2,-1,2,11,32,-1,2,32,0,-1,0,32,34,-1,31,3,2,-1,2,3,5,-1,2,5,16,-1,16,5,8,-1,16,8,14,-1,14,8,22,-1,33,32,35,-1,35,32,11,-1,35,11,36,-1,36,11,13,-1,37,38,39,-1,40,41,42,-1,42,41,43,-1,42,43,44,-1,45,46,47,-1,46,48,47,-1,47,48,49,-1,47,49,50,-1,51,52,53,-1,54,55,53,-1,54,53,56,-1,56,53,57,-1,56,57,58,-1,55,59,53,-1,53,59,60,-1,53,60,51,-1,61,62,57,-1,57,62,63,-1,63,64,57,-1,57,64,65,-1,57,65,58,-1,38,66,39,-1,39,66,67,-1,39,67,68,-1,69,70,71,-1,50,40,47,-1,47,40,42,-1,47,42,39,-1,39,42,69,-1,39,69,37,-1,37,69,71,-1,68,61,39,-1,39,61,57,-1,39,57,47,-1,47,57,53,-1,47,53,45,-1,45,53,52,-1,42,44,72,-1,42,72,69,-1,69,72,73,-1,69,73,70,-1,
        ]
    }
}
Shape{
    appearance Appearance {
        material  Material 	{
            diffuseColor 0.7529411764705882 0.7529411764705882 0.7529411764705882
            specularColor 0.3764705882352941 0.3764705882352941 0.3764705882352941
            ambientIntensity 0.7529
            transparency 0.0
            shininess 0.5
        }
    }
    geometry IndexedFaceSet {
        ccw TRUE
        solid FALSE
        coord DEF co Coordinate {
            point [
                1.6319 -0.6133 5.5118, 1.7179 -0.4494 5.5118, 0.2822 -0.4494 5.5118, 1.7514 -0.3347 5.5118, 0.2487 -0.3347 5.5118, 0.491 -0.7518 5.5118, 0.6433 -0.857 5.5118, 1.5091 -0.7518 5.5118, 0.3682 -0.6133 5.5118, 0.8163 -0.9226 5.5118, 1.0 -0.9449 5.5118, 1.3568 -0.857 5.5118, 1.1838 -0.9226 5.5118
            ]
        }
        coordIndex [
            0,1,2,-1,2,1,3,-1,2,3,4,-1,5,6,7,-1,0,2,7,-1,7,2,8,-1,7,8,5,-1,6,9,7,-1,7,9,10,-1,7,10,11,-1,11,10,12,-1,
        ]
    }
}
Shape{
    appearance Appearance {
        material  Material 	{
            diffuseColor 0.0 1.0 0.0
            specularColor 0.0 0.5019607843137255 0.0
            ambientIntensity 0.587
            transparency 0.0
            shininess 0.5
        }
    }
    geometry IndexedFaceSet {
        ccw TRUE
        solid FALSE
        coord DEF co Coordinate {
            point [
                0.613 -0.8402 5.7563, 0.6064 -0.8363 5.7414, 0.5285 -0.7444 5.7413, 0.5719 -0.8144 5.6975, 0.5713 -0.814 5.6971, 0.5186 -0.7535 5.6971, 0.4194 -0.6794 5.6621, 0.4125 -0.6709 5.665, 0.4237 -0.6587 5.6971, 0.3378 -0.5656 5.7521, 0.3362 -0.5628 5.7611, 0.436 -0.6452 5.7874, 0.3342 -0.5594 5.7824, 0.3342 -0.5593 5.7874, 0.3633 -0.606 5.6971, 0.3608 -0.6024 5.7, 0.4329 -0.6487 5.7413, 0.3478 -0.5821 5.7217, 0.3441 -0.5761 5.7306, 0.341 -0.5708 5.7414, 0.39 -0.6432 5.6742, 0.3682 -0.6133 5.6914, 0.368 -0.613 5.6916, 0.5065 -0.7647 5.6653, 0.4911 -0.7517 5.6612, 0.4854 -0.7468 5.6597, 0.4531 -0.7159 5.6575, 0.5414 -0.7928 5.6777, 0.5235 -0.7791 5.6698, 0.6031 -0.8343 5.7338, 0.5999 -0.8324 5.7286, 0.5802 -0.8199 5.7049, 0.532 -0.7412 5.7874, 0.618 -0.8431 5.7874, 0.6155 -0.8417 5.7657, 0.491 -0.7518 5.7874, 0.3682 -0.6133 5.7874, 1.6631 -0.5642 5.7563, 1.6592 -0.5708 5.7414, 1.5672 -0.6487 5.7413, 1.3885 -0.8394 5.7521, 1.3857 -0.841 5.7611, 1.4681 -0.7412 5.7874, 1.3823 -0.843 5.7824, 1.3821 -0.8431 5.7874, 1.4289 -0.8139 5.6971, 1.4252 -0.8164 5.7, 1.4715 -0.7444 5.7413, 1.405 -0.8294 5.7217, 1.3989 -0.8331 5.7306, 1.3937 -0.8363 5.7414, 1.4661 -0.7872 5.6742, 1.4358 -0.8092 5.6916, 1.4815 -0.7535 5.6971, 1.5388 -0.7242 5.6575, 1.509 -0.7517 5.6613, 1.5697 -0.6919 5.6597, 1.5764 -0.6587 5.6971, 1.5875 -0.6708 5.6653, 1.5023 -0.7578 5.6621, 1.4937 -0.7648 5.665, 1.6373 -0.6053 5.6975, 1.6368 -0.606 5.6971, 1.6317 -0.6132 5.6924, 1.6157 -0.6359 5.6777, 1.602 -0.6537 5.6698, 1.6572 -0.5741 5.7338, 1.6552 -0.5773 5.7286, 1.6428 -0.597 5.7049, 1.5641 -0.6452 5.7874, 1.6659 -0.5593 5.7874, 1.6645 -0.5617 5.7657, 1.6319 -0.6133 5.7874, 1.5091 -0.7518 5.7874
            ]
        }
        coordIndex [
            0,1,2,-1,3,4,5,-1,6,7,8,-1,9,10,11,-1,11,10,12,-1,11,12,13,-1,14,15,16,-1,15,17,16,-1,16,17,18,-1,16,18,19,-1,7,20,8,-1,8,20,21,-1,8,21,22,-1,23,24,5,-1,5,24,25,-1,5,25,8,-1,8,25,26,-1,8,26,6,-1,4,27,5,-1,5,27,28,-1,5,28,23,-1,1,29,2,-1,2,29,30,-1,2,30,31,-1,32,33,34,-1,19,9,16,-1,16,9,11,-1,16,11,2,-1,2,11,32,-1,2,32,0,-1,0,32,34,-1,31,3,2,-1,2,3,5,-1,2,5,16,-1,16,5,8,-1,16,8,14,-1,14,8,22,-1,33,32,35,-1,35,32,11,-1,35,11,36,-1,36,11,13,-1,37,38,39,-1,40,41,42,-1,42,41,43,-1,42,43,44,-1,45,46,47,-1,46,48,47,-1,47,48,49,-1,47,49,50,-1,51,52,53,-1,54,55,53,-1,54,53,56,-1,56,53,57,-1,56,57,58,-1,55,59,53,-1,53,59,60,-1,53,60,51,-1,61,62,57,-1,57,62,63,-1,63,64,57,-1,57,64,65,-1,57,65,58,-1,38,66,39,-1,39,66,67,-1,39,67,68,-1,69,70,71,-1,50,40,47,-1,47,40,42,-1,47,42,39,-1,39,42,69,-1,39,69,37,-1,37,69,71,-1,68,61,39,-1,39,61,57,-1,39,57,47,-1,47,57,53,-1,47,53,45,-1,45,53,52,-1,72,70,69,-1,72,69,73,-1,73,69,42,-1,73,42,44,-1,
        ]
    }
}
Shape{
    appearance Appearance {
        material  Material 	{
            diffuseColor 0.7529411764705882 0.7529411764705882 0.7529411764705882
            specularColor 0.3764705882352941 0.3764705882352941 0.3764705882352941
            ambientIntensity 0.7529
            transparency 0.0
            shininess 0.5
        }
    }
    geometry IndexedFaceSet {
        ccw TRUE
        solid FALSE
        coord DEF co Coordinate {
            point [
                0.2487 -0.0197 5.5118, 1.7514 -0.0197 5.5118, 0.2822 0.0951 5.5118, 1.7179 0.0951 5.5118, 1.6319 0.2589 5.5118, 1.0 0.5905 5.5118, 0.8163 0.5682 5.5118, 0.6433 0.5026 5.5118, 1.5091 0.3975 5.5118, 1.3568 0.5026 5.5118, 1.1838 0.5682 5.5118, 0.491 0.3975 5.5118, 0.3682 0.2589 5.5118
            ]
        }
        coordIndex [
            0,1,2,-1,2,1,3,-1,4,5,3,-1,3,5,6,-1,3,6,7,-1,4,8,5,-1,5,8,9,-1,5,9,10,-1,7,11,3,-1,3,11,12,-1,3,12,2,-1,
        ]
    }
}
Shape{
    appearance Appearance {
        material  Material 	{
            diffuseColor 0.0 1.0 0.0
            specularColor 0.0 0.5019607843137255 0.0
            ambientIntensity 0.587
            transparency 0.0
            shininess 0.5
        }
    }
    geometry IndexedFaceSet {
        ccw TRUE
        solid FALSE
        coord DEF co Coordinate {
            point [
                1.3871 0.4858 5.7563, 1.3937 0.4819 5.7414, 1.4715 0.39 5.7413, 1.4282 0.4601 5.6975, 1.4288 0.4596 5.6971, 1.4815 0.3992 5.6971, 1.5807 0.325 5.6621, 1.5876 0.3165 5.665, 1.5764 0.3043 5.6971, 1.6622 0.2113 5.7521, 1.6639 0.2084 5.7611, 1.5641 0.2909 5.7874, 1.6658 0.2051 5.7824, 1.6659 0.2049 5.7874, 1.6368 0.2517 5.6971, 1.6393 0.248 5.7, 1.5672 0.2943 5.7413, 1.6523 0.2277 5.7217, 1.656 0.2217 5.7306, 1.6591 0.2165 5.7414, 1.6101 0.2889 5.6742, 1.6319 0.2589 5.6914, 1.6321 0.2586 5.6916, 1.4936 0.4103 5.6653, 1.509 0.3973 5.6612, 1.5147 0.3925 5.6597, 1.547 0.3615 5.6575, 1.4587 0.4384 5.6777, 1.4766 0.4247 5.6698, 1.397 0.48 5.7338, 1.4002 0.478 5.7286, 1.4199 0.4656 5.7049, 1.4681 0.3868 5.7874, 1.3821 0.4887 5.7874, 1.3846 0.4873 5.7657, 1.5091 0.3975 5.7874, 1.6319 0.2589 5.7874, 0.337 0.2099 5.7563, 0.3409 0.2164 5.7414, 0.4329 0.2943 5.7413, 0.6116 0.485 5.7521, 0.6144 0.4867 5.7611, 0.532 0.3868 5.7874, 0.6178 0.4886 5.7824, 0.618 0.4887 5.7874, 0.5712 0.4595 5.6971, 0.5749 0.462 5.7, 0.5285 0.39 5.7413, 0.5951 0.4751 5.7217, 0.6012 0.4788 5.7306, 0.6064 0.4819 5.7414, 0.534 0.4329 5.6742, 0.5643 0.4549 5.6916, 0.5186 0.3992 5.6971, 0.4613 0.3698 5.6575, 0.4911 0.3973 5.6613, 0.4304 0.3375 5.6597, 0.4237 0.3043 5.6971, 0.4126 0.3164 5.6653, 0.4978 0.4035 5.6621, 0.5063 0.4104 5.665, 0.3628 0.251 5.6975, 0.3633 0.2516 5.6971, 0.3684 0.2588 5.6924, 0.3844 0.2815 5.6777, 0.3981 0.2993 5.6698, 0.3429 0.2198 5.7338, 0.3448 0.2229 5.7286, 0.3573 0.2426 5.7049, 0.436 0.2909 5.7874, 0.3342 0.2049 5.7874, 0.3356 0.2073 5.7657, 0.491 0.3975 5.7874, 0.3682 0.2589 5.7874, -1.807 1.4173 0.0787, -2.0 1.496 0.0787, -1.807 1.4173 3.4252, -2.0 1.496 3.4252, -2.0 -1.4961 0.0787, -1.807 -1.4173 0.0787, -2.0 -1.4961 3.4252, -1.807 -1.4173 3.4252, 0.193 1.4567 0.0, 0.193 1.7716 0.0, 0.193 1.4567 0.0787, 0.193 1.7716 0.0787, -0.1929 1.4567 0.0, -0.1929 1.4567 0.0787, -0.1929 1.7716 0.0787, -0.1929 1.7716 0.0, 2.1969 1.7716 3.4252, 2.1969 1.7716 0.0787, -1.807 1.7716 3.4252, 2.0 1.7716 0.0787, 1.6063 1.7716 0.0787, 1.6063 1.7716 0.0, 2.0 1.7716 0.0, -1.4133 1.7716 0.0, -1.807 1.7716 0.0, -1.4133 1.7716 0.0787, -1.4133 1.4567 0.0787, -1.4133 1.4567 0.0, -1.807 1.4567 0.0787, -1.807 1.4567 0.0, -1.4133 -1.2992 0.0787, -1.4133 -1.2992 0.0, -1.807 -1.2992 0.0787, -1.807 -1.2992 0.0, -1.4133 -1.7717 0.0787, -1.4133 -1.7717 0.0, -0.1929 -1.7717 0.0, -0.1929 -1.7717 0.0787, -0.1929 -1.2992 0.0, -0.1929 -1.2992 0.0787, 0.193 -1.2992 0.0, 0.193 -1.2992 0.0787, 0.193 -1.7717 0.0787, 0.193 -1.7717 0.0, -0.37 -1.7717 2.874, 2.1969 -1.7717 3.4252, -1.807 -1.7717 3.4252, -1.6299 -1.7717 1.0236, -0.37 -1.7717 1.0236, -1.807 -1.7717 0.0, -1.6299 -1.7717 2.874, 1.6063 -1.7717 0.0787, 0.3701 -1.7717 1.0236, 0.3701 -1.7717 2.874, 1.63 -1.7717 2.874, 2.1969 -1.7717 0.0787, 1.63 -1.7717 1.0236, 2.0 -1.7717 0.0787, 1.6063 -1.7717 0.0, 2.0 -1.7717 0.0
            ]
        }
        coordIndex [
            0,1,2,-1,3,4,5,-1,6,7,8,-1,9,10,11,-1,11,10,12,-1,11,12,13,-1,14,15,16,-1,15,17,16,-1,16,17,18,-1,16,18,19,-1,7,20,8,-1,8,20,21,-1,8,21,22,-1,23,24,5,-1,5,24,25,-1,5,25,8,-1,8,25,26,-1,8,26,6,-1,4,27,5,-1,5,27,28,-1,5,28,23,-1,1,29,2,-1,2,29,30,-1,2,30,31,-1,32,33,34,-1,19,9,16,-1,16,9,11,-1,16,11,2,-1,2,11,32,-1,2,32,0,-1,0,32,34,-1,31,3,2,-1,2,3,5,-1,2,5,16,-1,16,5,8,-1,16,8,14,-1,14,8,22,-1,33,32,35,-1,35,32,11,-1,35,11,36,-1,36,11,13,-1,37,38,39,-1,40,41,42,-1,42,41,43,-1,42,43,44,-1,45,46,47,-1,46,48,47,-1,47,48,49,-1,47,49,50,-1,51,52,53,-1,54,55,53,-1,54,53,56,-1,56,53,57,-1,56,57,58,-1,55,59,53,-1,53,59,60,-1,53,60,51,-1,61,62,57,-1,57,62,63,-1,63,64,57,-1,57,64,65,-1,57,65,58,-1,38,66,39,-1,39,66,67,-1,39,67,68,-1,69,70,71,-1,50,40,47,-1,47,40,42,-1,47,42,39,-1,39,42,69,-1,39,69,37,-1,37,69,71,-1,68,61,39,-1,39,61,57,-1,39,57,47,-1,47,57,53,-1,47,53,45,-1,45,53,52,-1,42,44,72,-1,42,72,69,-1,69,72,73,-1,69,73,70,-1,74,75,76,-1,76,75,77,-1,78,79,80,-1,80,79,81,-1,82,83,84,-1,84,83,85,-1,86,82,87,-1,87,82,84,-1,88,89,87,-1,87,89,86,-1,90,91,92,-1,92,91,93,-1,85,92,94,-1,94,92,93,-1,94,93,95,-1,95,93,96,-1,97,98,99,-1,99,98,92,-1,99,92,88,-1,88,92,85,-1,88,85,89,-1,89,85,83,-1,100,101,99,-1,99,101,97,-1,102,103,100,-1,100,103,101,-1,104,105,106,-1,106,105,107,-1,108,109,104,-1,104,109,105,-1,110,111,112,-1,112,111,113,-1,114,112,115,-1,115,112,113,-1,115,116,114,-1,114,116,117,-1,118,119,120,-1,108,111,121,-1,121,111,122,-1,110,117,111,-1,111,117,116,-1,111,116,122,-1,109,108,123,-1,123,108,121,-1,123,121,120,-1,120,121,124,-1,120,124,118,-1,116,125,122,-1,122,125,126,-1,122,126,118,-1,118,126,127,-1,118,127,119,-1,119,127,128,-1,119,128,129,-1,129,128,130,-1,129,130,131,-1,132,133,125,-1,125,133,131,-1,125,131,126,-1,126,131,130,-1,
        ]
    }
}
Shape{
    appearance Appearance {
        material  Material 	{
            diffuseColor 0.7529411764705882 0.7529411764705882 0.7529411764705882
            specularColor 0.3764705882352941 0.3764705882352941 0.3764705882352941
            ambientIntensity 0.7529
            transparency 0.0
            shininess 0.5
        }
    }
    geometry IndexedFaceSet {
        ccw TRUE
        solid FALSE
        coord DEF co Coordinate {
            point [
                -1.1968 -0.1575 -0.9842, -1.1968 -0.1575 0.0787, -1.1968 0.1575 -0.9842, -1.1968 0.1575 0.0787, 0.8032 -0.1575 -0.9842, 0.8032 -0.1575 0.0787, 0.8032 0.1575 -0.9842, 0.8032 0.1575 0.0787
            ]
        }
        coordIndex [
            0,1,2,-1,2,1,3,-1,4,5,6,-1,6,5,7,-1,
        ]
    }
}
Shape{
    appearance Appearance {
        material  Material 	{
            diffuseColor 0.0 1.0 0.0
            specularColor 0.0 0.5019607843137255 0.0
            ambientIntensity 0.587
            transparency 0.0
            shininess 0.5
        }
    }
    geometry IndexedFaceSet {
        ccw TRUE
        solid FALSE
        coord DEF co Coordinate {
            point [
                1.6063 1.7716 0.0787, 1.6063 1.7716 0.0, 1.6063 1.4567 0.0787, 1.6063 1.4567 0.0, 2.1969 1.7716 0.0787, 2.1969 1.7716 3.4252, 2.1969 1.4173 0.0787, 2.1969 1.4173 3.4252, 2.0 1.496 3.4252, -1.807 1.4173 3.4252, -2.0 1.496 3.4252, -1.5315 1.1417 3.4252, -2.0 1.0236 3.4252, -0.4685 1.1417 3.4252, -0.4685 1.6142 3.4252, -1.807 1.7716 3.4252, -1.5315 1.6142 3.4252, 1.5315 1.6142 3.4252, 1.5315 1.1417 3.4252, 2.0 1.0236 3.4252, 0.4685 1.1417 3.4252, 0.4685 1.6142 3.4252, 2.0 0.9122 5.9129, -2.0 0.9122 5.9129, -2.0 0.908 5.9318, 2.0 0.908 5.9318, -2.0 0.8994 5.9491, 2.0 0.8994 5.9491, -2.0 0.8868 5.9637, 2.0 0.8868 5.9637, -2.0 0.871 5.9749, 2.0 0.871 5.9749, -2.0 0.853 5.9819, 2.0 0.853 5.9819, -2.0 0.8338 5.9843, 2.0 0.8338 5.9843, -0.2486 -0.0197 5.5118, -0.2486 -0.0197 5.1969, -0.2378 -0.0846 5.1969, -1.7513 -0.3347 5.5118, -1.7513 -0.3347 5.1969, -1.7621 -0.2697 5.1969, -1.6658 -0.5593 5.7874, -1.6658 -0.5594 5.7824, -1.7178 -0.4494 5.5118, -1.6638 -0.5628 5.7611, -1.6622 -0.5656 5.7521, -1.659 -0.5708 5.7414, -1.6559 -0.5761 5.7306, -1.6522 -0.5821 5.7217, -1.6392 -0.6024 5.7, -1.4765 -0.7791 5.6698, -1.3567 -0.857 5.5118, -1.4935 -0.7647 5.6653, -1.509 -0.7518 5.5118, -1.5089 -0.7517 5.6612, -1.5146 -0.7468 5.6597, -1.4586 -0.7928 5.6777, -1.4287 -0.814 5.6971, -1.4281 -0.8144 5.6975, -1.4198 -0.8199 5.7049, -1.4001 -0.8324 5.7286, -1.3969 -0.8343 5.7338, -1.3936 -0.8363 5.7414, -1.387 -0.8402 5.7563, -1.3845 -0.8417 5.7657, -1.3567 -0.857 5.9843, -1.382 -0.8431 5.7874, -1.509 -0.7518 5.9843, -1.509 -0.7518 5.7874, -1.6318 -0.6133 5.9843, -1.6318 -0.6133 5.7874, -1.7178 -0.4494 5.9843, -1.6367 -0.606 5.6971, -1.632 -0.613 5.6916, -1.6318 -0.6133 5.5118, -1.6318 -0.6133 5.6914, -1.61 -0.6432 5.6742, -1.5875 -0.6709 5.665, -1.5806 -0.6794 5.6621, -1.5469 -0.7159 5.6575, -0.6432 -0.857 5.9843, -0.4909 -0.7518 5.9843, -0.4909 -0.7518 5.7874, -0.6179 -0.8431 5.7874, -0.6177 -0.843 5.7824, -0.6432 -0.857 5.5118, -0.6143 -0.841 5.7611, -0.6115 -0.8394 5.7521, -0.6063 -0.8363 5.7414, -0.6011 -0.8331 5.7306, -0.595 -0.8294 5.7217, -0.5748 -0.8164 5.7, -0.5711 -0.8139 5.6971, -0.5642 -0.8092 5.6916, -0.4977 -0.7578 5.6621, -0.4909 -0.7518 5.5118, -0.5063 -0.7648 5.665, -0.5339 -0.7872 5.6742, -0.3683 -0.6132 5.6924, -0.3632 -0.606 5.6971, -0.3681 -0.6133 5.5118, -0.2821 -0.4494 5.5118, -0.3627 -0.6053 5.6975, -0.3572 -0.597 5.7049, -0.3448 -0.5773 5.7286, -0.3428 -0.5741 5.7338, -0.3408 -0.5708 5.7414, -0.3369 -0.5642 5.7563, -0.3681 -0.6133 5.7874, -0.3681 -0.6133 5.9843, -0.3341 -0.5593 5.7874, -0.2821 -0.4494 5.9843, -0.3355 -0.5617 5.7657, -0.4125 -0.6708 5.6653, -0.398 -0.6537 5.6698, -0.3843 -0.6359 5.6777, -0.491 -0.7517 5.6613, -0.4612 -0.7242 5.6575, -0.4303 -0.6919 5.6597, -1.7178 0.0951 5.5118, -1.7178 0.0951 5.9843, -1.7513 -0.0197 5.5118, -1.7621 -0.0846 5.9843, -1.7621 -0.2697 5.9843, -1.1837 -0.9226 5.5118, -1.1837 -0.9226 5.9843, -1.0 -0.9449 5.5118, -1.0 -0.9449 5.9843, -0.8162 -0.9226 5.5118, -0.8162 -0.9226 5.9843, -0.2486 -0.3347 5.5118, -0.2378 -0.2697 5.9843, -0.2378 -0.0846 5.9843, -0.2821 0.0951 5.9843, -0.2821 0.0951 5.5118, -0.3361 0.2084 5.7611, -0.3378 0.2113 5.7521, -0.3409 0.2165 5.7414, -0.344 0.2217 5.7306, -0.3477 0.2277 5.7217, -0.3607 0.248 5.7, -0.3632 0.2517 5.6971, -0.3679 0.2586 5.6916, -0.3681 0.2589 5.5118, -0.3681 0.2589 5.6914, -0.3899 0.2889 5.6742, -0.4124 0.3165 5.665, -0.4193 0.325 5.6621, -0.4909 0.3975 5.5118, -0.453 0.3615 5.6575, -0.4853 0.3925 5.6597, -0.491 0.3973 5.6612, -0.5064 0.4103 5.6653, -0.6432 0.5026 5.5118, -0.5234 0.4247 5.6698, -0.5413 0.4384 5.6777, -0.5712 0.4596 5.6971, -0.5718 0.4601 5.6975, -0.5801 0.4656 5.7049, -0.5998 0.478 5.7286, -0.603 0.48 5.7338, -0.6063 0.4819 5.7414, -0.6129 0.4858 5.7563, -0.6154 0.4873 5.7657, -0.6179 0.4887 5.7874, -1.3567 0.5026 5.9843, -1.3567 0.5026 5.5118, -1.1837 0.5682 5.9843, -1.1837 0.5682 5.5118, -1.0 0.5905 5.9843, -1.0 0.5905 5.5118, -0.8162 0.5682 5.9843, -0.8162 0.5682 5.5118, -0.6432 0.5026 5.9843, -1.3856 0.4867 5.7611, -1.3884 0.485 5.7521, -1.3936 0.4819 5.7414, -1.3988 0.4788 5.7306, -1.4049 0.4751 5.7217, -1.4251 0.462 5.7, -1.4288 0.4595 5.6971, -1.4357 0.4549 5.6916, -1.5022 0.4035 5.6621, -1.509 0.3975 5.5118, -1.4937 0.4104 5.665, -1.466 0.4329 5.6742, -1.6019 0.2993 5.6698, -1.6156 0.2815 5.6777, -1.6318 0.2589 5.5118, -1.5874 0.3164 5.6653, -1.5089 0.3973 5.6613, -1.5387 0.3698 5.6575, -1.5696 0.3375 5.6597, -1.6316 0.2588 5.6924, -1.6367 0.2516 5.6971, -1.6372 0.251 5.6975, -1.6427 0.2426 5.7049, -1.6552 0.2229 5.7286, -1.6571 0.2198 5.7338, -1.6591 0.2164 5.7414, -0.4909 0.3975 5.9843, -0.4909 0.3975 5.7874, -0.3681 0.2589 5.9843, -0.3681 0.2589 5.7874, -0.3341 0.2049 5.7874, -0.3342 0.2051 5.7824, -1.663 0.2099 5.7563, -1.6644 0.2073 5.7657, -1.6658 0.2049 5.7874, -1.6318 0.2589 5.9843, -1.6318 0.2589 5.7874, -1.509 0.3975 5.9843, -1.509 0.3975 5.7874, -1.382 0.4887 5.7874, -1.3822 0.4886 5.7824, -0.2486 -0.3347 5.1969, -0.2378 -0.2697 5.1969, -1.7513 -0.0197 5.1969, -1.7621 -0.0846 5.1969, 1.7514 -0.0197 5.5118, 1.7514 -0.0197 5.1969, 1.7622 -0.0846 5.1969, 0.2487 -0.3347 5.5118, 0.2487 -0.3347 5.1969, 0.2379 -0.2697 5.1969, 0.3342 -0.5593 5.7874, 0.3342 -0.5594 5.7824, 0.2822 -0.4494 5.5118, 0.3362 -0.5628 5.7611, 0.3378 -0.5656 5.7521, 0.341 -0.5708 5.7414, 0.3441 -0.5761 5.7306, 0.3478 -0.5821 5.7217, 0.3608 -0.6024 5.7, 0.5235 -0.7791 5.6698, 0.6433 -0.857 5.5118, 0.5065 -0.7647 5.6653, 0.491 -0.7518 5.5118, 0.4911 -0.7517 5.6612, 0.4854 -0.7468 5.6597, 0.5414 -0.7928 5.6777, 0.5713 -0.814 5.6971, 0.5719 -0.8144 5.6975, 0.5802 -0.8199 5.7049, 0.5999 -0.8324 5.7286, 0.6031 -0.8343 5.7338, 0.6064 -0.8363 5.7414, 0.613 -0.8402 5.7563, 0.6155 -0.8417 5.7657, 0.6433 -0.857 5.9843, 0.618 -0.8431 5.7874, 0.491 -0.7518 5.9843, 0.491 -0.7518 5.7874, 0.3682 -0.6133 5.9843, 0.3682 -0.6133 5.7874, 0.2822 -0.4494 5.9843, 0.3633 -0.606 5.6971, 0.368 -0.613 5.6916, 0.3682 -0.6133 5.5118, 0.3682 -0.6133 5.6914, 0.39 -0.6432 5.6742, 0.4125 -0.6709 5.665, 0.4194 -0.6794 5.6621, 0.4531 -0.7159 5.6575, 1.3568 -0.857 5.9843, 1.5091 -0.7518 5.9843, 1.5091 -0.7518 5.7874, 1.3821 -0.8431 5.7874, 1.3823 -0.843 5.7824, 1.3568 -0.857 5.5118, 1.3857 -0.841 5.7611, 1.3885 -0.8394 5.7521, 1.3937 -0.8363 5.7414, 1.3989 -0.8331 5.7306, 1.405 -0.8294 5.7217, 1.4252 -0.8164 5.7, 1.4289 -0.8139 5.6971, 1.4358 -0.8092 5.6916, 1.5023 -0.7578 5.6621, 1.5091 -0.7518 5.5118, 1.4937 -0.7648 5.665, 1.4661 -0.7872 5.6742, 1.6317 -0.6132 5.6924, 1.6368 -0.606 5.6971, 1.6319 -0.6133 5.5118, 1.7179 -0.4494 5.5118, 1.6373 -0.6053 5.6975, 1.6428 -0.597 5.7049, 1.6552 -0.5773 5.7286, 1.6572 -0.5741 5.7338, 1.6592 -0.5708 5.7414, 1.6631 -0.5642 5.7563, 1.6319 -0.6133 5.7874, 1.6319 -0.6133 5.9843, 1.6659 -0.5593 5.7874, 1.7179 -0.4494 5.9843, 1.6645 -0.5617 5.7657, 1.5875 -0.6708 5.6653, 1.602 -0.6537 5.6698, 1.6157 -0.6359 5.6777, 1.509 -0.7517 5.6613, 1.5388 -0.7242 5.6575, 1.5697 -0.6919 5.6597, 0.2822 0.0951 5.5118, 0.2822 0.0951 5.9843, 0.2487 -0.0197 5.5118, 0.2379 -0.0846 5.9843, 0.2379 -0.2697 5.9843, 0.8163 -0.9226 5.5118, 0.8163 -0.9226 5.9843, 1.0 -0.9449 5.5118, 1.0 -0.9449 5.9843, 1.1838 -0.9226 5.5118, 1.1838 -0.9226 5.9843, 1.7514 -0.3347 5.5118, 1.7622 -0.2697 5.9843, 1.7622 -0.0846 5.9843, 1.7179 0.0951 5.9843, 1.7179 0.0951 5.5118, 1.6639 0.2084 5.7611, 1.6622 0.2113 5.7521, 1.6591 0.2165 5.7414, 1.656 0.2217 5.7306, 1.6523 0.2277 5.7217, 1.6393 0.248 5.7, 1.6368 0.2517 5.6971, 1.6321 0.2586 5.6916, 1.6319 0.2589 5.5118, 1.6319 0.2589 5.6914, 1.6101 0.2889 5.6742, 1.5876 0.3165 5.665, 1.5807 0.325 5.6621, 1.5091 0.3975 5.5118, 1.547 0.3615 5.6575, 1.5147 0.3925 5.6597, 1.509 0.3973 5.6612, 1.4936 0.4103 5.6653, 1.3568 0.5026 5.5118, 1.4766 0.4247 5.6698, 1.4587 0.4384 5.6777, 1.4288 0.4596 5.6971, 1.4282 0.4601 5.6975, 1.4199 0.4656 5.7049, 1.4002 0.478 5.7286, 1.397 0.48 5.7338, 1.3937 0.4819 5.7414, 1.3871 0.4858 5.7563, 1.3846 0.4873 5.7657, 1.3821 0.4887 5.7874, 0.6433 0.5026 5.9843, 0.6433 0.5026 5.5118, 0.8163 0.5682 5.9843, 0.8163 0.5682 5.5118, 1.0 0.5905 5.9843, 1.0 0.5905 5.5118, 1.1838 0.5682 5.9843, 1.1838 0.5682 5.5118, 1.3568 0.5026 5.9843, 0.6144 0.4867 5.7611, 0.6116 0.485 5.7521, 0.6064 0.4819 5.7414, 0.6012 0.4788 5.7306, 0.5951 0.4751 5.7217, 0.5749 0.462 5.7, 0.5712 0.4595 5.6971, 0.5643 0.4549 5.6916, 0.4978 0.4035 5.6621, 0.491 0.3975 5.5118, 0.5063 0.4104 5.665, 0.534 0.4329 5.6742, 0.3981 0.2993 5.6698, 0.3844 0.2815 5.6777, 0.3682 0.2589 5.5118, 0.4126 0.3164 5.6653, 0.4911 0.3973 5.6613, 0.4613 0.3698 5.6575, 0.4304 0.3375 5.6597, 0.3684 0.2588 5.6924, 0.3633 0.2516 5.6971, 0.3628 0.251 5.6975, 0.3573 0.2426 5.7049, 0.3448 0.2229 5.7286, 0.3429 0.2198 5.7338, 0.3409 0.2164 5.7414, 1.5091 0.3975 5.9843, 1.5091 0.3975 5.7874, 1.6319 0.2589 5.9843, 1.6319 0.2589 5.7874, 1.6659 0.2049 5.7874, 1.6658 0.2051 5.7824, 0.337 0.2099 5.7563, 0.3356 0.2073 5.7657, 0.3342 0.2049 5.7874, 0.3682 0.2589 5.9843, 0.3682 0.2589 5.7874, 0.491 0.3975 5.9843, 0.491 0.3975 5.7874, 0.618 0.4887 5.7874, 0.6178 0.4886 5.7824, 1.7514 -0.3347 5.1969, 1.7622 -0.2697 5.1969, 0.2487 -0.0197 5.1969, 0.2379 -0.0846 5.1969, -1.807 -1.6142 3.4252, -2.0 -1.6142 3.4252, -1.807 -1.4173 3.4252, -2.0 -1.4961 3.4252, -1.807 -1.7717 3.4252, 2.0 -1.6142 3.4252, 2.1969 -1.7717 3.4252, 2.0 -1.4961 3.4252, 2.1969 -1.4173 3.4252, 2.0 -1.2084 5.9822, 2.0 -1.1913 5.9843, -2.0 -1.1913 5.9843, 2.0 -1.2099 5.982, -2.0 -1.2099 5.982, -2.0 -1.2275 5.9754, 2.0 -1.2275 5.9754, -2.0 -1.243 5.9649, 2.0 -1.243 5.9649, -2.0 -1.2556 5.951, 2.0 -1.2556 5.951, -2.0 -1.2645 5.9345, 2.0 -1.2645 5.9345, -2.0 -1.2693 5.9163, 2.0 -1.2693 5.9163, -2.0 1.496 0.0787, -2.0 -1.4961 0.0787, -2.0 1.0236 4.7244, 2.1969 -1.4173 0.0787, 2.1969 -1.7717 0.0787, 1.6063 -1.2992 0.0787, 1.6063 -1.2992 0.0, 1.6063 -1.7717 0.0787, 1.6063 -1.7717 0.0, 2.0 -1.2992 0.0787, 2.0 -1.2992 0.0, -1.807 1.4173 0.0787, -1.807 1.4567 0.0787, -1.4133 1.4567 0.0787, -1.807 -1.4173 0.0787, -1.807 -1.2992 0.0787, -1.1968 0.1575 0.0787, -1.1968 -0.1575 0.0787, -1.4133 -1.2992 0.0787, 0.193 1.4567 0.0787, 0.193 1.7716 0.0787, -1.4133 1.7716 0.0787, -0.1929 1.7716 0.0787, -0.1929 1.4567 0.0787, -0.8031 -0.1575 0.0787, -0.8031 0.1575 0.0787, -0.1929 -1.7717 0.0787, -1.4133 -1.7717 0.0787, 0.8032 0.1575 0.0787, 0.8032 -0.1575 0.0787, 0.193 -1.2992 0.0787, -0.1929 -1.2992 0.0787, 1.1969 0.1575 0.0787, 2.0 1.4567 0.0787, 2.0 0.5235 0.0787, 1.1969 -0.1575 0.0787, 0.193 -1.7717 0.0787, 2.0 0.4814 0.0787, 2.0 0.4301 0.0787, 2.0 0.3564 0.0787, 2.0 0.3253 0.0787, 2.0 0.2643 0.0787, 2.0 0.1514 0.0787, 2.0 -1.2084 0.0787, 2.0 0.0149 0.0787, 2.0 0.1434 0.0787, 2.0 1.4567 0.0, 2.0 1.7716 0.0, 2.0 1.496 0.0787, 2.0 1.7716 0.0787, 2.0 1.496 0.6144, 2.0 1.496 0.5753, 2.0 1.496 0.7501, 2.0 1.496 0.4027, 2.0 1.496 0.3498, 2.0 1.0236 4.7244, 2.0 0.2643 5.9843, 2.0 0.3253 5.9843, 2.0 0.3564 5.9843, 2.0 0.4301 5.9843, 2.0 0.1514 5.9843, 2.0 0.1434 5.9843, 2.0 0.0149 5.9843, 2.0 0.5235 5.9843, 2.0 0.4814 5.9843, 2.0 -1.4961 0.0787, 2.0 -1.4961 0.3498, 2.0 -1.4961 0.4027, 2.0 -1.4961 0.5753, 2.0 -1.4961 0.7501, 2.0 -1.4961 0.6144, 2.0 -1.7717 0.0787, 2.0 -1.7717 0.0, 1.5512 1.1417 2.3819, 1.5512 1.1417 1.3189, 1.5512 -1.2205 2.3819, 1.5512 -1.2205 1.3189, 0.4489 1.1417 1.3189, 0.4489 1.1417 2.3819, 0.4489 -1.2205 1.3189, 0.4489 -1.2205 2.3819, -0.4488 1.1417 2.3819, -0.4488 1.1417 1.3189, -0.4488 -1.2205 2.3819, -0.4488 -1.2205 1.3189, -1.5511 1.1417 1.3189, -1.5511 1.1417 2.3819, -1.5511 -1.2205 1.3189, -1.5511 -1.2205 2.3819
            ]
        }
        coordIndex [
            0,1,2,-1,2,1,3,-1,4,5,6,-1,6,5,7,-1,8,7,5,-1,9,10,11,-1,11,10,12,-1,11,12,13,-1,14,5,15,-1,9,11,15,-1,15,11,16,-1,15,16,14,-1,17,18,19,-1,19,18,20,-1,19,8,17,-1,17,8,5,-1,17,5,21,-1,21,5,14,-1,21,14,20,-1,20,14,13,-1,20,13,19,-1,19,13,12,-1,22,23,24,-1,22,24,25,-1,25,24,26,-1,25,26,27,-1,27,26,28,-1,27,28,29,-1,29,28,30,-1,29,30,31,-1,31,30,32,-1,31,32,33,-1,33,32,34,-1,33,34,35,-1,36,37,38,-1,39,40,41,-1,42,43,44,-1,43,45,44,-1,44,45,46,-1,44,46,47,-1,47,48,44,-1,44,48,49,-1,44,49,50,-1,51,52,53,-1,53,52,54,-1,53,54,55,-1,55,54,56,-1,51,57,52,-1,52,57,58,-1,52,58,59,-1,59,60,52,-1,52,60,61,-1,52,61,62,-1,62,63,52,-1,52,63,64,-1,52,64,65,-1,66,67,68,-1,68,67,69,-1,68,69,70,-1,70,69,71,-1,70,71,72,-1,50,73,44,-1,44,73,74,-1,44,74,75,-1,75,74,76,-1,75,76,77,-1,77,78,75,-1,75,78,79,-1,75,79,54,-1,54,79,80,-1,54,80,56,-1,81,82,83,-1,84,85,86,-1,86,85,87,-1,86,87,88,-1,88,89,86,-1,86,89,90,-1,86,90,91,-1,91,92,86,-1,86,92,93,-1,86,93,94,-1,95,96,97,-1,97,96,86,-1,97,86,98,-1,98,86,94,-1,99,100,101,-1,101,100,102,-1,100,103,102,-1,102,103,104,-1,102,104,105,-1,105,106,102,-1,102,106,107,-1,102,107,108,-1,83,82,109,-1,109,82,110,-1,109,110,111,-1,111,110,112,-1,111,112,113,-1,114,115,101,-1,101,115,116,-1,101,116,99,-1,95,117,96,-1,96,117,118,-1,96,118,101,-1,101,118,119,-1,101,119,114,-1,120,121,122,-1,122,121,123,-1,71,42,72,-1,72,42,44,-1,72,44,124,-1,65,67,52,-1,52,67,66,-1,52,66,125,-1,125,66,126,-1,125,126,127,-1,127,126,128,-1,127,128,129,-1,129,128,130,-1,129,130,86,-1,86,130,81,-1,86,81,84,-1,84,81,83,-1,108,113,102,-1,102,113,112,-1,102,112,131,-1,131,112,132,-1,133,134,135,-1,136,137,135,-1,135,137,138,-1,138,139,135,-1,135,139,140,-1,135,140,141,-1,141,142,135,-1,135,142,143,-1,135,143,144,-1,144,143,145,-1,144,145,146,-1,146,147,144,-1,144,147,148,-1,144,148,149,-1,149,148,150,-1,149,150,151,-1,151,152,149,-1,149,152,153,-1,149,153,154,-1,154,153,155,-1,154,155,156,-1,156,157,154,-1,154,157,158,-1,154,158,159,-1,159,160,154,-1,154,160,161,-1,154,161,162,-1,162,163,154,-1,154,163,164,-1,154,164,165,-1,166,167,168,-1,168,167,169,-1,168,169,170,-1,170,169,171,-1,170,171,172,-1,172,171,173,-1,172,173,174,-1,175,176,167,-1,176,177,167,-1,167,177,178,-1,167,178,179,-1,179,180,167,-1,167,180,181,-1,167,181,182,-1,183,184,185,-1,185,184,167,-1,185,167,186,-1,186,167,182,-1,187,188,189,-1,187,189,190,-1,183,191,184,-1,184,191,192,-1,184,192,189,-1,189,192,193,-1,189,193,190,-1,188,194,189,-1,189,194,195,-1,189,195,120,-1,120,195,196,-1,120,196,197,-1,197,198,120,-1,120,198,199,-1,120,199,200,-1,173,154,174,-1,174,154,165,-1,174,165,201,-1,201,165,202,-1,201,202,203,-1,203,202,204,-1,203,204,134,-1,134,204,205,-1,134,205,135,-1,135,205,206,-1,135,206,136,-1,200,207,120,-1,120,207,208,-1,120,208,121,-1,121,208,209,-1,121,209,210,-1,210,209,211,-1,210,211,212,-1,212,211,213,-1,212,213,166,-1,166,213,214,-1,166,214,167,-1,167,214,215,-1,167,215,175,-1,216,131,217,-1,217,131,132,-1,217,132,38,-1,38,132,133,-1,38,133,36,-1,36,133,135,-1,218,122,219,-1,219,122,123,-1,219,123,41,-1,41,123,124,-1,41,124,39,-1,39,124,44,-1,220,221,222,-1,223,224,225,-1,226,227,228,-1,227,229,228,-1,228,229,230,-1,228,230,231,-1,231,232,228,-1,228,232,233,-1,228,233,234,-1,235,236,237,-1,237,236,238,-1,237,238,239,-1,239,238,240,-1,235,241,236,-1,236,241,242,-1,236,242,243,-1,243,244,236,-1,236,244,245,-1,236,245,246,-1,246,247,236,-1,236,247,248,-1,236,248,249,-1,250,251,252,-1,252,251,253,-1,252,253,254,-1,254,253,255,-1,254,255,256,-1,234,257,228,-1,228,257,258,-1,228,258,259,-1,259,258,260,-1,259,260,261,-1,261,262,259,-1,259,262,263,-1,259,263,238,-1,238,263,264,-1,238,264,240,-1,265,266,267,-1,268,269,270,-1,270,269,271,-1,270,271,272,-1,272,273,270,-1,270,273,274,-1,270,274,275,-1,275,276,270,-1,270,276,277,-1,270,277,278,-1,279,280,281,-1,281,280,270,-1,281,270,282,-1,282,270,278,-1,283,284,285,-1,285,284,286,-1,284,287,286,-1,286,287,288,-1,286,288,289,-1,289,290,286,-1,286,290,291,-1,286,291,292,-1,267,266,293,-1,293,266,294,-1,293,294,295,-1,295,294,296,-1,295,296,297,-1,298,299,285,-1,285,299,300,-1,285,300,283,-1,279,301,280,-1,280,301,302,-1,280,302,285,-1,285,302,303,-1,285,303,298,-1,304,305,306,-1,306,305,307,-1,255,226,256,-1,256,226,228,-1,256,228,308,-1,249,251,236,-1,236,251,250,-1,236,250,309,-1,309,250,310,-1,309,310,311,-1,311,310,312,-1,311,312,313,-1,313,312,314,-1,313,314,270,-1,270,314,265,-1,270,265,268,-1,268,265,267,-1,292,297,286,-1,286,297,296,-1,286,296,315,-1,315,296,316,-1,317,318,319,-1,320,321,319,-1,319,321,322,-1,322,323,319,-1,319,323,324,-1,319,324,325,-1,325,326,319,-1,319,326,327,-1,319,327,328,-1,328,327,329,-1,328,329,330,-1,330,331,328,-1,328,331,332,-1,328,332,333,-1,333,332,334,-1,333,334,335,-1,335,336,333,-1,333,336,337,-1,333,337,338,-1,338,337,339,-1,338,339,340,-1,340,341,338,-1,338,341,342,-1,338,342,343,-1,343,344,338,-1,338,344,345,-1,338,345,346,-1,346,347,338,-1,338,347,348,-1,338,348,349,-1,350,351,352,-1,352,351,353,-1,352,353,354,-1,354,353,355,-1,354,355,356,-1,356,355,357,-1,356,357,358,-1,359,360,351,-1,360,361,351,-1,351,361,362,-1,351,362,363,-1,363,364,351,-1,351,364,365,-1,351,365,366,-1,367,368,369,-1,369,368,351,-1,369,351,370,-1,370,351,366,-1,371,372,373,-1,371,373,374,-1,367,375,368,-1,368,375,376,-1,368,376,373,-1,373,376,377,-1,373,377,374,-1,372,378,373,-1,373,378,379,-1,373,379,304,-1,304,379,380,-1,304,380,381,-1,381,382,304,-1,304,382,383,-1,304,383,384,-1,357,338,358,-1,358,338,349,-1,358,349,385,-1,385,349,386,-1,385,386,387,-1,387,386,388,-1,387,388,318,-1,318,388,389,-1,318,389,319,-1,319,389,390,-1,319,390,320,-1,384,391,304,-1,304,391,392,-1,304,392,305,-1,305,392,393,-1,305,393,394,-1,394,393,395,-1,394,395,396,-1,396,395,397,-1,396,397,350,-1,350,397,398,-1,350,398,351,-1,351,398,399,-1,351,399,359,-1,400,315,401,-1,401,315,316,-1,401,316,222,-1,222,316,317,-1,222,317,220,-1,220,317,319,-1,402,306,403,-1,403,306,307,-1,403,307,225,-1,225,307,308,-1,225,308,223,-1,223,308,228,-1,404,405,406,-1,406,405,407,-1,404,408,409,-1,409,408,410,-1,409,410,411,-1,411,410,412,-1,413,414,415,-1,413,415,416,-1,415,417,416,-1,416,417,418,-1,416,418,419,-1,419,418,420,-1,419,420,421,-1,421,420,422,-1,421,422,423,-1,423,422,424,-1,423,424,425,-1,425,424,426,-1,425,426,427,-1,407,415,34,-1,10,428,12,-1,12,428,429,-1,12,429,430,-1,430,429,407,-1,430,407,23,-1,407,405,415,-1,415,405,426,-1,415,426,417,-1,426,424,417,-1,417,424,422,-1,417,422,418,-1,418,422,420,-1,34,32,407,-1,407,32,30,-1,407,30,28,-1,28,26,407,-1,407,26,24,-1,407,24,23,-1,431,412,432,-1,432,412,410,-1,433,434,435,-1,435,434,436,-1,433,437,434,-1,434,437,438,-1,439,440,441,-1,442,429,443,-1,443,429,428,-1,444,445,443,-1,443,445,446,-1,447,448,0,-1,449,450,441,-1,441,450,451,-1,2,452,453,-1,454,455,446,-1,428,439,443,-1,443,439,441,-1,443,441,444,-1,444,441,451,-1,444,451,453,-1,453,451,447,-1,453,447,2,-1,2,447,0,-1,456,457,458,-1,454,446,459,-1,459,446,445,-1,459,445,458,-1,458,445,452,-1,458,452,456,-1,456,452,2,-1,456,2,460,-1,460,2,461,-1,460,461,462,-1,433,457,463,-1,457,433,458,-1,458,433,435,-1,458,435,464,-1,462,465,460,-1,460,465,466,-1,460,466,467,-1,467,468,460,-1,460,468,469,-1,460,469,470,-1,437,433,471,-1,471,433,463,-1,471,463,472,-1,472,463,460,-1,472,460,473,-1,473,460,470,-1,3,474,2,-1,2,474,461,-1,475,474,1,-1,1,474,3,-1,476,477,6,-1,6,477,4,-1,6,478,479,-1,478,6,480,-1,480,6,7,-1,480,7,8,-1,479,481,6,-1,6,481,482,-1,6,482,476,-1,430,483,12,-1,12,483,19,-1,22,483,23,-1,23,483,430,-1,415,128,126,-1,294,266,414,-1,414,266,265,-1,81,130,310,-1,265,314,414,-1,414,314,312,-1,414,312,415,-1,415,312,310,-1,415,310,128,-1,128,310,130,-1,250,110,310,-1,310,110,82,-1,310,82,81,-1,484,485,387,-1,387,485,486,-1,387,486,487,-1,484,387,488,-1,488,387,318,-1,488,318,489,-1,489,318,317,-1,489,317,490,-1,490,317,316,-1,490,316,414,-1,414,316,296,-1,414,296,294,-1,350,352,172,-1,356,358,35,-1,35,358,385,-1,35,385,491,-1,491,385,387,-1,491,387,492,-1,492,387,487,-1,201,203,308,-1,308,203,134,-1,250,252,110,-1,110,252,254,-1,110,254,256,-1,212,34,210,-1,210,34,121,-1,126,66,415,-1,415,66,68,-1,415,68,70,-1,134,133,308,-1,308,133,132,-1,308,132,256,-1,256,132,112,-1,256,112,110,-1,212,166,34,-1,34,166,168,-1,34,168,170,-1,70,72,415,-1,415,72,124,-1,415,124,34,-1,34,124,123,-1,34,123,121,-1,356,35,354,-1,354,35,34,-1,354,34,352,-1,352,34,170,-1,352,170,172,-1,308,307,201,-1,201,307,305,-1,201,305,174,-1,174,305,394,-1,174,394,172,-1,172,394,396,-1,172,396,350,-1,409,427,404,-1,404,427,426,-1,404,426,405,-1,493,494,431,-1,431,494,495,-1,431,495,496,-1,411,412,497,-1,497,412,431,-1,497,431,498,-1,498,431,496,-1,499,493,432,-1,432,493,431,-1,438,500,434,-1,434,500,436,-1,501,502,503,-1,503,502,504,-1,505,506,507,-1,507,506,508,-1,506,501,508,-1,508,501,503,-1,506,505,501,-1,501,505,502,-1,509,510,511,-1,511,510,512,-1,513,514,515,-1,515,514,516,-1,514,509,516,-1,516,509,511,-1,514,513,509,-1,509,513,510,-1,
        ]
    }
}
Shape{
    appearance Appearance {
        material  Material 	{
            diffuseColor 0.7529411764705882 0.7529411764705882 0.7529411764705882
            specularColor 0.3764705882352941 0.3764705882352941 0.3764705882352941
            ambientIntensity 0.7529
            transparency 0.0
            shininess 0.5
        }
    }
    geometry IndexedFaceSet {
        ccw TRUE
        solid FALSE
        coord DEF co Coordinate {
            point [
                -0.6456 0.7351 1.3189, -0.6456 0.7351 2.0173, -1.3543 0.7351 1.3189, -1.3543 0.7351 2.0173, -1.3543 0.8926 2.1748, -0.6456 0.8926 2.1748, -1.3543 0.8926 1.3189, -0.6456 0.8926 1.3189, -0.6456 -1.0062 2.0173, -0.6456 -1.0062 2.1748, -1.3543 -1.0062 2.0173, -1.3543 -1.0062 2.1748, 1.3544 0.7351 1.3189, 1.3544 0.7351 2.0173, 0.6457 0.7351 1.3189, 0.6457 0.7351 2.0173, 0.6457 0.8926 2.1748, 1.3544 0.8926 2.1748, 0.6457 0.8926 1.3189, 1.3544 0.8926 1.3189, 1.3544 -1.0062 2.0173, 1.3544 -1.0062 2.1748, 0.6457 -1.0062 2.0173, 0.6457 -1.0062 2.1748, -1.0913 0.052 -1.378, -1.1968 0.1575 -0.9842, -0.9086 0.052 -1.378, -0.8031 0.1575 -0.9842, -1.0913 -0.052 -1.378, -1.1968 -0.1575 -0.9842, -0.8031 -0.1575 -0.9842, -0.9086 -0.052 -1.378, 0.9087 0.052 -1.378, 0.8032 0.1575 -0.9842, 1.0914 0.052 -1.378, 1.1969 0.1575 -0.9842, 0.9087 -0.052 -1.378, 0.8032 -0.1575 -0.9842, 1.1969 -0.1575 -0.9842, 1.0914 -0.052 -1.378
            ]
        }
        coordIndex [
            0,1,2,-1,2,1,3,-1,4,5,6,-1,6,5,7,-1,0,7,1,-1,1,7,5,-1,1,5,8,-1,8,5,9,-1,10,11,3,-1,3,11,4,-1,3,4,2,-1,2,4,6,-1,9,5,11,-1,11,5,4,-1,8,9,10,-1,10,9,11,-1,1,8,3,-1,3,8,10,-1,12,13,14,-1,14,13,15,-1,16,17,18,-1,18,17,19,-1,12,19,13,-1,13,19,17,-1,13,17,20,-1,20,17,21,-1,22,23,15,-1,15,23,16,-1,15,16,14,-1,14,16,18,-1,21,17,23,-1,23,17,16,-1,20,21,22,-1,22,21,23,-1,13,20,15,-1,15,20,22,-1,24,25,26,-1,26,25,27,-1,28,29,24,-1,24,29,25,-1,30,31,27,-1,27,31,26,-1,31,30,28,-1,28,30,29,-1,32,33,34,-1,34,33,35,-1,36,37,32,-1,32,37,33,-1,38,39,35,-1,35,39,34,-1,39,38,36,-1,36,38,37,-1,
        ]
    }
}
Shape{
    appearance Appearance {
        material  Material 	{
            diffuseColor 0.0 0.0 0.0
            specularColor 0.0 0.0 0.0
            ambientIntensity 0.0
            transparency 0.0
            shininess 0.5
        }
    }
    geometry IndexedFaceSet {
        ccw TRUE
        solid FALSE
        coord DEF co Coordinate {
            point [
                2.004 0.1399 0.6307, 2.004 0.1399 0.6155, 2.0 0.1399 0.6307, 2.0 0.1399 0.6155, 2.004 0.0868 0.6307, 2.0 0.0868 0.6307, 2.004 0.0868 0.749, 2.0 0.0868 0.749, 2.004 0.0696 0.749, 2.0 0.0696 0.749, 2.004 0.0696 0.6155, 2.0 0.0696 0.6155, 2.004 0.2084 0.6133, 2.0 0.2084 0.6133, 2.004 0.2287 0.6152, 2.0 0.2201 0.6144, 2.0 0.2287 0.6152, 2.0 0.243 0.6199, 2.004 0.243 0.6199, 2.0 0.2453 0.621, 2.004 0.2453 0.621, 2.004 0.2453 0.6376, 2.0 0.2453 0.6376, 2.0 0.234 0.6323, 2.004 0.234 0.6323, 2.0 0.2192 0.629, 2.004 0.2192 0.629, 2.0 0.2109 0.6286, 2.004 0.2109 0.6286, 2.0 0.1985 0.63, 2.004 0.1985 0.63, 2.0 0.1888 0.6334, 2.004 0.1888 0.6334, 2.0 0.1799 0.6394, 2.004 0.1799 0.6394, 2.0 0.1766 0.6427, 2.004 0.1766 0.6427, 2.0 0.1702 0.6515, 2.004 0.1702 0.6515, 2.0 0.1658 0.6623, 2.004 0.1658 0.6623, 2.0 0.1636 0.6756, 2.004 0.1636 0.6756, 2.0 0.1635 0.6807, 2.004 0.1635 0.6807, 2.0 0.1656 0.6989, 2.004 0.1656 0.6989, 2.0 0.1701 0.7105, 2.004 0.1701 0.7105, 2.0 0.1765 0.7198, 2.004 0.1765 0.7198, 2.0 0.1775 0.7209, 2.004 0.1775 0.7209, 2.0 0.1863 0.7282, 2.004 0.1863 0.7282, 2.0 0.1967 0.7331, 2.004 0.1967 0.7331, 2.0 0.2083 0.7354, 2.004 0.2083 0.7354, 2.0 0.2139 0.7357, 2.004 0.2139 0.7357, 2.0 0.2303 0.7337, 2.004 0.2303 0.7337, 2.0 0.2438 0.7286, 2.004 0.2438 0.7286, 2.0 0.2453 0.7278, 2.004 0.2453 0.7278, 2.004 0.2453 0.7458, 2.0 0.2453 0.7458, 2.0 0.2137 0.7512, 2.004 0.2137 0.7512, 2.0 0.228 0.7501, 2.004 0.2312 0.7498, 2.0 0.2312 0.7498, 2.0 0.2044 0.7501, 2.004 0.1945 0.7489, 2.0 0.1945 0.7489, 2.0 0.1805 0.7435, 2.004 0.1805 0.7435, 2.0 0.1676 0.7344, 2.004 0.1676 0.7344, 2.0 0.1647 0.7316, 2.004 0.1647 0.7316, 2.0 0.155 0.7189, 2.0 0.1514 0.7104, 2.004 0.1487 0.7041, 2.004 0.155 0.7189, 2.0 0.1487 0.7041, 2.0 0.1456 0.6867, 2.004 0.1456 0.6867, 2.0 0.1454 0.6797, 2.004 0.1454 0.6797, 2.0 0.148 0.6581, 2.0 0.1514 0.6494, 2.004 0.1534 0.6442, 2.004 0.148 0.6581, 2.0 0.1534 0.6442, 2.0 0.1613 0.6328, 2.004 0.1613 0.6328, 2.0 0.1625 0.6315, 2.004 0.1625 0.6315, 2.0 0.1844 0.6171, 2.004 0.172 0.6234, 2.0 0.172 0.6234, 2.0 0.1962 0.6144, 2.004 0.1985 0.6138, 2.004 0.1844 0.6171, 2.0 0.1985 0.6138, 2.004 0.3438 0.6307, 2.004 0.3438 0.6155, 2.0 0.3438 0.6307, 2.0 0.3438 0.6155, 2.0 0.2892 0.6307, 2.004 0.2892 0.6307, 2.0 0.3253 0.6307, 2.004 0.2892 0.6756, 2.0 0.2892 0.6756, 2.004 0.337 0.6756, 2.0 0.3253 0.6756, 2.0 0.337 0.6756, 2.004 0.337 0.6909, 2.0 0.337 0.6909, 2.0 0.2892 0.6909, 2.004 0.2892 0.6909, 2.0 0.3253 0.6909, 2.004 0.2892 0.7336, 2.0 0.2892 0.7336, 2.0 0.3408 0.7336, 2.004 0.3408 0.7336, 2.0 0.3253 0.7336, 2.004 0.3408 0.749, 2.0 0.3408 0.749, 2.0 0.272 0.749, 2.004 0.272 0.749, 2.0 0.3253 0.749, 2.004 0.272 0.6155, 2.0 0.272 0.6155, 2.0 0.3253 0.6155, 2.004 0.452 0.653, 2.004 0.4453 0.6447, 2.004 0.4575 0.6342, 2.004 0.4436 0.6431, 2.004 0.4435 0.6242, 2.004 0.435 0.6372, 2.004 0.4282 0.6182, 2.004 0.4239 0.6329, 2.004 0.4057 0.6155, 2.004 0.4056 0.6307, 2.004 0.369 0.6155, 2.004 0.3862 0.6307, 2.004 0.369 0.749, 2.004 0.3862 0.7336, 2.004 0.4071 0.749, 2.004 0.4064 0.7336, 2.004 0.4275 0.7467, 2.004 0.4241 0.7316, 2.004 0.4436 0.7408, 2.004 0.4356 0.7273, 2.004 0.4575 0.7313, 2.004 0.4449 0.7211, 2.004 0.4623 0.7266, 2.004 0.4487 0.7173, 2.004 0.4705 0.715, 2.004 0.4539 0.7098, 2.004 0.4755 0.7022, 2.004 0.4576 0.7, 2.004 0.4777 0.6839, 2.004 0.4595 0.6835, 2.004 0.477 0.6729, 2.004 0.4591 0.6751, 2.004 0.4732 0.6576, 2.004 0.4565 0.6629, 2.004 0.4662 0.6441, 2.0 0.4057 0.6155, 2.0 0.369 0.6155, 2.0 0.4575 0.6342, 2.0 0.4282 0.6182, 2.0 0.4301 0.619, 2.0 0.4435 0.6242, 2.0 0.4662 0.6441, 2.0 0.4732 0.6576, 2.0 0.477 0.6729, 2.0 0.4777 0.6839, 2.0 0.4755 0.7022, 2.0 0.4705 0.715, 2.0 0.4623 0.7266, 2.0 0.4575 0.7313, 2.0 0.4436 0.7408, 2.0 0.4301 0.7457, 2.0 0.4275 0.7467, 2.0 0.4071 0.749, 2.0 0.369 0.749, 2.0 0.4064 0.7336, 2.0 0.3862 0.7336, 2.0 0.3862 0.6307, 2.0 0.4056 0.6307, 2.0 0.4453 0.6447, 2.0 0.4436 0.6431, 2.0 0.435 0.6372, 2.0 0.4239 0.6329, 2.0 0.4595 0.6835, 2.0 0.4591 0.6751, 2.0 0.4565 0.6629, 2.0 0.452 0.653, 2.0 0.4449 0.7211, 2.0 0.4487 0.7173, 2.0 0.4539 0.7098, 2.0 0.4576 0.7, 2.0 0.4241 0.7316, 2.0 0.4356 0.7273
            ]
        }
        coordIndex [
            0,1,2,-1,2,1,3,-1,4,0,5,-1,5,0,2,-1,6,4,7,-1,7,4,5,-1,8,6,9,-1,9,6,7,-1,10,8,11,-1,11,8,9,-1,1,10,3,-1,3,10,11,-1,6,8,4,-1,4,8,10,-1,4,10,0,-1,0,10,1,-1,12,13,14,-1,14,13,15,-1,15,16,14,-1,14,16,17,-1,14,17,18,-1,18,17,19,-1,18,19,20,-1,21,20,22,-1,22,20,19,-1,21,22,23,-1,21,23,24,-1,24,23,25,-1,24,25,26,-1,26,25,27,-1,26,27,28,-1,28,27,29,-1,28,29,30,-1,30,29,31,-1,30,31,32,-1,32,31,33,-1,32,33,34,-1,34,33,35,-1,34,35,36,-1,36,35,37,-1,36,37,38,-1,38,37,39,-1,38,39,40,-1,40,39,41,-1,40,41,42,-1,42,41,43,-1,42,43,44,-1,44,43,45,-1,44,45,46,-1,46,45,47,-1,46,47,48,-1,48,47,49,-1,48,49,50,-1,50,49,51,-1,50,51,52,-1,52,51,53,-1,52,53,54,-1,54,53,55,-1,54,55,56,-1,56,55,57,-1,56,57,58,-1,58,57,59,-1,58,59,60,-1,60,59,61,-1,60,61,62,-1,62,61,63,-1,62,63,64,-1,64,63,65,-1,64,65,66,-1,67,66,68,-1,68,66,65,-1,69,70,71,-1,71,70,72,-1,71,72,73,-1,73,72,67,-1,73,67,68,-1,70,69,74,-1,70,74,75,-1,74,76,75,-1,75,76,77,-1,75,77,78,-1,78,77,79,-1,78,79,80,-1,80,79,81,-1,80,81,82,-1,82,81,83,-1,84,85,83,-1,83,85,86,-1,83,86,82,-1,84,87,85,-1,85,87,88,-1,85,88,89,-1,89,88,90,-1,89,90,91,-1,91,90,92,-1,93,94,92,-1,92,94,95,-1,92,95,91,-1,93,96,94,-1,94,96,97,-1,94,97,98,-1,98,97,99,-1,98,99,100,-1,101,102,103,-1,103,102,100,-1,103,100,99,-1,104,105,101,-1,101,105,106,-1,101,106,102,-1,104,107,105,-1,105,107,13,-1,105,13,12,-1,46,48,86,-1,54,56,75,-1,86,48,82,-1,75,56,70,-1,75,78,54,-1,54,78,80,-1,54,80,52,-1,52,80,82,-1,52,82,50,-1,50,82,48,-1,56,58,70,-1,70,58,60,-1,70,60,72,-1,72,60,62,-1,72,62,67,-1,67,62,64,-1,67,64,66,-1,91,44,89,-1,89,44,46,-1,89,46,85,-1,85,46,86,-1,20,21,18,-1,18,21,24,-1,18,24,14,-1,14,24,26,-1,14,26,12,-1,12,26,28,-1,12,28,105,-1,105,28,30,-1,105,30,106,-1,106,30,32,-1,106,32,102,-1,102,32,34,-1,102,34,100,-1,100,34,36,-1,100,36,98,-1,98,36,38,-1,98,38,94,-1,94,38,95,-1,95,38,40,-1,95,40,91,-1,91,40,42,-1,91,42,44,-1,108,109,110,-1,110,109,111,-1,112,113,114,-1,114,113,108,-1,114,108,110,-1,115,113,116,-1,116,113,112,-1,115,116,117,-1,117,116,118,-1,117,118,119,-1,120,117,121,-1,121,117,119,-1,122,123,124,-1,124,123,120,-1,124,120,121,-1,125,123,126,-1,126,123,122,-1,127,128,129,-1,129,128,125,-1,129,125,126,-1,130,128,131,-1,131,128,127,-1,132,133,134,-1,134,133,130,-1,134,130,131,-1,135,133,136,-1,136,133,132,-1,111,109,137,-1,137,109,135,-1,137,135,136,-1,135,109,108,-1,108,113,135,-1,135,113,115,-1,135,115,133,-1,128,130,125,-1,125,130,133,-1,125,133,123,-1,123,133,115,-1,123,115,120,-1,120,115,117,-1,138,139,140,-1,140,139,141,-1,140,141,142,-1,142,141,143,-1,142,143,144,-1,144,143,145,-1,144,145,146,-1,146,145,147,-1,146,147,148,-1,148,147,149,-1,148,149,150,-1,150,149,151,-1,150,151,152,-1,152,151,153,-1,152,153,154,-1,154,153,155,-1,154,155,156,-1,156,155,157,-1,156,157,158,-1,158,157,159,-1,158,159,160,-1,160,159,161,-1,160,161,162,-1,162,161,163,-1,162,163,164,-1,164,163,165,-1,164,165,166,-1,166,165,167,-1,166,167,168,-1,168,167,169,-1,168,169,170,-1,170,169,171,-1,170,171,172,-1,172,171,138,-1,172,138,140,-1,146,148,173,-1,173,148,174,-1,175,140,142,-1,146,173,176,-1,146,176,144,-1,144,176,177,-1,144,177,142,-1,142,177,178,-1,142,178,175,-1,140,175,179,-1,140,179,172,-1,172,179,180,-1,172,180,170,-1,170,180,181,-1,170,181,168,-1,168,181,182,-1,168,182,166,-1,166,182,183,-1,166,183,164,-1,164,183,184,-1,164,184,162,-1,162,184,185,-1,162,185,160,-1,160,185,186,-1,160,186,158,-1,158,186,187,-1,188,154,187,-1,187,154,156,-1,187,156,158,-1,188,189,154,-1,154,189,190,-1,154,190,152,-1,150,152,191,-1,191,152,190,-1,148,150,174,-1,174,150,191,-1,153,151,192,-1,192,151,193,-1,151,149,193,-1,193,149,194,-1,149,147,194,-1,194,147,195,-1,139,196,197,-1,139,197,141,-1,141,197,198,-1,141,198,143,-1,143,198,199,-1,143,199,145,-1,145,199,195,-1,145,195,147,-1,167,200,201,-1,167,201,169,-1,169,201,202,-1,169,202,171,-1,171,202,203,-1,171,203,138,-1,138,203,196,-1,138,196,139,-1,159,204,205,-1,159,205,161,-1,161,205,206,-1,161,206,163,-1,163,206,207,-1,163,207,165,-1,165,207,200,-1,165,200,167,-1,153,192,208,-1,153,208,155,-1,155,208,209,-1,155,209,157,-1,157,209,204,-1,157,204,159,-1,
        ]
    }
}
Shape{
    appearance Appearance {
        material  Material 	{
            diffuseColor 0.0 1.0 0.0
            specularColor 0.0 0.5019607843137255 0.0
            ambientIntensity 0.587
            transparency 0.0
            shininess 0.5
        }
    }
    geometry IndexedFaceSet {
        ccw TRUE
        solid FALSE
        coord DEF co Coordinate {
            point [
                2.0 0.3862 0.7336, 2.0 0.3862 0.6307, 2.0 0.4064 0.7336, 2.0 0.4056 0.6307, 2.0 0.4239 0.6329, 2.0 0.435 0.6372, 2.0 0.4436 0.6431, 2.0 0.4453 0.6447, 2.0 0.452 0.653, 2.0 0.4565 0.6629, 2.0 0.4595 0.6835, 2.0 0.4449 0.7211, 2.0 0.4356 0.7273, 2.0 0.4576 0.7, 2.0 0.4539 0.7098, 2.0 0.4487 0.7173, 2.0 0.4591 0.6751, 2.0 0.4241 0.7316
            ]
        }
        coordIndex [
            0,1,2,-1,2,1,3,-1,3,4,2,-1,2,4,5,-1,2,5,6,-1,6,7,2,-1,2,7,8,-1,2,8,9,-1,10,11,12,-1,13,14,10,-1,10,14,15,-1,10,15,11,-1,9,16,2,-1,2,16,10,-1,2,10,17,-1,17,10,12,-1,
        ]
    }
}
Shape{
    appearance Appearance {
        material  Material 	{
            diffuseColor 0.0 0.0 0.0
            specularColor 0.0 0.0 0.0
            ambientIntensity 0.0
            transparency 0.0
            shininess 0.5
        }
    }
    geometry IndexedFaceSet {
        ccw TRUE
        solid FALSE
        coord DEF co Coordinate {
            point [
                2.004 0.5224 0.6671, 2.004 0.5169 0.652, 2.004 0.5672 0.6671, 2.004 0.5725 0.652, 2.004 0.5423 0.7226, 2.004 0.5359 0.749, 2.004 0.4851 0.6155, 2.004 0.5041 0.6155, 2.004 0.5435 0.7265, 2.004 0.5445 0.7319, 2.004 0.5543 0.749, 2.004 0.5449 0.7319, 2.004 0.546 0.7263, 2.004 0.547 0.7226, 2.004 0.6051 0.6155, 2.004 0.5861 0.6155, 2.0 0.5543 0.749, 2.0 0.6051 0.6155, 2.0 0.5359 0.749, 2.0 0.4851 0.6155, 2.0 0.5235 0.7165, 2.0 0.5041 0.6155, 2.0 0.5169 0.652, 2.0 0.5725 0.652, 2.0 0.5235 0.652, 2.0 0.5861 0.6155, 2.0 0.5224 0.6671, 2.0 0.5672 0.6671, 2.0 0.547 0.7226, 2.0 0.5449 0.7319, 2.0 0.546 0.7263, 2.0 0.5445 0.7319, 2.0 0.5423 0.7226, 2.0 0.5435 0.7265
            ]
        }
        coordIndex [
            0,1,2,-1,2,1,3,-1,4,5,0,-1,0,5,6,-1,0,6,1,-1,1,6,7,-1,4,8,5,-1,5,8,9,-1,5,9,10,-1,10,9,11,-1,10,11,12,-1,12,13,10,-1,10,13,2,-1,10,2,14,-1,14,2,3,-1,14,3,15,-1,10,14,16,-1,16,14,17,-1,5,10,18,-1,18,10,16,-1,19,6,20,-1,20,6,5,-1,20,5,18,-1,7,6,21,-1,21,6,19,-1,1,7,22,-1,22,7,21,-1,23,3,24,-1,24,3,1,-1,24,1,22,-1,15,3,25,-1,25,3,23,-1,14,15,17,-1,17,15,25,-1,0,2,26,-1,26,2,27,-1,2,13,27,-1,27,13,28,-1,11,29,30,-1,11,30,12,-1,12,30,28,-1,12,28,13,-1,11,9,29,-1,29,9,31,-1,4,32,33,-1,4,33,8,-1,8,33,31,-1,8,31,9,-1,4,0,32,-1,32,0,26,-1,
        ]
    }
}
Shape{
    appearance Appearance {
        material  Material 	{
            diffuseColor 0.0 1.0 0.0
            specularColor 0.0 0.5019607843137255 0.0
            ambientIntensity 0.587
            transparency 0.0
            shininess 0.5
        }
    }
    geometry IndexedFaceSet {
        ccw TRUE
        solid FALSE
        coord DEF co Coordinate {
            point [
                2.0 0.5449 0.7319, 2.0 0.5445 0.7319, 2.0 0.546 0.7263, 2.0 0.5435 0.7265, 2.0 0.547 0.7226, 2.0 0.5423 0.7226, 2.0 0.5672 0.6671, 2.0 0.5224 0.6671
            ]
        }
        coordIndex [
            0,1,2,-1,2,1,3,-1,2,3,4,-1,4,3,5,-1,4,5,6,-1,6,5,7,-1,
        ]
    }
}
Shape{
    appearance Appearance {
        material  Material 	{
            diffuseColor 0.0 0.0 0.0
            specularColor 0.0 0.0 0.0
            ambientIntensity 0.0
            transparency 0.0
            shininess 0.5
        }
    }
    geometry IndexedFaceSet {
        ccw TRUE
        solid FALSE
        coord DEF co Coordinate {
            point [
                2.004 0.1413 0.419, 2.004 0.1413 0.4038, 2.0 0.1413 0.419, 2.0 0.1413 0.4038, 2.004 0.0868 0.419, 2.0 0.0868 0.419, 2.004 0.0868 0.4639, 2.0 0.0868 0.4639, 2.004 0.1345 0.4639, 2.0 0.1345 0.4639, 2.004 0.1345 0.4792, 2.0 0.1345 0.4792, 2.004 0.0868 0.4792, 2.0 0.0868 0.4792, 2.004 0.0868 0.5219, 2.0 0.0868 0.5219, 2.004 0.1383 0.5219, 2.0 0.1383 0.5219, 2.004 0.1383 0.5373, 2.0 0.1383 0.5373, 2.004 0.0696 0.5373, 2.0 0.0696 0.5373, 2.004 0.0696 0.4038, 2.0 0.0696 0.4038, 2.004 0.2168 0.4186, 2.004 0.2172 0.4186, 2.004 0.2161 0.4339, 2.004 0.2172 0.4414, 2.004 0.2339 0.4652, 2.004 0.2172 0.4425, 2.004 0.2172 0.4516, 2.004 0.2172 0.4038, 2.004 0.2339 0.4038, 2.004 0.1809 0.4444, 2.004 0.1848 0.4463, 2.004 0.1762 0.4573, 2.004 0.2137 0.428, 2.004 0.21 0.4231, 2.004 0.2141 0.4145, 2.004 0.2079 0.421, 2.004 0.2088 0.4089, 2.004 0.2032 0.4178, 2.004 0.203 0.405, 2.004 0.1981 0.416, 2.004 0.1962 0.4025, 2.004 0.1919 0.4153, 2.004 0.1876 0.4016, 2.004 0.1862 0.4159, 2.004 0.1776 0.4027, 2.004 0.1825 0.4173, 2.004 0.1711 0.4051, 2.004 0.1791 0.4196, 2.004 0.1655 0.4091, 2.004 0.1777 0.421, 2.004 0.189 0.4604, 2.004 0.1949 0.4486, 2.004 0.2172 0.4644, 2.004 0.1787 0.4428, 2.004 0.1691 0.4536, 2.004 0.1767 0.4403, 2.004 0.164 0.4492, 2.004 0.1753 0.4372, 2.004 0.1607 0.4444, 2.004 0.1744 0.4333, 2.004 0.1584 0.4385, 2.004 0.1743 0.4307, 2.004 0.1573 0.4293, 2.004 0.1747 0.4269, 2.004 0.1582 0.4217, 2.004 0.1758 0.4238, 2.004 0.1602 0.4161, 2.004 0.1637 0.411, 2.004 0.1666 0.4924, 2.004 0.1666 0.4762, 2.004 0.1702 0.4945, 2.004 0.1771 0.4829, 2.004 0.1826 0.4993, 2.004 0.1876 0.4866, 2.004 0.1995 0.5013, 2.004 0.1979 0.4877, 2.004 0.2093 0.5004, 2.004 0.2036 0.4871, 2.004 0.2164 0.4983, 2.004 0.2074 0.4858, 2.004 0.222 0.4952, 2.004 0.2104 0.4839, 2.004 0.2265 0.491, 2.004 0.2129 0.4812, 2.004 0.2299 0.4856, 2.004 0.2149 0.4777, 2.004 0.2326 0.4781, 2.004 0.2166 0.4718, 2.0 0.1995 0.5013, 2.0 0.1826 0.4993, 2.0 0.1702 0.4945, 2.0 0.1666 0.4924, 2.0 0.1666 0.4762, 2.0 0.1771 0.4829, 2.0 0.1876 0.4866, 2.0 0.1979 0.4877, 2.0 0.2036 0.4871, 2.0 0.2074 0.4858, 2.0 0.2104 0.4839, 2.0 0.2129 0.4812, 2.0 0.2149 0.4777, 2.0 0.2166 0.4718, 2.0 0.2172 0.4644, 2.0 0.189 0.4604, 2.0 0.1762 0.4573, 2.0 0.1691 0.4536, 2.0 0.164 0.4492, 2.0 0.1607 0.4444, 2.0 0.1584 0.4385, 2.0 0.1573 0.4293, 2.0 0.1582 0.4217, 2.0 0.1602 0.4161, 2.0 0.1637 0.411, 2.0 0.1655 0.4091, 2.0 0.1876 0.4016, 2.0 0.1779 0.4027, 2.0 0.1776 0.4027, 2.0 0.1711 0.4051, 2.0 0.1962 0.4025, 2.0 0.1967 0.4027, 2.0 0.203 0.405, 2.0 0.2088 0.4089, 2.0 0.2141 0.4145, 2.0 0.2168 0.4186, 2.0 0.2172 0.4186, 2.0 0.2172 0.4038, 2.0 0.2339 0.4038, 2.0 0.2339 0.4652, 2.0 0.2326 0.4781, 2.0 0.2299 0.4856, 2.0 0.2265 0.491, 2.0 0.222 0.4952, 2.0 0.2164 0.4983, 2.0 0.2093 0.5004, 2.0 0.1787 0.4428, 2.0 0.1809 0.4444, 2.0 0.1848 0.4463, 2.0 0.1949 0.4486, 2.0 0.1743 0.4307, 2.0 0.1744 0.4333, 2.0 0.1753 0.4372, 2.0 0.1767 0.4403, 2.0 0.1791 0.4196, 2.0 0.1777 0.421, 2.0 0.1758 0.4238, 2.0 0.1747 0.4269, 2.0 0.1919 0.4153, 2.0 0.1862 0.4159, 2.0 0.1825 0.4173, 2.0 0.21 0.4231, 2.0 0.2079 0.421, 2.0 0.2032 0.4178, 2.0 0.1981 0.416, 2.0 0.2172 0.4425, 2.0 0.2172 0.4414, 2.0 0.2161 0.4339, 2.0 0.2137 0.428, 2.0 0.2172 0.4516
            ]
        }
        coordIndex [
            0,1,2,-1,2,1,3,-1,4,0,5,-1,5,0,2,-1,6,4,7,-1,7,4,5,-1,8,6,9,-1,9,6,7,-1,10,8,11,-1,11,8,9,-1,12,10,13,-1,13,10,11,-1,14,12,15,-1,15,12,13,-1,16,14,17,-1,17,14,15,-1,18,16,19,-1,19,16,17,-1,20,18,21,-1,21,18,19,-1,22,20,23,-1,23,20,21,-1,1,22,3,-1,3,22,23,-1,22,1,0,-1,0,4,22,-1,22,4,6,-1,22,6,20,-1,16,18,14,-1,14,18,20,-1,14,20,12,-1,12,20,6,-1,12,6,10,-1,10,6,8,-1,24,25,26,-1,27,28,29,-1,29,28,30,-1,31,32,25,-1,25,32,28,-1,25,28,26,-1,26,28,27,-1,33,34,35,-1,26,36,24,-1,24,36,37,-1,24,37,38,-1,38,37,39,-1,38,39,40,-1,40,39,41,-1,40,41,42,-1,42,41,43,-1,42,43,44,-1,44,43,45,-1,44,45,46,-1,46,45,47,-1,46,47,48,-1,48,47,49,-1,48,49,50,-1,50,49,51,-1,50,51,52,-1,52,51,53,-1,35,34,54,-1,54,34,55,-1,54,55,56,-1,33,35,57,-1,57,35,58,-1,57,58,59,-1,59,58,60,-1,59,60,61,-1,61,60,62,-1,61,62,63,-1,63,62,64,-1,63,64,65,-1,65,64,66,-1,65,66,67,-1,67,66,68,-1,67,68,69,-1,69,68,70,-1,69,70,53,-1,53,70,71,-1,53,71,52,-1,72,73,74,-1,74,73,75,-1,74,75,76,-1,76,75,77,-1,76,77,78,-1,78,77,79,-1,78,79,80,-1,80,79,81,-1,80,81,82,-1,82,81,83,-1,82,83,84,-1,84,83,85,-1,84,85,86,-1,86,85,87,-1,86,87,88,-1,88,87,89,-1,88,89,90,-1,90,89,91,-1,90,91,28,-1,28,91,56,-1,28,56,30,-1,30,56,55,-1,78,92,93,-1,78,93,76,-1,76,93,94,-1,76,94,74,-1,74,94,95,-1,74,95,72,-1,73,72,96,-1,96,72,95,-1,73,96,97,-1,73,97,75,-1,75,97,98,-1,75,98,77,-1,77,98,99,-1,77,99,79,-1,79,99,100,-1,79,100,81,-1,81,100,101,-1,81,101,83,-1,83,101,102,-1,83,102,85,-1,85,102,103,-1,85,103,87,-1,87,103,104,-1,87,104,89,-1,89,104,105,-1,89,105,91,-1,91,105,106,-1,91,106,56,-1,54,56,107,-1,107,56,106,-1,54,107,108,-1,54,108,35,-1,35,108,109,-1,35,109,58,-1,58,109,110,-1,58,110,60,-1,60,110,111,-1,60,111,62,-1,62,111,112,-1,62,112,64,-1,64,112,113,-1,64,113,66,-1,66,113,114,-1,66,114,68,-1,68,114,115,-1,68,115,70,-1,70,115,116,-1,70,116,71,-1,71,116,117,-1,71,117,52,-1,118,46,119,-1,119,46,48,-1,119,48,120,-1,120,48,50,-1,120,50,121,-1,121,50,52,-1,121,52,117,-1,46,118,122,-1,46,122,44,-1,44,122,123,-1,44,123,42,-1,123,124,42,-1,42,124,125,-1,42,125,40,-1,40,125,126,-1,40,126,38,-1,38,126,127,-1,38,127,24,-1,25,24,128,-1,128,24,127,-1,31,25,129,-1,129,25,128,-1,32,31,130,-1,130,31,129,-1,28,32,131,-1,131,32,130,-1,28,131,132,-1,28,132,90,-1,90,132,133,-1,90,133,88,-1,88,133,134,-1,88,134,86,-1,86,134,135,-1,86,135,84,-1,84,135,136,-1,84,136,82,-1,82,136,137,-1,82,137,80,-1,80,137,92,-1,80,92,78,-1,57,138,139,-1,57,139,33,-1,33,139,140,-1,33,140,34,-1,34,140,141,-1,34,141,55,-1,65,142,143,-1,65,143,63,-1,63,143,144,-1,63,144,61,-1,61,144,145,-1,61,145,59,-1,59,145,138,-1,59,138,57,-1,51,146,147,-1,51,147,53,-1,53,147,148,-1,53,148,69,-1,69,148,149,-1,69,149,67,-1,67,149,142,-1,67,142,65,-1,45,150,151,-1,45,151,47,-1,47,151,152,-1,47,152,49,-1,49,152,146,-1,49,146,51,-1,37,153,154,-1,37,154,39,-1,39,154,155,-1,39,155,41,-1,41,155,156,-1,41,156,43,-1,43,156,150,-1,43,150,45,-1,29,157,158,-1,29,158,27,-1,27,158,159,-1,27,159,26,-1,26,159,160,-1,26,160,36,-1,36,160,153,-1,36,153,37,-1,29,30,157,-1,157,30,161,-1,30,55,161,-1,161,55,141,-1,
        ]
    }
}
Shape{
    appearance Appearance {
        material  Material 	{
            diffuseColor 0.0 1.0 0.0
            specularColor 0.0 0.5019607843137255 0.0
            ambientIntensity 0.587
            transparency 0.0
            shininess 0.5
        }
    }
    geometry IndexedFaceSet {
        ccw TRUE
        solid FALSE
        coord DEF co Coordinate {
            point [
                2.0 0.2172 0.4414, 2.0 0.2172 0.4425, 2.0 0.1787 0.4428, 2.0 0.2172 0.4516, 2.0 0.1949 0.4486, 2.0 0.1848 0.4463, 2.0 0.1809 0.4444, 2.0 0.2161 0.4339, 2.0 0.1767 0.4403, 2.0 0.2137 0.428, 2.0 0.1777 0.421, 2.0 0.1791 0.4196, 2.0 0.2079 0.421, 2.0 0.1758 0.4238, 2.0 0.2032 0.4178, 2.0 0.1981 0.416, 2.0 0.1919 0.4153, 2.0 0.1753 0.4372, 2.0 0.1744 0.4333, 2.0 0.21 0.4231, 2.0 0.1743 0.4307, 2.0 0.1747 0.4269, 2.0 0.1825 0.4173, 2.0 0.1862 0.4159
            ]
        }
        coordIndex [
            0,1,2,-1,1,3,4,-1,4,5,1,-1,1,5,6,-1,1,6,2,-1,0,2,7,-1,7,2,8,-1,7,8,9,-1,10,11,12,-1,10,12,13,-1,14,12,15,-1,15,12,16,-1,8,17,9,-1,9,17,18,-1,9,18,19,-1,19,18,20,-1,19,20,12,-1,12,20,21,-1,12,21,13,-1,11,22,12,-1,12,22,23,-1,12,23,16,-1,
        ]
    }
}
Shape{
    appearance Appearance {
        material  Material 	{
            diffuseColor 0.0 0.0 0.0
            specularColor 0.0 0.0 0.0
            ambientIntensity 0.0
            transparency 0.0
            shininess 0.5
        }
    }
    geometry IndexedFaceSet {
        ccw TRUE
        solid FALSE
        coord DEF co Coordinate {
            point [
                2.0 0.2566 0.4244, 2.004 0.2566 0.4244, 2.004 0.2627 0.4206, 2.004 0.2841 0.4152, 2.0 0.2841 0.4152, 2.0 0.2731 0.4165, 2.004 0.2731 0.4165, 2.0 0.2643 0.42, 2.0 0.2627 0.4206, 2.004 0.2566 0.4072, 2.0 0.2566 0.4072, 2.004 0.2674 0.4032, 2.0 0.2643 0.4044, 2.0 0.2824 0.4016, 2.004 0.2824 0.4016, 2.0 0.2723 0.4027, 2.0 0.2674 0.4032, 2.004 0.2958 0.4029, 2.0 0.2934 0.4027, 2.0 0.2958 0.4029, 2.0 0.305 0.4061, 2.004 0.305 0.4061, 2.0 0.3102 0.4091, 2.004 0.3102 0.4091, 2.0 0.315 0.4133, 2.004 0.315 0.4133, 2.0 0.3181 0.4177, 2.004 0.3181 0.4177, 2.0 0.3201 0.423, 2.004 0.3201 0.423, 2.0 0.3209 0.4297, 2.004 0.3209 0.4297, 2.0 0.3202 0.436, 2.004 0.3202 0.436, 2.0 0.3185 0.4409, 2.004 0.3185 0.4409, 2.0 0.3153 0.4455, 2.004 0.3153 0.4455, 2.0 0.3114 0.4491, 2.004 0.3114 0.4491, 2.0 0.3003 0.4552, 2.004 0.3003 0.4552, 2.0 0.2938 0.4578, 2.004 0.2938 0.4578, 2.0 0.2834 0.4624, 2.004 0.2834 0.4624, 2.0 0.2775 0.466, 2.004 0.2775 0.466, 2.0 0.2759 0.4678, 2.004 0.2759 0.4678, 2.0 0.2747 0.4701, 2.004 0.2747 0.4701, 2.0 0.274 0.4727, 2.004 0.274 0.4727, 2.0 0.2739 0.4749, 2.004 0.2739 0.4749, 2.0 0.2742 0.4776, 2.004 0.2742 0.4776, 2.0 0.275 0.4798, 2.004 0.275 0.4798, 2.0 0.2765 0.482, 2.004 0.2765 0.482, 2.0 0.279 0.4842, 2.004 0.279 0.4842, 2.0 0.2827 0.4862, 2.004 0.2827 0.4862, 2.0 0.2872 0.4874, 2.004 0.2872 0.4874, 2.0 0.2921 0.4877, 2.004 0.2921 0.4877, 2.0 0.3035 0.4864, 2.004 0.3035 0.4864, 2.0 0.313 0.4828, 2.004 0.313 0.4828, 2.0 0.3164 0.4808, 2.004 0.3164 0.4808, 2.004 0.3164 0.4971, 2.0 0.3164 0.4971, 2.0 0.3048 0.5004, 2.004 0.3048 0.5004, 2.0 0.2938 0.5013, 2.004 0.2938 0.5013, 2.0 0.2814 0.5, 2.004 0.2814 0.5, 2.0 0.2723 0.4967, 2.004 0.2723 0.4967, 2.0 0.2674 0.4937, 2.004 0.2674 0.4937, 2.004 0.2624 0.4893, 2.0 0.2643 0.491, 2.0 0.2624 0.4893, 2.0 0.2593 0.4848, 2.004 0.2593 0.4848, 2.0 0.2573 0.4794, 2.004 0.2573 0.4794, 2.0 0.2567 0.4734, 2.004 0.2567 0.4734, 2.0 0.2574 0.4669, 2.004 0.2574 0.4669, 2.0 0.2592 0.4618, 2.004 0.2592 0.4618, 2.0 0.2614 0.4583, 2.004 0.2614 0.4583, 2.0 0.282 0.4457, 2.004 0.282 0.4457, 2.004 0.272 0.4503, 2.0 0.2641 0.4555, 2.004 0.2641 0.4555, 2.0 0.2643 0.4554, 2.0 0.272 0.4503, 2.0 0.293 0.4411, 2.004 0.293 0.4411, 2.0 0.2995 0.4372, 2.004 0.2995 0.4372, 2.0 0.3016 0.435, 2.004 0.3016 0.435, 2.0 0.3029 0.4328, 2.004 0.3029 0.4328, 2.0 0.3036 0.4302, 2.004 0.3036 0.4302, 2.0 0.3038 0.4281, 2.004 0.3038 0.4281, 2.0 0.3034 0.4249, 2.004 0.3034 0.4249, 2.0 0.3026 0.4225, 2.004 0.3026 0.4225, 2.0 0.3011 0.4204, 2.004 0.3011 0.4204, 2.0 0.2992 0.4187, 2.004 0.2992 0.4187, 2.0 0.2977 0.4178, 2.004 0.2977 0.4178, 2.0 0.2934 0.4162, 2.004 0.2934 0.4162, 2.0 0.2848 0.4152, 2.004 0.2848 0.4152, 2.004 0.4038 0.4991, 2.004 0.4211 0.4991, 2.0 0.4038 0.4991, 2.0 0.4211 0.4991, 2.004 0.3778 0.4274, 2.0 0.3778 0.4274, 2.0 0.3765 0.4229, 2.004 0.3765 0.4229, 2.0 0.3757 0.4196, 2.004 0.3757 0.4196, 2.004 0.3753 0.4196, 2.0 0.3753 0.4196, 2.004 0.3732 0.4275, 2.0 0.3732 0.4275, 2.0 0.3483 0.4991, 2.004 0.3483 0.4991, 2.0 0.3564 0.4759, 2.004 0.3296 0.4991, 2.0 0.3296 0.4991, 2.0 0.367 0.404, 2.004 0.367 0.404, 2.0 0.3564 0.4311, 2.0 0.3597 0.3867, 2.004 0.3597 0.3867, 2.0 0.3665 0.4027, 2.0 0.3564 0.3807, 2.0 0.3564 0.3807, 2.004 0.3533 0.3772, 2.004 0.3564 0.3807, 2.0 0.3533 0.3772, 2.0 0.3503 0.3751, 2.004 0.3503 0.3751, 2.0 0.3466 0.3737, 2.004 0.3466 0.3737, 2.0 0.3426 0.3733, 2.004 0.3426 0.3733, 2.0 0.3365 0.374, 2.004 0.3365 0.374, 2.0 0.3331 0.3752, 2.004 0.3331 0.3752, 2.004 0.3331 0.3603, 2.0 0.3331 0.3603, 2.0 0.3402 0.3591, 2.004 0.3402 0.3591, 2.0 0.3439 0.3589, 2.004 0.3439 0.3589, 2.0 0.3506 0.3597, 2.004 0.3506 0.3597, 2.0 0.3564 0.3619, 2.004 0.3572 0.3622, 2.0 0.3572 0.3622, 2.0 0.363 0.3663, 2.004 0.363 0.3663, 2.0 0.3642 0.3673, 2.004 0.3642 0.3673, 2.0 0.3703 0.3747, 2.004 0.3703 0.3747, 2.0 0.3779 0.3894, 2.004 0.3779 0.3894, 2.0 0.3831 0.4027, 2.004 0.5109 0.419, 2.004 0.5109 0.4038, 2.0 0.5109 0.419, 2.0 0.5109 0.4038, 2.0 0.4564 0.419, 2.004 0.4564 0.419, 2.0 0.4814 0.419, 2.004 0.4564 0.4639, 2.0 0.4564 0.4639, 2.0 0.5041 0.4639, 2.004 0.5041 0.4639, 2.0 0.4814 0.4639, 2.004 0.5041 0.4792, 2.0 0.5041 0.4792, 2.0 0.4564 0.4792, 2.004 0.4564 0.4792, 2.0 0.4814 0.4792, 2.004 0.4564 0.5219, 2.0 0.4564 0.5219, 2.0 0.5079 0.5219, 2.004 0.5079 0.5219, 2.0 0.4814 0.5219, 2.004 0.5079 0.5373, 2.0 0.5079 0.5373, 2.0 0.4391 0.5373, 2.004 0.4391 0.5373, 2.0 0.4814 0.5373, 2.004 0.4391 0.4038, 2.0 0.4391 0.4038, 2.0 0.4814 0.4038, 2.004 0.6191 0.4413, 2.004 0.6124 0.4329, 2.004 0.6246 0.4225, 2.004 0.6108 0.4314, 2.004 0.6106 0.4125, 2.004 0.6021 0.4255, 2.004 0.5954 0.4065, 2.004 0.5911 0.4212, 2.004 0.5728 0.4038, 2.004 0.5727 0.419, 2.004 0.5361 0.4038, 2.004 0.5533 0.419, 2.004 0.5361 0.5373, 2.004 0.5533 0.5219, 2.004 0.5742 0.5373, 2.004 0.5735 0.5219, 2.004 0.5946 0.535, 2.004 0.5912 0.5199, 2.004 0.6107 0.5291, 2.004 0.6027 0.5156, 2.004 0.6246 0.5196, 2.004 0.612 0.5094, 2.004 0.6294 0.5149, 2.004 0.6158 0.5056, 2.004 0.6377 0.5033, 2.004 0.621 0.4981, 2.004 0.6426 0.4905, 2.004 0.6247 0.4883, 2.004 0.6448 0.4722, 2.004 0.6267 0.4718, 2.004 0.6441 0.4612, 2.004 0.6262 0.4634, 2.004 0.6404 0.4459, 2.004 0.6237 0.4512, 2.004 0.6333 0.4324, 2.0 0.5728 0.4038, 2.0 0.5361 0.4038, 2.0 0.5954 0.4065, 2.0 0.6106 0.4125, 2.0 0.6246 0.4225, 2.0 0.6333 0.4324, 2.0 0.6404 0.4459, 2.0 0.6441 0.4612, 2.0 0.6448 0.4722, 2.0 0.6426 0.4905, 2.0 0.6377 0.5033, 2.0 0.6294 0.5149, 2.0 0.6246 0.5196, 2.0 0.6107 0.5291, 2.0 0.5946 0.535, 2.0 0.5742 0.5373, 2.0 0.5361 0.5373, 2.0 0.5735 0.5219, 2.0 0.5533 0.5219, 2.0 0.5533 0.419, 2.0 0.5727 0.419, 2.0 0.6124 0.4329, 2.0 0.6108 0.4314, 2.0 0.6021 0.4255, 2.0 0.5911 0.4212, 2.0 0.6267 0.4718, 2.0 0.6262 0.4634, 2.0 0.6237 0.4512, 2.0 0.6191 0.4413, 2.0 0.612 0.5094, 2.0 0.6158 0.5056, 2.0 0.621 0.4981, 2.0 0.6247 0.4883, 2.0 0.5912 0.5199, 2.0 0.6027 0.5156
            ]
        }
        coordIndex [
            0,1,2,-1,3,4,5,-1,3,5,6,-1,6,5,7,-1,6,7,2,-1,2,7,8,-1,2,8,0,-1,9,1,10,-1,10,1,0,-1,9,10,11,-1,11,10,12,-1,13,14,15,-1,15,14,11,-1,15,11,16,-1,16,11,12,-1,14,13,17,-1,17,13,18,-1,18,19,17,-1,17,19,20,-1,17,20,21,-1,21,20,22,-1,21,22,23,-1,23,22,24,-1,23,24,25,-1,25,24,26,-1,25,26,27,-1,27,26,28,-1,27,28,29,-1,29,28,30,-1,29,30,31,-1,31,30,32,-1,31,32,33,-1,33,32,34,-1,33,34,35,-1,35,34,36,-1,35,36,37,-1,37,36,38,-1,37,38,39,-1,39,38,40,-1,39,40,41,-1,41,40,42,-1,41,42,43,-1,43,42,44,-1,43,44,45,-1,45,44,46,-1,45,46,47,-1,47,46,48,-1,47,48,49,-1,49,48,50,-1,49,50,51,-1,51,50,52,-1,51,52,53,-1,53,52,54,-1,53,54,55,-1,55,54,56,-1,55,56,57,-1,57,56,58,-1,57,58,59,-1,59,58,60,-1,59,60,61,-1,61,60,62,-1,61,62,63,-1,63,62,64,-1,63,64,65,-1,65,64,66,-1,65,66,67,-1,67,66,68,-1,67,68,69,-1,69,68,70,-1,69,70,71,-1,71,70,72,-1,71,72,73,-1,73,72,74,-1,73,74,75,-1,76,75,77,-1,77,75,74,-1,76,77,78,-1,76,78,79,-1,79,78,80,-1,79,80,81,-1,81,80,82,-1,81,82,83,-1,83,82,84,-1,83,84,85,-1,85,84,86,-1,85,86,87,-1,87,86,88,-1,88,86,89,-1,89,90,88,-1,88,90,91,-1,88,91,92,-1,92,91,93,-1,92,93,94,-1,94,93,95,-1,94,95,96,-1,96,95,97,-1,96,97,98,-1,98,97,99,-1,98,99,100,-1,100,99,101,-1,100,101,102,-1,103,104,105,-1,102,101,106,-1,102,106,107,-1,107,106,108,-1,107,108,105,-1,105,108,109,-1,105,109,103,-1,104,103,110,-1,104,110,111,-1,111,110,112,-1,111,112,113,-1,113,112,114,-1,113,114,115,-1,115,114,116,-1,115,116,117,-1,117,116,118,-1,117,118,119,-1,119,118,120,-1,119,120,121,-1,121,120,122,-1,121,122,123,-1,123,122,124,-1,123,124,125,-1,125,124,126,-1,125,126,127,-1,127,126,128,-1,127,128,129,-1,129,128,130,-1,129,130,131,-1,131,130,132,-1,131,132,133,-1,133,132,134,-1,133,134,135,-1,135,134,4,-1,135,4,3,-1,61,63,85,-1,85,63,83,-1,111,43,104,-1,104,43,45,-1,21,23,127,-1,127,23,25,-1,127,25,125,-1,125,25,27,-1,125,27,123,-1,123,27,29,-1,123,29,121,-1,121,29,31,-1,121,31,119,-1,119,31,33,-1,119,33,117,-1,117,33,35,-1,117,35,115,-1,115,35,37,-1,115,37,113,-1,113,37,39,-1,113,39,111,-1,111,39,41,-1,111,41,43,-1,14,3,11,-1,11,3,6,-1,11,6,9,-1,9,6,2,-1,9,2,1,-1,63,65,83,-1,83,65,67,-1,83,67,81,-1,81,67,69,-1,81,69,79,-1,79,69,71,-1,79,71,76,-1,76,71,73,-1,76,73,75,-1,127,129,21,-1,21,129,131,-1,21,131,17,-1,17,131,133,-1,17,133,14,-1,14,133,135,-1,14,135,3,-1,85,87,61,-1,61,87,88,-1,61,88,59,-1,59,88,92,-1,59,92,57,-1,57,92,94,-1,57,94,55,-1,55,94,96,-1,55,96,53,-1,53,96,98,-1,53,98,51,-1,51,98,100,-1,51,100,49,-1,49,100,102,-1,49,102,47,-1,47,102,107,-1,47,107,45,-1,45,107,105,-1,45,105,104,-1,136,137,138,-1,138,137,139,-1,140,136,141,-1,141,136,138,-1,140,141,142,-1,140,142,143,-1,143,142,144,-1,143,144,145,-1,146,145,147,-1,147,145,144,-1,148,146,149,-1,149,146,147,-1,150,151,152,-1,152,151,148,-1,152,148,149,-1,153,151,154,-1,154,151,150,-1,155,156,157,-1,157,156,153,-1,157,153,154,-1,158,159,160,-1,160,159,156,-1,160,156,155,-1,159,158,161,-1,162,163,161,-1,161,163,164,-1,161,164,159,-1,162,165,163,-1,163,165,166,-1,163,166,167,-1,167,166,168,-1,167,168,169,-1,169,168,170,-1,169,170,171,-1,171,170,172,-1,171,172,173,-1,173,172,174,-1,173,174,175,-1,176,175,177,-1,177,175,174,-1,176,177,178,-1,176,178,179,-1,179,178,180,-1,179,180,181,-1,181,180,182,-1,181,182,183,-1,183,182,184,-1,183,184,185,-1,184,186,185,-1,185,186,187,-1,185,187,188,-1,188,187,189,-1,188,189,190,-1,190,189,191,-1,190,191,192,-1,192,191,193,-1,192,193,194,-1,139,137,195,-1,195,137,194,-1,195,194,193,-1,143,145,194,-1,137,136,194,-1,194,136,140,-1,194,140,143,-1,151,153,148,-1,148,153,156,-1,148,156,146,-1,175,176,173,-1,173,176,179,-1,173,179,171,-1,171,179,181,-1,171,181,169,-1,169,181,183,-1,169,183,167,-1,167,183,185,-1,167,185,163,-1,192,164,190,-1,190,164,163,-1,190,163,188,-1,188,163,185,-1,145,146,194,-1,194,146,156,-1,194,156,192,-1,192,156,159,-1,192,159,164,-1,196,197,198,-1,198,197,199,-1,200,201,202,-1,202,201,196,-1,202,196,198,-1,203,201,204,-1,204,201,200,-1,205,206,207,-1,207,206,203,-1,207,203,204,-1,208,206,209,-1,209,206,205,-1,210,211,212,-1,212,211,208,-1,212,208,209,-1,213,211,214,-1,214,211,210,-1,215,216,217,-1,217,216,213,-1,217,213,214,-1,218,216,219,-1,219,216,215,-1,220,221,222,-1,222,221,218,-1,222,218,219,-1,223,221,224,-1,224,221,220,-1,199,197,225,-1,225,197,223,-1,225,223,224,-1,216,218,213,-1,213,218,221,-1,213,221,211,-1,197,196,223,-1,223,196,201,-1,223,201,203,-1,206,208,203,-1,203,208,211,-1,203,211,223,-1,223,211,221,-1,226,227,228,-1,228,227,229,-1,228,229,230,-1,230,229,231,-1,230,231,232,-1,232,231,233,-1,232,233,234,-1,234,233,235,-1,234,235,236,-1,236,235,237,-1,236,237,238,-1,238,237,239,-1,238,239,240,-1,240,239,241,-1,240,241,242,-1,242,241,243,-1,242,243,244,-1,244,243,245,-1,244,245,246,-1,246,245,247,-1,246,247,248,-1,248,247,249,-1,248,249,250,-1,250,249,251,-1,250,251,252,-1,252,251,253,-1,252,253,254,-1,254,253,255,-1,254,255,256,-1,256,255,257,-1,256,257,258,-1,258,257,259,-1,258,259,260,-1,260,259,226,-1,260,226,228,-1,234,236,261,-1,261,236,262,-1,234,261,263,-1,234,263,232,-1,232,263,264,-1,232,264,230,-1,230,264,265,-1,230,265,228,-1,228,265,266,-1,228,266,260,-1,260,266,267,-1,260,267,258,-1,258,267,268,-1,258,268,256,-1,256,268,269,-1,256,269,254,-1,254,269,270,-1,254,270,252,-1,252,270,271,-1,252,271,250,-1,250,271,272,-1,250,272,248,-1,248,272,273,-1,248,273,246,-1,246,273,274,-1,246,274,244,-1,244,274,275,-1,244,275,242,-1,242,275,276,-1,242,276,240,-1,238,240,277,-1,277,240,276,-1,236,238,262,-1,262,238,277,-1,241,239,278,-1,278,239,279,-1,239,237,279,-1,279,237,280,-1,237,235,280,-1,280,235,281,-1,227,282,283,-1,227,283,229,-1,229,283,284,-1,229,284,231,-1,231,284,285,-1,231,285,233,-1,233,285,281,-1,233,281,235,-1,255,286,287,-1,255,287,257,-1,257,287,288,-1,257,288,259,-1,259,288,289,-1,259,289,226,-1,226,289,282,-1,226,282,227,-1,247,290,291,-1,247,291,249,-1,249,291,292,-1,249,292,251,-1,251,292,293,-1,251,293,253,-1,253,293,286,-1,253,286,255,-1,241,278,294,-1,241,294,243,-1,243,294,295,-1,243,295,245,-1,245,295,290,-1,245,290,247,-1,
        ]
    }
}
Shape{
    appearance Appearance {
        material  Material 	{
            diffuseColor 0.0 1.0 0.0
            specularColor 0.0 0.5019607843137255 0.0
            ambientIntensity 0.587
            transparency 0.0
            shininess 0.5
        }
    }
    geometry IndexedFaceSet {
        ccw TRUE
        solid FALSE
        coord DEF co Coordinate {
            point [
                2.0 0.5533 0.5219, 2.0 0.5533 0.419, 2.0 0.5735 0.5219, 2.0 0.5727 0.419, 2.0 0.5911 0.4212, 2.0 0.6021 0.4255, 2.0 0.6108 0.4314, 2.0 0.6124 0.4329, 2.0 0.6191 0.4413, 2.0 0.6237 0.4512, 2.0 0.6267 0.4718, 2.0 0.612 0.5094, 2.0 0.6027 0.5156, 2.0 0.6247 0.4883, 2.0 0.621 0.4981, 2.0 0.6158 0.5056, 2.0 0.6262 0.4634, 2.0 0.5912 0.5199
            ]
        }
        coordIndex [
            0,1,2,-1,2,1,3,-1,3,4,2,-1,2,4,5,-1,2,5,6,-1,6,7,2,-1,2,7,8,-1,2,8,9,-1,10,11,12,-1,13,14,10,-1,10,14,15,-1,10,15,11,-1,9,16,2,-1,2,16,10,-1,2,10,17,-1,17,10,12,-1,
        ]
    }
}
Shape{
    appearance Appearance {
        material  Material 	{
            diffuseColor 0.0 0.0 0.0
            specularColor 0.0 0.0 0.0
            ambientIntensity 0.0
            transparency 0.0
            shininess 0.5
        }
    }
    geometry IndexedFaceSet {
        ccw TRUE
        solid FALSE
        coord DEF co Coordinate {
            point [
                2.004 0.6895 0.4554, 2.004 0.684 0.4403, 2.004 0.7343 0.4554, 2.004 0.7396 0.4403, 2.004 0.7094 0.5109, 2.004 0.703 0.5373, 2.004 0.6522 0.4038, 2.004 0.6712 0.4038, 2.004 0.7106 0.5148, 2.004 0.7116 0.5202, 2.004 0.7214 0.5373, 2.004 0.712 0.5202, 2.004 0.7131 0.5146, 2.004 0.7141 0.5109, 2.004 0.7723 0.4038, 2.004 0.7532 0.4038, 2.0 0.7214 0.5373, 2.0 0.7723 0.4038, 2.0 0.703 0.5373, 2.0 0.6522 0.4038, 2.0 0.6712 0.4038, 2.0 0.684 0.4403, 2.0 0.7396 0.4403, 2.0 0.7532 0.4038, 2.0 0.6895 0.4554, 2.0 0.7343 0.4554, 2.0 0.7141 0.5109, 2.0 0.712 0.5202, 2.0 0.7131 0.5146, 2.0 0.7116 0.5202, 2.0 0.7094 0.5109, 2.0 0.7106 0.5148
            ]
        }
        coordIndex [
            0,1,2,-1,2,1,3,-1,4,5,0,-1,0,5,6,-1,0,6,1,-1,1,6,7,-1,4,8,5,-1,5,8,9,-1,5,9,10,-1,10,9,11,-1,10,11,12,-1,12,13,10,-1,10,13,2,-1,10,2,14,-1,14,2,3,-1,14,3,15,-1,10,14,16,-1,16,14,17,-1,5,10,18,-1,18,10,16,-1,6,5,19,-1,19,5,18,-1,7,6,20,-1,20,6,19,-1,1,7,21,-1,21,7,20,-1,3,1,22,-1,22,1,21,-1,15,3,23,-1,23,3,22,-1,14,15,17,-1,17,15,23,-1,0,2,24,-1,24,2,25,-1,2,13,25,-1,25,13,26,-1,11,27,28,-1,11,28,12,-1,12,28,26,-1,12,26,13,-1,11,9,27,-1,27,9,29,-1,4,30,31,-1,4,31,8,-1,8,31,29,-1,8,29,9,-1,4,0,30,-1,30,0,24,-1,
        ]
    }
}
Shape{
    appearance Appearance {
        material  Material 	{
            diffuseColor 0.0 1.0 0.0
            specularColor 0.0 0.5019607843137255 0.0
            ambientIntensity 0.587
            transparency 0.0
            shininess 0.5
        }
    }
    geometry IndexedFaceSet {
        ccw TRUE
        solid FALSE
        coord DEF co Coordinate {
            point [
                2.0 0.712 0.5202, 2.0 0.7116 0.5202, 2.0 0.7131 0.5146, 2.0 0.7106 0.5148, 2.0 0.7141 0.5109, 2.0 0.7094 0.5109, 2.0 0.7343 0.4554, 2.0 0.6895 0.4554
            ]
        }
        coordIndex [
            0,1,2,-1,2,1,3,-1,2,3,4,-1,4,3,5,-1,4,5,6,-1,6,5,7,-1,
        ]
    }
}
Shape{
    appearance Appearance {
        material  Material 	{
            diffuseColor 0.0 0.0 0.0
            specularColor 0.0 0.0 0.0
            ambientIntensity 0.0
            transparency 0.0
            shininess 0.5
        }
    }
    geometry IndexedFaceSet {
        ccw TRUE
        solid FALSE
        coord DEF co Coordinate {
            point [
                2.004 -0.5449 0.6337, 2.004 -0.5238 0.6449, 2.004 -0.5287 0.7033, 2.004 -0.3616 0.3811, 2.004 -0.3504 0.4023, 2.004 -0.3448 0.4257, 2.004 -0.4695 0.706, 2.004 -0.4401 0.6368, 2.004 -0.4256 0.6668, 2.004 -0.4753 0.423, 2.004 -0.477 0.4319, 2.004 -0.5284 0.4688, 2.004 -0.5293 0.4053, 2.004 -0.5413 0.4088, 2.004 -0.5491 0.4816, 2.004 -0.4914 0.7079, 2.004 -0.2115 0.5153, 2.004 -0.2409 0.5656, 2.004 -0.3443 0.4451, 2.004 -0.368 0.4992, 2.004 -0.3443 0.4356, 2.004 -0.395 0.3517, 2.004 -0.3761 0.3649, 2.004 -0.4715 0.4151, 2.004 -0.5057 0.3675, 2.004 -0.5198 0.3849, 2.004 -0.1802 0.6092, 2.004 -0.1726 0.6092, 2.004 -0.1337 0.6605, 2.004 -0.1545 0.607, 2.004 -0.129 0.6589, 2.004 -0.1379 0.6006, 2.004 -0.1008 0.6449, 2.004 -0.075 0.6231, 2.004 -0.4501 0.7287, 2.004 -0.4043 0.6922, 2.004 -0.4278 0.7478, 2.004 -0.3789 0.7108, 2.004 -0.4033 0.7628, 2.004 -0.5003 0.6505, 2.004 -0.4904 0.651, 2.004 -0.4805 0.7073, 2.004 -0.4681 0.6482, 2.004 -0.4468 0.6404, 2.004 -0.41 0.4132, 2.004 -0.4152 0.4073, 2.004 -0.4224 0.4022, 2.004 -0.4162 0.3436, 2.004 -0.4306 0.3989, 2.004 -0.4392 0.3407, 2.004 -0.4401 0.3977, 2.004 -0.4428 0.3408, 2.004 -0.4417 0.3977, 2.004 -0.4652 0.3443, 2.004 -0.4503 0.3991, 2.004 -0.4871 0.3535, 2.004 -0.4588 0.4028, 2.004 -0.4661 0.4083, 2.004 -0.4056 0.4479, 2.004 -0.4034 0.4391, 2.004 -0.4034 0.4304, 2.004 -0.4056 0.4213, 2.004 -0.0748 0.446, 2.004 -0.119 0.4837, 2.004 -0.1006 0.4242, 2.004 -0.1331 0.4723, 2.004 -0.1296 0.41, 2.004 -0.1498 0.4645, 2.004 -0.1612 0.4034, 2.004 -0.1669 0.4612, 2.004 -0.2172 0.4034, 2.004 -0.2096 0.4612, 2.004 -0.2225 0.4042, 2.004 -0.4766 0.4412, 2.004 -0.4738 0.4501, 2.004 -0.5179 0.4892, 2.004 -0.4689 0.458, 2.004 -0.5022 0.5071, 2.004 -0.4651 0.4619, 2.004 -0.4828 0.5206, 2.004 -0.4577 0.4672, 2.004 -0.4619 0.5286, 2.004 -0.4494 0.4705, 2.004 -0.4392 0.5314, 2.004 -0.4401 0.4717, 2.004 -0.4277 0.5308, 2.004 -0.4322 0.4708, 2.004 -0.4048 0.5251, 2.004 -0.4234 0.4677, 2.004 -0.3846 0.5143, 2.004 -0.4158 0.4625, 2.004 -0.4097 0.4557, 2.004 -0.1232 0.5904, 2.004 -0.1123 0.5782, 2.004 -0.0557 0.5962, 2.004 -0.1035 0.5618, 2.004 -0.0441 0.5672, 2.004 -0.099 0.5436, 2.004 -0.0397 0.5362, 2.004 -0.0986 0.5352, 2.004 -0.0441 0.5023, 2.004 -0.1008 0.5167, 2.004 -0.056 0.4723, 2.004 -0.1074 0.4998, 2.004 -0.1178 0.485, 2.004 -0.1849 0.7354, 2.004 -0.2221 0.6918, 2.004 -0.1534 0.6989, 2.004 -0.2006 0.6663, 2.004 -0.186 0.6357, 2.004 -0.5825 0.5791, 2.004 -0.6448 0.5633, 2.004 -0.5853 0.5561, 2.004 -0.6451 0.5542, 2.004 -0.5842 0.5414, 2.004 -0.6405 0.517, 2.004 -0.5773 0.5182, 2.004 -0.6269 0.4817, 2.004 -0.5661 0.499, 2.004 -0.6052 0.4508, 2.004 -0.5756 0.4255, 2.004 -0.3595 0.7793, 2.004 -0.3479 0.7233, 2.004 -0.3139 0.7848, 2.004 -0.313 0.7278, 2.004 -0.2719 0.78, 2.004 -0.2808 0.7239, 2.004 -0.2245 0.7625, 2.004 -0.251 0.7125, 2.004 -0.2244 0.694, 2.004 -0.5639 0.6897, 2.004 -0.5941 0.6684, 2.004 -0.5612 0.6192, 2.004 -0.6005 0.6624, 2.004 -0.5743 0.6003, 2.004 -0.6233 0.6331, 2.004 -0.6384 0.599, 2.004 -0.2143 0.4621, 2.004 -0.2371 0.4133, 2.004 -0.2349 0.4111, 2.004 -0.2115 0.4615, 2.004 -0.2288 0.4067, 2.004 -0.2447 0.4328, 2.004 -0.2438 0.4257, 2.004 -0.2413 0.4193, 2.004 -0.2226 0.4612, 2.004 -0.2291 0.4587, 2.004 -0.2444 0.4365, 2.004 -0.235 0.4545, 2.004 -0.2389 0.4502, 2.004 -0.2425 0.4437, 2.004 -0.2153 0.4622, 2.0 -0.0688 0.6144, 2.0 -0.0557 0.5962, 2.0 -0.0473 0.5753, 2.0 -0.0441 0.5672, 2.0 -0.0397 0.5362, 2.0 -0.075 0.6231, 2.0 -0.1008 0.6449, 2.0 -0.129 0.6589, 2.0 -0.1337 0.6605, 2.0 -0.1534 0.6989, 2.0 -0.1849 0.7354, 2.0 -0.2064 0.7501, 2.0 -0.2245 0.7625, 2.0 -0.2719 0.78, 2.0 -0.3139 0.7848, 2.0 -0.3595 0.7793, 2.0 -0.4033 0.7628, 2.0 -0.424 0.7501, 2.0 -0.4278 0.7478, 2.0 -0.4501 0.7287, 2.0 -0.4695 0.706, 2.0 -0.4805 0.7073, 2.0 -0.4914 0.7079, 2.0 -0.5287 0.7033, 2.0 -0.5639 0.6897, 2.0 -0.5941 0.6684, 2.0 -0.6005 0.6624, 2.0 -0.6451 0.5542, 2.0 -0.6233 0.6331, 2.0 -0.6316 0.6144, 2.0 -0.6384 0.599, 2.0 -0.6427 0.5753, 2.0 -0.6448 0.5633, 2.0 -0.6405 0.517, 2.0 -0.6269 0.4817, 2.0 -0.6052 0.4508, 2.0 -0.5756 0.4255, 2.0 -0.5413 0.4088, 2.0 -0.5293 0.4053, 2.0 -0.5281 0.4027, 2.0 -0.5198 0.3849, 2.0 -0.5057 0.3675, 2.0 -0.4871 0.3535, 2.0 -0.4784 0.3498, 2.0 -0.4652 0.3443, 2.0 -0.4428 0.3408, 2.0 -0.4392 0.3407, 2.0 -0.3443 0.4356, 2.0 -0.4162 0.3436, 2.0 -0.3999 0.3498, 2.0 -0.395 0.3517, 2.0 -0.3761 0.3649, 2.0 -0.3616 0.3811, 2.0 -0.3504 0.4023, 2.0 -0.3503 0.4027, 2.0 -0.3448 0.4257, 2.0 -0.3443 0.4451, 2.0 -0.2115 0.5153, 2.0 -0.2409 0.5656, 2.0 -0.368 0.4992, 2.0 -0.3846 0.5143, 2.0 -0.4048 0.5251, 2.0 -0.4277 0.5308, 2.0 -0.4392 0.5314, 2.0 -0.4619 0.5286, 2.0 -0.4828 0.5206, 2.0 -0.5022 0.5071, 2.0 -0.5179 0.4892, 2.0 -0.5284 0.4688, 2.0 -0.5491 0.4816, 2.0 -0.5661 0.499, 2.0 -0.5773 0.5182, 2.0 -0.5842 0.5414, 2.0 -0.5853 0.5561, 2.0 -0.5829 0.5753, 2.0 -0.5825 0.5791, 2.0 -0.5743 0.6003, 2.0 -0.5645 0.6144, 2.0 -0.5612 0.6192, 2.0 -0.5449 0.6337, 2.0 -0.5238 0.6449, 2.0 -0.5003 0.6505, 2.0 -0.4904 0.651, 2.0 -0.4681 0.6482, 2.0 -0.4468 0.6404, 2.0 -0.4401 0.6368, 2.0 -0.4256 0.6668, 2.0 -0.4043 0.6922, 2.0 -0.3789 0.7108, 2.0 -0.3479 0.7233, 2.0 -0.313 0.7278, 2.0 -0.2808 0.7239, 2.0 -0.251 0.7125, 2.0 -0.2244 0.694, 2.0 -0.2221 0.6918, 2.0 -0.2006 0.6663, 2.0 -0.186 0.6357, 2.0 -0.1813 0.6144, 2.0 -0.1802 0.6092, 2.0 -0.1726 0.6092, 2.0 -0.1545 0.607, 2.0 -0.1379 0.6006, 2.0 -0.1232 0.5904, 2.0 -0.1123 0.5782, 2.0 -0.1108 0.5753, 2.0 -0.1035 0.5618, 2.0 -0.099 0.5436, 2.0 -0.0986 0.5352, 2.0 -0.1008 0.5167, 2.0 -0.1074 0.4998, 2.0 -0.1178 0.485, 2.0 -0.119 0.4837, 2.0 -0.1331 0.4723, 2.0 -0.1498 0.4645, 2.0 -0.1669 0.4612, 2.0 -0.2096 0.4612, 2.0 -0.2115 0.4615, 2.0 -0.2143 0.4621, 2.0 -0.2153 0.4622, 2.0 -0.2226 0.4612, 2.0 -0.2291 0.4587, 2.0 -0.235 0.4545, 2.0 -0.2389 0.4502, 2.0 -0.2425 0.4437, 2.0 -0.2444 0.4365, 2.0 -0.2447 0.4328, 2.0 -0.2438 0.4257, 2.0 -0.2413 0.4193, 2.0 -0.2371 0.4133, 2.0 -0.2349 0.4111, 2.0 -0.2288 0.4067, 2.0 -0.2225 0.4042, 2.0 -0.2172 0.4034, 2.0 -0.1612 0.4034, 2.0 -0.1296 0.41, 2.0 -0.1006 0.4242, 2.0 -0.0748 0.446, 2.0 -0.056 0.4723, 2.0 -0.0441 0.5023, 2.0 -0.4401 0.4717, 2.0 -0.4322 0.4708, 2.0 -0.4234 0.4677, 2.0 -0.4158 0.4625, 2.0 -0.4097 0.4557, 2.0 -0.4056 0.4479, 2.0 -0.4034 0.4391, 2.0 -0.4034 0.4304, 2.0 -0.4056 0.4213, 2.0 -0.41 0.4132, 2.0 -0.4152 0.4073, 2.0 -0.4224 0.4022, 2.0 -0.4306 0.3989, 2.0 -0.4401 0.3977, 2.0 -0.4417 0.3977, 2.0 -0.4503 0.3991, 2.0 -0.4588 0.4028, 2.0 -0.4661 0.4083, 2.0 -0.4715 0.4151, 2.0 -0.4753 0.423, 2.0 -0.477 0.4319, 2.0 -0.4766 0.4412, 2.0 -0.4738 0.4501, 2.0 -0.4689 0.458, 2.0 -0.4651 0.4619, 2.0 -0.4577 0.4672, 2.0 -0.4494 0.4705
            ]
        }
        coordIndex [
            0,1,2,-1,3,4,5,-1,6,7,8,-1,9,10,11,-1,12,11,13,-1,13,11,14,-1,2,1,15,-1,16,17,18,-1,18,17,19,-1,18,19,20,-1,20,19,21,-1,20,21,5,-1,5,21,22,-1,5,22,3,-1,23,9,24,-1,24,9,11,-1,24,11,25,-1,25,11,12,-1,26,27,28,-1,28,27,29,-1,28,29,30,-1,30,29,31,-1,30,31,32,-1,32,31,33,-1,6,8,34,-1,34,8,35,-1,34,35,36,-1,36,35,37,-1,36,37,38,-1,1,39,15,-1,15,39,40,-1,15,40,41,-1,41,40,42,-1,41,42,6,-1,6,42,43,-1,6,43,7,-1,44,45,21,-1,21,45,46,-1,21,46,47,-1,47,46,48,-1,47,48,49,-1,49,48,50,-1,49,50,51,-1,51,50,52,-1,51,52,53,-1,53,52,54,-1,53,54,55,-1,55,54,56,-1,55,56,24,-1,24,56,57,-1,24,57,23,-1,58,59,19,-1,19,59,60,-1,19,60,21,-1,21,60,61,-1,21,61,44,-1,62,63,64,-1,64,63,65,-1,64,65,66,-1,66,65,67,-1,66,67,68,-1,68,67,69,-1,68,69,70,-1,70,69,71,-1,70,71,72,-1,10,73,11,-1,11,73,74,-1,11,74,75,-1,75,74,76,-1,75,76,77,-1,77,76,78,-1,77,78,79,-1,79,78,80,-1,79,80,81,-1,81,80,82,-1,81,82,83,-1,83,82,84,-1,83,84,85,-1,85,84,86,-1,85,86,87,-1,87,86,88,-1,87,88,89,-1,89,88,90,-1,89,90,19,-1,19,90,91,-1,19,91,58,-1,31,92,33,-1,33,92,93,-1,33,93,94,-1,94,93,95,-1,94,95,96,-1,96,95,97,-1,96,97,98,-1,98,97,99,-1,98,99,100,-1,100,99,101,-1,100,101,102,-1,102,101,103,-1,102,103,62,-1,62,103,104,-1,62,104,63,-1,105,106,107,-1,107,106,108,-1,107,108,28,-1,28,108,109,-1,28,109,26,-1,110,111,112,-1,112,111,113,-1,112,113,114,-1,114,113,115,-1,114,115,116,-1,116,115,117,-1,116,117,118,-1,118,117,119,-1,118,119,14,-1,14,119,120,-1,14,120,13,-1,38,37,121,-1,121,37,122,-1,121,122,123,-1,123,122,124,-1,123,124,125,-1,125,124,126,-1,125,126,127,-1,127,126,128,-1,127,128,105,-1,105,128,129,-1,105,129,106,-1,2,130,0,-1,0,130,131,-1,0,131,132,-1,132,131,133,-1,132,133,134,-1,134,133,135,-1,134,135,110,-1,110,135,136,-1,110,136,111,-1,137,138,139,-1,71,140,72,-1,72,140,137,-1,72,137,141,-1,141,137,139,-1,142,143,137,-1,137,143,144,-1,137,144,138,-1,145,146,147,-1,146,148,147,-1,147,148,149,-1,147,149,150,-1,142,137,147,-1,147,137,151,-1,147,151,145,-1,152,33,153,-1,153,33,94,-1,153,94,154,-1,154,94,96,-1,154,96,155,-1,155,96,98,-1,155,98,156,-1,152,157,33,-1,33,157,158,-1,33,158,32,-1,32,158,159,-1,32,159,30,-1,30,159,160,-1,30,160,28,-1,28,160,161,-1,28,161,107,-1,107,161,162,-1,107,162,105,-1,127,105,163,-1,163,105,162,-1,163,164,127,-1,127,164,165,-1,127,165,125,-1,125,165,166,-1,125,166,123,-1,123,166,167,-1,123,167,121,-1,121,167,168,-1,121,168,38,-1,38,168,36,-1,36,168,169,-1,36,169,170,-1,36,170,171,-1,36,171,34,-1,34,171,172,-1,34,172,6,-1,6,172,173,-1,6,173,41,-1,41,173,174,-1,41,174,15,-1,15,174,175,-1,15,175,2,-1,2,175,176,-1,2,176,130,-1,130,176,177,-1,130,177,131,-1,131,177,178,-1,131,178,133,-1,179,113,111,-1,133,178,180,-1,133,180,135,-1,135,180,181,-1,135,181,136,-1,181,182,136,-1,136,182,183,-1,136,183,111,-1,111,183,184,-1,111,184,179,-1,113,179,185,-1,113,185,115,-1,115,185,186,-1,115,186,117,-1,117,186,187,-1,117,187,119,-1,119,187,188,-1,119,188,120,-1,120,188,189,-1,120,189,13,-1,13,189,190,-1,13,190,12,-1,12,190,191,-1,12,191,25,-1,191,192,25,-1,25,192,193,-1,25,193,24,-1,24,193,194,-1,24,194,55,-1,55,194,195,-1,55,195,53,-1,195,196,53,-1,53,196,197,-1,53,197,51,-1,51,197,198,-1,51,198,49,-1,199,20,5,-1,49,198,200,-1,201,21,200,-1,200,21,47,-1,200,47,49,-1,201,202,21,-1,21,202,203,-1,21,203,22,-1,22,203,204,-1,22,204,3,-1,3,204,205,-1,3,205,4,-1,4,205,206,-1,4,206,5,-1,5,206,207,-1,5,207,199,-1,18,20,208,-1,208,20,199,-1,16,18,209,-1,209,18,208,-1,17,16,210,-1,210,16,209,-1,19,17,211,-1,211,17,210,-1,19,211,212,-1,19,212,89,-1,89,212,213,-1,89,213,87,-1,87,213,214,-1,87,214,85,-1,85,214,215,-1,85,215,83,-1,83,215,216,-1,83,216,81,-1,81,216,217,-1,81,217,79,-1,79,217,218,-1,79,218,77,-1,77,218,219,-1,77,219,75,-1,75,219,220,-1,75,220,11,-1,11,220,221,-1,11,221,14,-1,14,221,222,-1,14,222,118,-1,118,222,223,-1,118,223,116,-1,116,223,224,-1,116,224,114,-1,114,224,225,-1,114,225,112,-1,110,112,225,-1,225,226,110,-1,110,226,227,-1,110,227,228,-1,229,132,228,-1,228,132,134,-1,228,134,110,-1,229,230,132,-1,132,230,231,-1,132,231,0,-1,0,231,232,-1,0,232,1,-1,1,232,233,-1,1,233,39,-1,39,233,234,-1,39,234,40,-1,40,234,235,-1,40,235,42,-1,42,235,236,-1,42,236,43,-1,43,236,237,-1,43,237,7,-1,7,237,238,-1,7,238,8,-1,8,238,239,-1,8,239,35,-1,35,239,240,-1,35,240,37,-1,37,240,241,-1,37,241,122,-1,122,241,242,-1,122,242,124,-1,124,242,243,-1,124,243,126,-1,126,243,244,-1,126,244,128,-1,128,244,245,-1,128,245,129,-1,129,245,246,-1,129,246,106,-1,106,246,247,-1,106,247,108,-1,108,247,248,-1,108,248,109,-1,109,248,26,-1,26,248,249,-1,26,249,250,-1,27,26,251,-1,251,26,250,-1,27,251,252,-1,27,252,29,-1,29,252,253,-1,29,253,31,-1,31,253,254,-1,31,254,92,-1,92,254,255,-1,92,255,93,-1,93,255,256,-1,93,256,95,-1,256,257,95,-1,95,257,258,-1,95,258,97,-1,97,258,259,-1,97,259,99,-1,99,259,260,-1,99,260,101,-1,101,260,261,-1,101,261,103,-1,103,261,262,-1,103,262,104,-1,104,262,263,-1,104,263,63,-1,63,263,264,-1,63,264,65,-1,65,264,265,-1,65,265,67,-1,67,265,266,-1,67,266,69,-1,71,69,267,-1,267,69,266,-1,71,267,268,-1,71,268,140,-1,140,268,269,-1,140,269,137,-1,137,269,270,-1,137,270,151,-1,151,270,271,-1,151,271,145,-1,145,271,272,-1,145,272,146,-1,146,272,273,-1,146,273,148,-1,148,273,274,-1,148,274,149,-1,149,274,275,-1,149,275,150,-1,150,275,276,-1,150,276,147,-1,147,276,277,-1,147,277,142,-1,142,277,278,-1,142,278,143,-1,143,278,279,-1,143,279,144,-1,144,279,280,-1,144,280,138,-1,138,280,281,-1,138,281,139,-1,139,281,282,-1,139,282,141,-1,141,282,283,-1,141,283,72,-1,72,283,284,-1,72,284,70,-1,68,70,285,-1,285,70,284,-1,68,285,286,-1,68,286,66,-1,66,286,287,-1,66,287,64,-1,64,287,288,-1,64,288,62,-1,62,288,289,-1,62,289,102,-1,102,289,290,-1,102,290,100,-1,100,290,156,-1,100,156,98,-1,84,291,292,-1,84,292,86,-1,86,292,293,-1,86,293,88,-1,88,293,294,-1,88,294,90,-1,90,294,295,-1,90,295,91,-1,91,295,296,-1,91,296,58,-1,58,296,297,-1,58,297,59,-1,59,297,298,-1,59,298,60,-1,60,298,299,-1,60,299,61,-1,61,299,300,-1,61,300,44,-1,44,300,301,-1,44,301,45,-1,45,301,302,-1,45,302,46,-1,46,302,303,-1,46,303,48,-1,48,303,304,-1,48,304,50,-1,50,304,305,-1,50,305,52,-1,52,305,306,-1,52,306,54,-1,54,306,307,-1,54,307,56,-1,56,307,308,-1,56,308,57,-1,57,308,309,-1,57,309,23,-1,23,309,310,-1,23,310,9,-1,9,310,311,-1,9,311,10,-1,10,311,312,-1,10,312,73,-1,73,312,313,-1,73,313,74,-1,74,313,314,-1,74,314,76,-1,76,314,315,-1,76,315,78,-1,78,315,316,-1,78,316,80,-1,80,316,317,-1,80,317,82,-1,82,317,291,-1,82,291,84,-1,
        ]
    }
}
Shape{
    appearance Appearance {
        material  Material 	{
            diffuseColor 0.0 1.0 0.0
            specularColor 0.0 0.5019607843137255 0.0
            ambientIntensity 0.587
            transparency 0.0
            shininess 0.5
        }
    }
    geometry IndexedFaceSet {
        ccw TRUE
        solid FALSE
        coord DEF co Coordinate {
            point [
                2.0 -0.4417 0.3977, 2.0 -0.4651 0.4619, 2.0 -0.4689 0.458, 2.0 -0.4306 0.3989, 2.0 -0.4224 0.4022, 2.0 -0.4322 0.4708, 2.0 -0.4401 0.4717, 2.0 -0.4494 0.4705, 2.0 -0.4577 0.4672, 2.0 -0.4753 0.423, 2.0 -0.4715 0.4151, 2.0 -0.4661 0.4083, 2.0 -0.4401 0.3977, 2.0 -0.4738 0.4501, 2.0 -0.4766 0.4412, 2.0 -0.477 0.4319, 2.0 -0.4588 0.4028, 2.0 -0.4503 0.3991, 2.0 -0.4152 0.4073, 2.0 -0.41 0.4132, 2.0 -0.4056 0.4213, 2.0 -0.4034 0.4304, 2.0 -0.4034 0.4391, 2.0 -0.4056 0.4479, 2.0 -0.4097 0.4557, 2.0 -0.4158 0.4625, 2.0 -0.4234 0.4677
            ]
        }
        coordIndex [
            0,1,2,-1,3,4,5,-1,6,7,0,-1,0,7,8,-1,0,8,1,-1,9,10,2,-1,2,10,11,-1,6,0,5,-1,5,0,12,-1,5,12,3,-1,13,14,2,-1,2,14,15,-1,2,15,9,-1,11,16,2,-1,2,16,17,-1,2,17,0,-1,4,18,5,-1,5,18,19,-1,5,19,20,-1,20,21,5,-1,5,21,22,-1,5,22,23,-1,23,24,5,-1,5,24,25,-1,5,25,26,-1,
        ]
    }
}
Shape{
    appearance Appearance {
        material  Material 	{
            diffuseColor 0.7529411764705882 0.7529411764705882 0.7529411764705882
            specularColor 0.3764705882352941 0.3764705882352941 0.3764705882352941
            ambientIntensity 0.7529
            transparency 0.0
            shininess 0.5
        }
    }
    geometry IndexedFaceSet {
        ccw TRUE
        solid FALSE
        coord DEF co Coordinate {
            point [
                -1.4921 -0.1575 2.3126, -1.4921 -0.1575 1.3386, -1.4921 -1.1418 2.3126, -1.4921 -1.1418 1.3386, -0.5078 -0.1575 2.3126, -0.5078 -1.1418 2.3126, -0.5078 -0.1575 1.3386, -0.5078 -1.1418 1.3386, -0.6063 -0.1575 2.2141, -0.6063 -0.1575 1.437, -1.3937 -0.1575 1.437, -1.3937 -0.1575 2.2141, -0.6063 -1.1418 2.2141, -1.3937 -1.1418 2.2141, -1.3937 -1.1418 1.437, -0.6063 -1.1418 1.437, 0.5079 -0.1575 2.3126, 0.5079 -0.1575 1.3386, 0.5079 -1.1418 2.3126, 0.5079 -1.1418 1.3386, 1.4922 -0.1575 2.3126, 1.4922 -1.1418 2.3126, 1.4922 -0.1575 1.3386, 1.4922 -1.1418 1.3386, 1.3937 -0.1575 2.2141, 1.3937 -0.1575 1.437, 0.6063 -0.1575 1.437, 0.6063 -0.1575 2.2141, 1.3937 -1.1418 2.2141, 0.6063 -1.1418 2.2141, 0.6063 -1.1418 1.437, 1.3937 -1.1418 1.437
            ]
        }
        coordIndex [
            0,1,2,-1,2,1,3,-1,4,0,5,-1,5,0,2,-1,6,4,7,-1,7,4,5,-1,1,6,3,-1,3,6,7,-1,8,4,9,-1,9,4,6,-1,9,6,10,-1,10,6,1,-1,10,1,11,-1,11,1,0,-1,11,0,8,-1,8,0,4,-1,12,5,13,-1,13,5,2,-1,13,2,14,-1,14,2,3,-1,14,3,15,-1,15,3,7,-1,15,7,12,-1,12,7,5,-1,10,11,14,-1,14,11,13,-1,11,8,13,-1,13,8,12,-1,8,9,12,-1,12,9,15,-1,9,10,15,-1,15,10,14,-1,16,17,18,-1,18,17,19,-1,20,16,21,-1,21,16,18,-1,22,20,23,-1,23,20,21,-1,17,22,19,-1,19,22,23,-1,24,20,25,-1,25,20,22,-1,25,22,26,-1,26,22,17,-1,26,17,27,-1,27,17,16,-1,27,16,24,-1,24,16,20,-1,28,21,29,-1,29,21,18,-1,29,18,30,-1,30,18,19,-1,30,19,31,-1,31,19,23,-1,31,23,28,-1,28,23,21,-1,26,27,30,-1,30,27,29,-1,27,24,29,-1,29,24,28,-1,24,25,28,-1,28,25,31,-1,25,26,31,-1,31,26,30,-1,
        ]
    }
}