#VRML V2.0 utf8
# 3D model generated by easyeda2kicad.py (https://github.com/uPesy/easyeda2kicad.py)

Shape{
    appearance Appearance {
        material  Material 	{
            diffuseColor 0.9686274509803922 0.8784313725490196 0.6
            specularColor 0.6784313725490196 0.615686274509804 0.4196078431372549
            ambientIntensity 0.8737
            transparency 0.0
            shininess 0.5
        }
    }
    geometry IndexedFaceSet {
        ccw TRUE
        solid FALSE
        coord DEF co Coordinate {
            point [
                -0.374 0.1575 0.0039, -0.374 0.1575 0.0, -0.3937 0.1575 0.0039, -0.3937 0.1575 0.0, -0.3937 0.1023 0.0039, -0.3937 0.0984 0.0, -0.3937 0.1023 0.1063, -0.3937 0.0984 0.1102, -0.3937 0.1575 0.1063, -0.3937 0.1575 0.1102, -0.3937 -0.1575 0.0, -0.374 -0.1575 0.0, -0.3937 -0.1575 0.0039, -0.374 -0.1575 0.0039, -0.3937 -0.1575 0.1063, -0.3937 -0.1575 0.1102, -0.3937 -0.1024 0.1063, -0.3937 -0.0984 0.1102, -0.3937 -0.1024 0.0039, -0.3937 -0.0984 0.0, -0.2087 -0.2264 0.0, -0.2087 -0.2264 0.0039, -0.374 -0.2264 0.0, -0.374 -0.2264 0.0039, -0.2087 0.2264 0.0, -0.2087 0.2264 0.0039, -0.374 0.2264 0.0, -0.374 0.2264 0.0039, -0.3051 -0.0512 0.0039, -0.3137 -0.0638 0.0039, -0.3241 -0.0751 0.0039, -0.336 -0.0846 0.0039, -0.3493 -0.0922 0.0039, -0.3635 0.0978 0.0039, -0.3493 0.0922 0.0039, -0.336 0.0846 0.0039, -0.3784 -0.1012 0.0039, -0.3635 -0.0978 0.0039, -0.3051 0.0512 0.0039, -0.2984 0.0374 0.0039, -0.2939 0.0228 0.0039, -0.2916 0.0076 0.0039, -0.2916 -0.0077 0.0039, -0.2939 -0.0228 0.0039, -0.3784 0.1012 0.0039, -0.3241 0.075 0.0039, -0.3137 0.0638 0.0039, -0.2984 -0.0374 0.0039, -0.3001 0.0304 0.0, -0.306 0.0447 0.0, -0.3141 0.0578 0.0, -0.3241 0.0696 0.0, -0.3358 0.0796 0.0, -0.349 0.0877 0.0, -0.3783 -0.0972 0.0, -0.3633 -0.0936 0.0, -0.349 -0.0877 0.0, -0.3358 -0.0796 0.0, -0.3241 -0.0696 0.0, -0.3783 0.0972 0.0, -0.3633 0.0936 0.0, -0.3001 -0.0304 0.0, -0.306 -0.0447 0.0, -0.3141 -0.0579 0.0, -0.2965 -0.0154 0.0, -0.2953 -0.0 0.0, -0.2965 0.0154 0.0, -0.3747 -0.1564 0.1063, -0.3784 -0.1012 0.1063, -0.356 -0.1529 0.1063, -0.3635 -0.0978 0.1063, -0.3379 -0.1473 0.1063, -0.3493 -0.0922 0.1063, -0.3051 -0.0512 0.1063, -0.2641 -0.0895 0.1063, -0.3137 -0.0638 0.1063, -0.2758 -0.1044 0.1063, -0.3241 -0.0751 0.1063, -0.2893 -0.1179 0.1063, -0.336 -0.0846 0.1063, -0.3042 -0.1296 0.1063, -0.3205 -0.1395 0.1063, -0.2916 0.0076 0.1063, -0.2362 -0.0 0.1063, -0.2916 -0.0077 0.1063, -0.2374 -0.019 0.1063, -0.2939 -0.0228 0.1063, -0.2408 -0.0377 0.1063, -0.2984 -0.0374 0.1063, -0.2465 -0.0559 0.1063, -0.2543 -0.0732 0.1063, -0.3137 0.0638 0.1063, -0.2641 0.0894 0.1063, -0.3051 0.0512 0.1063, -0.2543 0.0732 0.1063, -0.2984 0.0374 0.1063, -0.2465 0.0558 0.1063, -0.2939 0.0228 0.1063, -0.2408 0.0377 0.1063, -0.2374 0.019 0.1063, -0.3635 0.0978 0.1063, -0.3379 0.1472 0.1063, -0.3493 0.0922 0.1063, -0.3205 0.1394 0.1063, -0.336 0.0846 0.1063, -0.3042 0.1296 0.1063, -0.3241 0.075 0.1063, -0.2893 0.1179 0.1063, -0.2758 0.1044 0.1063, -0.3784 0.1012 0.1063, -0.3747 0.1563 0.1063, -0.356 0.1529 0.1063, -0.3783 0.0972 0.1102, -0.3633 0.0936 0.1102, -0.349 0.0877 0.1102, -0.3358 0.0796 0.1102, -0.3241 0.0696 0.1102, -0.3141 0.0578 0.1102, -0.306 0.0447 0.1102, -0.3001 0.0304 0.1102, -0.2965 0.0154 0.1102, -0.2953 -0.0 0.1102, -0.2965 -0.0154 0.1102, -0.3001 -0.0304 0.1102, -0.306 -0.0447 0.1102, -0.3141 -0.0579 0.1102, -0.3241 -0.0696 0.1102, -0.3358 -0.0796 0.1102, -0.349 -0.0877 0.1102, -0.3633 -0.0936 0.1102, -0.3783 -0.0972 0.1102, -0.3747 -0.1564 0.1102, -0.356 -0.1529 0.1102, -0.3379 -0.1473 0.1102, -0.3205 -0.1395 0.1102, -0.3747 0.1563 0.1102, -0.356 0.1529 0.1102, -0.2408 0.0377 0.1102, -0.2465 0.0558 0.1102, -0.2543 0.0732 0.1102, -0.2641 0.0894 0.1102, -0.2758 0.1044 0.1102, -0.2893 0.1179 0.1102, -0.3042 0.1296 0.1102, -0.3205 0.1394 0.1102, -0.3379 0.1472 0.1102, -0.3042 -0.1296 0.1102, -0.2893 -0.1179 0.1102, -0.2758 -0.1044 0.1102, -0.2641 -0.0895 0.1102, -0.2543 -0.0732 0.1102, -0.2465 -0.0559 0.1102, -0.2408 -0.0377 0.1102, -0.2374 -0.019 0.1102, -0.2362 -0.0 0.1102, -0.2374 0.019 0.1102, 0.3937 -0.1575 0.0039, 0.3937 -0.1575 0.0, 0.3937 -0.1024 0.0039, 0.3937 -0.0984 0.0, 0.3937 -0.1024 0.1063, 0.3937 -0.0984 0.1102, 0.3937 -0.2461 0.1063, 0.3937 -0.2461 0.1102, 0.3937 0.246 0.1063, 0.3937 0.246 0.1102, 0.3937 0.1023 0.1063, 0.3937 0.0984 0.1102, 0.3937 0.1023 0.0039, 0.3937 0.0984 0.0, 0.3937 0.1575 0.0039, 0.3937 0.1575 0.0, 0.374 0.1575 0.0, 0.374 0.1575 0.0039, 0.374 -0.1575 0.0039, 0.374 -0.1575 0.0, 0.3445 -0.2461 0.1063, 0.3445 -0.2461 0.1102, 0.3445 0.246 0.1102, 0.3445 0.246 0.1063, 0.3783 -0.0972 0.1102, 0.3783 -0.0972 0.0, 0.3633 -0.0936 0.1102, 0.3633 -0.0936 0.0, 0.349 -0.0877 0.1102, 0.349 -0.0877 0.0, 0.3358 -0.0796 0.1102, 0.3358 -0.0796 0.0, 0.3241 -0.0696 0.1102, 0.3241 -0.0696 0.0, 0.3141 -0.0579 0.1102, 0.3141 -0.0579 0.0, 0.306 -0.0447 0.1102, 0.306 -0.0447 0.0, 0.3001 -0.0304 0.1102, 0.3001 -0.0304 0.0, 0.2965 -0.0154 0.1102, 0.2965 -0.0154 0.0, 0.2953 -0.0 0.1102, 0.2953 -0.0 0.0, 0.2965 0.0154 0.1102, 0.2965 0.0154 0.0, 0.3001 0.0304 0.1102, 0.3001 0.0304 0.0, 0.306 0.0447 0.1102, 0.306 0.0447 0.0, 0.3141 0.0578 0.1102, 0.3141 0.0578 0.0, 0.3241 0.0696 0.1102, 0.3241 0.0696 0.0, 0.3358 0.0796 0.1102, 0.3358 0.0796 0.0, 0.349 0.0877 0.1102, 0.349 0.0877 0.0, 0.3633 0.0936 0.1102, 0.3633 0.0936 0.0, 0.3783 0.0972 0.1102, 0.3783 0.0972 0.0, 0.2087 0.2264 0.0, 0.374 0.2264 0.0, 0.2087 -0.2264 0.0, 0.374 -0.2264 0.0, 0.3025 -0.0465 0.0039, 0.2963 -0.0317 0.0039, 0.2087 -0.2264 0.0039, 0.3109 0.0601 0.0039, 0.3213 0.0724 0.0039, 0.3335 0.0828 0.0039, 0.3472 0.0912 0.0039, 0.3777 0.1011 0.0039, 0.3621 0.0973 0.0039, 0.374 -0.2264 0.0039, 0.3109 -0.0602 0.0039, 0.3777 -0.1011 0.0039, 0.3621 -0.0974 0.0039, 0.3472 -0.0912 0.0039, 0.3335 -0.0828 0.0039, 0.3213 -0.0724 0.0039, 0.2926 -0.016 0.0039, 0.2913 -0.0 0.0039, 0.2087 0.2264 0.0039, 0.2926 0.016 0.0039, 0.2963 0.0316 0.0039, 0.374 0.2264 0.0039, 0.3025 0.0465 0.0039, 0.3445 0.1496 0.1102, 0.3445 -0.1496 0.1102, 0.3262 -0.1423 0.1102, 0.3089 -0.1327 0.1102, 0.293 -0.1211 0.1102, 0.2411 -0.0391 0.1102, 0.2472 -0.0578 0.1102, 0.2556 -0.0757 0.1102, 0.2661 -0.0924 0.1102, 0.2787 -0.1076 0.1102, 0.2411 0.039 0.1102, 0.2375 0.0197 0.1102, 0.2362 -0.0 0.1102, 0.2375 -0.0197 0.1102, 0.293 0.1211 0.1102, 0.2787 0.1075 0.1102, 0.2661 0.0923 0.1102, 0.2556 0.0756 0.1102, 0.2472 0.0578 0.1102, 0.3262 0.1423 0.1102, 0.3089 0.1327 0.1102, 0.3445 0.1496 0.1063, 0.3445 -0.1496 0.1063, 0.3777 -0.1011 0.1063, 0.3777 0.1011 0.1063, 0.3621 0.0973 0.1063, 0.3262 0.1423 0.1063, 0.3472 0.0912 0.1063, 0.3089 0.1327 0.1063, 0.3335 0.0828 0.1063, 0.293 0.1211 0.1063, 0.3213 0.0724 0.1063, 0.2926 0.016 0.1063, 0.2411 0.039 0.1063, 0.2963 0.0316 0.1063, 0.2472 0.0578 0.1063, 0.3025 0.0465 0.1063, 0.2556 0.0756 0.1063, 0.3109 0.0601 0.1063, 0.2661 0.0923 0.1063, 0.2787 0.1075 0.1063, 0.3335 -0.0828 0.1063, 0.3472 -0.0912 0.1063, 0.3262 -0.1423 0.1063, 0.2963 -0.0317 0.1063, 0.2411 -0.0391 0.1063, 0.2926 -0.016 0.1063, 0.2375 -0.0197 0.1063, 0.2913 -0.0 0.1063, 0.2362 -0.0 0.1063, 0.2375 0.0197 0.1063, 0.3621 -0.0974 0.1063, 0.3089 -0.1327 0.1063, 0.293 -0.1211 0.1063, 0.3213 -0.0724 0.1063, 0.2787 -0.1076 0.1063, 0.3109 -0.0602 0.1063, 0.2661 -0.0924 0.1063, 0.3025 -0.0465 0.1063, 0.2556 -0.0757 0.1063, 0.2472 -0.0578 0.1063
            ]
        }
        coordIndex [
            0,1,2,-1,2,1,3,-1,2,3,4,-1,4,3,5,-1,4,5,6,-1,6,5,7,-1,6,7,8,-1,8,7,9,-1,10,11,12,-1,12,11,13,-1,14,15,16,-1,16,15,17,-1,16,17,18,-1,18,17,19,-1,18,19,12,-1,12,19,10,-1,20,21,22,-1,22,21,23,-1,24,25,20,-1,20,25,21,-1,26,27,24,-1,24,27,25,-1,1,0,26,-1,26,0,27,-1,13,28,29,-1,29,30,13,-1,13,30,31,-1,13,31,32,-1,33,34,0,-1,0,34,35,-1,18,12,36,-1,36,12,13,-1,36,13,37,-1,37,13,32,-1,27,0,25,-1,25,0,38,-1,25,38,39,-1,39,40,25,-1,25,40,41,-1,25,41,21,-1,21,41,42,-1,21,42,43,-1,2,4,0,-1,0,4,44,-1,0,44,33,-1,35,45,0,-1,0,45,46,-1,0,46,38,-1,13,23,28,-1,28,23,21,-1,28,21,47,-1,47,21,43,-1,22,23,11,-1,11,23,13,-1,24,48,49,-1,50,51,1,-1,1,51,52,-1,1,52,53,-1,20,22,11,-1,50,1,49,-1,49,1,26,-1,49,26,24,-1,10,19,11,-1,11,19,54,-1,11,54,55,-1,55,56,11,-1,11,56,57,-1,11,57,58,-1,5,3,59,-1,59,3,1,-1,59,1,60,-1,60,1,53,-1,61,20,62,-1,62,20,11,-1,62,11,63,-1,63,11,58,-1,61,64,20,-1,20,64,65,-1,20,65,24,-1,24,65,66,-1,24,66,48,-1,14,16,67,-1,67,16,68,-1,67,68,69,-1,69,68,70,-1,69,70,71,-1,71,70,72,-1,73,74,75,-1,75,74,76,-1,75,76,77,-1,77,76,78,-1,77,78,79,-1,79,78,80,-1,79,80,72,-1,72,80,81,-1,72,81,71,-1,82,83,84,-1,84,83,85,-1,84,85,86,-1,86,85,87,-1,86,87,88,-1,88,87,89,-1,88,89,73,-1,73,89,90,-1,73,90,74,-1,91,92,93,-1,93,92,94,-1,93,94,95,-1,95,94,96,-1,95,96,97,-1,97,96,98,-1,97,98,82,-1,82,98,99,-1,82,99,83,-1,100,101,102,-1,102,101,103,-1,102,103,104,-1,104,103,105,-1,104,105,106,-1,106,105,107,-1,106,107,91,-1,91,107,108,-1,91,108,92,-1,6,8,109,-1,109,8,110,-1,109,110,100,-1,100,110,111,-1,100,111,101,-1,7,5,112,-1,112,5,59,-1,112,59,113,-1,113,59,60,-1,113,60,114,-1,114,60,53,-1,114,53,115,-1,115,53,52,-1,115,52,116,-1,116,52,51,-1,116,51,117,-1,117,51,50,-1,117,50,118,-1,118,50,49,-1,118,49,119,-1,119,49,48,-1,119,48,120,-1,120,48,66,-1,120,66,121,-1,121,66,65,-1,121,65,122,-1,122,65,64,-1,122,64,123,-1,123,64,61,-1,123,61,124,-1,124,61,62,-1,124,62,125,-1,125,62,63,-1,125,63,126,-1,126,63,58,-1,126,58,127,-1,127,58,57,-1,127,57,128,-1,128,57,56,-1,128,56,129,-1,129,56,55,-1,129,55,130,-1,130,55,54,-1,130,54,17,-1,17,54,19,-1,130,17,15,-1,15,131,130,-1,130,131,132,-1,130,132,129,-1,129,132,133,-1,129,133,128,-1,128,133,134,-1,128,134,127,-1,9,7,135,-1,135,7,112,-1,135,112,136,-1,136,112,113,-1,120,137,119,-1,119,137,138,-1,119,138,118,-1,118,138,139,-1,118,139,117,-1,139,140,117,-1,117,140,141,-1,117,141,116,-1,116,141,142,-1,116,142,115,-1,115,142,143,-1,115,143,114,-1,114,143,144,-1,114,144,113,-1,113,144,145,-1,113,145,136,-1,134,146,127,-1,127,146,147,-1,127,147,126,-1,126,147,148,-1,126,148,125,-1,125,148,149,-1,125,149,124,-1,124,149,150,-1,124,150,123,-1,150,151,123,-1,123,151,152,-1,123,152,122,-1,122,152,153,-1,122,153,121,-1,121,153,154,-1,121,154,120,-1,120,154,155,-1,120,155,137,-1,8,9,135,-1,8,135,110,-1,110,135,136,-1,110,136,111,-1,111,136,145,-1,111,145,101,-1,101,145,144,-1,101,144,103,-1,103,144,143,-1,103,143,105,-1,105,143,142,-1,105,142,107,-1,107,142,141,-1,107,141,108,-1,108,141,140,-1,108,140,92,-1,92,140,139,-1,92,139,94,-1,94,139,138,-1,94,138,96,-1,96,138,137,-1,96,137,98,-1,98,137,155,-1,98,155,99,-1,99,155,154,-1,99,154,83,-1,83,154,153,-1,83,153,85,-1,85,153,152,-1,85,152,87,-1,87,152,151,-1,87,151,89,-1,89,151,150,-1,89,150,90,-1,90,150,149,-1,90,149,74,-1,74,149,148,-1,74,148,76,-1,76,148,147,-1,76,147,78,-1,78,147,146,-1,78,146,80,-1,80,146,134,-1,80,134,81,-1,81,134,133,-1,81,133,71,-1,71,133,132,-1,71,132,69,-1,69,132,131,-1,69,131,67,-1,67,131,15,-1,67,15,14,-1,4,6,109,-1,4,109,44,-1,44,109,100,-1,44,100,33,-1,33,100,102,-1,33,102,34,-1,34,102,104,-1,34,104,35,-1,35,104,106,-1,35,106,45,-1,45,106,91,-1,45,91,46,-1,46,91,93,-1,46,93,38,-1,38,93,95,-1,38,95,39,-1,39,95,97,-1,39,97,40,-1,40,97,82,-1,40,82,41,-1,41,82,84,-1,41,84,42,-1,42,84,86,-1,42,86,43,-1,43,86,88,-1,43,88,47,-1,47,88,73,-1,47,73,28,-1,28,73,75,-1,28,75,29,-1,29,75,77,-1,29,77,30,-1,30,77,79,-1,30,79,31,-1,31,79,72,-1,31,72,32,-1,32,72,70,-1,32,70,37,-1,37,70,68,-1,37,68,36,-1,36,68,16,-1,36,16,18,-1,156,157,158,-1,158,157,159,-1,158,159,160,-1,160,159,161,-1,160,161,162,-1,162,161,163,-1,164,165,166,-1,166,165,167,-1,166,167,168,-1,168,167,169,-1,168,169,170,-1,170,169,171,-1,171,172,170,-1,170,172,173,-1,174,175,156,-1,156,175,157,-1,162,163,176,-1,176,163,177,-1,165,164,178,-1,178,164,179,-1,161,159,180,-1,180,159,181,-1,180,181,182,-1,182,181,183,-1,182,183,184,-1,184,183,185,-1,184,185,186,-1,186,185,187,-1,186,187,188,-1,188,187,189,-1,188,189,190,-1,190,189,191,-1,190,191,192,-1,192,191,193,-1,192,193,194,-1,194,193,195,-1,194,195,196,-1,196,195,197,-1,196,197,198,-1,198,197,199,-1,198,199,200,-1,200,199,201,-1,200,201,202,-1,202,201,203,-1,202,203,204,-1,204,203,205,-1,204,205,206,-1,206,205,207,-1,206,207,208,-1,208,207,209,-1,208,209,210,-1,210,209,211,-1,210,211,212,-1,212,211,213,-1,212,213,214,-1,214,213,215,-1,214,215,216,-1,216,215,217,-1,216,217,167,-1,167,217,169,-1,171,169,172,-1,172,169,217,-1,172,217,215,-1,175,193,191,-1,191,189,175,-1,175,189,187,-1,175,187,185,-1,218,219,172,-1,215,213,172,-1,172,213,211,-1,172,211,209,-1,159,157,181,-1,181,157,175,-1,181,175,183,-1,183,175,185,-1,203,218,205,-1,205,218,172,-1,205,172,207,-1,207,172,209,-1,197,220,199,-1,199,220,218,-1,199,218,201,-1,201,218,203,-1,175,221,193,-1,193,221,220,-1,193,220,195,-1,195,220,197,-1,222,223,224,-1,174,156,158,-1,225,226,173,-1,173,226,227,-1,173,227,228,-1,168,170,229,-1,229,170,173,-1,229,173,230,-1,230,173,228,-1,231,174,224,-1,224,174,232,-1,224,232,222,-1,158,233,174,-1,174,233,234,-1,174,234,235,-1,235,236,174,-1,174,236,237,-1,174,237,232,-1,223,238,224,-1,224,238,239,-1,224,239,240,-1,240,239,241,-1,240,241,242,-1,173,243,225,-1,225,243,240,-1,225,240,244,-1,244,240,242,-1,165,178,167,-1,167,178,245,-1,167,245,216,-1,216,245,214,-1,177,163,246,-1,246,163,161,-1,161,180,246,-1,246,180,182,-1,246,182,247,-1,247,182,184,-1,247,184,248,-1,248,184,186,-1,248,186,249,-1,249,186,188,-1,196,250,194,-1,194,250,251,-1,194,251,192,-1,192,251,252,-1,192,252,190,-1,190,252,253,-1,190,253,188,-1,188,253,254,-1,188,254,249,-1,202,255,200,-1,200,255,256,-1,200,256,198,-1,198,256,257,-1,198,257,196,-1,196,257,258,-1,196,258,250,-1,210,259,208,-1,208,259,260,-1,208,260,206,-1,206,260,261,-1,206,261,204,-1,204,261,262,-1,204,262,202,-1,202,262,263,-1,202,263,255,-1,214,245,212,-1,212,245,264,-1,212,264,210,-1,210,264,265,-1,210,265,259,-1,179,164,266,-1,266,164,166,-1,162,176,160,-1,160,176,267,-1,160,267,268,-1,166,269,266,-1,266,269,270,-1,266,270,271,-1,271,270,272,-1,271,272,273,-1,273,272,274,-1,273,274,275,-1,275,274,276,-1,277,278,279,-1,279,278,280,-1,279,280,281,-1,281,280,282,-1,281,282,283,-1,283,282,284,-1,283,284,276,-1,276,284,285,-1,276,285,275,-1,286,287,288,-1,289,290,291,-1,291,290,292,-1,291,292,293,-1,293,292,294,-1,293,294,277,-1,277,294,295,-1,277,295,278,-1,288,287,267,-1,267,287,296,-1,267,296,268,-1,288,297,286,-1,286,297,298,-1,286,298,299,-1,299,298,300,-1,299,300,301,-1,301,300,302,-1,301,302,303,-1,303,302,304,-1,303,304,289,-1,289,304,305,-1,289,305,290,-1,219,243,172,-1,172,243,173,-1,218,240,219,-1,219,240,243,-1,220,224,218,-1,218,224,240,-1,221,231,220,-1,220,231,224,-1,175,174,221,-1,221,174,231,-1,177,246,176,-1,176,246,267,-1,245,178,266,-1,266,178,179,-1,267,246,247,-1,267,247,288,-1,288,247,248,-1,288,248,297,-1,297,248,249,-1,297,249,298,-1,298,249,254,-1,298,254,300,-1,300,254,253,-1,300,253,302,-1,302,253,252,-1,302,252,304,-1,304,252,251,-1,304,251,305,-1,305,251,250,-1,305,250,290,-1,290,250,258,-1,290,258,292,-1,292,258,257,-1,292,257,294,-1,294,257,256,-1,294,256,295,-1,295,256,255,-1,295,255,278,-1,278,255,263,-1,278,263,280,-1,280,263,262,-1,280,262,282,-1,282,262,261,-1,282,261,284,-1,284,261,260,-1,284,260,285,-1,285,260,259,-1,285,259,275,-1,275,259,265,-1,275,265,273,-1,273,265,264,-1,273,264,271,-1,271,264,245,-1,271,245,266,-1,158,160,268,-1,158,268,233,-1,233,268,296,-1,233,296,234,-1,234,296,287,-1,234,287,235,-1,235,287,286,-1,235,286,236,-1,236,286,299,-1,236,299,237,-1,237,299,301,-1,237,301,232,-1,232,301,303,-1,232,303,222,-1,222,303,289,-1,222,289,223,-1,223,289,291,-1,223,291,238,-1,238,291,293,-1,238,293,239,-1,239,293,277,-1,239,277,241,-1,241,277,279,-1,241,279,242,-1,242,279,281,-1,242,281,244,-1,244,281,283,-1,244,283,225,-1,225,283,276,-1,225,276,226,-1,226,276,274,-1,226,274,227,-1,227,274,272,-1,227,272,228,-1,228,272,270,-1,228,270,230,-1,230,270,269,-1,230,269,229,-1,229,269,166,-1,229,166,168,-1,
        ]
    }
}
Shape{
    appearance Appearance {
        material  Material 	{
            diffuseColor 1.0 1.0 1.0
            specularColor 0.5019607843137255 0.5019607843137255 0.5019607843137255
            ambientIntensity 1.0
            transparency 0.0
            shininess 0.5
        }
    }
    geometry IndexedFaceSet {
        ccw TRUE
        solid FALSE
        coord DEF co Coordinate {
            point [
                0.3937 0.246 0.0184, 0.3937 0.246 0.0039, 0.2428 0.246 0.0039, -0.0306 0.246 0.0379, -0.03 0.246 0.0368, -0.037 0.246 0.0368, -0.0277 0.246 0.0365, -0.028 0.246 0.0368, -0.0257 0.246 0.0361, -0.0089 0.246 0.0812, -0.0092 0.246 0.0813, -0.0036 0.246 0.0813, -0.2362 0.246 0.1063, -0.2263 0.246 0.2953, -0.0481 0.246 0.2953, -0.018 0.246 0.0453, -0.0171 0.246 0.0459, -0.0171 0.246 0.0417, -0.0636 0.246 0.0394, -0.0636 0.246 0.0395, -0.0481 0.246 0.0395, 0.0567 0.246 0.0401, 0.0571 0.246 0.0395, 0.0129 0.246 0.0395, 0.0581 0.246 0.0376, 0.0588 0.246 0.0368, 0.0129 0.246 0.0368, 0.0266 0.246 0.069, 0.0235 0.246 0.0664, 0.0129 0.246 0.0813, 0.0385 0.246 0.0813, 0.0366 0.246 0.0799, 0.0327 0.246 0.0753, 0.0305 0.246 0.0709, 0.03 0.246 0.0707, 0.052 0.246 0.086, 0.0467 0.246 0.0853, 0.0129 0.246 0.2953, 0.041 0.246 0.0831, 0.2263 0.246 0.2953, 0.0625 0.246 0.0836, 0.0572 0.246 0.0854, 0.2428 0.246 0.1063, 0.2428 0.246 0.0813, 0.2362 0.246 0.1063, 0.0662 0.246 0.0813, 0.0657 0.246 0.0816, 0.2428 0.246 0.065, 0.0907 0.246 0.065, 0.0893 0.246 0.068, 0.0865 0.246 0.0715, 0.0779 0.246 0.0764, 0.0734 0.246 0.0769, 0.0684 0.246 0.0794, 0.0721 0.246 0.0768, 0.0708 0.246 0.0767, 0.0858 0.246 0.0723, 0.0821 0.246 0.0748, 0.0837 0.246 0.0431, 0.0873 0.246 0.0461, 0.2428 0.246 0.0395, 0.0796 0.246 0.0411, 0.0899 0.246 0.0499, 0.0915 0.246 0.0541, 0.2428 0.246 0.0604, 0.092 0.246 0.0586, 0.0919 0.246 0.0597, 0.0918 0.246 0.0604, 0.0911 0.246 0.064, 0.0782 0.246 0.0406, 0.0777 0.246 0.0395, 0.0771 0.246 0.0382, 0.2428 0.246 0.0368, 0.076 0.246 0.0368, 0.0621 0.246 0.0341, 0.0647 0.246 0.0331, 0.0129 0.246 0.0184, 0.0599 0.246 0.0356, 0.0754 0.246 0.0361, 0.2428 0.246 0.0184, 0.0732 0.246 0.0344, 0.0674 0.246 0.0328, 0.0679 0.246 0.0328, 0.0706 0.246 0.0332, 0.0421 0.246 0.0468, 0.0414 0.246 0.0471, 0.04 0.246 0.0535, 0.0588 0.246 0.0517, 0.0435 0.246 0.0596, 0.0608 0.246 0.0536, 0.0632 0.246 0.0549, 0.0428 0.246 0.0463, 0.0265 0.246 0.0568, 0.027 0.246 0.059, 0.0277 0.246 0.0604, 0.0846 0.246 0.0604, 0.0214 0.246 0.0483, 0.0236 0.246 0.0451, 0.0268 0.246 0.0425, 0.0302 0.246 0.0408, 0.0405 0.246 0.0472, 0.0404 0.246 0.0472, 0.04 0.246 0.0471, 0.0202 0.246 0.0604, 0.0198 0.246 0.0596, 0.0129 0.246 0.0604, 0.0194 0.246 0.0559, 0.0199 0.246 0.0518, 0.0839 0.246 0.0542, 0.0825 0.246 0.0519, 0.0768 0.246 0.0507, 0.0805 0.246 0.0498, 0.078 0.246 0.0482, 0.0725 0.246 0.0544, 0.0749 0.246 0.0528, 0.0848 0.246 0.0588, 0.0847 0.246 0.057, 0.07 0.246 0.0554, 0.0673 0.246 0.0557, 0.0659 0.246 0.0556, 0.0288 0.246 0.0498, 0.0275 0.246 0.0516, 0.0267 0.246 0.0536, 0.0264 0.246 0.0558, 0.044 0.246 0.0437, 0.044 0.246 0.0441, 0.056 0.246 0.0452, 0.0438 0.246 0.045, 0.0433 0.246 0.0458, 0.0421 0.246 0.0405, 0.0429 0.246 0.0411, 0.0431 0.246 0.0413, 0.0436 0.246 0.042, 0.0439 0.246 0.0428, 0.0561 0.246 0.0429, 0.056 0.246 0.0441, 0.0398 0.246 0.0471, 0.0347 0.246 0.047, 0.0326 0.246 0.0474, 0.034 0.246 0.0401, 0.0408 0.246 0.0401, 0.0414 0.246 0.0402, 0.0306 0.246 0.0483, 0.0289 0.246 0.0497, 0.0361 0.246 0.0648, 0.0834 0.246 0.064, 0.0844 0.246 0.0615, 0.0352 0.246 0.0648, 0.028 0.246 0.061, 0.0293 0.246 0.0625, 0.0311 0.246 0.0637, 0.0331 0.246 0.0645, 0.0385 0.246 0.0717, 0.0411 0.246 0.0747, 0.0673 0.246 0.0683, 0.0414 0.246 0.075, 0.0446 0.246 0.0772, 0.0655 0.246 0.0719, 0.0828 0.246 0.065, 0.0681 0.246 0.0688, 0.0362 0.246 0.065, 0.0368 0.246 0.068, 0.0707 0.246 0.0697, 0.0733 0.246 0.0701, 0.0745 0.246 0.07, 0.063 0.246 0.0749, 0.0481 0.246 0.0786, 0.0599 0.246 0.0771, 0.052 0.246 0.0791, 0.0562 0.246 0.0786, 0.0773 0.246 0.0694, 0.0799 0.246 0.068, 0.0819 0.246 0.0663, 0.0129 0.246 0.065, 0.0225 0.246 0.065, 0.0212 0.246 0.0631, -0.0627 0.246 0.0466, -0.0623 0.246 0.0448, -0.0615 0.246 0.0431, -0.0603 0.246 0.0417, -0.0586 0.246 0.0405, -0.0498 0.246 0.0555, -0.0481 0.246 0.0604, -0.0496 0.246 0.0395, -0.054 0.246 0.0395, -0.0568 0.246 0.0398, -0.3937 0.246 0.0604, -0.072 0.246 0.0554, -0.0698 0.246 0.0554, -0.0627 0.246 0.0477, -0.0625 0.246 0.0499, -0.0604 0.246 0.0534, -0.0609 0.246 0.0528, -0.0619 0.246 0.0514, -0.0543 0.246 0.0555, -0.0568 0.246 0.0552, -0.0587 0.246 0.0545, -0.0658 0.246 0.0394, -0.0481 0.246 0.0368, -0.3937 0.246 0.0395, -0.0779 0.246 0.0395, -0.3937 0.246 0.0368, -0.078 0.246 0.0393, -0.0757 0.246 0.0393, -0.0756 0.246 0.0395, -0.0659 0.246 0.0395, -0.0741 0.246 0.0437, -0.0674 0.246 0.0438, -0.0433 0.246 0.0486, -0.0459 0.246 0.0486, -0.0463 0.246 0.0537, -0.0464 0.246 0.0556, -0.0433 0.246 0.0414, -0.0466 0.246 0.0414, -0.0458 0.246 0.0468, -0.0466 0.246 0.0396, -0.0433 0.246 0.0395, -0.0433 0.246 0.0468, -0.0401 0.246 0.0468, -0.0401 0.246 0.0414, -0.0433 0.246 0.0538, -0.0402 0.246 0.0538, -0.0401 0.246 0.0486, -0.0433 0.246 0.0396, -0.038 0.246 0.0396, -0.037 0.246 0.0395, -0.0381 0.246 0.0556, -0.0046 0.246 0.0448, -0.0051 0.246 0.0453, -0.0054 0.246 0.0485, -0.0161 0.246 0.0402, -0.0161 0.246 0.0422, -0.0134 0.246 0.0398, -0.0169 0.246 0.0417, -0.0114 0.246 0.0398, -0.0114 0.246 0.0416, -0.0113 0.246 0.0416, -0.0134 0.246 0.0472, -0.0162 0.246 0.0473, -0.0165 0.246 0.0467, -0.0167 0.246 0.0463, -0.017 0.246 0.046, -0.0057 0.246 0.0459, -0.0066 0.246 0.0463, -0.0066 0.246 0.0493, -0.008 0.246 0.0466, -0.0098 0.246 0.0498, -0.0091 0.246 0.0499, -0.0078 0.246 0.0498, -0.0108 0.246 0.0408, -0.0101 0.246 0.0402, -0.0098 0.246 0.04, -0.0058 0.246 0.04, -0.0052 0.246 0.0405, -0.0036 0.246 0.0395, -0.005 0.246 0.0407, -0.0045 0.246 0.0413, -0.0036 0.246 0.0604, -0.0073 0.246 0.0513, -0.0093 0.246 0.0515, -0.0114 0.246 0.0471, -0.0114 0.246 0.048, -0.0112 0.246 0.0487, -0.0109 0.246 0.0491, -0.0043 0.246 0.042, -0.0042 0.246 0.0429, -0.0042 0.246 0.0432, -0.0044 0.246 0.0441, -0.009 0.246 0.0397, -0.0078 0.246 0.0396, -0.0054 0.246 0.0505, -0.0058 0.246 0.0507, -0.0114 0.246 0.0511, -0.0121 0.246 0.0507, -0.0165 0.246 0.0495, -0.0126 0.246 0.0502, -0.0162 0.246 0.0488, -0.013 0.246 0.0496, -0.0133 0.246 0.0486, -0.0106 0.246 0.0494, -0.0103 0.246 0.0496, -0.0171 0.246 0.0395, -0.0066 0.246 0.0397, -0.0162 0.246 0.0481, -0.0169 0.246 0.05, -0.0106 0.246 0.0514, -0.0192 0.246 0.0395, -0.0173 0.246 0.0397, -0.0171 0.246 0.0398, -0.0171 0.246 0.0368, -0.0244 0.246 0.0368, -0.0244 0.246 0.0395, -0.0192 0.246 0.0395, -0.0192 0.246 0.0395, -0.021 0.246 0.0397, -0.0233 0.246 0.0509, -0.0233 0.246 0.049, -0.0171 0.246 0.0502, -0.0171 0.246 0.0604, -0.0175 0.246 0.0506, -0.0181 0.246 0.0509, -0.0237 0.246 0.042, -0.0235 0.246 0.0414, -0.0231 0.246 0.0409, -0.0192 0.246 0.0513, -0.0206 0.246 0.0514, -0.0244 0.246 0.0604, -0.022 0.246 0.0513, -0.0232 0.246 0.0447, -0.0236 0.246 0.0442, -0.0238 0.246 0.0436, -0.0238 0.246 0.0428, -0.0225 0.246 0.0404, -0.0221 0.246 0.0401, -0.0204 0.246 0.0498, -0.0198 0.246 0.0498, -0.0182 0.246 0.0483, -0.0193 0.246 0.0496, -0.0188 0.246 0.0494, -0.0182 0.246 0.048, -0.0183 0.246 0.0477, -0.0185 0.246 0.0474, -0.0187 0.246 0.0472, -0.0194 0.246 0.0468, -0.0217 0.246 0.0497, -0.0206 0.246 0.0462, -0.0229 0.246 0.0492, -0.0214 0.246 0.0459, -0.0227 0.246 0.0452, -0.0185 0.246 0.0491, -0.0184 0.246 0.0489, -0.0183 0.246 0.0486, -0.021 0.246 0.0439, -0.0192 0.246 0.0448, -0.0212 0.246 0.0415, -0.0194 0.246 0.0411, -0.0195 0.246 0.0411, -0.0182 0.246 0.0413, -0.0205 0.246 0.0412, -0.021 0.246 0.0414, -0.0216 0.246 0.042, -0.0217 0.246 0.0423, -0.0213 0.246 0.0437, -0.0218 0.246 0.0426, -0.0218 0.246 0.0429, -0.0215 0.246 0.0435, -0.0217 0.246 0.0432, -0.0215 0.246 0.0417, -0.0481 0.246 0.0813, -0.0481 0.246 0.0764, -0.0499 0.246 0.081, -0.0433 0.246 0.0813, -0.0433 0.246 0.065, -0.0437 0.246 0.065, -0.0437 0.246 0.065, -0.0433 0.246 0.0604, -0.046 0.246 0.065, -0.046 0.246 0.065, -0.0481 0.246 0.065, -0.0481 0.246 0.0693, -0.0475 0.246 0.0693, -0.0542 0.246 0.0693, -0.0558 0.246 0.065, -0.0558 0.246 0.0649, -0.0581 0.246 0.0649, -0.0581 0.246 0.065, -0.3937 0.246 0.065, -0.0521 0.246 0.0809, -0.3937 0.246 0.0813, -0.037 0.246 0.065, -0.0369 0.246 0.0654, -0.0342 0.246 0.065, -0.0344 0.246 0.0811, -0.037 0.246 0.0813, -0.0283 0.246 0.0813, -0.0283 0.246 0.065, -0.0298 0.246 0.0651, -0.0299 0.246 0.0811, -0.0424 0.246 0.0703, -0.0416 0.246 0.0687, -0.041 0.246 0.0783, -0.042 0.246 0.0769, -0.0404 0.246 0.0672, -0.0387 0.246 0.0661, -0.037 0.246 0.0654, -0.0405 0.246 0.0789, -0.0369 0.246 0.0808, -0.037 0.246 0.0807, -0.0388 0.246 0.0801, -0.0426 0.246 0.0754, -0.0429 0.246 0.0732, -0.0428 0.246 0.0722, -0.0244 0.246 0.0813, -0.0244 0.246 0.0811, -0.0265 0.246 0.0811, -0.0244 0.246 0.0742, -0.026 0.246 0.0742, -0.0265 0.246 0.0793, -0.026 0.246 0.0723, -0.0244 0.246 0.0723, -0.0202 0.246 0.0724, -0.0244 0.246 0.0669, -0.0202 0.246 0.067, -0.0244 0.246 0.0793, -0.0203 0.246 0.0793, -0.0203 0.246 0.0742, -0.0181 0.246 0.0652, -0.0171 0.246 0.065, -0.0244 0.246 0.065, -0.0268 0.246 0.0669, -0.0267 0.246 0.0651, -0.0244 0.246 0.0651, -0.0182 0.246 0.0812, -0.0171 0.246 0.0813, 0.004 0.246 0.0813, 0.0041 0.246 0.0671, -0.0026 0.246 0.0813, -0.0023 0.246 0.0671, -0.0026 0.246 0.065, -0.0023 0.246 0.0653, 0.0063 0.246 0.065, 0.0062 0.246 0.0653, 0.004 0.246 0.0813, -0.0026 0.246 0.2953, 0.0061 0.246 0.0813, 0.0063 0.246 0.0813, 0.0061 0.246 0.0813, -0.3937 0.246 0.1063, -0.015 0.246 0.0808, -0.015 0.246 0.0787, -0.0149 0.246 0.0678, -0.0149 0.246 0.0658, -0.0112 0.246 0.0796, -0.0105 0.246 0.0796, -0.0147 0.246 0.0657, -0.0129 0.246 0.0652, -0.011 0.246 0.065, -0.0132 0.246 0.0794, -0.0148 0.246 0.0788, -0.0091 0.246 0.0793, -0.0079 0.246 0.0787, -0.0069 0.246 0.0779, -0.0068 0.246 0.0778, -0.006 0.246 0.0767, -0.0054 0.246 0.0753, -0.0052 0.246 0.0731, -0.0052 0.246 0.0724, -0.0134 0.246 0.0671, -0.0115 0.246 0.0668, -0.0108 0.246 0.0668, -0.0054 0.246 0.0708, -0.006 0.246 0.0695, -0.0067 0.246 0.0685, -0.0071 0.246 0.0681, -0.0094 0.246 0.0669, -0.0082 0.246 0.0674, -0.0171 0.246 0.2953, -0.0133 0.246 0.0813, -0.0135 0.246 0.0813, -0.0112 0.246 0.0815, -0.0036 0.246 0.2953, -0.0042 0.246 0.0777, -0.0053 0.246 0.0792, -0.0057 0.246 0.0796, -0.0072 0.246 0.0806, -0.0036 0.246 0.065, -0.0036 0.246 0.0696, -0.0034 0.246 0.0759, -0.0036 0.246 0.0763, -0.0033 0.246 0.0704, -0.003 0.246 0.073, -0.003 0.246 0.0738, -0.0097 0.246 0.065, -0.0095 0.246 0.065, -0.0078 0.246 0.0654, -0.0063 0.246 0.0661, -0.005 0.246 0.0672, -0.0049 0.246 0.0673, -0.0039 0.246 0.0687, -0.0105 0.246 0.0649, -0.0023 0.246 0.0417, -0.0023 0.246 0.0399, -0.0026 0.246 0.0395, 0.0042 0.246 0.0541, 0.0042 0.246 0.049, -0.002 0.246 0.054, -0.0015 0.246 0.0489, 0.0042 0.246 0.0471, 0.0043 0.246 0.0417, -0.0015 0.246 0.0471, 0.0063 0.246 0.0399, 0.0063 0.246 0.0395, 0.0063 0.246 0.0399, 0.0063 0.246 0.0526, 0.0063 0.246 0.0604, 0.0062 0.246 0.0559, -0.0026 0.246 0.0604, -0.002 0.246 0.0559, -0.0338 0.246 0.0511, -0.0359 0.246 0.0511, -0.037 0.246 0.0604, -0.0433 0.246 0.0556, -0.0313 0.246 0.0395, -0.0301 0.246 0.0425, -0.0304 0.246 0.0416, -0.0304 0.246 0.0416, -0.0283 0.246 0.0604, -0.0283 0.246 0.048, -0.0307 0.246 0.0425, -0.0305 0.246 0.042, -0.0283 0.246 0.0395, -0.0283 0.246 0.0425, -0.0249 0.246 0.0511, -0.0272 0.246 0.0511, -0.0293 0.246 0.0397, -0.0293 0.246 0.0395, -0.0285 0.246 0.0376, -0.0252 0.246 0.0363, -0.0252 0.246 0.0345, -0.028 0.246 0.0369, -0.0283 0.246 0.0373, -0.0273 0.246 0.0363, -0.0264 0.246 0.036, -0.0269 0.246 0.0361, -0.0281 0.246 0.0347, -0.0273 0.246 0.0344, -0.0283 0.246 0.0184, -0.0265 0.246 0.0343, -0.0244 0.246 0.0184, -0.0261 0.246 0.0343, -0.0297 0.246 0.0362, -0.037 0.246 0.0184, -0.029 0.246 0.0353, -0.0288 0.246 0.0352, -0.0283 0.246 0.0348, 0.3937 0.246 0.0368, 0.3937 0.246 0.0395, 0.3937 0.246 0.0604, 0.3937 0.246 0.065, 0.3937 0.246 0.0813, 0.3937 0.246 0.1063, 0.0063 0.246 0.2953, -0.0036 0.246 0.0368, -0.0026 0.246 0.0368, 0.0063 0.246 0.0368, -0.0171 0.246 0.0184, -0.0036 0.246 0.0184, -0.0026 0.246 0.0184, 0.0063 0.246 0.0184, -0.0433 0.246 0.2953, -0.037 0.246 0.2953, -0.0283 0.246 0.2953, -0.0244 0.246 0.2953, -0.0433 0.246 0.0368, -0.0433 0.246 0.0184, -0.0481 0.246 0.0184, -0.3937 0.246 0.0184, 0.0129 0.246 0.0039, 0.0063 0.246 0.0039, -0.0026 0.246 0.0039, -0.0036 0.246 0.0039, -0.0171 0.246 0.0039, -0.0244 0.246 0.0039, -0.0283 0.246 0.0039, -0.037 0.246 0.0039, -0.0433 0.246 0.0039, -0.0481 0.246 0.0039, -0.3937 0.246 0.0039, -0.3724 0.1001 0.0039, -0.3937 0.1023 0.0039, 0.3724 -0.1001 0.0039, 0.3937 -0.1024 0.0039, 0.3937 -0.2461 0.0039, 0.3176 0.0685 0.0039, 0.3051 0.0512 0.0039, 0.0715 0.084 0.0039, -0.3937 -0.1024 0.0039, -0.3724 -0.1001 0.0039, -0.3937 -0.2461 0.0039, -0.3521 -0.0935 0.0039, -0.3335 -0.0828 0.0039, -0.3176 -0.0685 0.0039, 0.2963 -0.0317 0.0039, 0.3051 -0.0512 0.0039, 0.0715 -0.0875 0.0039, -0.3051 -0.0512 0.0039, -0.2963 -0.0317 0.0039, -0.2919 -0.0107 0.0039, -0.0819 -0.0 0.0039, -0.2919 0.0107 0.0039, -0.2963 0.0316 0.0039, -0.3051 0.0512 0.0039, 0.3937 0.1023 0.0039, 0.3724 0.1001 0.0039, 0.3521 0.0935 0.0039, 0.3335 0.0828 0.0039, 0.2963 0.0316 0.0039, 0.2919 0.0107 0.0039, 0.2919 -0.0107 0.0039, -0.3176 0.0685 0.0039, -0.3335 0.0828 0.0039, -0.3521 0.0935 0.0039, 0.3176 -0.0685 0.0039, 0.3335 -0.0828 0.0039, 0.3521 -0.0935 0.0039, -0.3784 -0.1726 0.1063, -0.3937 -0.1024 0.1063, -0.3937 -0.2461 0.1063, -0.2413 0.2454 0.1063, -0.246 0.2434 0.1063, -0.2362 -0.2461 0.1063, -0.2413 -0.2454 0.1063, -0.246 -0.2434 0.1063, -0.2501 -0.2403 0.1063, -0.2544 -0.2339 0.1063, -0.2552 -0.2315 0.1063, -0.3784 -0.2279 0.1063, -0.2558 -0.2279 0.1063, -0.2558 0.2279 0.1063, -0.2552 0.2315 0.1063, -0.2544 0.2339 0.1063, -0.2533 0.2362 0.1063, -0.2518 0.2383 0.1063, -0.2501 0.2403 0.1063, -0.2518 -0.2384 0.1063, -0.2533 -0.2362 0.1063, -0.3724 -0.1001 0.1063, -0.3546 -0.1688 0.1063, -0.3521 -0.0935 0.1063, -0.3335 0.0828 0.1063, -0.3096 0.1515 0.1063, -0.3521 0.0935 0.1063, -0.3315 0.1617 0.1063, -0.3724 0.1001 0.1063, -0.3546 0.1687 0.1063, -0.3937 0.1023 0.1063, -0.3784 0.1725 0.1063, -0.3784 0.2279 0.1063, -0.3051 0.0512 0.1063, -0.2559 0.105 0.1063, -0.3176 0.0685 0.1063, -0.2712 0.1225 0.1063, -0.2894 0.1383 0.1063, -0.2919 -0.0107 0.1063, -0.2559 -0.105 0.1063, -0.2919 0.0107 0.1063, -0.2963 0.0316 0.1063, -0.2963 -0.0317 0.1063, -0.3051 -0.0512 0.1063, -0.2712 -0.1225 0.1063, -0.3176 -0.0685 0.1063, -0.2894 -0.1383 0.1063, -0.3335 -0.0828 0.1063, -0.3096 -0.1515 0.1063, -0.3315 -0.1617 0.1063, -0.2559 -0.105 0.1063, -0.2559 -0.2264 0.1063, -0.2459 -0.2264 0.2963, -0.2459 0.2264 0.2963, -0.2559 0.2264 0.1063, -0.2559 0.105 0.1063, -0.2263 -0.2461 0.2953, -0.2314 -0.2454 0.2955, -0.2361 -0.2434 0.2958, -0.2402 -0.2403 0.296, -0.2433 -0.2362 0.2962, -0.2453 -0.2315 0.2963, -0.2558 -0.2279 0.1063, -0.2558 0.2279 0.1063, -0.2453 0.2315 0.2963, -0.2433 0.2362 0.2962, -0.2402 0.2403 0.296, -0.2361 0.2434 0.2958, -0.2314 0.2454 0.2955, 0.2362 -0.2461 0.1063, 0.3937 -0.2461 0.1063, 0.2413 -0.2454 0.1063, 0.246 -0.2434 0.1063, 0.2485 0.2417 0.1063, 0.2516 0.2386 0.1063, 0.254 0.2349 0.1063, 0.2554 0.2307 0.1063, 0.2919 -0.0107 0.1063, 0.2559 0.2264 0.1063, 0.2559 -0.2264 0.1063, 0.2919 0.0107 0.1063, 0.2963 0.0316 0.1063, 0.3051 0.0512 0.1063, 0.2406 0.2455 0.1063, 0.2447 0.2441 0.1063, 0.3937 -0.1024 0.1063, 0.3724 -0.1001 0.1063, 0.3521 -0.0935 0.1063, 0.3335 -0.0828 0.1063, 0.3176 0.0685 0.1063, 0.3335 0.0828 0.1063, 0.3521 0.0935 0.1063, 0.3724 0.1001 0.1063, 0.3937 0.1023 0.1063, 0.2557 -0.229 0.1063, 0.3176 -0.0685 0.1063, 0.3051 -0.0512 0.1063, 0.2963 -0.0317 0.1063, 0.2552 -0.2315 0.1063, 0.2544 -0.2339 0.1063, 0.2533 -0.2362 0.1063, 0.2518 -0.2384 0.1063, 0.2501 -0.2403 0.1063, 0.2263 -0.2461 0.2953, 0.2459 0.2264 0.2963, 0.2459 -0.2264 0.2963, 0.2263 0.2264 0.315, -0.2263 0.2264 0.315, 0.2263 -0.2264 0.315, -0.2263 -0.2264 0.315, 0.2263 0.2315 0.3143, -0.2263 0.2315 0.3143, 0.2263 0.2362 0.3123, -0.2263 0.2362 0.3123, 0.2263 0.2403 0.3092, -0.2263 0.2403 0.3092, 0.2263 0.2434 0.3051, -0.2263 0.2434 0.3051, 0.2263 0.2454 0.3004, -0.2263 0.2454 0.3004, 0.2307 0.2455 0.2955, 0.2314 0.2454 0.2955, 0.2348 0.244 0.2957, 0.2361 0.2434 0.2958, 0.2384 0.2416 0.2959, 0.2402 0.2403 0.296, 0.2415 0.2385 0.2961, 0.2433 0.2362 0.2962, 0.2439 0.2348 0.2962, 0.2453 0.2315 0.2963, 0.2454 0.2307 0.2963, -0.2311 0.2315 0.3137, -0.2311 0.2434 0.3039, -0.2288 0.2454 0.2997, -0.2298 0.2454 0.299, -0.2311 0.2454 0.2968, -0.2276 0.2454 0.3002, -0.2288 0.2434 0.3048, -0.2298 0.2403 0.3088, -0.2331 0.2434 0.3024, -0.2306 0.2454 0.298, -0.2346 0.2434 0.3005, -0.2357 0.2434 0.2982, -0.233 0.2403 0.3074, -0.2359 0.2403 0.3054, -0.2381 0.2403 0.3027, -0.2396 0.2403 0.2995, -0.2306 0.2362 0.3118, -0.2346 0.2362 0.3102, -0.238 0.2362 0.3076, -0.2407 0.2362 0.3043, -0.2425 0.2362 0.3004, -0.2355 0.2315 0.3119, -0.2394 0.2315 0.3091, -0.2424 0.2315 0.3054, -0.2444 0.2315 0.301, -0.2312 0.2264 0.3143, -0.2358 0.2264 0.3125, -0.2398 0.2264 0.3096, -0.243 0.2264 0.3057, -0.2451 0.2264 0.3012, 0.2425 0.2362 0.3004, 0.2396 0.2403 0.2995, 0.2357 0.2434 0.2982, 0.2311 0.2454 0.2968, 0.2306 0.2454 0.298, 0.2276 0.2454 0.3002, 0.2331 0.2434 0.3024, 0.2288 0.2454 0.2997, 0.2311 0.2434 0.3039, 0.2288 0.2434 0.3048, 0.2346 0.2434 0.3005, 0.2298 0.2454 0.299, 0.2381 0.2403 0.3027, 0.2359 0.2403 0.3054, 0.233 0.2403 0.3074, 0.2298 0.2403 0.3088, 0.2407 0.2362 0.3043, 0.238 0.2362 0.3076, 0.2346 0.2362 0.3102, 0.2306 0.2362 0.3118, 0.2444 0.2315 0.301, 0.2424 0.2315 0.3054, 0.2394 0.2315 0.3091, 0.2355 0.2315 0.3119, 0.2311 0.2315 0.3137, 0.2451 0.2264 0.3012, 0.243 0.2264 0.3057, 0.2398 0.2264 0.3096, 0.2358 0.2264 0.3125, 0.2312 0.2264 0.3143, -0.2451 -0.2264 0.3012, -0.243 -0.2264 0.3057, -0.2398 -0.2264 0.3096, -0.2358 -0.2264 0.3125, -0.2312 -0.2264 0.3143, 0.2451 -0.2264 0.3012, 0.243 -0.2264 0.3057, 0.2398 -0.2264 0.3096, 0.2358 -0.2264 0.3125, 0.2312 -0.2264 0.3143, 0.2453 -0.2315 0.2963, 0.2433 -0.2362 0.2962, 0.2402 -0.2403 0.296, 0.2361 -0.2434 0.2958, 0.2314 -0.2454 0.2955, -0.2444 -0.2315 0.301, -0.2346 -0.2434 0.3005, -0.2306 -0.2454 0.298, -0.2298 -0.2454 0.299, -0.2263 -0.2454 0.3004, -0.2276 -0.2454 0.3002, -0.2311 -0.2454 0.2968, -0.2357 -0.2434 0.2982, -0.2396 -0.2403 0.2995, -0.2331 -0.2434 0.3024, -0.2288 -0.2454 0.2997, -0.2311 -0.2434 0.3039, -0.2288 -0.2434 0.3048, -0.2263 -0.2434 0.3051, -0.2381 -0.2403 0.3027, -0.2359 -0.2403 0.3054, -0.233 -0.2403 0.3074, -0.2298 -0.2403 0.3088, -0.2263 -0.2403 0.3092, -0.2425 -0.2362 0.3004, -0.2407 -0.2362 0.3043, -0.238 -0.2362 0.3076, -0.2346 -0.2362 0.3102, -0.2306 -0.2362 0.3118, -0.2263 -0.2362 0.3123, -0.2424 -0.2315 0.3054, -0.2394 -0.2315 0.3091, -0.2355 -0.2315 0.3119, -0.2311 -0.2315 0.3137, -0.2263 -0.2315 0.3143, 0.2263 -0.2315 0.3143, 0.2311 -0.2315 0.3137, 0.2311 -0.2434 0.3039, 0.2288 -0.2454 0.2997, 0.2298 -0.2454 0.299, 0.2311 -0.2454 0.2968, 0.2276 -0.2454 0.3002, 0.2288 -0.2434 0.3048, 0.2298 -0.2403 0.3088, 0.2263 -0.2454 0.3004, 0.2331 -0.2434 0.3024, 0.2306 -0.2454 0.298, 0.2346 -0.2434 0.3005, 0.2357 -0.2434 0.2982, 0.2263 -0.2434 0.3051, 0.2263 -0.2403 0.3092, 0.2263 -0.2362 0.3123, 0.233 -0.2403 0.3074, 0.2359 -0.2403 0.3054, 0.2381 -0.2403 0.3027, 0.2396 -0.2403 0.2995, 0.2306 -0.2362 0.3118, 0.2346 -0.2362 0.3102, 0.238 -0.2362 0.3076, 0.2407 -0.2362 0.3043, 0.2425 -0.2362 0.3004, 0.2355 -0.2315 0.3119, 0.2394 -0.2315 0.3091, 0.2424 -0.2315 0.3054, 0.2444 -0.2315 0.301
            ]
        }
        coordIndex [
            0,1,2,-1,3,4,5,-1,6,7,8,-1,9,10,11,-1,12,13,14,-1,15,16,17,-1,18,19,20,-1,21,22,23,-1,24,25,26,-1,27,28,29,-1,30,31,29,-1,29,31,32,-1,32,33,29,-1,29,33,34,-1,29,34,27,-1,35,36,37,-1,37,36,38,-1,39,40,37,-1,37,40,41,-1,37,41,35,-1,42,43,44,-1,44,43,45,-1,44,45,39,-1,39,45,46,-1,39,46,40,-1,47,48,43,-1,43,48,49,-1,43,49,50,-1,43,51,45,-1,45,51,52,-1,45,52,53,-1,53,52,54,-1,53,54,55,-1,50,56,43,-1,43,56,57,-1,43,57,51,-1,58,59,60,-1,58,60,61,-1,59,62,60,-1,60,62,63,-1,60,63,64,-1,64,63,65,-1,65,66,64,-1,64,66,67,-1,64,67,47,-1,47,67,68,-1,47,68,48,-1,69,61,70,-1,70,61,60,-1,70,60,71,-1,71,60,72,-1,71,72,73,-1,74,75,76,-1,74,76,77,-1,73,72,78,-1,78,72,79,-1,78,79,80,-1,75,81,76,-1,76,81,82,-1,76,82,79,-1,79,82,83,-1,79,83,80,-1,84,85,86,-1,87,88,89,-1,89,88,90,-1,84,86,91,-1,92,93,88,-1,88,93,94,-1,88,94,95,-1,96,97,23,-1,23,97,98,-1,23,98,99,-1,85,100,86,-1,86,100,101,-1,86,101,102,-1,103,104,105,-1,105,104,106,-1,105,106,23,-1,23,106,107,-1,23,107,96,-1,108,109,110,-1,110,109,111,-1,110,111,112,-1,113,95,114,-1,114,95,115,-1,114,115,110,-1,110,115,116,-1,110,116,108,-1,113,117,95,-1,95,117,118,-1,95,118,88,-1,88,118,119,-1,88,119,90,-1,120,121,86,-1,86,121,122,-1,86,122,88,-1,88,122,123,-1,88,123,92,-1,124,125,126,-1,126,125,127,-1,126,127,86,-1,86,127,128,-1,86,128,91,-1,129,130,21,-1,21,130,131,-1,131,132,21,-1,21,132,133,-1,21,133,134,-1,134,133,124,-1,134,124,135,-1,135,124,126,-1,102,136,86,-1,86,136,137,-1,86,137,138,-1,99,139,23,-1,23,139,140,-1,23,140,21,-1,21,140,141,-1,21,141,129,-1,138,142,86,-1,86,142,143,-1,86,143,120,-1,144,145,146,-1,146,95,144,-1,144,95,94,-1,144,94,147,-1,147,94,148,-1,148,149,147,-1,147,149,150,-1,147,150,151,-1,152,153,154,-1,153,155,154,-1,154,155,156,-1,154,156,157,-1,158,154,159,-1,145,144,158,-1,158,144,160,-1,158,160,154,-1,154,160,161,-1,154,161,152,-1,159,162,158,-1,158,162,163,-1,158,163,164,-1,157,156,165,-1,165,156,166,-1,165,166,167,-1,167,166,168,-1,167,168,169,-1,170,171,164,-1,164,171,172,-1,164,172,158,-1,173,174,175,-1,176,177,19,-1,177,178,19,-1,19,178,179,-1,19,179,180,-1,181,182,183,-1,183,182,20,-1,183,20,184,-1,184,20,19,-1,184,19,185,-1,185,19,180,-1,186,182,187,-1,187,182,188,-1,176,19,189,-1,189,19,188,-1,189,188,190,-1,191,192,188,-1,188,192,193,-1,188,193,190,-1,181,194,182,-1,182,194,195,-1,182,195,188,-1,188,195,196,-1,188,196,191,-1,197,18,198,-1,186,187,199,-1,199,187,200,-1,199,200,201,-1,201,200,202,-1,201,202,198,-1,198,202,203,-1,198,203,197,-1,197,203,204,-1,197,204,205,-1,205,204,206,-1,205,206,207,-1,208,209,210,-1,210,209,182,-1,210,182,211,-1,212,213,214,-1,209,214,182,-1,182,214,213,-1,182,213,20,-1,20,213,215,-1,20,215,216,-1,214,217,212,-1,212,217,218,-1,212,218,219,-1,210,220,208,-1,208,220,221,-1,208,221,222,-1,215,223,216,-1,216,223,224,-1,216,224,225,-1,225,224,226,-1,227,228,229,-1,230,231,232,-1,17,16,233,-1,234,235,236,-1,237,232,238,-1,238,232,231,-1,238,231,239,-1,239,231,240,-1,233,16,231,-1,231,16,241,-1,231,241,240,-1,228,242,229,-1,229,242,243,-1,229,243,244,-1,244,243,245,-1,246,247,245,-1,245,247,248,-1,245,248,244,-1,236,249,234,-1,234,249,250,-1,234,250,251,-1,252,253,254,-1,254,253,255,-1,254,255,256,-1,257,258,259,-1,260,261,245,-1,245,261,262,-1,245,262,263,-1,256,264,254,-1,254,264,265,-1,254,265,266,-1,257,266,267,-1,251,268,234,-1,234,268,269,-1,234,269,232,-1,227,229,267,-1,267,229,270,-1,267,270,257,-1,257,270,271,-1,257,271,258,-1,272,273,274,-1,274,273,275,-1,274,275,276,-1,276,275,277,-1,276,277,278,-1,263,279,245,-1,245,279,280,-1,245,280,246,-1,230,232,281,-1,281,232,269,-1,281,269,254,-1,254,269,282,-1,254,282,252,-1,237,238,278,-1,278,238,283,-1,278,283,276,-1,274,284,272,-1,272,284,257,-1,272,257,285,-1,285,257,259,-1,286,287,281,-1,281,287,288,-1,281,288,230,-1,289,290,291,-1,289,292,286,-1,292,289,293,-1,293,289,291,-1,293,291,294,-1,295,296,291,-1,284,297,298,-1,298,297,299,-1,298,299,300,-1,301,302,291,-1,291,302,303,-1,300,304,298,-1,298,304,305,-1,298,305,306,-1,306,305,307,-1,306,307,295,-1,308,309,296,-1,296,309,310,-1,296,310,291,-1,291,310,311,-1,291,311,301,-1,303,312,291,-1,291,312,313,-1,291,313,294,-1,314,315,316,-1,316,315,317,-1,316,317,318,-1,316,319,314,-1,314,319,320,-1,314,320,321,-1,321,322,314,-1,314,322,323,-1,314,323,324,-1,324,323,325,-1,324,325,326,-1,326,325,327,-1,326,327,296,-1,296,327,328,-1,296,328,308,-1,329,330,318,-1,318,330,331,-1,318,331,316,-1,332,333,334,-1,335,336,333,-1,15,17,333,-1,333,17,337,-1,333,337,335,-1,336,338,333,-1,333,338,339,-1,333,339,334,-1,340,341,342,-1,341,343,342,-1,342,343,344,-1,342,344,345,-1,345,344,346,-1,332,334,342,-1,342,334,347,-1,342,347,340,-1,348,349,350,-1,348,351,349,-1,349,351,352,-1,349,352,353,-1,353,352,354,-1,354,355,356,-1,356,355,182,-1,356,182,357,-1,182,358,357,-1,357,358,359,-1,357,359,360,-1,361,359,362,-1,362,359,358,-1,362,358,363,-1,363,358,182,-1,363,182,364,-1,364,182,186,-1,364,186,365,-1,365,186,366,-1,365,366,367,-1,367,366,368,-1,369,370,371,-1,372,373,374,-1,369,371,375,-1,375,371,376,-1,375,376,374,-1,374,376,377,-1,374,377,372,-1,378,379,352,-1,380,381,351,-1,379,382,352,-1,352,382,383,-1,352,383,369,-1,369,383,384,-1,369,384,370,-1,380,351,385,-1,372,386,373,-1,373,386,387,-1,373,387,351,-1,351,387,388,-1,351,388,385,-1,381,389,351,-1,351,389,390,-1,351,390,352,-1,352,390,391,-1,352,391,378,-1,392,393,394,-1,395,396,397,-1,392,394,374,-1,374,394,397,-1,374,397,375,-1,375,397,396,-1,375,396,398,-1,399,400,401,-1,401,400,402,-1,397,403,395,-1,395,403,404,-1,395,404,405,-1,406,407,408,-1,399,401,398,-1,398,401,409,-1,398,409,375,-1,375,409,410,-1,375,410,408,-1,408,410,411,-1,408,411,406,-1,393,392,412,-1,412,392,413,-1,412,413,406,-1,414,415,416,-1,416,415,417,-1,416,417,418,-1,418,417,419,-1,418,419,420,-1,420,419,421,-1,422,423,424,-1,424,423,425,-1,424,425,426,-1,426,425,421,-1,350,367,348,-1,348,367,368,-1,348,368,12,-1,12,368,427,-1,413,428,429,-1,430,431,407,-1,432,433,430,-1,431,434,407,-1,407,434,435,-1,407,435,436,-1,432,430,437,-1,406,413,407,-1,407,413,429,-1,407,429,430,-1,430,429,438,-1,430,438,437,-1,433,439,430,-1,430,439,440,-1,430,440,441,-1,441,442,430,-1,430,442,443,-1,430,443,444,-1,444,445,430,-1,430,445,446,-1,430,446,447,-1,447,446,448,-1,448,446,449,-1,449,446,450,-1,449,450,451,-1,451,452,449,-1,449,452,453,-1,449,453,454,-1,454,453,455,-1,456,457,458,-1,457,456,459,-1,459,456,460,-1,459,460,10,-1,11,461,462,-1,462,463,11,-1,11,463,464,-1,11,464,9,-1,418,465,466,-1,416,467,11,-1,11,467,468,-1,11,468,461,-1,466,469,418,-1,418,469,470,-1,418,470,416,-1,416,470,471,-1,416,471,467,-1,465,472,473,-1,473,474,465,-1,465,474,475,-1,465,475,476,-1,476,477,465,-1,465,477,478,-1,465,478,466,-1,284,298,257,-1,257,298,479,-1,257,479,472,-1,480,481,482,-1,483,484,485,-1,485,484,486,-1,487,488,489,-1,489,488,480,-1,490,23,491,-1,482,481,491,-1,491,481,492,-1,491,492,490,-1,23,490,105,-1,105,490,493,-1,105,493,494,-1,494,493,495,-1,494,495,496,-1,496,495,497,-1,496,497,485,-1,498,499,500,-1,211,182,501,-1,501,182,355,-1,501,355,226,-1,226,355,500,-1,226,500,225,-1,225,500,499,-1,225,499,502,-1,503,504,505,-1,500,506,498,-1,498,506,507,-1,498,507,508,-1,508,507,503,-1,508,503,509,-1,509,503,505,-1,510,511,291,-1,291,511,512,-1,295,291,306,-1,306,291,512,-1,306,512,506,-1,506,512,513,-1,506,513,507,-1,514,511,515,-1,515,511,510,-1,515,510,516,-1,8,7,517,-1,518,517,290,-1,290,517,7,-1,290,7,291,-1,291,7,519,-1,291,519,510,-1,510,519,520,-1,510,520,516,-1,6,8,521,-1,521,8,522,-1,521,522,523,-1,524,525,526,-1,526,525,527,-1,526,527,528,-1,528,527,529,-1,528,529,518,-1,4,530,531,-1,530,532,531,-1,531,532,533,-1,531,533,526,-1,526,533,534,-1,526,534,524,-1,0,79,535,-1,535,79,72,-1,535,72,536,-1,536,72,60,-1,536,60,537,-1,537,60,64,-1,537,64,538,-1,538,64,47,-1,538,47,539,-1,539,47,43,-1,539,43,540,-1,540,43,42,-1,423,541,425,-1,425,541,37,-1,425,37,29,-1,29,37,38,-1,29,38,30,-1,421,425,420,-1,420,425,29,-1,420,29,173,-1,173,29,28,-1,173,28,174,-1,10,460,11,-1,11,460,423,-1,11,423,416,-1,416,423,422,-1,416,422,414,-1,472,465,257,-1,257,465,418,-1,257,418,496,-1,496,418,420,-1,496,420,494,-1,494,420,173,-1,494,173,105,-1,105,173,175,-1,105,175,103,-1,266,257,254,-1,254,257,496,-1,254,496,482,-1,482,496,485,-1,482,485,480,-1,480,485,486,-1,480,486,489,-1,286,281,289,-1,289,281,254,-1,289,254,542,-1,542,254,482,-1,542,482,543,-1,543,482,491,-1,543,491,544,-1,544,491,23,-1,544,23,26,-1,26,23,22,-1,26,22,24,-1,518,290,528,-1,528,290,289,-1,528,289,545,-1,545,289,542,-1,545,542,546,-1,546,542,543,-1,546,543,547,-1,547,543,544,-1,547,544,548,-1,548,544,26,-1,548,26,76,-1,76,26,25,-1,76,25,77,-1,354,352,355,-1,355,352,369,-1,355,369,500,-1,500,369,375,-1,500,375,506,-1,506,375,408,-1,506,408,306,-1,306,408,407,-1,306,407,298,-1,298,407,436,-1,298,436,479,-1,12,14,348,-1,348,14,549,-1,348,549,351,-1,351,549,550,-1,351,550,373,-1,373,550,551,-1,373,551,374,-1,374,551,552,-1,374,552,392,-1,392,552,456,-1,392,456,413,-1,413,456,458,-1,413,458,428,-1,18,20,198,-1,198,20,216,-1,198,216,553,-1,553,216,225,-1,553,225,5,-1,5,225,502,-1,5,502,3,-1,4,531,5,-1,5,531,554,-1,5,554,553,-1,553,554,555,-1,553,555,198,-1,198,555,556,-1,198,556,201,-1,0,2,79,-1,79,2,557,-1,79,557,76,-1,76,557,558,-1,76,558,548,-1,548,558,559,-1,548,559,547,-1,547,559,560,-1,547,560,546,-1,546,560,561,-1,546,561,545,-1,545,561,562,-1,545,562,528,-1,528,562,563,-1,528,563,526,-1,526,563,564,-1,526,564,531,-1,531,564,565,-1,531,565,554,-1,554,565,566,-1,554,566,555,-1,555,566,567,-1,555,567,556,-1,568,569,567,-1,570,571,572,-1,573,574,575,-1,576,577,578,-1,578,577,579,-1,578,579,572,-1,572,579,580,-1,572,580,581,-1,582,583,584,-1,581,585,572,-1,572,585,586,-1,572,586,584,-1,584,586,587,-1,584,587,588,-1,588,587,589,-1,588,589,575,-1,575,589,590,-1,575,590,1,-1,1,590,591,-1,592,593,1,-1,1,593,594,-1,1,594,575,-1,575,594,595,-1,575,595,573,-1,574,596,575,-1,575,596,597,-1,575,597,584,-1,584,597,598,-1,584,598,582,-1,591,599,1,-1,1,599,600,-1,1,600,567,-1,567,600,601,-1,567,601,568,-1,583,602,584,-1,584,602,603,-1,584,603,572,-1,572,603,604,-1,572,604,570,-1,605,606,607,-1,12,427,608,-1,608,427,609,-1,610,611,607,-1,607,611,612,-1,607,612,613,-1,614,615,607,-1,605,607,616,-1,616,607,615,-1,616,615,617,-1,618,619,427,-1,427,619,620,-1,427,620,621,-1,621,622,427,-1,427,622,623,-1,427,623,609,-1,613,624,607,-1,607,624,625,-1,607,625,614,-1,606,605,626,-1,626,605,627,-1,626,627,628,-1,629,630,631,-1,631,630,632,-1,631,632,633,-1,633,632,634,-1,633,634,635,-1,635,634,636,-1,635,636,427,-1,427,636,637,-1,427,637,618,-1,638,639,640,-1,640,639,641,-1,640,641,629,-1,629,641,642,-1,629,642,630,-1,643,644,645,-1,645,644,639,-1,645,639,646,-1,646,639,638,-1,643,647,644,-1,644,647,648,-1,644,648,649,-1,649,648,650,-1,649,650,651,-1,651,650,652,-1,651,652,653,-1,653,652,628,-1,653,628,654,-1,654,628,627,-1,655,656,657,-1,658,659,660,-1,639,644,660,-1,660,644,655,-1,660,655,658,-1,658,655,657,-1,610,661,662,-1,610,662,611,-1,611,662,663,-1,611,663,612,-1,612,663,664,-1,612,664,613,-1,613,664,624,-1,624,664,665,-1,624,665,625,-1,657,656,666,-1,666,656,667,-1,625,665,614,-1,614,665,666,-1,614,666,615,-1,615,666,667,-1,615,667,617,-1,659,658,668,-1,668,658,669,-1,618,668,619,-1,619,668,669,-1,619,669,620,-1,620,669,670,-1,620,670,621,-1,621,670,622,-1,622,670,671,-1,622,671,623,-1,623,671,672,-1,623,672,609,-1,609,672,673,-1,609,673,608,-1,608,673,13,-1,608,13,12,-1,674,675,676,-1,676,675,677,-1,678,679,540,-1,540,679,680,-1,540,680,681,-1,682,683,684,-1,682,685,683,-1,683,685,686,-1,683,686,687,-1,44,688,540,-1,540,688,689,-1,540,689,678,-1,690,691,675,-1,675,691,692,-1,675,692,693,-1,687,694,683,-1,683,694,695,-1,683,695,681,-1,681,695,696,-1,681,696,540,-1,540,696,697,-1,540,697,698,-1,684,699,675,-1,693,700,675,-1,675,700,701,-1,675,701,684,-1,684,701,702,-1,684,702,682,-1,699,703,675,-1,675,703,704,-1,675,704,705,-1,705,706,675,-1,675,706,707,-1,675,707,677,-1,635,427,569,-1,569,427,567,-1,690,675,571,-1,571,675,572,-1,576,578,606,-1,606,578,607,-1,592,1,698,-1,698,1,540,-1,578,572,674,-1,674,572,675,-1,607,578,610,-1,610,578,674,-1,610,674,661,-1,661,674,708,-1,592,698,593,-1,593,698,697,-1,593,697,594,-1,594,697,696,-1,594,696,595,-1,595,696,695,-1,595,695,573,-1,573,695,694,-1,573,694,574,-1,574,694,687,-1,574,687,596,-1,596,687,686,-1,596,686,597,-1,597,686,685,-1,597,685,598,-1,598,685,682,-1,598,682,582,-1,582,682,702,-1,582,702,583,-1,583,702,701,-1,583,701,602,-1,602,701,700,-1,602,700,603,-1,603,700,693,-1,603,693,604,-1,604,693,692,-1,604,692,570,-1,570,692,691,-1,570,691,571,-1,571,691,690,-1,576,606,577,-1,577,606,626,-1,577,626,579,-1,579,626,628,-1,579,628,580,-1,580,628,652,-1,580,652,581,-1,581,652,650,-1,581,650,585,-1,585,650,648,-1,585,648,586,-1,586,648,647,-1,586,647,587,-1,587,647,643,-1,587,643,589,-1,589,643,645,-1,589,645,590,-1,590,645,646,-1,590,646,591,-1,591,646,638,-1,591,638,599,-1,599,638,640,-1,599,640,600,-1,600,640,629,-1,600,629,601,-1,601,629,631,-1,601,631,568,-1,568,631,633,-1,568,633,569,-1,569,633,635,-1,709,710,683,-1,683,710,684,-1,711,712,713,-1,713,712,714,-1,712,711,715,-1,712,715,716,-1,716,715,717,-1,716,717,718,-1,718,717,719,-1,718,719,720,-1,720,719,721,-1,720,721,722,-1,722,721,723,-1,722,723,724,-1,724,723,39,-1,724,39,13,-1,44,39,725,-1,726,689,725,-1,725,689,688,-1,725,688,44,-1,726,727,689,-1,689,727,728,-1,689,728,678,-1,728,729,678,-1,678,729,730,-1,678,730,679,-1,730,731,679,-1,679,731,732,-1,679,732,680,-1,732,733,680,-1,680,733,734,-1,680,734,681,-1,734,735,681,-1,681,735,709,-1,681,709,683,-1,712,716,736,-1,737,738,739,-1,13,673,740,-1,739,738,13,-1,741,13,738,-1,741,738,742,-1,742,738,737,-1,742,737,743,-1,724,13,741,-1,744,745,746,-1,746,745,740,-1,746,740,747,-1,747,740,673,-1,747,673,672,-1,724,741,722,-1,722,741,742,-1,722,742,720,-1,720,742,743,-1,720,743,718,-1,748,744,749,-1,749,744,746,-1,749,746,750,-1,750,746,747,-1,750,747,751,-1,751,747,672,-1,751,672,671,-1,752,748,753,-1,753,748,749,-1,753,749,754,-1,754,749,750,-1,754,750,755,-1,755,750,751,-1,755,751,756,-1,756,751,671,-1,756,671,670,-1,716,752,736,-1,736,752,753,-1,736,753,757,-1,757,753,754,-1,757,754,758,-1,758,754,755,-1,758,755,759,-1,759,755,756,-1,759,756,760,-1,760,756,670,-1,760,670,669,-1,712,736,761,-1,761,736,757,-1,761,757,762,-1,762,757,758,-1,762,758,763,-1,763,758,759,-1,763,759,764,-1,764,759,760,-1,764,760,765,-1,765,760,669,-1,765,669,658,-1,745,13,740,-1,716,718,752,-1,752,718,743,-1,752,743,748,-1,748,743,737,-1,748,737,744,-1,744,737,739,-1,744,739,745,-1,745,739,13,-1,733,732,766,-1,731,730,767,-1,768,769,770,-1,39,723,771,-1,770,769,39,-1,725,39,769,-1,729,728,768,-1,768,728,727,-1,768,727,769,-1,769,727,726,-1,769,726,725,-1,772,773,774,-1,774,773,771,-1,774,771,775,-1,775,771,723,-1,775,723,721,-1,730,729,767,-1,767,729,768,-1,767,768,776,-1,776,768,770,-1,776,770,777,-1,777,770,39,-1,778,772,779,-1,779,772,774,-1,779,774,780,-1,780,774,775,-1,780,775,781,-1,781,775,721,-1,781,721,719,-1,766,778,782,-1,782,778,779,-1,782,779,783,-1,783,779,780,-1,783,780,784,-1,784,780,781,-1,784,781,785,-1,785,781,719,-1,785,719,717,-1,735,734,786,-1,786,734,733,-1,733,766,786,-1,786,766,782,-1,786,782,787,-1,787,782,783,-1,787,783,788,-1,788,783,784,-1,788,784,789,-1,789,784,785,-1,789,785,790,-1,790,785,717,-1,790,717,715,-1,791,709,735,-1,735,786,791,-1,791,786,787,-1,791,787,792,-1,792,787,788,-1,792,788,793,-1,793,788,789,-1,793,789,794,-1,794,789,790,-1,794,790,795,-1,795,790,715,-1,795,715,711,-1,773,39,771,-1,732,731,766,-1,766,731,767,-1,766,767,778,-1,778,767,776,-1,778,776,772,-1,772,776,777,-1,772,777,773,-1,773,777,39,-1,658,657,796,-1,658,796,765,-1,765,796,797,-1,765,797,764,-1,764,797,798,-1,764,798,763,-1,763,798,799,-1,763,799,762,-1,762,799,800,-1,762,800,761,-1,761,800,714,-1,761,714,712,-1,710,709,791,-1,710,791,801,-1,801,791,792,-1,801,792,802,-1,802,792,793,-1,802,793,803,-1,803,793,794,-1,803,794,804,-1,804,794,795,-1,804,795,805,-1,805,795,711,-1,805,711,713,-1,684,710,699,-1,699,710,806,-1,699,806,703,-1,703,806,704,-1,704,806,807,-1,704,807,705,-1,705,807,706,-1,706,807,808,-1,706,808,707,-1,707,808,809,-1,707,809,677,-1,677,809,810,-1,677,810,676,-1,676,810,708,-1,676,708,674,-1,657,666,811,-1,812,813,814,-1,661,815,816,-1,814,813,661,-1,817,661,813,-1,817,813,818,-1,818,813,812,-1,818,812,819,-1,662,661,817,-1,820,821,822,-1,822,821,816,-1,822,816,823,-1,823,816,815,-1,823,815,824,-1,662,817,663,-1,663,817,818,-1,663,818,664,-1,664,818,819,-1,664,819,665,-1,825,820,826,-1,826,820,822,-1,826,822,827,-1,827,822,823,-1,827,823,828,-1,828,823,824,-1,828,824,829,-1,830,825,831,-1,831,825,826,-1,831,826,832,-1,832,826,827,-1,832,827,833,-1,833,827,828,-1,833,828,834,-1,834,828,829,-1,834,829,835,-1,666,830,811,-1,811,830,831,-1,811,831,836,-1,836,831,832,-1,836,832,837,-1,837,832,833,-1,837,833,838,-1,838,833,834,-1,838,834,839,-1,839,834,835,-1,839,835,840,-1,657,811,796,-1,796,811,836,-1,796,836,797,-1,797,836,837,-1,797,837,798,-1,798,837,838,-1,798,838,799,-1,799,838,839,-1,799,839,800,-1,800,839,840,-1,800,840,714,-1,821,661,816,-1,666,665,830,-1,830,665,819,-1,830,819,825,-1,825,819,812,-1,825,812,820,-1,820,812,814,-1,820,814,821,-1,821,814,661,-1,713,841,842,-1,843,844,845,-1,708,810,846,-1,845,844,708,-1,847,708,844,-1,847,844,848,-1,848,844,843,-1,848,843,849,-1,850,708,847,-1,851,852,853,-1,853,852,846,-1,853,846,854,-1,854,846,810,-1,854,810,809,-1,850,847,855,-1,855,847,848,-1,855,848,856,-1,856,848,849,-1,856,849,857,-1,858,851,859,-1,859,851,853,-1,859,853,860,-1,860,853,854,-1,860,854,861,-1,861,854,809,-1,861,809,808,-1,862,858,863,-1,863,858,859,-1,863,859,864,-1,864,859,860,-1,864,860,865,-1,865,860,861,-1,865,861,866,-1,866,861,808,-1,866,808,807,-1,841,862,842,-1,842,862,863,-1,842,863,867,-1,867,863,864,-1,867,864,868,-1,868,864,865,-1,868,865,869,-1,869,865,866,-1,869,866,870,-1,870,866,807,-1,870,807,806,-1,713,842,805,-1,805,842,867,-1,805,867,804,-1,804,867,868,-1,804,868,803,-1,803,868,869,-1,803,869,802,-1,802,869,870,-1,802,870,801,-1,801,870,806,-1,801,806,710,-1,852,708,846,-1,841,857,862,-1,862,857,849,-1,862,849,858,-1,858,849,843,-1,858,843,851,-1,851,843,845,-1,851,845,852,-1,852,845,708,-1,661,708,850,-1,661,850,815,-1,815,850,855,-1,815,855,824,-1,824,855,856,-1,824,856,829,-1,829,856,857,-1,829,857,835,-1,835,857,841,-1,835,841,840,-1,840,841,713,-1,840,713,714,-1,
        ]
    }
}
Shape{
    appearance Appearance {
        material  Material 	{
            diffuseColor 0.0 0.9058823529411765 0.1411764705882353
            specularColor 0.0 0.45098039215686275 0.07058823529411765
            ambientIntensity 0.5478
            transparency 0.0
            shininess 0.5
        }
    }
    geometry IndexedFaceSet {
        ccw TRUE
        solid FALSE
        coord DEF co Coordinate {
            point [
                -0.3784 0.1725 0.1063, -0.3784 0.1725 0.1063, -0.3546 0.1687 0.1063, -0.3546 0.1687 0.1063, -0.3315 0.1617 0.1063, -0.3315 0.1617 0.1063, -0.3096 0.1515 0.1063, -0.3096 0.1515 0.1063, -0.2894 0.1383 0.1063, -0.2894 0.1383 0.1063, -0.2712 0.1225 0.1063, -0.2712 0.1225 0.1063, -0.2559 0.105 0.1063, -0.2559 0.105 0.1063, -0.2559 0.2264 0.1063, -0.2558 0.2279 0.1063, -0.3784 0.2279 0.1063, -0.3784 0.2279 0.1063, -0.2558 0.2279 0.1063, -0.2559 -0.105 0.1063, -0.2559 -0.105 0.1063, -0.2712 -0.1225 0.1063, -0.2712 -0.1225 0.1063, -0.2894 -0.1383 0.1063, -0.2894 -0.1383 0.1063, -0.3096 -0.1515 0.1063, -0.3096 -0.1515 0.1063, -0.3315 -0.1617 0.1063, -0.3315 -0.1617 0.1063, -0.3546 -0.1688 0.1063, -0.3546 -0.1688 0.1063, -0.3784 -0.1726 0.1063, -0.3784 -0.1726 0.1063, -0.2559 -0.2264 0.1063, -0.2558 -0.2279 0.1063, -0.3784 -0.2279 0.1063, -0.3784 -0.2279 0.1063, -0.2558 -0.2279 0.1063, 0.0715 0.084 0.0039, -0.0819 -0.0 0.0039, 0.0715 0.084 0.0039, -0.0819 -0.0 0.0039, 0.0715 -0.0875 0.0039, 0.0715 -0.0875 0.0039
            ]
        }
        coordIndex [
            0,1,2,-1,2,1,3,-1,2,3,4,-1,4,3,5,-1,4,5,6,-1,6,5,7,-1,6,7,8,-1,8,7,9,-1,8,9,10,-1,10,9,11,-1,10,11,12,-1,12,11,13,-1,10,12,14,-1,4,6,15,-1,15,6,14,-1,14,6,8,-1,14,8,10,-1,4,15,2,-1,2,15,16,-1,2,16,0,-1,0,16,1,-1,1,16,17,-1,17,16,18,-1,18,16,15,-1,19,20,21,-1,21,20,22,-1,21,22,23,-1,23,22,24,-1,23,24,25,-1,25,24,26,-1,25,26,27,-1,27,26,28,-1,27,28,29,-1,29,28,30,-1,29,30,31,-1,31,30,32,-1,19,21,33,-1,33,21,23,-1,33,23,34,-1,23,25,34,-1,34,25,27,-1,34,27,35,-1,35,27,29,-1,35,29,31,-1,35,31,36,-1,36,31,32,-1,35,36,34,-1,34,36,37,-1,38,39,40,-1,40,39,41,-1,42,38,43,-1,43,38,40,-1,39,42,41,-1,41,42,43,-1,38,42,39,-1,
        ]
    }
}
Shape{
    appearance Appearance {
        material  Material 	{
            diffuseColor 0.0 0.0 0.0
            specularColor 0.0 0.0 0.0
            ambientIntensity 0.0
            transparency 0.0
            shininess 0.5
        }
    }
    geometry IndexedFaceSet {
        ccw TRUE
        solid FALSE
        coord DEF co Coordinate {
            point [
                -0.0023 0.2461 0.0671, -0.0023 0.2461 0.0653, -0.0023 0.246 0.0671, -0.0023 0.246 0.0653, 0.0041 0.2461 0.0671, 0.0041 0.246 0.0671, 0.004 0.2461 0.0813, 0.004 0.246 0.0813, 0.004 0.246 0.0813, 0.0061 0.2461 0.0813, 0.0061 0.246 0.0813, 0.0062 0.246 0.0653, 0.0062 0.2461 0.0653, 0.0061 0.246 0.0813, -0.0105 0.2461 0.0649, -0.0105 0.246 0.0649, -0.011 0.246 0.065, -0.0129 0.2461 0.0652, -0.0129 0.246 0.0652, -0.0147 0.246 0.0657, -0.0147 0.2461 0.0657, -0.0149 0.246 0.0658, -0.0149 0.2461 0.0658, -0.0149 0.2461 0.0678, -0.0149 0.246 0.0678, -0.0134 0.246 0.0671, -0.0134 0.2461 0.0671, -0.0115 0.246 0.0668, -0.0115 0.2461 0.0668, -0.0108 0.246 0.0668, -0.0108 0.2461 0.0668, -0.0094 0.246 0.0669, -0.0094 0.2461 0.0669, -0.0082 0.246 0.0674, -0.0082 0.2461 0.0674, -0.0071 0.246 0.0681, -0.0071 0.2461 0.0681, -0.0067 0.246 0.0685, -0.0067 0.2461 0.0685, -0.006 0.246 0.0695, -0.006 0.2461 0.0695, -0.0054 0.246 0.0708, -0.0054 0.2461 0.0708, -0.0052 0.246 0.0724, -0.0052 0.2461 0.0724, -0.0052 0.246 0.0731, -0.0052 0.2461 0.0731, -0.0054 0.246 0.0753, -0.0054 0.2461 0.0753, -0.006 0.246 0.0767, -0.006 0.2461 0.0767, -0.0068 0.246 0.0778, -0.0068 0.2461 0.0778, -0.0069 0.246 0.0779, -0.0069 0.2461 0.0779, -0.0079 0.246 0.0787, -0.0079 0.2461 0.0787, -0.0091 0.246 0.0793, -0.0091 0.2461 0.0793, -0.0105 0.246 0.0796, -0.0105 0.2461 0.0796, -0.0112 0.246 0.0796, -0.0112 0.2461 0.0796, -0.0132 0.246 0.0794, -0.0132 0.2461 0.0794, -0.0148 0.246 0.0788, -0.0148 0.2461 0.0788, -0.015 0.246 0.0787, -0.015 0.2461 0.0787, -0.015 0.2461 0.0808, -0.015 0.246 0.0808, -0.0112 0.246 0.0815, -0.0112 0.2461 0.0815, -0.0133 0.2461 0.0813, -0.0135 0.246 0.0813, -0.0133 0.246 0.0813, -0.0089 0.2461 0.0812, -0.0092 0.246 0.0813, -0.0089 0.246 0.0812, -0.0072 0.246 0.0806, -0.0072 0.2461 0.0806, -0.0057 0.246 0.0796, -0.0057 0.2461 0.0796, -0.0053 0.246 0.0792, -0.0053 0.2461 0.0792, -0.0042 0.246 0.0777, -0.0042 0.2461 0.0777, -0.0036 0.246 0.0763, -0.0034 0.2461 0.0759, -0.0034 0.246 0.0759, -0.003 0.246 0.0738, -0.003 0.2461 0.0738, -0.003 0.246 0.073, -0.003 0.2461 0.073, -0.0033 0.246 0.0704, -0.0033 0.2461 0.0704, -0.0036 0.246 0.0696, -0.0039 0.2461 0.0687, -0.0039 0.246 0.0687, -0.0049 0.246 0.0673, -0.0049 0.2461 0.0673, -0.005 0.246 0.0672, -0.005 0.2461 0.0672, -0.0097 0.246 0.065, -0.0095 0.2461 0.065, -0.0095 0.246 0.065, -0.0078 0.2461 0.0654, -0.0078 0.246 0.0654, -0.0063 0.2461 0.0661, -0.0063 0.246 0.0661, -0.0268 0.2461 0.0669, -0.0267 0.2461 0.0651, -0.0268 0.246 0.0669, -0.0267 0.246 0.0651, -0.0202 0.246 0.067, -0.0202 0.2461 0.067, -0.0244 0.246 0.0669, -0.0202 0.2461 0.0724, -0.0202 0.246 0.0724, -0.026 0.246 0.0723, -0.026 0.2461 0.0723, -0.0244 0.246 0.0723, -0.026 0.2461 0.0742, -0.026 0.246 0.0742, -0.0203 0.246 0.0742, -0.0203 0.2461 0.0742, -0.0244 0.246 0.0742, -0.0203 0.2461 0.0793, -0.0203 0.246 0.0793, -0.0265 0.246 0.0793, -0.0265 0.2461 0.0793, -0.0244 0.246 0.0793, -0.0265 0.2461 0.0811, -0.0265 0.246 0.0811, -0.0182 0.246 0.0812, -0.0182 0.2461 0.0812, -0.0244 0.246 0.0811, -0.0181 0.2461 0.0652, -0.0181 0.246 0.0652, -0.0244 0.246 0.0651, -0.0404 0.2461 0.0672, -0.0388 0.2461 0.0683, -0.0387 0.2461 0.0661, -0.0377 0.2461 0.0676, -0.0369 0.2461 0.0654, -0.0364 0.2461 0.0671, -0.0342 0.2461 0.065, -0.0342 0.2461 0.0669, -0.0298 0.2461 0.0651, -0.0318 0.2461 0.0669, -0.0299 0.2461 0.0811, -0.0319 0.2461 0.0792, -0.0344 0.2461 0.0811, -0.0344 0.2461 0.0792, -0.0345 0.2461 0.0792, -0.0369 0.2461 0.0808, -0.0366 0.2461 0.0789, -0.0388 0.2461 0.0801, -0.0379 0.2461 0.0784, -0.0405 0.2461 0.0789, -0.039 0.2461 0.0777, -0.041 0.2461 0.0783, -0.0394 0.2461 0.0772, -0.042 0.2461 0.0769, -0.04 0.2461 0.0763, -0.0426 0.2461 0.0754, -0.0405 0.2461 0.0752, -0.0429 0.2461 0.0732, -0.0407 0.2461 0.0732, -0.0428 0.2461 0.0722, -0.0406 0.2461 0.0721, -0.0424 0.2461 0.0703, -0.0403 0.2461 0.0706, -0.0416 0.2461 0.0687, -0.0397 0.2461 0.0694, -0.0389 0.2461 0.0685, -0.0342 0.246 0.065, -0.0298 0.246 0.0651, -0.0404 0.246 0.0672, -0.0369 0.246 0.0654, -0.037 0.246 0.0654, -0.0387 0.246 0.0661, -0.0416 0.246 0.0687, -0.0424 0.246 0.0703, -0.0428 0.246 0.0722, -0.0429 0.246 0.0732, -0.0426 0.246 0.0754, -0.042 0.246 0.0769, -0.041 0.246 0.0783, -0.0405 0.246 0.0789, -0.0388 0.246 0.0801, -0.037 0.246 0.0807, -0.0369 0.246 0.0808, -0.0344 0.246 0.0811, -0.0299 0.246 0.0811, -0.0344 0.246 0.0792, -0.0319 0.246 0.0792, -0.0318 0.246 0.0669, -0.0342 0.246 0.0669, -0.0389 0.246 0.0685, -0.0388 0.246 0.0683, -0.0377 0.246 0.0676, -0.0364 0.246 0.0671, -0.0407 0.246 0.0732, -0.0406 0.246 0.0721, -0.0403 0.246 0.0706, -0.0397 0.246 0.0694, -0.039 0.246 0.0777, -0.0394 0.246 0.0772, -0.04 0.246 0.0763, -0.0405 0.246 0.0752, -0.0345 0.246 0.0792, -0.0366 0.246 0.0789, -0.0379 0.246 0.0784
            ]
        }
        coordIndex [
            0,1,2,-1,2,1,3,-1,4,0,5,-1,5,0,2,-1,4,5,6,-1,6,5,7,-1,6,7,8,-1,9,6,10,-1,10,6,8,-1,11,12,13,-1,13,12,9,-1,13,9,10,-1,1,12,3,-1,3,12,11,-1,6,9,4,-1,4,9,12,-1,4,12,0,-1,0,12,1,-1,14,15,16,-1,14,16,17,-1,16,18,17,-1,17,18,19,-1,17,19,20,-1,20,19,21,-1,20,21,22,-1,23,22,24,-1,24,22,21,-1,23,24,25,-1,23,25,26,-1,26,25,27,-1,26,27,28,-1,28,27,29,-1,28,29,30,-1,30,29,31,-1,30,31,32,-1,32,31,33,-1,32,33,34,-1,34,33,35,-1,34,35,36,-1,36,35,37,-1,36,37,38,-1,38,37,39,-1,38,39,40,-1,40,39,41,-1,40,41,42,-1,42,41,43,-1,42,43,44,-1,44,43,45,-1,44,45,46,-1,46,45,47,-1,46,47,48,-1,48,47,49,-1,48,49,50,-1,50,49,51,-1,50,51,52,-1,52,51,53,-1,52,53,54,-1,54,53,55,-1,54,55,56,-1,56,55,57,-1,56,57,58,-1,58,57,59,-1,58,59,60,-1,60,59,61,-1,60,61,62,-1,62,61,63,-1,62,63,64,-1,64,63,65,-1,64,65,66,-1,66,65,67,-1,66,67,68,-1,69,68,70,-1,70,68,67,-1,71,72,73,-1,69,70,74,-1,69,74,73,-1,73,74,75,-1,73,75,71,-1,76,72,77,-1,77,72,71,-1,77,78,76,-1,76,78,79,-1,76,79,80,-1,80,79,81,-1,80,81,82,-1,82,81,83,-1,82,83,84,-1,84,83,85,-1,84,85,86,-1,86,85,87,-1,86,87,88,-1,87,89,88,-1,88,89,90,-1,88,90,91,-1,91,90,92,-1,91,92,93,-1,93,92,94,-1,93,94,95,-1,95,94,96,-1,95,96,97,-1,96,98,97,-1,97,98,99,-1,97,99,100,-1,100,99,101,-1,100,101,102,-1,15,14,103,-1,103,14,104,-1,103,104,105,-1,105,104,106,-1,105,106,107,-1,107,106,108,-1,107,108,109,-1,109,108,102,-1,109,102,101,-1,48,50,86,-1,86,50,84,-1,93,46,91,-1,91,46,48,-1,91,48,88,-1,88,48,86,-1,50,52,84,-1,84,52,54,-1,84,54,82,-1,82,54,56,-1,82,56,80,-1,80,56,76,-1,76,56,58,-1,76,58,72,-1,22,23,20,-1,20,23,26,-1,20,26,17,-1,17,26,28,-1,17,28,14,-1,14,28,30,-1,14,30,104,-1,104,30,32,-1,104,32,106,-1,106,32,34,-1,106,34,108,-1,108,34,36,-1,108,36,102,-1,102,36,38,-1,102,38,100,-1,100,38,40,-1,100,40,97,-1,97,40,95,-1,95,40,42,-1,95,42,93,-1,93,42,44,-1,93,44,46,-1,58,60,72,-1,72,60,62,-1,72,62,73,-1,73,62,64,-1,73,64,69,-1,69,64,66,-1,69,66,68,-1,110,111,112,-1,112,111,113,-1,114,115,116,-1,116,115,110,-1,116,110,112,-1,117,115,118,-1,118,115,114,-1,119,120,121,-1,121,120,117,-1,121,117,118,-1,122,120,123,-1,123,120,119,-1,124,125,126,-1,126,125,122,-1,126,122,123,-1,127,125,128,-1,128,125,124,-1,129,130,131,-1,131,130,127,-1,131,127,128,-1,132,130,133,-1,133,130,129,-1,134,135,136,-1,136,135,132,-1,136,132,133,-1,137,135,138,-1,138,135,134,-1,113,111,139,-1,139,111,137,-1,139,137,138,-1,137,111,110,-1,110,115,137,-1,137,115,117,-1,137,117,135,-1,130,132,127,-1,127,132,135,-1,127,135,125,-1,125,135,117,-1,125,117,122,-1,122,117,120,-1,140,141,142,-1,142,141,143,-1,142,143,144,-1,144,143,145,-1,144,145,146,-1,146,145,147,-1,146,147,148,-1,148,147,149,-1,148,149,150,-1,150,149,151,-1,150,151,152,-1,151,153,152,-1,152,153,154,-1,152,154,155,-1,155,154,156,-1,155,156,157,-1,157,156,158,-1,157,158,159,-1,159,158,160,-1,159,160,161,-1,161,160,162,-1,161,162,163,-1,163,162,164,-1,163,164,165,-1,165,164,166,-1,165,166,167,-1,167,166,168,-1,167,168,169,-1,169,168,170,-1,169,170,171,-1,171,170,172,-1,171,172,173,-1,173,172,174,-1,173,174,140,-1,140,174,175,-1,140,175,141,-1,146,148,176,-1,176,148,177,-1,178,140,142,-1,146,176,179,-1,146,179,144,-1,144,179,180,-1,144,180,142,-1,142,180,181,-1,142,181,178,-1,140,178,182,-1,140,182,173,-1,173,182,183,-1,173,183,171,-1,171,183,184,-1,171,184,169,-1,169,184,185,-1,169,185,167,-1,167,185,186,-1,167,186,165,-1,165,186,187,-1,165,187,163,-1,163,187,188,-1,163,188,161,-1,161,188,189,-1,161,189,159,-1,159,189,190,-1,191,155,190,-1,190,155,157,-1,190,157,159,-1,191,192,155,-1,155,192,193,-1,155,193,152,-1,150,152,194,-1,194,152,193,-1,148,150,177,-1,177,150,194,-1,153,151,195,-1,195,151,196,-1,151,149,196,-1,196,149,197,-1,149,147,197,-1,197,147,198,-1,175,199,200,-1,175,200,141,-1,141,200,201,-1,141,201,143,-1,143,201,202,-1,143,202,145,-1,145,202,198,-1,145,198,147,-1,168,203,204,-1,168,204,170,-1,170,204,205,-1,170,205,172,-1,172,205,206,-1,172,206,174,-1,174,206,199,-1,174,199,175,-1,160,207,208,-1,160,208,162,-1,162,208,209,-1,162,209,164,-1,164,209,210,-1,164,210,166,-1,166,210,203,-1,166,203,168,-1,153,195,211,-1,153,211,154,-1,154,211,212,-1,154,212,156,-1,156,212,213,-1,156,213,158,-1,158,213,207,-1,158,207,160,-1,
        ]
    }
}
Shape{
    appearance Appearance {
        material  Material 	{
            diffuseColor 1.0 1.0 1.0
            specularColor 0.5019607843137255 0.5019607843137255 0.5019607843137255
            ambientIntensity 1.0
            transparency 0.0
            shininess 0.5
        }
    }
    geometry IndexedFaceSet {
        ccw TRUE
        solid FALSE
        coord DEF co Coordinate {
            point [
                -0.0377 0.246 0.0676, -0.0388 0.246 0.0683, -0.0345 0.246 0.0792, -0.0319 0.246 0.0792, -0.0318 0.246 0.0669, -0.0344 0.246 0.0792, -0.0342 0.246 0.0669, -0.0364 0.246 0.0671, -0.0389 0.246 0.0685, -0.0397 0.246 0.0694, -0.0403 0.246 0.0706, -0.0407 0.246 0.0732, -0.039 0.246 0.0777, -0.0379 0.246 0.0784, -0.0405 0.246 0.0752, -0.04 0.246 0.0763, -0.0394 0.246 0.0772, -0.0406 0.246 0.0721, -0.0366 0.246 0.0789
            ]
        }
        coordIndex [
            0,1,2,-1,3,4,5,-1,5,4,6,-1,5,6,2,-1,2,6,7,-1,2,7,0,-1,1,8,2,-1,2,8,9,-1,2,9,10,-1,11,12,13,-1,14,15,11,-1,11,15,16,-1,11,16,12,-1,10,17,2,-1,2,17,11,-1,2,11,18,-1,18,11,13,-1,
        ]
    }
}
Shape{
    appearance Appearance {
        material  Material 	{
            diffuseColor 0.0 0.0 0.0
            specularColor 0.0 0.0 0.0
            ambientIntensity 0.0
            transparency 0.0
            shininess 0.5
        }
    }
    geometry IndexedFaceSet {
        ccw TRUE
        solid FALSE
        coord DEF co Coordinate {
            point [
                -0.0482 0.2461 0.0711, -0.0475 0.2461 0.0693, -0.0536 0.2461 0.0711, -0.0542 0.2461 0.0693, -0.0507 0.2461 0.0778, -0.0499 0.2461 0.081, -0.0437 0.2461 0.065, -0.046 0.2461 0.065, -0.0508 0.2461 0.0783, -0.0509 0.2461 0.0789, -0.0521 0.2461 0.0809, -0.051 0.2461 0.0789, -0.0511 0.2461 0.0782, -0.0512 0.2461 0.0778, -0.0581 0.2461 0.0649, -0.0558 0.2461 0.0649, -0.0521 0.246 0.0809, -0.0581 0.246 0.065, -0.0581 0.246 0.0649, -0.0499 0.246 0.081, -0.0437 0.246 0.065, -0.0437 0.246 0.065, -0.0481 0.246 0.0764, -0.046 0.246 0.065, -0.0475 0.246 0.0693, -0.046 0.246 0.065, -0.0542 0.246 0.0693, -0.0481 0.246 0.0693, -0.0558 0.246 0.065, -0.0558 0.246 0.0649, -0.0482 0.246 0.0711, -0.0536 0.246 0.0711, -0.0512 0.246 0.0778, -0.051 0.246 0.0789, -0.0511 0.246 0.0782, -0.0509 0.246 0.0789, -0.0507 0.246 0.0778, -0.0508 0.246 0.0783
            ]
        }
        coordIndex [
            0,1,2,-1,2,1,3,-1,4,5,0,-1,0,5,6,-1,0,6,1,-1,1,6,7,-1,4,8,5,-1,5,8,9,-1,5,9,10,-1,10,9,11,-1,10,11,12,-1,12,13,10,-1,10,13,2,-1,10,2,14,-1,14,2,3,-1,14,3,15,-1,16,10,17,-1,17,10,14,-1,17,14,18,-1,5,10,19,-1,19,10,16,-1,20,21,6,-1,20,6,22,-1,22,6,5,-1,22,5,19,-1,7,6,23,-1,23,6,21,-1,24,1,25,-1,25,1,7,-1,25,7,23,-1,26,3,27,-1,27,3,1,-1,27,1,24,-1,3,26,15,-1,15,26,28,-1,15,28,29,-1,14,15,18,-1,18,15,29,-1,0,2,30,-1,30,2,31,-1,2,13,31,-1,31,13,32,-1,11,33,34,-1,11,34,12,-1,12,34,32,-1,12,32,13,-1,11,9,33,-1,33,9,35,-1,4,36,37,-1,4,37,8,-1,8,37,35,-1,8,35,9,-1,4,0,36,-1,36,0,30,-1,
        ]
    }
}
Shape{
    appearance Appearance {
        material  Material 	{
            diffuseColor 1.0 1.0 1.0
            specularColor 0.5019607843137255 0.5019607843137255 0.5019607843137255
            ambientIntensity 1.0
            transparency 0.0
            shininess 0.5
        }
    }
    geometry IndexedFaceSet {
        ccw TRUE
        solid FALSE
        coord DEF co Coordinate {
            point [
                -0.051 0.246 0.0789, -0.0509 0.246 0.0789, -0.0511 0.246 0.0782, -0.0508 0.246 0.0783, -0.0512 0.246 0.0778, -0.0507 0.246 0.0778, -0.0536 0.246 0.0711, -0.0482 0.246 0.0711
            ]
        }
        coordIndex [
            0,1,2,-1,2,1,3,-1,2,3,4,-1,4,3,5,-1,4,5,6,-1,6,5,7,-1,
        ]
    }
}
Shape{
    appearance Appearance {
        material  Material 	{
            diffuseColor 0.0 0.0 0.0
            specularColor 0.0 0.0 0.0
            ambientIntensity 0.0
            transparency 0.0
            shininess 0.5
        }
    }
    geometry IndexedFaceSet {
        ccw TRUE
        solid FALSE
        coord DEF co Coordinate {
            point [
                -0.0023 0.2461 0.0417, -0.0023 0.2461 0.0399, -0.0023 0.246 0.0417, -0.0023 0.246 0.0399, 0.0043 0.2461 0.0417, 0.0043 0.246 0.0417, 0.0042 0.2461 0.0471, 0.0042 0.246 0.0471, -0.0015 0.2461 0.0471, -0.0015 0.246 0.0471, -0.0015 0.2461 0.0489, -0.0015 0.246 0.0489, 0.0042 0.2461 0.049, 0.0042 0.246 0.049, 0.0042 0.2461 0.0541, 0.0042 0.246 0.0541, -0.002 0.2461 0.054, -0.002 0.246 0.054, -0.002 0.2461 0.0559, -0.002 0.246 0.0559, 0.0062 0.2461 0.0559, 0.0062 0.246 0.0559, 0.0063 0.246 0.0399, 0.0063 0.2461 0.0399, 0.0063 0.246 0.0526, 0.0063 0.246 0.0399, -0.0114 0.2461 0.0398, -0.0134 0.2461 0.0398, -0.0114 0.2461 0.0416, -0.0134 0.2461 0.0472, -0.0087 0.2461 0.0452, -0.0114 0.2461 0.0455, -0.0114 0.2461 0.0444, -0.0113 0.2461 0.0416, -0.0103 0.2461 0.0419, -0.0108 0.2461 0.0408, -0.0097 0.2461 0.0415, -0.0057 0.2461 0.0459, -0.0051 0.2461 0.0453, -0.0065 0.2461 0.0442, -0.0114 0.2461 0.0443, -0.0113 0.2461 0.0434, -0.011 0.2461 0.0427, -0.0105 0.2461 0.0421, -0.0054 0.2461 0.0505, -0.0054 0.2461 0.0485, -0.0058 0.2461 0.0507, -0.0066 0.2461 0.0493, -0.0073 0.2461 0.0513, -0.0078 0.2461 0.0498, -0.0093 0.2461 0.0515, -0.0091 0.2461 0.0499, -0.0106 0.2461 0.0514, -0.0098 0.2461 0.0498, -0.0114 0.2461 0.0511, -0.0103 0.2461 0.0496, -0.0121 0.2461 0.0507, -0.0106 0.2461 0.0494, -0.0126 0.2461 0.0502, -0.0109 0.2461 0.0491, -0.013 0.2461 0.0496, -0.0112 0.2461 0.0487, -0.0133 0.2461 0.0486, -0.0114 0.2461 0.048, -0.0114 0.2461 0.0471, -0.0064 0.2461 0.0438, -0.0046 0.2461 0.0448, -0.0063 0.2461 0.0434, -0.008 0.2461 0.0466, -0.007 0.2461 0.0447, -0.0075 0.2461 0.0449, -0.0066 0.2461 0.0419, -0.0052 0.2461 0.0405, -0.0068 0.2461 0.0417, -0.0058 0.2461 0.04, -0.0072 0.2461 0.0415, -0.0066 0.2461 0.0397, -0.0077 0.2461 0.0413, -0.0078 0.2461 0.0396, -0.0083 0.2461 0.0412, -0.009 0.2461 0.0397, -0.0091 0.2461 0.0413, -0.0098 0.2461 0.04, -0.0101 0.2461 0.0402, -0.0068 0.2461 0.0445, -0.0066 0.2461 0.0463, -0.0044 0.2461 0.0441, -0.0042 0.2461 0.0432, -0.0062 0.2461 0.0431, -0.0042 0.2461 0.0429, -0.0063 0.2461 0.0426, -0.0043 0.2461 0.042, -0.0064 0.2461 0.0422, -0.0045 0.2461 0.0413, -0.005 0.2461 0.0407, -0.0093 0.246 0.0515, -0.0073 0.246 0.0513, -0.0058 0.246 0.0507, -0.0054 0.246 0.0505, -0.0054 0.246 0.0485, -0.0066 0.246 0.0493, -0.0078 0.246 0.0498, -0.0091 0.246 0.0499, -0.0098 0.246 0.0498, -0.0103 0.246 0.0496, -0.0106 0.246 0.0494, -0.0109 0.246 0.0491, -0.0112 0.246 0.0487, -0.0114 0.246 0.048, -0.0114 0.246 0.0471, -0.008 0.246 0.0466, -0.0066 0.246 0.0463, -0.0057 0.246 0.0459, -0.0051 0.246 0.0453, -0.0046 0.246 0.0448, -0.0044 0.246 0.0441, -0.0042 0.246 0.0432, -0.0042 0.246 0.0429, -0.0043 0.246 0.042, -0.0045 0.246 0.0413, -0.005 0.246 0.0407, -0.0052 0.246 0.0405, -0.0058 0.246 0.04, -0.0066 0.246 0.0397, -0.0078 0.246 0.0396, -0.009 0.246 0.0397, -0.0098 0.246 0.04, -0.0101 0.246 0.0402, -0.0108 0.246 0.0408, -0.0113 0.246 0.0416, -0.0114 0.246 0.0416, -0.0114 0.246 0.0398, -0.0134 0.246 0.0398, -0.0134 0.246 0.0472, -0.0133 0.246 0.0486, -0.013 0.246 0.0496, -0.0126 0.246 0.0502, -0.0121 0.246 0.0507, -0.0114 0.246 0.0511, -0.0106 0.246 0.0514, -0.0068 0.246 0.0445, -0.007 0.246 0.0447, -0.0075 0.246 0.0449, -0.0087 0.246 0.0452, -0.0062 0.246 0.0431, -0.0063 0.246 0.0434, -0.0064 0.246 0.0438, -0.0065 0.246 0.0442, -0.0068 0.246 0.0417, -0.0066 0.246 0.0419, -0.0064 0.246 0.0422, -0.0063 0.246 0.0426, -0.0083 0.246 0.0412, -0.0077 0.246 0.0413, -0.0072 0.246 0.0415, -0.0105 0.246 0.0421, -0.0103 0.246 0.0419, -0.0097 0.246 0.0415, -0.0091 0.246 0.0413, -0.0114 0.246 0.0444, -0.0114 0.246 0.0443, -0.0113 0.246 0.0434, -0.011 0.246 0.0427, -0.0114 0.246 0.0455
            ]
        }
        coordIndex [
            0,1,2,-1,2,1,3,-1,4,0,5,-1,5,0,2,-1,6,4,7,-1,7,4,5,-1,8,6,9,-1,9,6,7,-1,10,8,11,-1,11,8,9,-1,12,10,13,-1,13,10,11,-1,14,12,15,-1,15,12,13,-1,16,14,17,-1,17,14,15,-1,18,16,19,-1,19,16,17,-1,20,18,21,-1,21,18,19,-1,22,23,24,-1,24,23,20,-1,24,20,21,-1,3,1,25,-1,25,1,23,-1,25,23,22,-1,23,1,0,-1,0,4,23,-1,23,4,6,-1,23,6,20,-1,16,18,14,-1,14,18,20,-1,14,20,12,-1,12,20,6,-1,12,6,10,-1,10,6,8,-1,26,27,28,-1,28,27,29,-1,30,31,29,-1,29,31,32,-1,33,34,35,-1,35,34,36,-1,37,38,39,-1,32,40,29,-1,29,40,41,-1,29,41,28,-1,28,41,42,-1,28,42,33,-1,33,42,43,-1,33,43,34,-1,44,45,46,-1,46,45,47,-1,46,47,48,-1,48,47,49,-1,48,49,50,-1,50,49,51,-1,50,51,52,-1,52,51,53,-1,52,53,54,-1,54,53,55,-1,54,55,56,-1,56,55,57,-1,56,57,58,-1,58,57,59,-1,58,59,60,-1,60,59,61,-1,60,61,62,-1,62,61,63,-1,62,63,29,-1,29,63,64,-1,29,64,30,-1,39,38,65,-1,65,38,66,-1,65,66,67,-1,68,69,64,-1,64,69,70,-1,64,70,30,-1,71,72,73,-1,73,72,74,-1,73,74,75,-1,75,74,76,-1,75,76,77,-1,77,76,78,-1,77,78,79,-1,79,78,80,-1,79,80,81,-1,81,80,82,-1,81,82,36,-1,36,82,83,-1,36,83,35,-1,39,84,37,-1,37,84,69,-1,37,69,85,-1,85,69,68,-1,66,86,67,-1,67,86,87,-1,67,87,88,-1,88,87,89,-1,88,89,90,-1,90,89,91,-1,90,91,92,-1,92,91,93,-1,92,93,71,-1,71,93,94,-1,71,94,72,-1,50,95,96,-1,50,96,48,-1,48,96,97,-1,48,97,46,-1,46,97,98,-1,46,98,44,-1,45,44,99,-1,99,44,98,-1,45,99,100,-1,45,100,47,-1,47,100,101,-1,47,101,49,-1,49,101,102,-1,49,102,51,-1,51,102,103,-1,51,103,53,-1,53,103,104,-1,53,104,55,-1,55,104,105,-1,55,105,57,-1,57,105,106,-1,57,106,59,-1,59,106,107,-1,59,107,61,-1,61,107,108,-1,61,108,63,-1,63,108,109,-1,63,109,64,-1,68,64,110,-1,110,64,109,-1,68,110,111,-1,68,111,85,-1,85,111,112,-1,85,112,37,-1,37,112,113,-1,37,113,38,-1,38,113,114,-1,38,114,66,-1,66,114,115,-1,66,115,86,-1,86,115,116,-1,86,116,87,-1,87,116,117,-1,87,117,89,-1,89,117,118,-1,89,118,91,-1,91,118,119,-1,91,119,93,-1,93,119,120,-1,93,120,94,-1,94,120,121,-1,94,121,72,-1,72,121,122,-1,72,122,74,-1,74,122,123,-1,74,123,76,-1,76,123,124,-1,76,124,78,-1,78,124,125,-1,78,125,80,-1,80,125,126,-1,80,126,82,-1,82,126,127,-1,82,127,83,-1,83,127,128,-1,83,128,35,-1,35,128,129,-1,35,129,33,-1,28,33,130,-1,130,33,129,-1,26,28,131,-1,131,28,130,-1,27,26,132,-1,132,26,131,-1,29,27,133,-1,133,27,132,-1,29,133,134,-1,29,134,62,-1,62,134,135,-1,62,135,60,-1,60,135,136,-1,60,136,58,-1,58,136,137,-1,58,137,56,-1,56,137,138,-1,56,138,54,-1,54,138,139,-1,54,139,52,-1,52,139,95,-1,52,95,50,-1,84,140,141,-1,84,141,69,-1,69,141,142,-1,69,142,70,-1,70,142,143,-1,70,143,30,-1,88,144,145,-1,88,145,67,-1,67,145,146,-1,67,146,65,-1,65,146,147,-1,65,147,39,-1,39,147,140,-1,39,140,84,-1,73,148,149,-1,73,149,71,-1,71,149,150,-1,71,150,92,-1,92,150,151,-1,92,151,90,-1,90,151,144,-1,90,144,88,-1,79,152,153,-1,79,153,77,-1,77,153,154,-1,77,154,75,-1,75,154,148,-1,75,148,73,-1,43,155,156,-1,43,156,34,-1,34,156,157,-1,34,157,36,-1,36,157,158,-1,36,158,81,-1,81,158,152,-1,81,152,79,-1,32,159,160,-1,32,160,40,-1,40,160,161,-1,40,161,41,-1,41,161,162,-1,41,162,42,-1,42,162,155,-1,42,155,43,-1,32,31,159,-1,159,31,163,-1,31,30,163,-1,163,30,143,-1,
        ]
    }
}
Shape{
    appearance Appearance {
        material  Material 	{
            diffuseColor 1.0 1.0 1.0
            specularColor 0.5019607843137255 0.5019607843137255 0.5019607843137255
            ambientIntensity 1.0
            transparency 0.0
            shininess 0.5
        }
    }
    geometry IndexedFaceSet {
        ccw TRUE
        solid FALSE
        coord DEF co Coordinate {
            point [
                -0.0114 0.246 0.0443, -0.0114 0.246 0.0444, -0.0068 0.246 0.0445, -0.0114 0.246 0.0455, -0.0087 0.246 0.0452, -0.0075 0.246 0.0449, -0.007 0.246 0.0447, -0.0113 0.246 0.0434, -0.0065 0.246 0.0442, -0.011 0.246 0.0427, -0.0066 0.246 0.0419, -0.0068 0.246 0.0417, -0.0103 0.246 0.0419, -0.0064 0.246 0.0422, -0.0097 0.246 0.0415, -0.0091 0.246 0.0413, -0.0083 0.246 0.0412, -0.0064 0.246 0.0438, -0.0063 0.246 0.0434, -0.0105 0.246 0.0421, -0.0062 0.246 0.0431, -0.0063 0.246 0.0426, -0.0072 0.246 0.0415, -0.0077 0.246 0.0413
            ]
        }
        coordIndex [
            0,1,2,-1,1,3,4,-1,4,5,1,-1,1,5,6,-1,1,6,2,-1,0,2,7,-1,7,2,8,-1,7,8,9,-1,10,11,12,-1,10,12,13,-1,14,12,15,-1,15,12,16,-1,8,17,9,-1,9,17,18,-1,9,18,19,-1,19,18,20,-1,19,20,12,-1,12,20,21,-1,12,21,13,-1,11,22,12,-1,12,22,23,-1,12,23,16,-1,
        ]
    }
}
Shape{
    appearance Appearance {
        material  Material 	{
            diffuseColor 0.0 0.0 0.0
            specularColor 0.0 0.0 0.0
            ambientIntensity 0.0
            transparency 0.0
            shininess 0.5
        }
    }
    geometry IndexedFaceSet {
        ccw TRUE
        solid FALSE
        coord DEF co Coordinate {
            point [
                -0.0161 0.246 0.0422, -0.0161 0.2461 0.0422, -0.0169 0.2461 0.0417, -0.0194 0.2461 0.0411, -0.0194 0.246 0.0411, -0.0182 0.246 0.0413, -0.0182 0.2461 0.0413, -0.0171 0.246 0.0417, -0.0169 0.246 0.0417, -0.0161 0.2461 0.0402, -0.0161 0.246 0.0402, -0.0171 0.246 0.0398, -0.0173 0.2461 0.0397, -0.0173 0.246 0.0397, -0.0192 0.2461 0.0395, -0.0192 0.246 0.0395, -0.0192 0.246 0.0395, -0.0192 0.246 0.0395, -0.021 0.2461 0.0397, -0.021 0.246 0.0397, -0.0221 0.246 0.0401, -0.0221 0.2461 0.0401, -0.0225 0.246 0.0404, -0.0225 0.2461 0.0404, -0.0231 0.246 0.0409, -0.0231 0.2461 0.0409, -0.0235 0.246 0.0414, -0.0235 0.2461 0.0414, -0.0237 0.246 0.042, -0.0237 0.2461 0.042, -0.0238 0.246 0.0428, -0.0238 0.2461 0.0428, -0.0238 0.246 0.0436, -0.0238 0.2461 0.0436, -0.0236 0.246 0.0442, -0.0236 0.2461 0.0442, -0.0232 0.246 0.0447, -0.0232 0.2461 0.0447, -0.0227 0.246 0.0452, -0.0227 0.2461 0.0452, -0.0214 0.246 0.0459, -0.0214 0.2461 0.0459, -0.0206 0.246 0.0462, -0.0206 0.2461 0.0462, -0.0194 0.246 0.0468, -0.0194 0.2461 0.0468, -0.0187 0.246 0.0472, -0.0187 0.2461 0.0472, -0.0185 0.246 0.0474, -0.0185 0.2461 0.0474, -0.0183 0.246 0.0477, -0.0183 0.2461 0.0477, -0.0182 0.246 0.048, -0.0182 0.2461 0.048, -0.0182 0.246 0.0483, -0.0182 0.2461 0.0483, -0.0183 0.246 0.0486, -0.0183 0.2461 0.0486, -0.0184 0.246 0.0489, -0.0184 0.2461 0.0489, -0.0185 0.246 0.0491, -0.0185 0.2461 0.0491, -0.0188 0.246 0.0494, -0.0188 0.2461 0.0494, -0.0193 0.246 0.0496, -0.0193 0.2461 0.0496, -0.0198 0.246 0.0498, -0.0198 0.2461 0.0498, -0.0204 0.246 0.0498, -0.0204 0.2461 0.0498, -0.0217 0.246 0.0497, -0.0217 0.2461 0.0497, -0.0229 0.246 0.0492, -0.0229 0.2461 0.0492, -0.0233 0.246 0.049, -0.0233 0.2461 0.049, -0.0233 0.2461 0.0509, -0.0233 0.246 0.0509, -0.022 0.246 0.0513, -0.022 0.2461 0.0513, -0.0206 0.246 0.0514, -0.0206 0.2461 0.0514, -0.0192 0.246 0.0513, -0.0192 0.2461 0.0513, -0.0181 0.246 0.0509, -0.0181 0.2461 0.0509, -0.0175 0.246 0.0506, -0.0175 0.2461 0.0506, -0.0169 0.2461 0.05, -0.0171 0.246 0.0502, -0.0169 0.246 0.05, -0.0165 0.246 0.0495, -0.0165 0.2461 0.0495, -0.0162 0.246 0.0488, -0.0162 0.2461 0.0488, -0.0162 0.246 0.0481, -0.0162 0.2461 0.0481, -0.0162 0.246 0.0473, -0.0162 0.2461 0.0473, -0.0165 0.246 0.0467, -0.0165 0.2461 0.0467, -0.0167 0.246 0.0463, -0.0167 0.2461 0.0463, -0.0192 0.246 0.0448, -0.0192 0.2461 0.0448, -0.018 0.2461 0.0453, -0.017 0.246 0.046, -0.017 0.2461 0.046, -0.0171 0.246 0.0459, -0.018 0.246 0.0453, -0.021 0.246 0.0439, -0.021 0.2461 0.0439, -0.0213 0.246 0.0437, -0.0213 0.2461 0.0437, -0.0215 0.246 0.0435, -0.0215 0.2461 0.0435, -0.0217 0.246 0.0432, -0.0217 0.2461 0.0432, -0.0218 0.246 0.0429, -0.0218 0.2461 0.0429, -0.0218 0.246 0.0426, -0.0218 0.2461 0.0426, -0.0217 0.246 0.0423, -0.0217 0.2461 0.0423, -0.0216 0.246 0.042, -0.0216 0.2461 0.042, -0.0215 0.246 0.0417, -0.0215 0.2461 0.0417, -0.0212 0.246 0.0415, -0.0212 0.2461 0.0415, -0.021 0.246 0.0414, -0.021 0.2461 0.0414, -0.0205 0.246 0.0412, -0.0205 0.2461 0.0412, -0.0195 0.246 0.0411, -0.0195 0.2461 0.0411, -0.0338 0.2461 0.0511, -0.0359 0.2461 0.0511, -0.0338 0.246 0.0511, -0.0359 0.246 0.0511, -0.0307 0.2461 0.0425, -0.0307 0.246 0.0425, -0.0305 0.246 0.042, -0.0305 0.2461 0.042, -0.0304 0.246 0.0416, -0.0304 0.2461 0.0416, -0.0304 0.2461 0.0416, -0.0304 0.246 0.0416, -0.0301 0.2461 0.0425, -0.0301 0.246 0.0425, -0.0272 0.246 0.0511, -0.0272 0.2461 0.0511, -0.0283 0.246 0.048, -0.0249 0.2461 0.0511, -0.0249 0.246 0.0511, -0.0293 0.246 0.0397, -0.0293 0.2461 0.0397, -0.0283 0.246 0.0425, -0.0285 0.246 0.0376, -0.0285 0.2461 0.0376, -0.0293 0.246 0.0395, -0.0283 0.246 0.0373, -0.028 0.2461 0.0369, -0.028 0.246 0.0369, -0.028 0.246 0.0368, -0.0277 0.2461 0.0365, -0.0277 0.246 0.0365, -0.0273 0.246 0.0363, -0.0273 0.2461 0.0363, -0.0269 0.246 0.0361, -0.0269 0.2461 0.0361, -0.0264 0.246 0.036, -0.0264 0.2461 0.036, -0.0257 0.246 0.0361, -0.0257 0.2461 0.0361, -0.0252 0.246 0.0363, -0.0252 0.2461 0.0363, -0.0252 0.2461 0.0345, -0.0252 0.246 0.0345, -0.0261 0.246 0.0343, -0.0261 0.2461 0.0343, -0.0265 0.246 0.0343, -0.0265 0.2461 0.0343, -0.0273 0.246 0.0344, -0.0273 0.2461 0.0344, -0.0281 0.246 0.0347, -0.0281 0.2461 0.0347, -0.0283 0.246 0.0348, -0.0288 0.2461 0.0352, -0.0306 0.246 0.0379, -0.0306 0.2461 0.0379, -0.03 0.246 0.0368, -0.0297 0.2461 0.0362, -0.0297 0.246 0.0362, -0.029 0.2461 0.0353, -0.029 0.246 0.0353, -0.0288 0.246 0.0352, -0.0313 0.246 0.0395, -0.0466 0.2461 0.0414, -0.0466 0.2461 0.0396, -0.0466 0.246 0.0414, -0.0466 0.246 0.0396, -0.0401 0.246 0.0414, -0.0401 0.2461 0.0414, -0.0433 0.246 0.0414, -0.0401 0.2461 0.0468, -0.0401 0.246 0.0468, -0.0458 0.246 0.0468, -0.0458 0.2461 0.0468, -0.0433 0.246 0.0468, -0.0459 0.2461 0.0486, -0.0459 0.246 0.0486, -0.0401 0.246 0.0486, -0.0401 0.2461 0.0486, -0.0433 0.246 0.0486, -0.0402 0.2461 0.0538, -0.0402 0.246 0.0538, -0.0463 0.246 0.0537, -0.0463 0.2461 0.0537, -0.0433 0.246 0.0538, -0.0464 0.2461 0.0556, -0.0464 0.246 0.0556, -0.0381 0.246 0.0556, -0.0381 0.2461 0.0556, -0.0433 0.246 0.0556, -0.038 0.2461 0.0396, -0.038 0.246 0.0396, -0.0433 0.246 0.0396, -0.0603 0.2461 0.0417, -0.0586 0.2461 0.0428, -0.0586 0.2461 0.0405, -0.0576 0.2461 0.0421, -0.0568 0.2461 0.0398, -0.0563 0.2461 0.0416, -0.054 0.2461 0.0395, -0.054 0.2461 0.0413, -0.0496 0.2461 0.0395, -0.0517 0.2461 0.0413, -0.0498 0.2461 0.0555, -0.0518 0.2461 0.0537, -0.0543 0.2461 0.0555, -0.0542 0.2461 0.0537, -0.0544 0.2461 0.0537, -0.0568 0.2461 0.0552, -0.0564 0.2461 0.0534, -0.0587 0.2461 0.0545, -0.0578 0.2461 0.0529, -0.0604 0.2461 0.0534, -0.0588 0.2461 0.0521, -0.0609 0.2461 0.0528, -0.0593 0.2461 0.0517, -0.0619 0.2461 0.0514, -0.0599 0.2461 0.0508, -0.0625 0.2461 0.0499, -0.0603 0.2461 0.0496, -0.0627 0.2461 0.0477, -0.0606 0.2461 0.0476, -0.0627 0.2461 0.0466, -0.0605 0.2461 0.0465, -0.0623 0.2461 0.0448, -0.0602 0.2461 0.0451, -0.0615 0.2461 0.0431, -0.0596 0.2461 0.0439, -0.0588 0.2461 0.043, -0.054 0.246 0.0395, -0.0496 0.246 0.0395, -0.0568 0.246 0.0398, -0.0586 0.246 0.0405, -0.0603 0.246 0.0417, -0.0615 0.246 0.0431, -0.0623 0.246 0.0448, -0.0627 0.246 0.0466, -0.0627 0.246 0.0477, -0.0625 0.246 0.0499, -0.0619 0.246 0.0514, -0.0609 0.246 0.0528, -0.0604 0.246 0.0534, -0.0587 0.246 0.0545, -0.0568 0.246 0.0552, -0.0543 0.246 0.0555, -0.0498 0.246 0.0555, -0.0542 0.246 0.0537, -0.0518 0.246 0.0537, -0.0517 0.246 0.0413, -0.054 0.246 0.0413, -0.0588 0.246 0.043, -0.0586 0.246 0.0428, -0.0576 0.246 0.0421, -0.0563 0.246 0.0416, -0.0606 0.246 0.0476, -0.0605 0.246 0.0465, -0.0602 0.246 0.0451, -0.0596 0.246 0.0439, -0.0588 0.246 0.0521, -0.0593 0.246 0.0517, -0.0599 0.246 0.0508, -0.0603 0.246 0.0496, -0.0544 0.246 0.0537, -0.0564 0.246 0.0534, -0.0578 0.246 0.0529
            ]
        }
        coordIndex [
            0,1,2,-1,3,4,5,-1,3,5,6,-1,6,5,7,-1,6,7,2,-1,2,7,8,-1,2,8,0,-1,9,1,10,-1,10,1,0,-1,9,10,11,-1,9,11,12,-1,12,11,13,-1,12,13,14,-1,14,13,15,-1,14,15,16,-1,14,16,17,-1,14,17,18,-1,17,19,18,-1,18,19,20,-1,18,20,21,-1,21,20,22,-1,21,22,23,-1,23,22,24,-1,23,24,25,-1,25,24,26,-1,25,26,27,-1,27,26,28,-1,27,28,29,-1,29,28,30,-1,29,30,31,-1,31,30,32,-1,31,32,33,-1,33,32,34,-1,33,34,35,-1,35,34,36,-1,35,36,37,-1,37,36,38,-1,37,38,39,-1,39,38,40,-1,39,40,41,-1,41,40,42,-1,41,42,43,-1,43,42,44,-1,43,44,45,-1,45,44,46,-1,45,46,47,-1,47,46,48,-1,47,48,49,-1,49,48,50,-1,49,50,51,-1,51,50,52,-1,51,52,53,-1,53,52,54,-1,53,54,55,-1,55,54,56,-1,55,56,57,-1,57,56,58,-1,57,58,59,-1,59,58,60,-1,59,60,61,-1,61,60,62,-1,61,62,63,-1,63,62,64,-1,63,64,65,-1,65,64,66,-1,65,66,67,-1,67,66,68,-1,67,68,69,-1,69,68,70,-1,69,70,71,-1,71,70,72,-1,71,72,73,-1,73,72,74,-1,73,74,75,-1,76,75,77,-1,77,75,74,-1,76,77,78,-1,76,78,79,-1,79,78,80,-1,79,80,81,-1,81,80,82,-1,81,82,83,-1,83,82,84,-1,83,84,85,-1,85,84,86,-1,85,86,87,-1,88,87,89,-1,89,87,86,-1,89,90,88,-1,88,90,91,-1,88,91,92,-1,92,91,93,-1,92,93,94,-1,94,93,95,-1,94,95,96,-1,96,95,97,-1,96,97,98,-1,98,97,99,-1,98,99,100,-1,100,99,101,-1,100,101,102,-1,103,104,105,-1,102,101,106,-1,102,106,107,-1,107,106,108,-1,107,108,105,-1,105,108,109,-1,105,109,103,-1,104,103,110,-1,104,110,111,-1,111,110,112,-1,111,112,113,-1,113,112,114,-1,113,114,115,-1,115,114,116,-1,115,116,117,-1,117,116,118,-1,117,118,119,-1,119,118,120,-1,119,120,121,-1,121,120,122,-1,121,122,123,-1,123,122,124,-1,123,124,125,-1,125,124,126,-1,125,126,127,-1,127,126,128,-1,127,128,129,-1,129,128,130,-1,129,130,131,-1,131,130,132,-1,131,132,133,-1,133,132,134,-1,133,134,135,-1,135,134,4,-1,135,4,3,-1,61,63,85,-1,85,63,83,-1,14,3,12,-1,12,3,6,-1,12,6,9,-1,9,6,2,-1,9,2,1,-1,127,129,21,-1,21,129,131,-1,21,131,18,-1,18,131,133,-1,18,133,14,-1,14,133,135,-1,14,135,3,-1,63,65,83,-1,83,65,67,-1,83,67,81,-1,81,67,69,-1,81,69,79,-1,79,69,71,-1,79,71,76,-1,76,71,73,-1,76,73,75,-1,85,87,61,-1,61,87,88,-1,61,88,59,-1,59,88,92,-1,59,92,57,-1,57,92,94,-1,57,94,55,-1,55,94,96,-1,55,96,53,-1,53,96,98,-1,53,98,51,-1,51,98,100,-1,51,100,49,-1,49,100,102,-1,49,102,47,-1,47,102,107,-1,47,107,45,-1,45,107,105,-1,45,105,43,-1,43,105,104,-1,43,104,41,-1,41,104,111,-1,41,111,39,-1,39,111,113,-1,39,113,37,-1,37,113,115,-1,37,115,35,-1,35,115,117,-1,35,117,33,-1,33,117,119,-1,33,119,31,-1,31,119,121,-1,31,121,29,-1,29,121,123,-1,29,123,27,-1,27,123,125,-1,27,125,25,-1,25,125,127,-1,25,127,23,-1,23,127,21,-1,136,137,138,-1,138,137,139,-1,140,136,141,-1,141,136,138,-1,140,141,142,-1,140,142,143,-1,143,142,144,-1,143,144,145,-1,146,145,147,-1,147,145,144,-1,148,146,149,-1,149,146,147,-1,150,151,152,-1,152,151,148,-1,152,148,149,-1,153,151,154,-1,154,151,150,-1,155,156,157,-1,157,156,153,-1,157,153,154,-1,158,159,160,-1,160,159,156,-1,160,156,155,-1,159,158,161,-1,159,161,162,-1,161,163,162,-1,162,163,164,-1,162,164,165,-1,164,166,165,-1,165,166,167,-1,165,167,168,-1,168,167,169,-1,168,169,170,-1,170,169,171,-1,170,171,172,-1,172,171,173,-1,172,173,174,-1,174,173,175,-1,174,175,176,-1,177,176,178,-1,178,176,175,-1,177,178,179,-1,177,179,180,-1,180,179,181,-1,180,181,182,-1,182,181,183,-1,182,183,184,-1,184,183,185,-1,184,185,186,-1,186,185,187,-1,186,187,188,-1,189,190,191,-1,191,190,192,-1,191,192,193,-1,193,192,194,-1,193,194,195,-1,195,194,188,-1,195,188,196,-1,196,188,187,-1,139,137,197,-1,197,137,190,-1,197,190,189,-1,143,145,190,-1,137,136,190,-1,190,136,140,-1,190,140,143,-1,151,153,148,-1,148,153,156,-1,148,156,146,-1,176,177,174,-1,174,177,180,-1,174,180,172,-1,172,180,182,-1,172,182,170,-1,170,182,184,-1,170,184,168,-1,168,184,186,-1,168,186,165,-1,145,146,190,-1,190,146,156,-1,190,156,192,-1,156,159,192,-1,192,159,162,-1,192,162,194,-1,194,162,165,-1,194,165,188,-1,188,165,186,-1,198,199,200,-1,200,199,201,-1,202,203,204,-1,204,203,198,-1,204,198,200,-1,205,203,206,-1,206,203,202,-1,207,208,209,-1,209,208,205,-1,209,205,206,-1,210,208,211,-1,211,208,207,-1,212,213,214,-1,214,213,210,-1,214,210,211,-1,215,213,216,-1,216,213,212,-1,217,218,219,-1,219,218,215,-1,219,215,216,-1,220,218,221,-1,221,218,217,-1,222,223,224,-1,224,223,220,-1,224,220,221,-1,225,223,226,-1,226,223,222,-1,201,199,227,-1,227,199,225,-1,227,225,226,-1,225,199,198,-1,198,203,225,-1,225,203,205,-1,225,205,223,-1,218,220,215,-1,215,220,223,-1,215,223,213,-1,213,223,205,-1,213,205,210,-1,210,205,208,-1,228,229,230,-1,230,229,231,-1,230,231,232,-1,232,231,233,-1,232,233,234,-1,234,233,235,-1,234,235,236,-1,236,235,237,-1,236,237,238,-1,238,237,239,-1,238,239,240,-1,239,241,240,-1,240,241,242,-1,240,242,243,-1,243,242,244,-1,243,244,245,-1,245,244,246,-1,245,246,247,-1,247,246,248,-1,247,248,249,-1,249,248,250,-1,249,250,251,-1,251,250,252,-1,251,252,253,-1,253,252,254,-1,253,254,255,-1,255,254,256,-1,255,256,257,-1,257,256,258,-1,257,258,259,-1,259,258,260,-1,259,260,261,-1,261,260,262,-1,261,262,228,-1,228,262,263,-1,228,263,229,-1,234,236,264,-1,264,236,265,-1,234,264,266,-1,234,266,232,-1,232,266,267,-1,232,267,230,-1,230,267,268,-1,230,268,228,-1,228,268,269,-1,228,269,261,-1,261,269,270,-1,261,270,259,-1,259,270,271,-1,259,271,257,-1,257,271,272,-1,257,272,255,-1,255,272,273,-1,255,273,253,-1,253,273,274,-1,253,274,251,-1,251,274,275,-1,251,275,249,-1,249,275,276,-1,249,276,247,-1,247,276,277,-1,247,277,245,-1,245,277,278,-1,245,278,243,-1,243,278,279,-1,243,279,240,-1,238,240,280,-1,280,240,279,-1,236,238,265,-1,265,238,280,-1,241,239,281,-1,281,239,282,-1,239,237,282,-1,282,237,283,-1,237,235,283,-1,283,235,284,-1,263,285,286,-1,263,286,229,-1,229,286,287,-1,229,287,231,-1,231,287,288,-1,231,288,233,-1,233,288,284,-1,233,284,235,-1,256,289,290,-1,256,290,258,-1,258,290,291,-1,258,291,260,-1,260,291,292,-1,260,292,262,-1,262,292,285,-1,262,285,263,-1,248,293,294,-1,248,294,250,-1,250,294,295,-1,250,295,252,-1,252,295,296,-1,252,296,254,-1,254,296,289,-1,254,289,256,-1,241,281,297,-1,241,297,242,-1,242,297,298,-1,242,298,244,-1,244,298,299,-1,244,299,246,-1,246,299,293,-1,246,293,248,-1,
        ]
    }
}
Shape{
    appearance Appearance {
        material  Material 	{
            diffuseColor 1.0 1.0 1.0
            specularColor 0.5019607843137255 0.5019607843137255 0.5019607843137255
            ambientIntensity 1.0
            transparency 0.0
            shininess 0.5
        }
    }
    geometry IndexedFaceSet {
        ccw TRUE
        solid FALSE
        coord DEF co Coordinate {
            point [
                -0.0576 0.246 0.0421, -0.0586 0.246 0.0428, -0.0544 0.246 0.0537, -0.0518 0.246 0.0537, -0.0517 0.246 0.0413, -0.0542 0.246 0.0537, -0.054 0.246 0.0413, -0.0563 0.246 0.0416, -0.0588 0.246 0.043, -0.0596 0.246 0.0439, -0.0602 0.246 0.0451, -0.0606 0.246 0.0476, -0.0588 0.246 0.0521, -0.0578 0.246 0.0529, -0.0603 0.246 0.0496, -0.0599 0.246 0.0508, -0.0593 0.246 0.0517, -0.0605 0.246 0.0465, -0.0564 0.246 0.0534
            ]
        }
        coordIndex [
            0,1,2,-1,3,4,5,-1,5,4,6,-1,5,6,2,-1,2,6,7,-1,2,7,0,-1,1,8,2,-1,2,8,9,-1,2,9,10,-1,11,12,13,-1,14,15,11,-1,11,15,16,-1,11,16,12,-1,10,17,2,-1,2,17,11,-1,2,11,18,-1,18,11,13,-1,
        ]
    }
}
Shape{
    appearance Appearance {
        material  Material 	{
            diffuseColor 0.0 0.0 0.0
            specularColor 0.0 0.0 0.0
            ambientIntensity 0.0
            transparency 0.0
            shininess 0.5
        }
    }
    geometry IndexedFaceSet {
        ccw TRUE
        solid FALSE
        coord DEF co Coordinate {
            point [
                -0.0681 0.2461 0.0456, -0.0674 0.2461 0.0438, -0.0735 0.2461 0.0456, -0.0741 0.2461 0.0437, -0.0705 0.2461 0.0522, -0.0698 0.2461 0.0554, -0.0636 0.2461 0.0394, -0.0658 0.2461 0.0394, -0.0707 0.2461 0.0527, -0.0708 0.2461 0.0534, -0.072 0.2461 0.0554, -0.0708 0.2461 0.0534, -0.071 0.2461 0.0527, -0.0711 0.2461 0.0522, -0.078 0.2461 0.0393, -0.0757 0.2461 0.0393, -0.072 0.246 0.0554, -0.0779 0.246 0.0395, -0.078 0.246 0.0393, -0.0698 0.246 0.0554, -0.0636 0.246 0.0395, -0.0636 0.246 0.0394, -0.0658 0.246 0.0394, -0.0674 0.246 0.0438, -0.0659 0.246 0.0395, -0.0741 0.246 0.0437, -0.0757 0.246 0.0393, -0.0756 0.246 0.0395, -0.0681 0.246 0.0456, -0.0735 0.246 0.0456, -0.0711 0.246 0.0522, -0.0708 0.246 0.0534, -0.071 0.246 0.0527, -0.0708 0.246 0.0534, -0.0705 0.246 0.0522, -0.0707 0.246 0.0527
            ]
        }
        coordIndex [
            0,1,2,-1,2,1,3,-1,4,5,0,-1,0,5,6,-1,0,6,1,-1,1,6,7,-1,4,8,5,-1,5,8,9,-1,5,9,10,-1,10,9,11,-1,10,11,12,-1,12,13,10,-1,10,13,2,-1,10,2,14,-1,14,2,3,-1,14,3,15,-1,16,10,17,-1,17,10,14,-1,17,14,18,-1,5,10,19,-1,19,10,16,-1,5,19,6,-1,6,19,20,-1,6,20,21,-1,7,6,22,-1,22,6,21,-1,23,1,24,-1,24,1,7,-1,24,7,22,-1,3,1,25,-1,25,1,23,-1,26,15,27,-1,27,15,3,-1,27,3,25,-1,14,15,18,-1,18,15,26,-1,0,2,28,-1,28,2,29,-1,2,13,29,-1,29,13,30,-1,11,31,32,-1,11,32,12,-1,12,32,30,-1,12,30,13,-1,11,9,31,-1,31,9,33,-1,4,34,35,-1,4,35,8,-1,8,35,33,-1,8,33,9,-1,4,0,34,-1,34,0,28,-1,
        ]
    }
}
Shape{
    appearance Appearance {
        material  Material 	{
            diffuseColor 1.0 1.0 1.0
            specularColor 0.5019607843137255 0.5019607843137255 0.5019607843137255
            ambientIntensity 1.0
            transparency 0.0
            shininess 0.5
        }
    }
    geometry IndexedFaceSet {
        ccw TRUE
        solid FALSE
        coord DEF co Coordinate {
            point [
                -0.0708 0.246 0.0534, -0.0708 0.246 0.0534, -0.071 0.246 0.0527, -0.0707 0.246 0.0527, -0.0711 0.246 0.0522, -0.0705 0.246 0.0522, -0.0735 0.246 0.0456, -0.0681 0.246 0.0456
            ]
        }
        coordIndex [
            0,1,2,-1,2,1,3,-1,2,3,4,-1,4,3,5,-1,4,5,6,-1,6,5,7,-1,
        ]
    }
}
Shape{
    appearance Appearance {
        material  Material 	{
            diffuseColor 0.0 0.0 0.0
            specularColor 0.0 0.0 0.0
            ambientIntensity 0.0
            transparency 0.0
            shininess 0.5
        }
    }
    geometry IndexedFaceSet {
        ccw TRUE
        solid FALSE
        coord DEF co Coordinate {
            point [
                0.0771 0.2461 0.0382, 0.0754 0.2461 0.0361, 0.078 0.2461 0.0482, 0.04 0.2461 0.0535, 0.0435 0.2461 0.0596, 0.0588 0.2461 0.0517, 0.0667 0.2461 0.0484, 0.0656 0.2461 0.0481, 0.0799 0.2461 0.068, 0.0773 0.2461 0.0694, 0.0779 0.2461 0.0764, 0.0708 0.2461 0.0767, 0.0673 0.2461 0.0683, 0.0655 0.2461 0.0719, 0.0805 0.2461 0.0498, 0.0796 0.2461 0.0411, 0.0782 0.2461 0.0406, 0.0734 0.2461 0.0769, 0.0647 0.2461 0.0475, 0.0639 0.2461 0.0467, 0.056 0.2461 0.0452, 0.0634 0.2461 0.0458, 0.0631 0.2461 0.0448, 0.056 0.2461 0.0441, 0.0631 0.2461 0.0437, 0.0685 0.2461 0.0484, 0.07 0.2461 0.0554, 0.0695 0.2461 0.048, 0.0725 0.2461 0.0544, 0.0704 0.2461 0.0474, 0.0749 0.2461 0.0528, 0.071 0.2461 0.0468, 0.0768 0.2461 0.0507, 0.0715 0.2461 0.0459, 0.0719 0.2461 0.0448, 0.0632 0.2461 0.0549, 0.0659 0.2461 0.0556, 0.0673 0.2461 0.0557, 0.0361 0.2461 0.0648, 0.0352 0.2461 0.0648, 0.0305 0.2461 0.0709, 0.0331 0.2461 0.0645, 0.03 0.2461 0.0707, 0.0311 0.2461 0.0637, 0.0266 0.2461 0.069, 0.0235 0.2461 0.0664, 0.0684 0.2461 0.0794, 0.063 0.2461 0.0749, 0.0657 0.2461 0.0816, 0.0599 0.2461 0.0771, 0.0625 0.2461 0.0836, 0.0745 0.2461 0.07, 0.0733 0.2461 0.0701, 0.0721 0.2461 0.0768, 0.0707 0.2461 0.0697, 0.0681 0.2461 0.0688, 0.0236 0.2461 0.0451, 0.0289 0.2461 0.0497, 0.0268 0.2461 0.0425, 0.0306 0.2461 0.0483, 0.0302 0.2461 0.0408, 0.0326 0.2461 0.0474, 0.034 0.2461 0.0401, 0.0347 0.2461 0.047, 0.0408 0.2461 0.0401, 0.0398 0.2461 0.0471, 0.0414 0.2461 0.0402, 0.0675 0.2461 0.0485, 0.0608 0.2461 0.0536, 0.0293 0.2461 0.0625, 0.028 0.2461 0.061, 0.0212 0.2461 0.0631, 0.027 0.2461 0.059, 0.0198 0.2461 0.0596, 0.0265 0.2461 0.0568, 0.0194 0.2461 0.0559, 0.0264 0.2461 0.0558, 0.0199 0.2461 0.0518, 0.0267 0.2461 0.0536, 0.0214 0.2461 0.0483, 0.0275 0.2461 0.0516, 0.0288 0.2461 0.0498, 0.0366 0.2461 0.0799, 0.0411 0.2461 0.0747, 0.0327 0.2461 0.0753, 0.0385 0.2461 0.0717, 0.0368 0.2461 0.068, 0.0844 0.2461 0.0615, 0.0919 0.2461 0.0597, 0.0848 0.2461 0.0588, 0.092 0.2461 0.0586, 0.0847 0.2461 0.057, 0.0915 0.2461 0.0541, 0.0839 0.2461 0.0542, 0.0899 0.2461 0.0499, 0.0825 0.2461 0.0519, 0.0873 0.2461 0.0461, 0.0837 0.2461 0.0431, 0.0706 0.2461 0.0409, 0.0712 0.2461 0.0417, 0.0717 0.2461 0.0426, 0.0719 0.2461 0.0437, 0.0572 0.2461 0.0854, 0.0562 0.2461 0.0786, 0.052 0.2461 0.086, 0.052 0.2461 0.0791, 0.0467 0.2461 0.0853, 0.0481 0.2461 0.0786, 0.041 0.2461 0.0831, 0.0446 0.2461 0.0772, 0.0414 0.2461 0.075, 0.0821 0.2461 0.0748, 0.0858 0.2461 0.0723, 0.0819 0.2461 0.0663, 0.0865 0.2461 0.0715, 0.0834 0.2461 0.064, 0.0893 0.2461 0.068, 0.0911 0.2461 0.064, 0.0404 0.2461 0.0472, 0.0431 0.2461 0.0413, 0.0429 0.2461 0.0411, 0.0698 0.2461 0.0403, 0.0732 0.2461 0.0344, 0.0687 0.2461 0.0398, 0.0706 0.2461 0.0332, 0.0677 0.2461 0.0396, 0.0679 0.2461 0.0328, 0.0675 0.2461 0.0396, 0.0674 0.2461 0.0328, 0.0664 0.2461 0.0398, 0.0647 0.2461 0.0331, 0.0654 0.2461 0.0401, 0.0621 0.2461 0.0341, 0.0646 0.2461 0.0407, 0.0599 0.2461 0.0356, 0.0638 0.2461 0.0416, 0.0581 0.2461 0.0376, 0.0633 0.2461 0.0426, 0.0567 0.2461 0.0401, 0.0561 0.2461 0.0429, 0.04 0.2461 0.0471, 0.0421 0.2461 0.0405, 0.044 0.2461 0.0437, 0.0439 0.2461 0.0428, 0.0436 0.2461 0.042, 0.0414 0.2461 0.0471, 0.0421 0.2461 0.0468, 0.044 0.2461 0.0441, 0.0428 0.2461 0.0463, 0.0433 0.2461 0.0458, 0.0438 0.2461 0.045, 0.0405 0.2461 0.0472, 0.0194 0.246 0.0559, 0.0198 0.246 0.0596, 0.0225 0.246 0.065, 0.0202 0.246 0.0604, 0.0212 0.246 0.0631, 0.0235 0.246 0.0664, 0.0266 0.246 0.069, 0.03 0.246 0.0707, 0.0305 0.246 0.0709, 0.0327 0.246 0.0753, 0.0366 0.246 0.0799, 0.0385 0.246 0.0813, 0.041 0.246 0.0831, 0.0467 0.246 0.0853, 0.052 0.246 0.086, 0.0572 0.246 0.0854, 0.0625 0.246 0.0836, 0.0657 0.246 0.0816, 0.0708 0.246 0.0767, 0.0662 0.246 0.0813, 0.0684 0.246 0.0794, 0.0721 0.246 0.0768, 0.0734 0.246 0.0769, 0.0779 0.246 0.0764, 0.0821 0.246 0.0748, 0.0858 0.246 0.0723, 0.0865 0.246 0.0715, 0.092 0.246 0.0586, 0.0893 0.246 0.068, 0.0907 0.246 0.065, 0.0911 0.246 0.064, 0.0918 0.246 0.0604, 0.0919 0.246 0.0597, 0.0915 0.246 0.0541, 0.0899 0.246 0.0499, 0.0873 0.246 0.0461, 0.0837 0.246 0.0431, 0.0796 0.246 0.0411, 0.0782 0.246 0.0406, 0.0777 0.246 0.0395, 0.076 0.246 0.0368, 0.0771 0.246 0.0382, 0.0754 0.246 0.0361, 0.0732 0.246 0.0344, 0.0706 0.246 0.0332, 0.0679 0.246 0.0328, 0.0674 0.246 0.0328, 0.0647 0.246 0.0331, 0.0571 0.246 0.0395, 0.0621 0.246 0.0341, 0.0599 0.246 0.0356, 0.0588 0.246 0.0368, 0.0581 0.246 0.0376, 0.0567 0.246 0.0401, 0.0561 0.246 0.0429, 0.056 0.246 0.0441, 0.056 0.246 0.0452, 0.04 0.246 0.0535, 0.0435 0.246 0.0596, 0.0588 0.246 0.0517, 0.0608 0.246 0.0536, 0.0632 0.246 0.0549, 0.0659 0.246 0.0556, 0.0673 0.246 0.0557, 0.07 0.246 0.0554, 0.0725 0.246 0.0544, 0.0749 0.246 0.0528, 0.0768 0.246 0.0507, 0.078 0.246 0.0482, 0.0805 0.246 0.0498, 0.0825 0.246 0.0519, 0.0839 0.246 0.0542, 0.0847 0.246 0.057, 0.0848 0.246 0.0588, 0.0846 0.246 0.0604, 0.0844 0.246 0.0615, 0.0834 0.246 0.064, 0.0828 0.246 0.065, 0.0819 0.246 0.0663, 0.0799 0.246 0.068, 0.0773 0.246 0.0694, 0.0745 0.246 0.07, 0.0733 0.246 0.0701, 0.0707 0.246 0.0697, 0.0681 0.246 0.0688, 0.0673 0.246 0.0683, 0.0655 0.246 0.0719, 0.063 0.246 0.0749, 0.0599 0.246 0.0771, 0.0562 0.246 0.0786, 0.052 0.246 0.0791, 0.0361 0.246 0.0648, 0.0362 0.246 0.065, 0.0368 0.246 0.068, 0.0385 0.246 0.0717, 0.0411 0.246 0.0747, 0.0414 0.246 0.075, 0.0446 0.246 0.0772, 0.0481 0.246 0.0786, 0.0352 0.246 0.0648, 0.0331 0.246 0.0645, 0.0311 0.246 0.0637, 0.0293 0.246 0.0625, 0.028 0.246 0.061, 0.0277 0.246 0.0604, 0.027 0.246 0.059, 0.0265 0.246 0.0568, 0.0264 0.246 0.0558, 0.0267 0.246 0.0536, 0.0275 0.246 0.0516, 0.0288 0.246 0.0498, 0.0289 0.246 0.0497, 0.0306 0.246 0.0483, 0.0326 0.246 0.0474, 0.0347 0.246 0.047, 0.0398 0.246 0.0471, 0.04 0.246 0.0471, 0.0404 0.246 0.0472, 0.0405 0.246 0.0472, 0.0414 0.246 0.0471, 0.0421 0.246 0.0468, 0.0428 0.246 0.0463, 0.0433 0.246 0.0458, 0.0438 0.246 0.045, 0.044 0.246 0.0441, 0.044 0.246 0.0437, 0.0439 0.246 0.0428, 0.0436 0.246 0.042, 0.0431 0.246 0.0413, 0.0429 0.246 0.0411, 0.0421 0.246 0.0405, 0.0414 0.246 0.0402, 0.0408 0.246 0.0401, 0.034 0.246 0.0401, 0.0302 0.246 0.0408, 0.0268 0.246 0.0425, 0.0236 0.246 0.0451, 0.0214 0.246 0.0483, 0.0199 0.246 0.0518, 0.0675 0.246 0.0485, 0.0667 0.246 0.0484, 0.0656 0.246 0.0481, 0.0647 0.246 0.0475, 0.0639 0.246 0.0467, 0.0634 0.246 0.0458, 0.0631 0.246 0.0448, 0.0631 0.246 0.0437, 0.0633 0.246 0.0426, 0.0638 0.246 0.0416, 0.0646 0.246 0.0407, 0.0654 0.246 0.0401, 0.0664 0.246 0.0398, 0.0675 0.246 0.0396, 0.0677 0.246 0.0396, 0.0687 0.246 0.0398, 0.0698 0.246 0.0403, 0.0706 0.246 0.0409, 0.0712 0.246 0.0417, 0.0717 0.246 0.0426, 0.0719 0.246 0.0437, 0.0719 0.246 0.0448, 0.0715 0.246 0.0459, 0.071 0.246 0.0468, 0.0704 0.246 0.0474, 0.0695 0.246 0.048, 0.0685 0.246 0.0484
            ]
        }
        coordIndex [
            0,1,2,-1,3,4,5,-1,6,7,3,-1,8,9,10,-1,11,12,13,-1,14,15,2,-1,2,15,16,-1,2,16,0,-1,10,9,17,-1,7,18,3,-1,3,18,19,-1,3,19,20,-1,19,21,20,-1,20,21,22,-1,20,22,23,-1,23,22,24,-1,25,26,27,-1,27,26,28,-1,27,28,29,-1,29,28,30,-1,29,30,31,-1,31,30,32,-1,31,32,33,-1,33,32,2,-1,33,2,34,-1,35,36,25,-1,25,36,37,-1,25,37,26,-1,38,39,40,-1,40,39,41,-1,40,41,42,-1,42,41,43,-1,42,43,44,-1,44,43,45,-1,11,13,46,-1,46,13,47,-1,46,47,48,-1,48,47,49,-1,48,49,50,-1,9,51,17,-1,17,51,52,-1,17,52,53,-1,53,52,54,-1,53,54,11,-1,11,54,55,-1,11,55,12,-1,56,57,58,-1,58,57,59,-1,58,59,60,-1,60,59,61,-1,60,61,62,-1,62,61,63,-1,62,63,64,-1,64,63,65,-1,64,65,66,-1,6,3,67,-1,67,3,5,-1,67,5,25,-1,25,5,68,-1,25,68,35,-1,43,69,45,-1,45,69,70,-1,45,70,71,-1,71,70,72,-1,71,72,73,-1,73,72,74,-1,73,74,75,-1,75,74,76,-1,75,76,77,-1,77,76,78,-1,77,78,79,-1,79,78,80,-1,79,80,56,-1,56,80,81,-1,56,81,57,-1,82,83,84,-1,84,83,85,-1,84,85,40,-1,40,85,86,-1,40,86,38,-1,87,88,89,-1,89,88,90,-1,89,90,91,-1,91,90,92,-1,91,92,93,-1,93,92,94,-1,93,94,95,-1,95,94,96,-1,95,96,14,-1,14,96,97,-1,14,97,15,-1,98,99,1,-1,1,99,100,-1,1,100,2,-1,2,100,101,-1,2,101,34,-1,50,49,102,-1,102,49,103,-1,102,103,104,-1,104,103,105,-1,104,105,106,-1,106,105,107,-1,106,107,108,-1,108,107,109,-1,108,109,82,-1,82,109,110,-1,82,110,83,-1,10,111,8,-1,8,111,112,-1,8,112,113,-1,113,112,114,-1,113,114,115,-1,115,114,116,-1,115,116,87,-1,87,116,117,-1,87,117,88,-1,118,119,120,-1,98,1,121,-1,121,1,122,-1,121,122,123,-1,123,122,124,-1,123,124,125,-1,125,124,126,-1,125,126,127,-1,127,126,128,-1,127,128,129,-1,129,128,130,-1,129,130,131,-1,131,130,132,-1,131,132,133,-1,133,132,134,-1,133,134,135,-1,135,134,136,-1,135,136,137,-1,137,136,138,-1,137,138,24,-1,24,138,139,-1,24,139,23,-1,65,140,66,-1,66,140,118,-1,66,118,141,-1,141,118,120,-1,142,143,118,-1,118,143,144,-1,118,144,119,-1,145,146,147,-1,146,148,147,-1,147,148,149,-1,147,149,150,-1,142,118,147,-1,147,118,151,-1,147,151,145,-1,75,152,153,-1,154,45,71,-1,75,153,73,-1,73,153,155,-1,73,155,71,-1,71,155,156,-1,71,156,154,-1,154,157,45,-1,45,157,158,-1,45,158,44,-1,44,158,159,-1,44,159,42,-1,42,159,160,-1,42,160,40,-1,40,160,161,-1,40,161,84,-1,84,161,162,-1,84,162,82,-1,82,162,163,-1,82,163,108,-1,163,164,108,-1,108,164,165,-1,108,165,106,-1,106,165,166,-1,106,166,104,-1,104,166,167,-1,104,167,102,-1,102,167,168,-1,102,168,50,-1,50,168,169,-1,50,169,48,-1,170,11,46,-1,48,169,171,-1,48,171,46,-1,46,171,172,-1,46,172,170,-1,11,170,173,-1,11,173,53,-1,53,173,174,-1,53,174,17,-1,17,174,175,-1,17,175,10,-1,10,175,176,-1,10,176,111,-1,111,176,177,-1,111,177,112,-1,112,177,178,-1,112,178,114,-1,179,90,88,-1,114,178,180,-1,114,180,116,-1,116,180,181,-1,116,181,117,-1,181,182,117,-1,117,182,183,-1,117,183,88,-1,88,183,184,-1,88,184,179,-1,90,179,185,-1,90,185,92,-1,92,185,186,-1,92,186,94,-1,94,186,187,-1,94,187,96,-1,96,187,188,-1,96,188,97,-1,97,188,189,-1,97,189,15,-1,15,189,190,-1,15,190,16,-1,16,190,191,-1,192,1,0,-1,16,191,0,-1,0,191,193,-1,0,193,192,-1,192,194,1,-1,1,194,195,-1,1,195,122,-1,122,195,196,-1,122,196,124,-1,124,196,197,-1,124,197,126,-1,126,197,198,-1,126,198,128,-1,128,198,199,-1,200,138,136,-1,128,199,130,-1,130,199,201,-1,130,201,132,-1,132,201,202,-1,132,202,134,-1,134,202,203,-1,134,203,136,-1,136,203,204,-1,136,204,200,-1,200,205,138,-1,138,205,206,-1,138,206,139,-1,139,206,207,-1,139,207,23,-1,20,23,208,-1,208,23,207,-1,3,20,209,-1,209,20,208,-1,4,3,210,-1,210,3,209,-1,5,4,211,-1,211,4,210,-1,5,211,212,-1,5,212,68,-1,68,212,213,-1,68,213,35,-1,35,213,214,-1,35,214,36,-1,36,214,215,-1,36,215,37,-1,37,215,216,-1,37,216,26,-1,26,216,217,-1,26,217,28,-1,28,217,218,-1,28,218,30,-1,30,218,219,-1,30,219,32,-1,32,219,220,-1,32,220,2,-1,2,220,221,-1,2,221,14,-1,14,221,222,-1,14,222,95,-1,95,222,223,-1,95,223,93,-1,93,223,224,-1,93,224,91,-1,91,224,225,-1,91,225,89,-1,87,89,226,-1,226,89,225,-1,226,227,87,-1,87,227,228,-1,87,228,115,-1,115,228,229,-1,115,229,113,-1,229,230,113,-1,113,230,231,-1,113,231,8,-1,8,231,232,-1,8,232,9,-1,9,232,233,-1,9,233,51,-1,51,233,234,-1,51,234,52,-1,52,234,235,-1,52,235,54,-1,54,235,236,-1,54,236,55,-1,55,236,237,-1,55,237,12,-1,12,237,238,-1,12,238,13,-1,13,238,239,-1,13,239,47,-1,47,239,240,-1,47,240,49,-1,49,240,241,-1,49,241,103,-1,103,241,242,-1,103,242,105,-1,243,38,244,-1,244,38,86,-1,244,86,245,-1,245,86,85,-1,245,85,246,-1,246,85,83,-1,246,83,247,-1,247,83,110,-1,247,110,248,-1,248,110,109,-1,248,109,249,-1,249,109,107,-1,249,107,250,-1,250,107,105,-1,250,105,242,-1,39,38,251,-1,251,38,243,-1,39,251,252,-1,39,252,41,-1,41,252,253,-1,41,253,43,-1,43,253,254,-1,43,254,69,-1,69,254,255,-1,69,255,70,-1,70,255,256,-1,70,256,72,-1,256,257,72,-1,72,257,258,-1,72,258,74,-1,74,258,259,-1,74,259,76,-1,76,259,260,-1,76,260,78,-1,78,260,261,-1,78,261,80,-1,80,261,262,-1,80,262,81,-1,81,262,263,-1,81,263,57,-1,57,263,264,-1,57,264,59,-1,59,264,265,-1,59,265,61,-1,61,265,266,-1,61,266,63,-1,65,63,267,-1,267,63,266,-1,65,267,268,-1,65,268,140,-1,140,268,269,-1,140,269,118,-1,118,269,270,-1,118,270,151,-1,151,270,271,-1,151,271,145,-1,145,271,272,-1,145,272,146,-1,146,272,273,-1,146,273,148,-1,148,273,274,-1,148,274,149,-1,149,274,275,-1,149,275,150,-1,150,275,276,-1,150,276,147,-1,147,276,277,-1,147,277,142,-1,142,277,278,-1,142,278,143,-1,143,278,279,-1,143,279,144,-1,144,279,280,-1,144,280,119,-1,119,280,281,-1,119,281,120,-1,120,281,282,-1,120,282,141,-1,141,282,283,-1,141,283,66,-1,66,283,284,-1,66,284,64,-1,62,64,285,-1,285,64,284,-1,62,285,286,-1,62,286,60,-1,60,286,287,-1,60,287,58,-1,58,287,288,-1,58,288,56,-1,56,288,289,-1,56,289,79,-1,79,289,290,-1,79,290,77,-1,77,290,152,-1,77,152,75,-1,67,291,292,-1,67,292,6,-1,6,292,293,-1,6,293,7,-1,7,293,294,-1,7,294,18,-1,18,294,295,-1,18,295,19,-1,19,295,296,-1,19,296,21,-1,21,296,297,-1,21,297,22,-1,22,297,298,-1,22,298,24,-1,24,298,299,-1,24,299,137,-1,137,299,300,-1,137,300,135,-1,135,300,301,-1,135,301,133,-1,133,301,302,-1,133,302,131,-1,131,302,303,-1,131,303,129,-1,129,303,304,-1,129,304,127,-1,127,304,305,-1,127,305,125,-1,125,305,306,-1,125,306,123,-1,123,306,307,-1,123,307,121,-1,121,307,308,-1,121,308,98,-1,98,308,309,-1,98,309,99,-1,99,309,310,-1,99,310,100,-1,100,310,311,-1,100,311,101,-1,101,311,312,-1,101,312,34,-1,34,312,313,-1,34,313,33,-1,33,313,314,-1,33,314,31,-1,31,314,315,-1,31,315,29,-1,29,315,316,-1,29,316,27,-1,27,316,317,-1,27,317,25,-1,25,317,291,-1,25,291,67,-1,
        ]
    }
}
Shape{
    appearance Appearance {
        material  Material 	{
            diffuseColor 1.0 1.0 1.0
            specularColor 0.5019607843137255 0.5019607843137255 0.5019607843137255
            ambientIntensity 1.0
            transparency 0.0
            shininess 0.5
        }
    }
    geometry IndexedFaceSet {
        ccw TRUE
        solid FALSE
        coord DEF co Coordinate {
            point [
                0.0685 0.246 0.0484, 0.0695 0.246 0.048, 0.0677 0.246 0.0396, 0.0704 0.246 0.0474, 0.071 0.246 0.0468, 0.0667 0.246 0.0484, 0.0675 0.246 0.0396, 0.0664 0.246 0.0398, 0.0675 0.246 0.0485, 0.0717 0.246 0.0426, 0.0712 0.246 0.0417, 0.0706 0.246 0.0409, 0.0646 0.246 0.0407, 0.0639 0.246 0.0467, 0.0647 0.246 0.0475, 0.0715 0.246 0.0459, 0.0719 0.246 0.0448, 0.0719 0.246 0.0437, 0.0698 0.246 0.0403, 0.0687 0.246 0.0398, 0.0654 0.246 0.0401, 0.0656 0.246 0.0481, 0.0633 0.246 0.0426, 0.0631 0.246 0.0437, 0.0638 0.246 0.0416, 0.0631 0.246 0.0448, 0.0634 0.246 0.0458
            ]
        }
        coordIndex [
            0,1,2,-1,2,1,3,-1,2,3,4,-1,5,6,7,-1,6,5,2,-1,2,5,8,-1,2,8,0,-1,9,10,4,-1,4,10,11,-1,12,13,14,-1,15,16,4,-1,4,16,17,-1,4,17,9,-1,11,18,4,-1,4,18,19,-1,4,19,2,-1,7,20,5,-1,5,20,12,-1,5,12,21,-1,21,12,14,-1,22,23,24,-1,24,23,25,-1,24,25,12,-1,12,25,26,-1,12,26,13,-1,
        ]
    }
}