ISO-10303-21;
HEADER;
FILE_DESCRIPTION (( 'STEP AP214' ),
    '1' );
FILE_NAME ('PWRM-TH_5P-L19.7-W6.0-P2.54_RH-051509D.STEP',
    '2024-01-23T11:59:30',
    ( 'User' ),
    ( 'China' ),
    'SwSTEP 2.0',
    'SolidWorks 2020',
    '' );
FILE_SCHEMA (( 'AUTOMOTIVE_DESIGN' ));
ENDSEC;

DATA;
#1 = DIRECTION ( 'NONE',  ( 0.000000000000000000, 0.000000000000000000, 1.000000000000000000 ) ) ;
#2 = ORIENTED_EDGE ( 'NONE', *, *, #1467, .T. ) ;
#3 =( NAMED_UNIT ( * ) PLANE_ANGLE_UNIT ( ) SI_UNIT ( $, .RADIAN. ) );
#4 = CARTESIAN_POINT ( 'NONE',  ( 6.643016798601497186, -3.010000000000000231, 1.697719206182685792 ) ) ;
#5 = EDGE_CURVE ( 'NONE', #6427, #8463, #611, .T. ) ;
#6 = CARTESIAN_POINT ( 'NONE',  ( 7.260894987141410795, -3.010000000000000231, 1.597345725443038988 ) ) ;
#7 = VECTOR ( 'NONE', #7467, 1000.000000000000000 ) ;
#8 = CARTESIAN_POINT ( 'NONE',  ( 4.929767919100087603, -3.000000000000000000, 2.327198463502726522 ) ) ;
#9 = CARTESIAN_POINT ( 'NONE',  ( 6.707039687622128987, -3.010000000000000231, 2.100031836165462185 ) ) ;
#10 = AXIS2_PLACEMENT_3D ( 'NONE', #4948, #1165, #1106 ) ;
#11 = VECTOR ( 'NONE', #3227, 1000.000000000000000 ) ;
#12 = EDGE_LOOP ( 'NONE', ( #2293, #2532, #9720, #5680 ) ) ;
#13 = CARTESIAN_POINT ( 'NONE',  ( 7.710938236430269654, -3.000000000000000000, 1.760432163970577779 ) ) ;
#14 = CARTESIAN_POINT ( 'NONE',  ( 7.917661759162775148, -3.000000000000000000, 1.866045369643430707 ) ) ;
#15 = CARTESIAN_POINT ( 'NONE',  ( 4.966202185044719997, -3.010000000000000231, 1.509703450021776083 ) ) ;
#16 = EDGE_CURVE ( 'NONE', #7891, #6404, #1284, .T. ) ;
#17 = ADVANCED_FACE ( 'NONE', ( #7993 ), #1878, .F. ) ;
#18 = FACE_OUTER_BOUND ( 'NONE', #6789, .T. ) ;
#19 = FILL_AREA_STYLE_COLOUR ( '', #682 ) ;
#20 = AXIS2_PLACEMENT_3D ( 'NONE', #6258, #9386, #946 ) ;
#21 = COLOUR_RGB ( '',0.2980392156862745057, 0.2980392156862745057, 0.2980392156862745057 ) ;
#22 = CARTESIAN_POINT ( 'NONE',  ( 6.654478696891643175, -3.000000000000000000, 1.798747652540360065 ) ) ;
#23 = ORIENTED_EDGE ( 'NONE', *, *, #4895, .T. ) ;
#24 = LINE ( 'NONE', #1470, #7328 ) ;
#25 = VERTEX_POINT ( 'NONE', #5025 ) ;
#26 = PLANE ( 'NONE',  #167 ) ;
#27 = CARTESIAN_POINT ( 'NONE',  ( 7.516577189711863838, -3.000000000000000000, 2.374134946703011284 ) ) ;
#28 =( GEOMETRIC_REPRESENTATION_CONTEXT ( 3 ) GLOBAL_UNCERTAINTY_ASSIGNED_CONTEXT ( ( #2835 ) ) GLOBAL_UNIT_ASSIGNED_CONTEXT ( ( #5440, #1556, #7707 ) ) REPRESENTATION_CONTEXT ( 'NONE', 'WORKASPACE' ) );
#29 = AXIS2_PLACEMENT_3D ( 'NONE', #8925, #2035, #1298 ) ;
#30 = DIRECTION ( 'NONE',  ( -0.000000000000000000, 1.000000000000000000, -0.000000000000000000 ) ) ;
#31 = EDGE_CURVE ( 'NONE', #8222, #9382, #7939, .T. ) ;
#32 = ORIENTED_EDGE ( 'NONE', *, *, #3565, .T. ) ;
#33 = CARTESIAN_POINT ( 'NONE',  ( 6.963786209320504739, -3.000000000000000000, 1.697391723374784833 ) ) ;
#34 = AXIS2_PLACEMENT_3D ( 'NONE', #5502, #8329, #7570 ) ;
#35 = PLANE ( 'NONE',  #8282 ) ;
#36 = PRESENTATION_LAYER_ASSIGNMENT (  '', '', ( #7003 ) ) ;
#37 = LINE ( 'NONE', #4486, #8589 ) ;
#38 = VECTOR ( 'NONE', #6852, 1000.000000000000000 ) ;
#39 = AXIS2_PLACEMENT_3D ( 'NONE', #1195, #5848, #4291 ) ;
#40 = B_SPLINE_CURVE_WITH_KNOTS ( 'NONE', 3,
 ( #7556, #6124, #6077, #6020 ),
 .UNSPECIFIED., .F., .F.,
 ( 4, 4 ),
 ( 4.000000000000000000, 5.000000000000000000 ),
 .UNSPECIFIED. ) ;
#41 = CARTESIAN_POINT ( 'NONE',  ( 4.765813472607303147, -3.000000000000000000, 2.217895491935343966 ) ) ;
#42 = CARTESIAN_POINT ( 'NONE',  ( 6.873073471424190117, -3.010000000000000231, 1.746677886022836912 ) ) ;
#43 = DIRECTION ( 'NONE',  ( 1.000000000000000000, 0.000000000000000000, 0.000000000000000000 ) ) ;
#44 = CARTESIAN_POINT ( 'NONE',  ( 6.667496138521578075, -3.010000000000000231, 1.624854281338506512 ) ) ;
#45 = EDGE_CURVE ( 'NONE', #1790, #1477, #5069, .T. ) ;
#46 = ORIENTED_EDGE ( 'NONE', *, *, #5511, .F. ) ;
#47 = CIRCLE ( 'NONE', #7496, 0.2000000000000005107 ) ;
#48 = VECTOR ( 'NONE', #2785, 1000.000000000000000 ) ;
#49 = CARTESIAN_POINT ( 'NONE',  ( 4.966202185044719997, -3.000000000000000000, 1.509703450021776083 ) ) ;
#50 = EDGE_CURVE ( 'NONE', #8844, #2427, #8082, .T. ) ;
#51 = EDGE_CURVE ( 'NONE', #5285, #9640, #8038, .T. ) ;
#52 = CARTESIAN_POINT ( 'NONE',  ( 6.415252505436406238, -3.000000000000000000, 2.141949635626684056 ) ) ;
#53 = EDGE_LOOP ( 'NONE', ( #5451, #5084, #7527, #2433 ) ) ;
#54 = CARTESIAN_POINT ( 'NONE',  ( 5.180253863939324077, -3.000000000000000000, 2.422838566338476163 ) ) ;
#55 = EDGE_LOOP ( 'NONE', ( #6760, #8694, #2836, #1471, #455, #4264, #9239, #3129, #4653, #1349, #4721, #4882, #4684, #1356 ) ) ;
#56 = EDGE_LOOP ( 'NONE', ( #9095, #8033, #7622, #9031 ) ) ;
#57 = VECTOR ( 'NONE', #5580, 1000.000000000000000 ) ;
#58 = CARTESIAN_POINT ( 'NONE',  ( -9.324999999999999289, -3.000000000000000000, 0.5000000000000000000 ) ) ;
#59 = B_SPLINE_SURFACE_WITH_KNOTS ( 'NONE', 3, 1, ( 
 ( #9782, #6001 ),
 ( #3837, #2938 ),
 ( #656, #5955 ),
 ( #6890, #3688 ) ),
 .UNSPECIFIED., .F., .F., .F.,
 ( 4, 4 ),
 ( 2, 2 ),
 ( 11.00000000000000000, 12.00000000000000000 ),
 ( 0.000000000000000000, 1.000000000000000000 ),
 .UNSPECIFIED. ) ;
#60 = DIRECTION ( 'NONE',  ( -0.000000000000000000, 1.000000000000000000, -0.000000000000000000 ) ) ;
#61 = VERTEX_POINT ( 'NONE', #9625 ) ;
#62 = CARTESIAN_POINT ( 'NONE',  ( 6.719811517145025448, -3.010000000000000231, 2.431116955345815178 ) ) ;
#63 = FILL_AREA_STYLE_COLOUR ( '', #7318 ) ;
#64 = AXIS2_PLACEMENT_3D ( 'NONE', #1099, #9243, #5571 ) ;
#65 = LINE ( 'NONE', #1098, #6367 ) ;
#66 = CARTESIAN_POINT ( 'NONE',  ( 6.707039687622128987, -3.010000000000000231, 2.100031836165462185 ) ) ;
#67 = DIRECTION ( 'NONE',  ( -0.000000000000000000, -0.000000000000000000, -1.000000000000000000 ) ) ;
#68 = EDGE_LOOP ( 'NONE', ( #46, #1946, #1600, #5391 ) ) ;
#69 = DIRECTION ( 'NONE',  ( -1.000000000000000000, -0.000000000000000000, -0.000000000000000000 ) ) ;
#70 = DIRECTION ( 'NONE',  ( -0.000000000000000000, 1.000000000000000000, -0.000000000000000000 ) ) ;
#71 = CARTESIAN_POINT ( 'NONE',  ( 6.768360843474201083, -3.010000000000000231, 1.744549247767018363 ) ) ;
#72 = CARTESIAN_POINT ( 'NONE',  ( 6.795705657966789381, -3.010000000000000231, 2.374789912321017660 ) ) ;
#73 = CARTESIAN_POINT ( 'NONE',  ( 5.690334325534464277, -3.010000000000000231, 1.737417878208080690 ) ) ;
#74 = ORIENTED_EDGE ( 'NONE', *, *, #7873, .F. ) ;
#75 = FACE_OUTER_BOUND ( 'NONE', #5234, .T. ) ;
#76 = ORIENTED_EDGE ( 'NONE', *, *, #4244, .T. ) ;
#77 = ADVANCED_FACE ( 'NONE', ( #348 ), #550, .F. ) ;
#78 = CARTESIAN_POINT ( 'NONE',  ( 0.000000000000000000, -3.010000000000000231, 0.000000000000000000 ) ) ;
#79 = EDGE_CURVE ( 'NONE', #212, #6037, #2075, .T. ) ;
#80 = PRESENTATION_STYLE_ASSIGNMENT (( #5492 ) ) ;
#81 = CARTESIAN_POINT ( 'NONE',  ( 7.514776034266136051, -3.000000000000000000, 2.384778137973367684 ) ) ;
#82 = CARTESIAN_POINT ( 'NONE',  ( 6.795705657966789381, -3.010000000000000231, 2.158323776042110786 ) ) ;
#83 = VERTEX_POINT ( 'NONE', #398 ) ;
#84 = VERTEX_POINT ( 'NONE', #6401 ) ;
#85 = CARTESIAN_POINT ( 'NONE',  ( 5.899831696753652821, -3.000000000000000000, 1.741972185883511326 ) ) ;
#86 = DIRECTION ( 'NONE',  ( -1.000000000000000000, 0.000000000000000000, -0.000000000000000000 ) ) ;
#87 = CARTESIAN_POINT ( 'NONE',  ( 6.015966064683417436, -3.000000000000000000, 2.172352610640972514 ) ) ;
#88 = SURFACE_SIDE_STYLE ('',( #9220 ) ) ;
#89 = EDGE_CURVE ( 'NONE', #9414, #5816, #5108, .T. ) ;
#90 = LINE ( 'NONE', #782, #7130 ) ;
#91 =( LENGTH_UNIT ( ) NAMED_UNIT ( * ) SI_UNIT ( .MILLI., .METRE. ) );
#92 = CARTESIAN_POINT ( 'NONE',  ( 5.150650950922908144, -3.010000000000000231, 1.582571938480119567 ) ) ;
#93 = ORIENTED_EDGE ( 'NONE', *, *, #7311, .F. ) ;
#94 = B_SPLINE_CURVE_WITH_KNOTS ( 'NONE', 3,
 ( #1518, #5196, #7560, #769 ),
 .UNSPECIFIED., .F., .F.,
 ( 4, 4 ),
 ( 1.000000000000000000, 2.000000000000000000 ),
 .UNSPECIFIED. ) ;
#95 = DIRECTION ( 'NONE',  ( -8.673617379884013384E-15, 0.000000000000000000, -1.000000000000000000 ) ) ;
#96 = DIRECTION ( 'NONE',  ( -0.000000000000000000, -0.000000000000000000, -1.000000000000000000 ) ) ;
#97 = VERTEX_POINT ( 'NONE', #3383 ) ;
#98 = EDGE_CURVE ( 'NONE', #6206, #6581, #2687, .T. ) ;
#99 = CARTESIAN_POINT ( 'NONE',  ( 5.055010880661979122, -3.010000000000000231, 1.903649587121335918 ) ) ;
#100 = ORIENTED_EDGE ( 'NONE', *, *, #1376, .T. ) ;
#101 = ORIENTED_EDGE ( 'NONE', *, *, #9391, .F. ) ;
#102 = LINE ( 'NONE', #2982, #4787 ) ;
#103 = ORIENTED_EDGE ( 'NONE', *, *, #999, .F. ) ;
#104 = EDGE_CURVE ( 'NONE', #2286, #7253, #8676, .T. ) ;
#105 = EDGE_CURVE ( 'NONE', #2731, #8709, #6491, .T. ) ;
#106 = FACE_OUTER_BOUND ( 'NONE', #2937, .T. ) ;
#107 = ORIENTED_EDGE ( 'NONE', *, *, #4712, .T. ) ;
#108 = SURFACE_SIDE_STYLE ('',( #6210 ) ) ;
#109 = DIRECTION ( 'NONE',  ( 0.000000000000000000, 1.000000000000000000, 0.000000000000000000 ) ) ;
#110 = VERTEX_POINT ( 'NONE', #5758 ) ;
#111 = LINE ( 'NONE', #8983, #8261 ) ;
#112 = DIRECTION ( 'NONE',  ( -0.000000000000000000, 1.000000000000000000, -0.000000000000000000 ) ) ;
#113 = EDGE_LOOP ( 'NONE', ( #9558, #1423, #9028, #9559 ) ) ;
#114 = FILL_AREA_STYLE_COLOUR ( '', #8723 ) ;
#115 = CARTESIAN_POINT ( 'NONE',  ( 5.820131616487237203, -3.010000000000000231, 1.596234948368240092 ) ) ;
#116 = CARTESIAN_POINT ( 'NONE',  ( 5.619742860615633440, -3.000000000000000000, 1.666826413289248077 ) ) ;
#117 = DIRECTION ( 'NONE',  ( -1.000000000000000000, 0.000000000000000000, -0.000000000000000000 ) ) ;
#118 = CARTESIAN_POINT ( 'NONE',  ( 5.380642619812027405, -3.010000000000000231, 1.696429369738771786 ) ) ;
#119 = ORIENTED_EDGE ( 'NONE', *, *, #7548, .T. ) ;
#120 = CARTESIAN_POINT ( 'NONE',  ( 6.657098559358238354, -3.010000000000000231, 1.591942259105878055 ) ) ;
#121 = ORIENTED_EDGE ( 'NONE', *, *, #9321, .T. ) ;
#122 = CARTESIAN_POINT ( 'NONE',  ( 0.000000000000000000, -3.010000000000000231, 0.000000000000000000 ) ) ;
#123 = FACE_OUTER_BOUND ( 'NONE', #1065, .T. ) ;
#124 = CARTESIAN_POINT ( 'NONE',  ( 4.765813472607303147, -3.010000000000000231, 2.217895491935343966 ) ) ;
#125 = CARTESIAN_POINT ( 'NONE',  ( 4.765813472607303147, -3.010000000000000231, 2.217895491935343966 ) ) ;
#126 = DIRECTION ( 'NONE',  ( -1.000000000000000000, -0.000000000000000000, -0.000000000000000000 ) ) ;
#127 = VECTOR ( 'NONE', #6467, 1000.000000000000000 ) ;
#128 = EDGE_LOOP ( 'NONE', ( #5332, #1854, #8308, #8602 ) ) ;
#129 = VERTEX_POINT ( 'NONE', #8780 ) ;
#130 = EDGE_CURVE ( 'NONE', #7646, #6508, #1983, .T. ) ;
#131 = DIRECTION ( 'NONE',  ( -0.000000000000000000, 1.000000000000000000, -0.000000000000000000 ) ) ;
#132 = EDGE_CURVE ( 'NONE', #6211, #1923, #9584, .T. ) ;
#133 = B_SPLINE_CURVE_WITH_KNOTS ( 'NONE', 3,
 ( #5169, #5217, #4495, #4443 ),
 .UNSPECIFIED., .F., .F.,
 ( 4, 4 ),
 ( 34.00000000000000000, 35.00000000000000000 ),
 .UNSPECIFIED. ) ;
#134 = CARTESIAN_POINT ( 'NONE',  ( 5.628851475963204898, -3.010000000000000231, 1.985626821225459970 ) ) ;
#135 = FACE_OUTER_BOUND ( 'NONE', #3495, .T. ) ;
#136 = FACE_OUTER_BOUND ( 'NONE', #1058, .T. ) ;
#137 = CARTESIAN_POINT ( 'NONE',  ( 5.061842298739836821, -3.000000000000000000, 1.621283423412113844 ) ) ;
#138 = SURFACE_STYLE_USAGE ( .BOTH. , #5357 ) ;
#139 = CARTESIAN_POINT ( 'NONE',  ( 7.309853666981539710, -3.000000000000000000, 2.308474643641707402 ) ) ;
#140 = ORIENTED_EDGE ( 'NONE', *, *, #9813, .F. ) ;
#141 = ADVANCED_FACE ( 'NONE', ( #3674 ), #9673, .F. ) ;
#142 = DIRECTION ( 'NONE',  ( 1.000000000000000000, -0.000000000000000000, -0.000000000000000000 ) ) ;
#143 = EDGE_CURVE ( 'NONE', #2265, #533, #37, .T. ) ;
#144 = AXIS2_PLACEMENT_3D ( 'NONE', #5559, #4794, #3939 ) ;
#145 = SURFACE_STYLE_USAGE ( .BOTH. , #4742 ) ;
#146 = B_SPLINE_CURVE_WITH_KNOTS ( 'NONE', 3,
 ( #1131, #4186, #7184, #8072 ),
 .UNSPECIFIED., .F., .F.,
 ( 4, 4 ),
 ( 1.000000000000000000, 2.000000000000000000 ),
 .UNSPECIFIED. ) ;
#147 = ORIENTED_EDGE ( 'NONE', *, *, #5238, .F. ) ;
#148 = CARTESIAN_POINT ( 'NONE',  ( 5.116493817099436292, -3.000000000000000000, 2.176907005182597832 ) ) ;
#149 = VERTEX_POINT ( 'NONE', #5992 ) ;
#150 = EDGE_LOOP ( 'NONE', ( #4043, #2048, #7528, #7809 ) ) ;
#151 = LINE ( 'NONE', #943, #7763 ) ;
#152 = ORIENTED_EDGE ( 'NONE', *, *, #2696, .F. ) ;
#153 = ORIENTED_EDGE ( 'NONE', *, *, #2013, .F. ) ;
#154 = B_SPLINE_CURVE_WITH_KNOTS ( 'NONE', 3,
 ( #5056, #2816, #433, #7926 ),
 .UNSPECIFIED., .F., .F.,
 ( 4, 4 ),
 ( 9.000000000000000000, 10.00000000000000000 ),
 .UNSPECIFIED. ) ;
#155 = DIRECTION ( 'NONE',  ( -0.000000000000000000, -0.000000000000000000, 1.000000000000000000 ) ) ;
#156 = FACE_OUTER_BOUND ( 'NONE', #2819, .T. ) ;
#157 = ORIENTED_EDGE ( 'NONE', *, *, #2843, .T. ) ;
#158 = EDGE_CURVE ( 'NONE', #6420, #2486, #3020, .T. ) ;
#159 = PLANE ( 'NONE',  #9554 ) ;
#160 = CARTESIAN_POINT ( 'NONE',  ( 7.894164867668626684, -3.010000000000000231, 1.917623911949080551 ) ) ;
#161 = FILL_AREA_STYLE_COLOUR ( '', #7340 ) ;
#162 = AXIS2_PLACEMENT_3D ( 'NONE', #4249, #445, #6450 ) ;
#163 = CARTESIAN_POINT ( 'NONE',  ( 6.795705657966789381, -3.000000000000000000, 2.418017643013904205 ) ) ;
#164 = LINE ( 'NONE', #4569, #1573 ) ;
#165 = ORIENTED_EDGE ( 'NONE', *, *, #9246, .F. ) ;
#166 = CARTESIAN_POINT ( 'NONE',  ( 7.622190395384715877, -3.000000000000000000, 1.633860058567119022 ) ) ;
#167 = AXIS2_PLACEMENT_3D ( 'NONE', #1418, #3059, #6090 ) ;
#168 = CARTESIAN_POINT ( 'NONE',  ( 6.713016248873132419, -3.000000000000000000, 2.136873652097444509 ) ) ;
#169 = FACE_OUTER_BOUND ( 'NONE', #2331, .T. ) ;
#170 = FILL_AREA_STYLE_COLOUR ( '', #3887 ) ;
#171 =( GEOMETRIC_REPRESENTATION_CONTEXT ( 3 ) GLOBAL_UNCERTAINTY_ASSIGNED_CONTEXT ( ( #886 ) ) GLOBAL_UNIT_ASSIGNED_CONTEXT ( ( #8454, #763, #3196 ) ) REPRESENTATION_CONTEXT ( 'NONE', 'WORKASPACE' ) );
#172 = ADVANCED_FACE ( 'NONE', ( #2971 ), #9474, .T. ) ;
#173 = FILL_AREA_STYLE_COLOUR ( '', #6374 ) ;
#174 = DIRECTION ( 'NONE',  ( 1.000000000000000000, 0.000000000000000000, -0.000000000000000000 ) ) ;
#175 = ADVANCED_FACE ( 'NONE', ( #3619 ), #697, .F. ) ;
#176 = DIRECTION ( 'NONE',  ( -0.000000000000000000, 1.000000000000000000, -0.000000000000000000 ) ) ;
#177 = VERTEX_POINT ( 'NONE', #9072 ) ;
#178 = DIRECTION ( 'NONE',  ( -0.000000000000000000, 1.000000000000000000, -0.000000000000000000 ) ) ;
#179 = VECTOR ( 'NONE', #5998, 1000.000000000000000 ) ;
#180 = EDGE_LOOP ( 'NONE', ( #4768, #872, #898, #9046 ) ) ;
#181 = PLANE ( 'NONE',  #311 ) ;
#182 = VECTOR ( 'NONE', #7839, 1000.000000000000000 ) ;
#183 = SURFACE_STYLE_USAGE ( .BOTH. , #4026 ) ;
#184 = CARTESIAN_POINT ( 'NONE',  ( -9.624999999999998224, -3.000000000000000000, 10.19999999999999929 ) ) ;
#185 = CARTESIAN_POINT ( 'NONE',  ( 0.000000000000000000, 0.000000000000000000, -4.099999999999999645 ) ) ;
#186 = VECTOR ( 'NONE', #7830, 1000.000000000000000 ) ;
#187 = CARTESIAN_POINT ( 'NONE',  ( 6.651695093021087857, -3.000000000000000000, 2.148171808983630804 ) ) ;
#188 = VECTOR ( 'NONE', #1222, 1000.000000000000000 ) ;
#189 = ORIENTED_EDGE ( 'NONE', *, *, #1617, .F. ) ;
#190 = VERTEX_POINT ( 'NONE', #6634 ) ;
#191 = CARTESIAN_POINT ( 'NONE',  ( 6.795705657966789381, -3.010000000000000231, 2.118698356238478464 ) ) ;
#192 = CARTESIAN_POINT ( 'NONE',  ( 15.24000000000000021, 0.000000000000000000, -4.099999999999999645 ) ) ;
#193 = DIRECTION ( 'NONE',  ( 1.624890687905865994E-14, 0.000000000000000000, -1.000000000000000000 ) ) ;
#194 = UNCERTAINTY_MEASURE_WITH_UNIT (LENGTH_MEASURE( 1.000000000000000082E-05 ), #5304, 'distance_accuracy_value', 'NONE');
#195 = FILL_AREA_STYLE ('',( #3882 ) ) ;
#196 = CARTESIAN_POINT ( 'NONE',  ( 7.676716282965974969, -3.010000000000000231, 1.667263305011618790 ) ) ;
#197 = FILL_AREA_STYLE ('',( #7081 ) ) ;
#198 = CARTESIAN_POINT ( 'NONE',  ( 6.599297843695637766, -3.010000000000000231, 2.261972084865287780 ) ) ;
#199 = CARTESIAN_POINT ( 'NONE',  ( 7.673932679096507670, -3.010000000000000231, 1.903542151191246257 ) ) ;
#200 = ORIENTED_EDGE ( 'NONE', *, *, #1492, .T. ) ;
#201 = CARTESIAN_POINT ( 'NONE',  ( 5.180253863939324077, -3.000000000000000000, 2.422838566338476163 ) ) ;
#202 = VECTOR ( 'NONE', #5354, 1000.000000000000000 ) ;
#203 = VECTOR ( 'NONE', #70, 1000.000000000000000 ) ;
#204 = PRESENTATION_STYLE_ASSIGNMENT (( #295 ) ) ;
#205 = AXIS2_PLACEMENT_3D ( 'NONE', #8330, #3728, #781 ) ;
#206 = FILL_AREA_STYLE_COLOUR ( '', #5847 ) ;
#207 = ORIENTED_EDGE ( 'NONE', *, *, #9147, .T. ) ;
#208 = VERTEX_POINT ( 'NONE', #9725 ) ;
#209 = EDGE_CURVE ( 'NONE', #4493, #3002, #3879, .T. ) ;
#210 = LINE ( 'NONE', #3335, #1588 ) ;
#211 = B_SPLINE_CURVE_WITH_KNOTS ( 'NONE', 3,
 ( #6464, #7963, #7211, #4111 ),
 .UNSPECIFIED., .F., .F.,
 ( 4, 4 ),
 ( 10.00000000000000000, 11.00000000000000000 ),
 .UNSPECIFIED. ) ;
#212 = VERTEX_POINT ( 'NONE', #7531 ) ;
#213 = EDGE_CURVE ( 'NONE', #1561, #8293, #3825, .T. ) ;
#214 = FACE_OUTER_BOUND ( 'NONE', #3035, .T. ) ;
#215 = CARTESIAN_POINT ( 'NONE',  ( 5.125000000000002665, 1.604999999999999982, 0.5000000000000000000 ) ) ;
#216 = ORIENTED_EDGE ( 'NONE', *, *, #9583, .F. ) ;
#217 = CARTESIAN_POINT ( 'NONE',  ( 7.754411579233464025, -3.000000000000000000, 1.761578353798287200 ) ) ;
#218 = CARTESIAN_POINT ( 'NONE',  ( 6.795705657966789381, -3.000000000000000000, 2.374789912321017660 ) ) ;
#219 = CARTESIAN_POINT ( 'NONE',  ( 7.302239691688779288, -3.000000000000000000, 1.741601902493590925 ) ) ;
#220 = VECTOR ( 'NONE', #8169, 1000.000000000000000 ) ;
#221 = FILL_AREA_STYLE_COLOUR ( '', #3319 ) ;
#222 = CARTESIAN_POINT ( 'NONE',  ( 9.624999999999998224, -2.799999999999999822, 9.999999999999998224 ) ) ;
#223 = EDGE_CURVE ( 'NONE', #7090, #2005, #5210, .T. ) ;
#224 = ORIENTED_EDGE ( 'NONE', *, *, #3703, .F. ) ;
#225 = CARTESIAN_POINT ( 'NONE',  ( 6.865868849642400740, -3.000000000000000000, 1.825273760012084967 ) ) ;
#226 = CARTESIAN_POINT ( 'NONE',  ( 4.802247803701580331, -3.000000000000000000, 1.869492409862588689 ) ) ;
#227 = CARTESIAN_POINT ( 'NONE',  ( 6.768360843474201083, -3.010000000000000231, 1.802513704835750907 ) ) ;
#228 = VECTOR ( 'NONE', #4351, 1000.000000000000000 ) ;
#229 = CARTESIAN_POINT ( 'NONE',  ( 6.834348629344503934, -3.000000000000000000, 1.728175107353765005 ) ) ;
#230 = DIRECTION ( 'NONE',  ( -1.000000000000000000, -0.000000000000000000, -0.000000000000000000 ) ) ;
#231 = VERTEX_POINT ( 'NONE', #2875 ) ;
#232 = ORIENTED_EDGE ( 'NONE', *, *, #7872, .F. ) ;
#233 = LINE ( 'NONE', #3260, #3058 ) ;
#234 = VECTOR ( 'NONE', #1850, 1000.000000000000000 ) ;
#235 = EDGE_CURVE ( 'NONE', #3091, #8171, #2230, .T. ) ;
#236 = CARTESIAN_POINT ( 'NONE',  ( 7.460659500196967109, -3.010000000000000231, 2.229223804036619239 ) ) ;
#237 = CARTESIAN_POINT ( 'NONE',  ( 4.802247803701580331, -3.000000000000000000, 1.962855369721081322 ) ) ;
#238 = EDGE_CURVE ( 'NONE', #4261, #5731, #1138, .T. ) ;
#239 = EDGE_CURVE ( 'NONE', #5295, #2921, #4112, .T. ) ;
#240 = CARTESIAN_POINT ( 'NONE',  ( 4.804524870672004511, -3.010000000000000231, 1.655440687534879052 ) ) ;
#241 = FACE_OUTER_BOUND ( 'NONE', #9835, .T. ) ;
#242 = ORIENTED_EDGE ( 'NONE', *, *, #3578, .T. ) ;
#243 = ORIENTED_EDGE ( 'NONE', *, *, #3801, .F. ) ;
#244 = MECHANICAL_DESIGN_GEOMETRIC_PRESENTATION_REPRESENTATION (  '', ( #545 ), #1976 ) ;
#245 =( NAMED_UNIT ( * ) PLANE_ANGLE_UNIT ( ) SI_UNIT ( $, .RADIAN. ) );
#246 =( NAMED_UNIT ( * ) PLANE_ANGLE_UNIT ( ) SI_UNIT ( $, .RADIAN. ) );
#247 = DIRECTION ( 'NONE',  ( -0.000000000000000000, 1.000000000000000000, -0.000000000000000000 ) ) ;
#248 = CARTESIAN_POINT ( 'NONE',  ( 7.165000000000000924, 1.855000000000000204, 0.5000000000000000000 ) ) ;
#249 = CARTESIAN_POINT ( 'NONE',  ( 5.102830894076442192, -3.000000000000000000, 1.582571938480119567 ) ) ;
#250 = DIRECTION ( 'NONE',  ( -0.000000000000000000, 1.000000000000000000, 0.000000000000000000 ) ) ;
#251 = CARTESIAN_POINT ( 'NONE',  ( 6.966242330383139780, -3.010000000000000231, 1.821180224906592038 ) ) ;
#252 = VERTEX_POINT ( 'NONE', #9122 ) ;
#253 = ORIENTED_EDGE ( 'NONE', *, *, #238, .T. ) ;
#254 = CARTESIAN_POINT ( 'NONE',  ( 6.920230995818609010, -3.000000000000000000, 1.624690539934555256 ) ) ;
#255 = CARTESIAN_POINT ( 'NONE',  ( 7.613593971668197291, -3.010000000000000231, 2.105435302502622896 ) ) ;
#256 = ORIENTED_EDGE ( 'NONE', *, *, #8219, .T. ) ;
#257 = ORIENTED_EDGE ( 'NONE', *, *, #5375, .F. ) ;
#258 = CARTESIAN_POINT ( 'NONE',  ( 5.792805857307428141, -3.000000000000000000, 2.090375376536846908 ) ) ;
#259 = ORIENTED_EDGE ( 'NONE', *, *, #1467, .F. ) ;
#260 = DIRECTION ( 'NONE',  ( -0.000000000000000000, 1.000000000000000000, -0.000000000000000000 ) ) ;
#261 = DIRECTION ( 'NONE',  ( -0.3559357243698761386, -0.000000000000000000, 0.9345104387417465519 ) ) ;
#262 = CARTESIAN_POINT ( 'NONE',  ( 5.150650994356001711, -3.010000000000000231, 2.156412707512648907 ) ) ;
#263 = FACE_OUTER_BOUND ( 'NONE', #7698, .T. ) ;
#264 = EDGE_CURVE ( 'NONE', #1736, #9495, #6687, .T. ) ;
#265 = ADVANCED_FACE ( 'NONE', ( #1335 ), #7379, .F. ) ;
#266 = FACE_OUTER_BOUND ( 'NONE', #1959, .T. ) ;
#267 = CARTESIAN_POINT ( 'NONE',  ( 6.848676002207185753, -3.000000000000000000, 1.813156896103925275 ) ) ;
#268 = SURFACE_STYLE_FILL_AREA ( #3294 ) ;
#269 = DIRECTION ( 'NONE',  ( 1.000000000000000000, -0.000000000000000000, -0.000000000000000000 ) ) ;
#270 = SURFACE_STYLE_FILL_AREA ( #4068 ) ;
#271 = CARTESIAN_POINT ( 'NONE',  ( 7.272848109643426540, -3.000000000000000000, 2.120335770280241672 ) ) ;
#272 = CARTESIAN_POINT ( 'NONE',  ( 6.728244199458688790, -3.000000000000000000, 1.632713868737213359 ) ) ;
#273 = VERTEX_POINT ( 'NONE', #7422 ) ;
#274 = EDGE_CURVE ( 'NONE', #734, #4766, #3982, .T. ) ;
#275 =( NAMED_UNIT ( * ) SI_UNIT ( $, .STERADIAN. ) SOLID_ANGLE_UNIT ( ) );
#276 = EDGE_LOOP ( 'NONE', ( #5470, #3889, #6136, #5127 ) ) ;
#277 = EDGE_LOOP ( 'NONE', ( #3399, #4403, #9194, #2480 ) ) ;
#278 = DIRECTION ( 'NONE',  ( 0.3667976789509078128, -0.000000000000000000, 0.9303007377811901568 ) ) ;
#279 = CARTESIAN_POINT ( 'NONE',  ( 4.802247803701580331, -3.010000000000000231, 1.962855369721081322 ) ) ;
#280 = CARTESIAN_POINT ( 'NONE',  ( 7.581746268563485991, -3.010000000000000231, 1.597345725443044095 ) ) ;
#281 = DIRECTION ( 'NONE',  ( 0.000000000000000000, 0.000000000000000000, -1.000000000000000000 ) ) ;
#282 = ORIENTED_EDGE ( 'NONE', *, *, #8111, .T. ) ;
#283 = SURFACE_STYLE_FILL_AREA ( #8368 ) ;
#284 = EDGE_CURVE ( 'NONE', #2469, #3403, #641, .T. ) ;
#285 = ADVANCED_FACE ( 'NONE', ( #136 ), #4527, .F. ) ;
#286 = DIRECTION ( 'NONE',  ( -0.000000000000000000, 1.000000000000000000, -0.000000000000000000 ) ) ;
#287 = FACE_OUTER_BOUND ( 'NONE', #6837, .T. ) ;
#288 = DIRECTION ( 'NONE',  ( 1.000000000000000000, 0.000000000000000000, 1.624890687905864416E-14 ) ) ;
#289 = LINE ( 'NONE', #9169, #3502 ) ;
#290 = LINE ( 'NONE', #389, #5468 ) ;
#291 = CARTESIAN_POINT ( 'NONE',  ( 6.606911818987319052, -3.010000000000000231, 1.810045809426548136 ) ) ;
#292 = ORIENTED_EDGE ( 'NONE', *, *, #2792, .T. ) ;
#293 = DIRECTION ( 'NONE',  ( 0.000000000000000000, 0.000000000000000000, 1.000000000000000000 ) ) ;
#294 = ADVANCED_FACE ( 'NONE', ( #9167 ), #4979, .T. ) ;
#295 = SURFACE_STYLE_USAGE ( .BOTH. , #4046 ) ;
#296 = EDGE_CURVE ( 'NONE', #7978, #4632, #1575, .T. ) ;
#297 = AXIS2_PLACEMENT_3D ( 'NONE', #3587, #2697, #1896 ) ;
#298 = ORIENTED_EDGE ( 'NONE', *, *, #3920, .F. ) ;
#299 = CARTESIAN_POINT ( 'NONE',  ( 7.022160019898039174, -3.010000000000000231, 1.489603881514363959 ) ) ;
#300 = ORIENTED_EDGE ( 'NONE', *, *, #50, .T. ) ;
#301 = ORIENTED_EDGE ( 'NONE', *, *, #5264, .T. ) ;
#302 = DIRECTION ( 'NONE',  ( 1.000000000000000000, -0.000000000000000000, -0.000000000000000000 ) ) ;
#303 = B_SPLINE_SURFACE_WITH_KNOTS ( 'NONE', 3, 1, ( 
 ( #8440, #6003 ),
 ( #1648, #5325 ),
 ( #1592, #8975 ),
 ( #8341, #9181 ) ),
 .UNSPECIFIED., .F., .F., .F.,
 ( 4, 4 ),
 ( 2, 2 ),
 ( 3.000000000000000000, 4.000000000000000000 ),
 ( 0.000000000000000000, 1.000000000000000000 ),
 .UNSPECIFIED. ) ;
#304 = ORIENTED_EDGE ( 'NONE', *, *, #3201, .F. ) ;
#305 = AXIS2_PLACEMENT_3D ( 'NONE', #2330, #706, #3741 ) ;
#306 = LINE ( 'NONE', #6409, #6668 ) ;
#307 = LINE ( 'NONE', #215, #848 ) ;
#308 = LINE ( 'NONE', #6359, #3692 ) ;
#309 = CARTESIAN_POINT ( 'NONE',  ( 6.883716662694541633, -3.010000000000000231, 1.697882947586647484 ) ) ;
#310 = PLANE ( 'NONE',  #9816 ) ;
#311 = AXIS2_PLACEMENT_3D ( 'NONE', #122, #3965, #6133 ) ;
#312 = CARTESIAN_POINT ( 'NONE',  ( 6.584561117321979573, -3.000000000000000000, 1.658585010593108588 ) ) ;
#313 = CARTESIAN_POINT ( 'NONE',  ( 6.822968601756333129, -3.000000000000000000, 1.784665891782520664 ) ) ;
#314 = ORIENTED_EDGE ( 'NONE', *, *, #7872, .T. ) ;
#315 = ORIENTED_EDGE ( 'NONE', *, *, #5659, .T. ) ;
#316 = CARTESIAN_POINT ( 'NONE',  ( 5.649345730197858906, -3.000000000000000000, 1.598512058771758060 ) ) ;
#317 = CARTESIAN_POINT ( 'NONE',  ( 6.597005464036952205, -3.000000000000000000, 2.143750791072403405 ) ) ;
#318 = CARTESIAN_POINT ( 'NONE',  ( -9.324999999999999289, 3.000000000000000000, 0.000000000000000000 ) ) ;
#319 = CARTESIAN_POINT ( 'NONE',  ( 6.625250856252422160, -3.010000000000000231, 1.674304185390523836 ) ) ;
#320 = AXIS2_PLACEMENT_3D ( 'NONE', #8351, #7513, #811 ) ;
#321 = ORIENTED_EDGE ( 'NONE', *, *, #4588, .F. ) ;
#322 = CARTESIAN_POINT ( 'NONE',  ( -7.574999999999998401, 1.855000000000000204, 0.5000000000000000000 ) ) ;
#323 = ORIENTED_EDGE ( 'NONE', *, *, #9825, .T. ) ;
#324 = VERTEX_POINT ( 'NONE', #7777 ) ;
#325 = DIRECTION ( 'NONE',  ( -1.000000000000000000, -0.000000000000000000, -0.000000000000000000 ) ) ;
#326 = VECTOR ( 'NONE', #6589, 1000.000000000000000 ) ;
#327 = CARTESIAN_POINT ( 'NONE',  ( 6.901155122235678618, -3.000000000000000000, 2.388871673076673474 ) ) ;
#328 = ADVANCED_FACE ( 'NONE', ( #287 ), #2192, .F. ) ;
#329 = CARTESIAN_POINT ( 'NONE',  ( 7.425864451816630130, -3.010000000000000231, 1.917623911949078774 ) ) ;
#330 = ADVANCED_FACE ( 'NONE', ( #8371 ), #8132, .F. ) ;
#331 = DIRECTION ( 'NONE',  ( 1.000000000000000000, 0.000000000000000000, 0.000000000000000000 ) ) ;
#332 = B_SPLINE_CURVE_WITH_KNOTS ( 'NONE', 3,
 ( #7179, #7223, #430, #1771 ),
 .UNSPECIFIED., .F., .F.,
 ( 4, 4 ),
 ( 3.000000000000000000, 4.000000000000000000 ),
 .UNSPECIFIED. ) ;
#333 = CARTESIAN_POINT ( 'NONE',  ( 7.133913528228045031, -3.010000000000000231, 2.141949635626684056 ) ) ;
#334 = ORIENTED_EDGE ( 'NONE', *, *, #4972, .T. ) ;
#335 = CARTESIAN_POINT ( 'NONE',  ( 7.512238042502613844, -3.000000000000000000, 2.375117395128941045 ) ) ;
#336 = AXIS2_PLACEMENT_3D ( 'NONE', #3463, #8124, #1326 ) ;
#337 = DIRECTION ( 'NONE',  ( -0.000000000000000000, -0.000000000000000000, 1.000000000000000000 ) ) ;
#338 = VECTOR ( 'NONE', #8771, 1000.000000000000000 ) ;
#339 = CARTESIAN_POINT ( 'NONE',  ( 7.337198481473060419, -3.010000000000000231, 2.180265124196474780 ) ) ;
#340 = DIRECTION ( 'NONE',  ( -0.000000000000000000, -0.000000000000000000, 1.000000000000000000 ) ) ;
#341 = CARTESIAN_POINT ( 'NONE',  ( 6.606911818987320828, -3.000000000000000000, 1.810045809426548136 ) ) ;
#342 = VECTOR ( 'NONE', #6740, 1000.000000000000000 ) ;
#343 = ADVANCED_FACE ( 'NONE', ( #5503 ), #7628, .F. ) ;
#344 = CARTESIAN_POINT ( 'NONE',  ( 5.380642619812027405, -3.000000000000000000, 1.687320754390110311 ) ) ;
#345 = ORIENTED_EDGE ( 'NONE', *, *, #7674, .F. ) ;
#346 = DIRECTION ( 'NONE',  ( -0.000000000000000000, 1.000000000000000000, -0.000000000000000000 ) ) ;
#347 = VECTOR ( 'NONE', #9552, 1000.000000000000227 ) ;
#348 = FACE_OUTER_BOUND ( 'NONE', #4708, .T. ) ;
#349 = ORIENTED_EDGE ( 'NONE', *, *, #4622, .T. ) ;
#350 = ORIENTED_EDGE ( 'NONE', *, *, #3197, .T. ) ;
#351 = VERTEX_POINT ( 'NONE', #2576 ) ;
#352 = CARTESIAN_POINT ( 'NONE',  ( 5.774588713476296320, -3.000000000000000000, 2.090375376536846908 ) ) ;
#353 = ORIENTED_EDGE ( 'NONE', *, *, #5086, .F. ) ;
#354 = EDGE_CURVE ( 'NONE', #7216, #4632, #1014, .T. ) ;
#355 = VECTOR ( 'NONE', #1321, 1000.000000000000114 ) ;
#356 = EDGE_CURVE ( 'NONE', #1790, #6876, #3396, .T. ) ;
#357 = FACE_OUTER_BOUND ( 'NONE', #4528, .T. ) ;
#358 = DIRECTION ( 'NONE',  ( -9.459185076092909396E-14, -0.000000000000000000, 1.000000000000000000 ) ) ;
#359 = MECHANICAL_DESIGN_GEOMETRIC_PRESENTATION_REPRESENTATION (  '', ( #6842 ), #2745 ) ;
#360 = CARTESIAN_POINT ( 'NONE',  ( 4.938876512732214508, -3.010000000000000231, 1.753357998501903214 ) ) ;
#361 = DIRECTION ( 'NONE',  ( -0.000000000000000000, 1.000000000000000000, -0.000000000000000000 ) ) ;
#362 = CARTESIAN_POINT ( 'NONE',  ( 6.720220870656011591, -3.000000000000000000, 2.393783915199771961 ) ) ;
#363 = LINE ( 'NONE', #3192, #457 ) ;
#364 = ORIENTED_EDGE ( 'NONE', *, *, #7425, .T. ) ;
#365 = VECTOR ( 'NONE', #8946, 1000.000000000000000 ) ;
#366 = CARTESIAN_POINT ( 'NONE',  ( 6.529789617635868737, -3.000000000000000000, 1.741601902493589149 ) ) ;
#367 = B_SPLINE_SURFACE_WITH_KNOTS ( 'NONE', 3, 1, ( 
 ( #3929, #4585 ),
 ( #9218, #1634 ),
 ( #3114, #87 ),
 ( #2367, #6040 ) ),
 .UNSPECIFIED., .F., .F., .F.,
 ( 4, 4 ),
 ( 2, 2 ),
 ( 35.00000000000000000, 36.00000000000000000 ),
 ( 0.000000000000000000, 1.000000000000000000 ),
 .UNSPECIFIED. ) ;
#368 = VERTEX_POINT ( 'NONE', #5055 ) ;
#369 =( NAMED_UNIT ( * ) PLANE_ANGLE_UNIT ( ) SI_UNIT ( $, .RADIAN. ) );
#370 =( NAMED_UNIT ( * ) SI_UNIT ( $, .STERADIAN. ) SOLID_ANGLE_UNIT ( ) );
#371 = CARTESIAN_POINT ( 'NONE',  ( 6.883716662694541633, -3.000000000000000000, 1.697882947586647484 ) ) ;
#372 = CARTESIAN_POINT ( 'NONE',  ( 5.619742860615633440, -3.010000000000000231, 1.705537811355042122 ) ) ;
#373 = VECTOR ( 'NONE', #6230, 1000.000000000000114 ) ;
#374 = CARTESIAN_POINT ( 'NONE',  ( 7.675815705242024833, -3.010000000000000231, 1.850653677653930185 ) ) ;
#375 = EDGE_LOOP ( 'NONE', ( #1651, #1674, #6456, #9752 ) ) ;
#376 = VERTEX_POINT ( 'NONE', #431 ) ;
#377 = VECTOR ( 'NONE', #2627, 1000.000000000000000 ) ;
#378 = CARTESIAN_POINT ( 'NONE',  ( 6.963786209320504739, -3.000000000000000000, 1.697391723374784833 ) ) ;
#379 = CARTESIAN_POINT ( 'NONE',  ( 7.274731135791117076, -3.010000000000000231, 2.358743254713512538 ) ) ;
#380 = CARTESIAN_POINT ( 'NONE',  ( 7.706107865009146352, -3.000000000000000000, 1.875214888275975378 ) ) ;
#381 = ORIENTED_EDGE ( 'NONE', *, *, #6801, .T. ) ;
#382 = CARTESIAN_POINT ( 'NONE',  ( 6.606911818987320828, -3.010000000000000231, 1.771075355238739935 ) ) ;
#383 = EDGE_CURVE ( 'NONE', #5216, #5368, #7268, .T. ) ;
#384 = DIRECTION ( 'NONE',  ( 0.000000000000000000, 1.000000000000000000, 0.000000000000000000 ) ) ;
#385 = ADVANCED_FACE ( 'NONE', ( #8027 ), #7976, .F. ) ;
#386 = CARTESIAN_POINT ( 'NONE',  ( 7.754411579233464025, -3.010000000000000231, 1.711964708342308183 ) ) ;
#387 = DIRECTION ( 'NONE',  ( 0.000000000000000000, -1.000000000000000000, 0.000000000000000000 ) ) ;
#388 = FACE_OUTER_BOUND ( 'NONE', #1320, .T. ) ;
#389 = CARTESIAN_POINT ( 'NONE',  ( 7.070218122014234829, -3.000000000000000000, 1.556246633001599822 ) ) ;
#390 = FACE_OUTER_BOUND ( 'NONE', #3984, .T. ) ;
#391 = VECTOR ( 'NONE', #6394, 1000.000000000000000 ) ;
#392 = EDGE_LOOP ( 'NONE', ( #2614, #9687, #5543 ) ) ;
#393 = ORIENTED_EDGE ( 'NONE', *, *, #4806, .F. ) ;
#394 = CARTESIAN_POINT ( 'NONE',  ( 7.518214603753619052, -3.010000000000000231, 2.366766583516173750 ) ) ;
#395 = CARTESIAN_POINT ( 'NONE',  ( 5.150650994356001711, -3.010000000000000231, 2.156412707512648907 ) ) ;
#396 = FACE_OUTER_BOUND ( 'NONE', #7265, .T. ) ;
#397 = EDGE_CURVE ( 'NONE', #6442, #8977, #6925, .T. ) ;
#398 = CARTESIAN_POINT ( 'NONE',  ( 6.657098559358238354, -3.010000000000000231, 1.591942259105878055 ) ) ;
#399 = VERTEX_POINT ( 'NONE', #2309 ) ;
#400 = CARTESIAN_POINT ( 'NONE',  ( 5.061842298739836821, -3.010000000000000231, 1.671380634096280682 ) ) ;
#401 = ORIENTED_EDGE ( 'NONE', *, *, #6106, .F. ) ;
#402 = VERTEX_POINT ( 'NONE', #5241 ) ;
#403 = CARTESIAN_POINT ( 'NONE',  ( 7.014218561797355811, -3.010000000000000231, 1.525463249022609213 ) ) ;
#404 = DIRECTION ( 'NONE',  ( 1.000000000000000000, -0.000000000000000000, -0.000000000000000000 ) ) ;
#405 = CARTESIAN_POINT ( 'NONE',  ( 4.804524870672004511, -3.000000000000000000, 1.655440687534879052 ) ) ;
#406 = CARTESIAN_POINT ( 'NONE',  ( 5.073228067926217832, -3.010000000000000231, 2.190569884771403686 ) ) ;
#407 = CARTESIAN_POINT ( 'NONE',  ( 7.894164867668628460, -3.000000000000000000, 1.917623911949080551 ) ) ;
#408 = CARTESIAN_POINT ( 'NONE',  ( 7.909638430360106831, -3.010000000000000231, 1.854255988545373102 ) ) ;
#409 = EDGE_CURVE ( 'NONE', #3045, #8380, #3754, .T. ) ;
#410 = EDGE_LOOP ( 'NONE', ( #7228, #4134, #189, #3943 ) ) ;
#411 = EDGE_CURVE ( 'NONE', #6328, #2189, #1612, .T. ) ;
#412 =( NAMED_UNIT ( * ) SI_UNIT ( $, .STERADIAN. ) SOLID_ANGLE_UNIT ( ) );
#413 = EDGE_CURVE ( 'NONE', #3277, #9164, #7708, .T. ) ;
#414 = ORIENTED_EDGE ( 'NONE', *, *, #1015, .F. ) ;
#415 = ORIENTED_EDGE ( 'NONE', *, *, #5572, .F. ) ;
#416 = ORIENTED_EDGE ( 'NONE', *, *, #2169, .F. ) ;
#417 = CARTESIAN_POINT ( 'NONE',  ( -9.824999999999999289, 3.000000000000000000, 0.000000000000000000 ) ) ;
#418 = SURFACE_STYLE_FILL_AREA ( #8647 ) ;
#419 = CARTESIAN_POINT ( 'NONE',  ( 7.425864451816630130, -3.010000000000000231, 1.917623911949078774 ) ) ;
#420 = ORIENTED_EDGE ( 'NONE', *, *, #264, .T. ) ;
#421 = ADVANCED_FACE ( 'NONE', ( #2262 ), #1515, .F. ) ;
#422 = LINE ( 'NONE', #9701, #5679 ) ;
#423 = ORIENTED_EDGE ( 'NONE', *, *, #5193, .F. ) ;
#424 = LINE ( 'NONE', #9302, #6334 ) ;
#425 = FACE_OUTER_BOUND ( 'NONE', #2504, .T. ) ;
#426 = DIRECTION ( 'NONE',  ( -1.000000000000000000, 0.000000000000000000, 0.000000000000000000 ) ) ;
#427 = DIRECTION ( 'NONE',  ( 1.000000000000000000, 0.000000000000000000, 0.000000000000000000 ) ) ;
#428 = ORIENTED_EDGE ( 'NONE', *, *, #7869, .T. ) ;
#429 = CARTESIAN_POINT ( 'NONE',  ( 5.792805857307428141, -3.000000000000000000, 2.090375376536846908 ) ) ;
#430 = CARTESIAN_POINT ( 'NONE',  ( 7.738283050923977058, -3.000000000000000000, 1.846887625358536011 ) ) ;
#431 = CARTESIAN_POINT ( 'NONE',  ( 7.909638430360106831, -3.010000000000000231, 1.854255988545373102 ) ) ;
#432 = CARTESIAN_POINT ( 'NONE',  ( -8.053738883706529350, -2.979999999999999982, 1.377796203075317472 ) ) ;
#433 = CARTESIAN_POINT ( 'NONE',  ( 6.584561117321979573, -3.010000000000000231, 1.701321517074126932 ) ) ;
#434 = DIRECTION ( 'NONE',  ( -1.000000000000000000, 0.000000000000000000, 0.000000000000000000 ) ) ;
#435 = LINE ( 'NONE', #6484, #488 ) ;
#436 = EDGE_CURVE ( 'NONE', #1048, #5823, #5858, .T. ) ;
#437 = EDGE_CURVE ( 'NONE', #1899, #7512, #1835, .T. ) ;
#438 = EDGE_LOOP ( 'NONE', ( #9058, #8661, #8318, #4828 ) ) ;
#439 = ORIENTED_EDGE ( 'NONE', *, *, #9245, .T. ) ;
#440 = DIRECTION ( 'NONE',  ( -0.000000000000000000, 1.000000000000000000, -0.000000000000000000 ) ) ;
#441 = FILL_AREA_STYLE ('',( #2072 ) ) ;
#442 = CARTESIAN_POINT ( 'NONE',  ( 5.774588713476296320, -3.010000000000000231, 2.090375376536846908 ) ) ;
#443 = VERTEX_POINT ( 'NONE', #5441 ) ;
#444 = CARTESIAN_POINT ( 'NONE',  ( 7.133913528228045031, -3.010000000000000231, 2.141949635626684056 ) ) ;
#445 = DIRECTION ( 'NONE',  ( 0.9409537876760588615, 0.000000000000000000, -0.3385350343141436125 ) ) ;
#446 = LINE ( 'NONE', #4065, #9040 ) ;
#447 = ADVANCED_FACE ( 'NONE', ( #1663 ), #5389, .F. ) ;
#448 = EDGE_CURVE ( 'NONE', #2753, #1995, #1757, .T. ) ;
#449 = CARTESIAN_POINT ( 'NONE',  ( 6.617309398150648114, -3.010000000000000231, 1.598000691058870215 ) ) ;
#450 = DIRECTION ( 'NONE',  ( -1.000000000000000000, -0.000000000000000000, -2.103084324595235567E-14 ) ) ;
#451 = COLOUR_RGB ( '',0.2980392156862745057, 0.2980392156862745057, 0.2980392156862745057 ) ;
#452 = CARTESIAN_POINT ( 'NONE',  ( 9.624999999999996447, 3.000000000000000000, 9.999999999999998224 ) ) ;
#453 = ORIENTED_EDGE ( 'NONE', *, *, #6575, .F. ) ;
#454 = CARTESIAN_POINT ( 'NONE',  ( 6.635894047521696315, -3.010000000000000231, 1.690842067207737331 ) ) ;
#455 = ORIENTED_EDGE ( 'NONE', *, *, #4354, .T. ) ;
#456 = CARTESIAN_POINT ( 'NONE',  ( 6.865868849642400740, -3.000000000000000000, 1.825273760012084967 ) ) ;
#457 = VECTOR ( 'NONE', #7701, 1000.000000000000000 ) ;
#458 = VERTEX_POINT ( 'NONE', #272 ) ;
#459 = EDGE_CURVE ( 'NONE', #149, #8277, #8503, .T. ) ;
#460 = CARTESIAN_POINT ( 'NONE',  ( 5.061842298739836821, -3.010000000000000231, 1.621283423412113844 ) ) ;
#461 = DIRECTION ( 'NONE',  ( -0.000000000000000000, 1.000000000000000000, -0.000000000000000000 ) ) ;
#462 = VERTEX_POINT ( 'NONE', #1706 ) ;
#463 = VECTOR ( 'NONE', #9258, 1000.000000000000000 ) ;
#464 = LINE ( 'NONE', #571, #6936 ) ;
#465 = ORIENTED_EDGE ( 'NONE', *, *, #1780, .F. ) ;
#466 = ORIENTED_EDGE ( 'NONE', *, *, #8701, .T. ) ;
#467 =( NAMED_UNIT ( * ) SI_UNIT ( $, .STERADIAN. ) SOLID_ANGLE_UNIT ( ) );
#468 = DIRECTION ( 'NONE',  ( -0.000000000000000000, 1.000000000000000000, -0.000000000000000000 ) ) ;
#469 = EDGE_CURVE ( 'NONE', #7643, #7636, #3300, .T. ) ;
#470 = CARTESIAN_POINT ( 'NONE',  ( 4.625000000000002665, 1.855000000000000204, 0.5000000000000000000 ) ) ;
#471 = ADVANCED_FACE ( 'NONE', ( #2503 ), #3710, .T. ) ;
#472 = DIRECTION ( 'NONE',  ( -0.000000000000000000, 1.000000000000000000, 0.000000000000000000 ) ) ;
#473 = DIRECTION ( 'NONE',  ( 0.000000000000000000, -1.000000000000000000, 0.000000000000000000 ) ) ;
#474 = EDGE_LOOP ( 'NONE', ( #2091, #5940, #5223, #673 ) ) ;
#475 = CARTESIAN_POINT ( 'NONE',  ( 4.625000000000002665, 1.855000000000000204, -4.099999999999999645 ) ) ;
#476 = LINE ( 'NONE', #4377, #8595 ) ;
#477 = VECTOR ( 'NONE', #6156, 1000.000000000000000 ) ;
#478 = UNCERTAINTY_MEASURE_WITH_UNIT (LENGTH_MEASURE( 1.000000000000000082E-05 ), #1927, 'distance_accuracy_value', 'NONE');
#479 = VECTOR ( 'NONE', #468, 1000.000000000000000 ) ;
#480 = LINE ( 'NONE', #3515, #8406 ) ;
#481 = DIRECTION ( 'NONE',  ( -0.000000000000000000, -1.000000000000000000, -0.000000000000000000 ) ) ;
#482 = CARTESIAN_POINT ( 'NONE',  ( -8.053738883706529350, -2.979999999999999982, 1.377796203075317472 ) ) ;
#483 =( GEOMETRIC_REPRESENTATION_CONTEXT ( 3 ) GLOBAL_UNCERTAINTY_ASSIGNED_CONTEXT ( ( #5355 ) ) GLOBAL_UNIT_ASSIGNED_CONTEXT ( ( #3870, #1668, #8508 ) ) REPRESENTATION_CONTEXT ( 'NONE', 'WORKASPACE' ) );
#484 = ORIENTED_EDGE ( 'NONE', *, *, #104, .F. ) ;
#485 = ORIENTED_EDGE ( 'NONE', *, *, #5754, .F. ) ;
#486 = VERTEX_POINT ( 'NONE', #2459 ) ;
#487 = LINE ( 'NONE', #9577, #1449 ) ;
#488 = VECTOR ( 'NONE', #9520, 1000.000000000000000 ) ;
#489 = CARTESIAN_POINT ( 'NONE',  ( 5.694888546342596669, -3.000000000000000000, 1.737417878208080690 ) ) ;
#490 = CARTESIAN_POINT ( 'NONE',  ( 6.584561117321979573, -3.000000000000000000, 1.701321517074126932 ) ) ;
#491 = CARTESIAN_POINT ( 'NONE',  ( 7.699558208844286433, -3.010000000000000231, 1.689368394572111187 ) ) ;
#492 = DIRECTION ( 'NONE',  ( -0.000000000000000000, 1.000000000000000000, -0.000000000000000000 ) ) ;
#493 = PRESENTATION_LAYER_ASSIGNMENT (  '', '', ( #9044 ) ) ;
#494 = CARTESIAN_POINT ( 'NONE',  ( 7.534998097678949236, -3.000000000000000000, 1.880782096017092897 ) ) ;
#495 = VECTOR ( 'NONE', #60, 1000.000000000000000 ) ;
#496 = CARTESIAN_POINT ( 'NONE',  ( 5.109662355587391680, -3.010000000000000231, 2.361355640761474195 ) ) ;
#497 = LINE ( 'NONE', #5116, #8556 ) ;
#498 = DIRECTION ( 'NONE',  ( -1.222652889225965312E-14, -0.000000000000000000, 1.000000000000000000 ) ) ;
#499 = CARTESIAN_POINT ( 'NONE',  ( 6.657098559358238354, -3.010000000000000231, 1.591942259105878055 ) ) ;
#500 = CYLINDRICAL_SURFACE ( 'NONE', #7989, 0.4655872561384367669 ) ;
#501 = VECTOR ( 'NONE', #7851, 1000.000000000000000 ) ;
#502 = VECTOR ( 'NONE', #1769, 1000.000000000000000 ) ;
#503 = CARTESIAN_POINT ( 'NONE',  ( 7.493653393133766549, -3.000000000000000000, 1.597345725443044095 ) ) ;
#504 = DIRECTION ( 'NONE',  ( -0.000000000000000000, -0.000000000000000000, 1.000000000000000000 ) ) ;
#505 = ORIENTED_EDGE ( 'NONE', *, *, #4975, .T. ) ;
#506 = EDGE_CURVE ( 'NONE', #6426, #5515, #6315, .T. ) ;
#507 = EDGE_CURVE ( 'NONE', #7567, #797, #8466, .T. ) ;
#508 = ORIENTED_EDGE ( 'NONE', *, *, #4972, .F. ) ;
#509 = ORIENTED_EDGE ( 'NONE', *, *, #719, .T. ) ;
#510 = FACE_OUTER_BOUND ( 'NONE', #7822, .T. ) ;
#511 = B_SPLINE_CURVE_WITH_KNOTS ( 'NONE', 3,
 ( #2628, #9517, #1869, #4920 ),
 .UNSPECIFIED., .F., .F.,
 ( 4, 4 ),
 ( 1.000000000000000000, 2.000000000000000000 ),
 .UNSPECIFIED. ) ;
#512 = ORIENTED_EDGE ( 'NONE', *, *, #4440, .T. ) ;
#513 = AXIS2_PLACEMENT_3D ( 'NONE', #616, #5230, #3698 ) ;
#514 = AXIS2_PLACEMENT_3D ( 'NONE', #8131, #8079, #7936 ) ;
#515 = CARTESIAN_POINT ( 'NONE',  ( 7.305023295558240370, -3.000000000000000000, 2.150300447237265544 ) ) ;
#516 = VERTEX_POINT ( 'NONE', #5486 ) ;
#517 = DIRECTION ( 'NONE',  ( 1.000000000000000000, -0.000000000000000000, -0.000000000000000000 ) ) ;
#518 = LINE ( 'NONE', #4409, #6524 ) ;
#519 = MECHANICAL_DESIGN_GEOMETRIC_PRESENTATION_REPRESENTATION (  '', ( #6215 ), #9069 ) ;
#520 = VECTOR ( 'NONE', #9603, 1000.000000000000000 ) ;
#521 = VECTOR ( 'NONE', #2558, 1000.000000000000000 ) ;
#522 = ADVANCED_FACE ( 'NONE', ( #4764 ), #7757, .T. ) ;
#523 = ORIENTED_EDGE ( 'NONE', *, *, #4018, .F. ) ;
#524 = ORIENTED_EDGE ( 'NONE', *, *, #2932, .T. ) ;
#525 = PLANE ( 'NONE',  #4623 ) ;
#526 = B_SPLINE_CURVE_WITH_KNOTS ( 'NONE', 3,
 ( #82, #3108, #9161, #6918 ),
 .UNSPECIFIED., .F., .F.,
 ( 4, 4 ),
 ( 12.00000000000000000, 13.00000000000000000 ),
 .UNSPECIFIED. ) ;
#527 = FACE_OUTER_BOUND ( 'NONE', #1208, .T. ) ;
#528 = CARTESIAN_POINT ( 'NONE',  ( -9.624999999999998224, -2.799999999999999822, 9.999999999999998224 ) ) ;
#529 = PRESENTATION_LAYER_ASSIGNMENT (  '', '', ( #841 ) ) ;
#530 = B_SPLINE_SURFACE_WITH_KNOTS ( 'NONE', 3, 1, ( 
 ( #7951, #217 ),
 ( #1794, #1155 ),
 ( #4207, #2650 ),
 ( #7095, #7201 ) ),
 .UNSPECIFIED., .F., .F., .F.,
 ( 4, 4 ),
 ( 2, 2 ),
 ( 3.000000000000000000, 4.000000000000000000 ),
 ( 0.000000000000000000, 1.000000000000000000 ),
 .UNSPECIFIED. ) ;
#531 = CYLINDRICAL_SURFACE ( 'NONE', #1301, 0.2000000000000005107 ) ;
#532 = CARTESIAN_POINT ( 'NONE',  ( 7.894164867668626684, -3.000000000000000000, 1.917623911949080551 ) ) ;
#533 = VERTEX_POINT ( 'NONE', #3904 ) ;
#534 = EDGE_CURVE ( 'NONE', #3895, #3488, #756, .T. ) ;
#535 = FACE_BOUND ( 'NONE', #7112, .T. ) ;
#536 = EDGE_CURVE ( 'NONE', #8463, #4888, #4514, .T. ) ;
#537 = EDGE_CURVE ( 'NONE', #4997, #4657, #2899, .T. ) ;
#538 = LINE ( 'NONE', #3420, #1910 ) ;
#539 = FILL_AREA_STYLE ('',( #7368 ) ) ;
#540 = DIRECTION ( 'NONE',  ( -0.000000000000000000, 1.000000000000000000, -0.000000000000000000 ) ) ;
#541 = B_SPLINE_CURVE_WITH_KNOTS ( 'NONE', 3,
 ( #3098, #9250, #14, #6169 ),
 .UNSPECIFIED., .F., .F.,
 ( 4, 4 ),
 ( 1.000000000000000000, 2.000000000000000000 ),
 .UNSPECIFIED. ) ;
#542 = VERTEX_POINT ( 'NONE', #4560 ) ;
#543 = ORIENTED_EDGE ( 'NONE', *, *, #5684, .T. ) ;
#544 = EDGE_LOOP ( 'NONE', ( #5985, #5192, #778, #7204 ) ) ;
#545 = STYLED_ITEM ( 'NONE', ( #7634 ), #2198 ) ;
#546 = LINE ( 'NONE', #7884, #1133 ) ;
#547 = FACE_BOUND ( 'NONE', #6771, .T. ) ;
#548 = CARTESIAN_POINT ( 'NONE',  ( 6.672244639241795561, -3.010000000000000231, 2.431116955345815178 ) ) ;
#549 = CARTESIAN_POINT ( 'NONE',  ( 5.353316904065320792, -3.010000000000000231, 2.511647229380910673 ) ) ;
#550 = PLANE ( 'NONE',  #39 ) ;
#551 = LINE ( 'NONE', #2640, #7421 ) ;
#552 = DIRECTION ( 'NONE',  ( -1.000000000000000000, -0.000000000000000000, -0.000000000000000000 ) ) ;
#553 = CARTESIAN_POINT ( 'NONE',  ( 7.032230116253447960, -3.010000000000000231, 1.489603881514363959 ) ) ;
#554 = CARTESIAN_POINT ( 'NONE',  ( 7.861744069650050015, -3.010000000000000231, 1.721134226974865067 ) ) ;
#555 = SURFACE_STYLE_USAGE ( .BOTH. , #5764 ) ;
#556 = DIRECTION ( 'NONE',  ( -1.000000000000000000, 0.000000000000000000, -0.000000000000000000 ) ) ;
#557 = LINE ( 'NONE', #7245, #1774 ) ;
#558 = UNCERTAINTY_MEASURE_WITH_UNIT (LENGTH_MEASURE( 1.000000000000000082E-05 ), #8940, 'distance_accuracy_value', 'NONE');
#559 = EDGE_LOOP ( 'NONE', ( #4333, #4668, #7448, #4144, #4503, #7920, #7823 ) ) ;
#560 = CARTESIAN_POINT ( 'NONE',  ( 7.706107865009146352, -3.000000000000000000, 1.875214888275975378 ) ) ;
#561 = EDGE_LOOP ( 'NONE', ( #4907, #9406, #7860, #5939 ) ) ;
#562 = ORIENTED_EDGE ( 'NONE', *, *, #6827, .F. ) ;
#563 = LINE ( 'NONE', #7296, #3983 ) ;
#564 = VERTEX_POINT ( 'NONE', #8938 ) ;
#565 = CARTESIAN_POINT ( 'NONE',  ( 7.067352647441703439, -3.000000000000000000, 1.489603881514363959 ) ) ;
#566 = ORIENTED_EDGE ( 'NONE', *, *, #2320, .F. ) ;
#567 = CARTESIAN_POINT ( 'NONE',  ( 5.102830894076442192, -3.010000000000000231, 1.760189329712459338 ) ) ;
#568 = EDGE_CURVE ( 'NONE', #5535, #2335, #2440, .T. ) ;
#569 = EDGE_CURVE ( 'NONE', #7883, #8167, #5593, .T. ) ;
#570 = CARTESIAN_POINT ( 'NONE',  ( 6.934312756574261272, -3.010000000000000231, 1.598000691058870215 ) ) ;
#571 = CARTESIAN_POINT ( 'NONE',  ( 9.624999999999996447, 3.000000000000000000, 10.19999999999999929 ) ) ;
#572 = ORIENTED_EDGE ( 'NONE', *, *, #5712, .F. ) ;
#573 = CARTESIAN_POINT ( 'NONE',  ( 6.795705657966789381, -3.000000000000000000, 2.158323776042110786 ) ) ;
#574 = DIRECTION ( 'NONE',  ( 0.9209172030172537715, 0.000000000000000000, -0.3897582650655124215 ) ) ;
#575 = EDGE_CURVE ( 'NONE', #1018, #9523, #7398, .T. ) ;
#576 = DIRECTION ( 'NONE',  ( -0.000000000000000000, 1.000000000000000000, -0.000000000000000000 ) ) ;
#577 = LINE ( 'NONE', #9709, #9717 ) ;
#578 = ORIENTED_EDGE ( 'NONE', *, *, #6219, .T. ) ;
#579 = B_SPLINE_CURVE_WITH_KNOTS ( 'NONE', 3,
 ( #9166, #7626, #6244, #8370 ),
 .UNSPECIFIED., .F., .F.,
 ( 4, 4 ),
 ( 11.00000000000000000, 12.00000000000000000 ),
 .UNSPECIFIED. ) ;
#580 = DIRECTION ( 'NONE',  ( 0.000000000000000000, 0.000000000000000000, 1.000000000000000000 ) ) ;
#581 = CARTESIAN_POINT ( 'NONE',  ( 7.817861373336972619, -3.010000000000000231, 1.597345725443044095 ) ) ;
#582 = ORIENTED_EDGE ( 'NONE', *, *, #5682, .F. ) ;
#583 = CARTESIAN_POINT ( 'NONE',  ( 7.915860603719233168, -3.009999999999999343, 1.876688560911603298 ) ) ;
#584 = EDGE_LOOP ( 'NONE', ( #1170, #3176, #2840, #7911 ) ) ;
#585 = CARTESIAN_POINT ( 'NONE',  ( 7.092568823680665879, -3.000000000000000000, 2.105435302502622896 ) ) ;
#586 = PRESENTATION_STYLE_ASSIGNMENT (( #6578 ) ) ;
#587 = EDGE_CURVE ( 'NONE', #5473, #5444, #8444, .T. ) ;
#588 = ORIENTED_EDGE ( 'NONE', *, *, #4076, .F. ) ;
#589 = ORIENTED_EDGE ( 'NONE', *, *, #3184, .T. ) ;
#590 = DIRECTION ( 'NONE',  ( -1.000000000000000000, -0.000000000000000000, -0.000000000000000000 ) ) ;
#591 = FACE_BOUND ( 'NONE', #1256, .T. ) ;
#592 = CARTESIAN_POINT ( 'NONE',  ( 6.609859164262935849, -3.000000000000000000, 1.726210210504100839 ) ) ;
#593 = CARTESIAN_POINT ( 'NONE',  ( 6.998090033488951534, -3.010000000000000231, 1.826092467031879885 ) ) ;
#594 = CARTESIAN_POINT ( 'NONE',  ( -7.574999999999998401, 1.604999999999999982, -4.099999999999999645 ) ) ;
#595 = LINE ( 'NONE', #6688, #8078 ) ;
#596 = DIRECTION ( 'NONE',  ( -0.000000000000000000, 1.000000000000000000, -0.000000000000000000 ) ) ;
#597 = DIRECTION ( 'NONE',  ( -0.000000000000000000, 1.000000000000000000, -0.000000000000000000 ) ) ;
#598 = EDGE_CURVE ( 'NONE', #2114, #3854, #8306, .T. ) ;
#599 = CARTESIAN_POINT ( 'NONE',  ( 6.644572341941286986, -3.010000000000000231, 1.628292850825985960 ) ) ;
#600 = ORIENTED_EDGE ( 'NONE', *, *, #6862, .F. ) ;
#601 = CARTESIAN_POINT ( 'NONE',  ( 5.970423161673574342, -3.010000000000000231, 2.010675296269340606 ) ) ;
#602 = VERTEX_POINT ( 'NONE', #6709 ) ;
#603 = LINE ( 'NONE', #8376, #6195 ) ;
#604 = EDGE_CURVE ( 'NONE', #6424, #2818, #9036, .T. ) ;
#605 = DIRECTION ( 'NONE',  ( 1.000000000000000000, -0.000000000000000000, 4.028246116041384116E-14 ) ) ;
#606 = ORIENTED_EDGE ( 'NONE', *, *, #9608, .T. ) ;
#607 = LINE ( 'NONE', #7248, #4772 ) ;
#608 = ORIENTED_EDGE ( 'NONE', *, *, #2338, .F. ) ;
#609 = CARTESIAN_POINT ( 'NONE',  ( 6.625250856252422160, -3.010000000000000231, 1.674304185390523836 ) ) ;
#610 = B_SPLINE_SURFACE_WITH_KNOTS ( 'NONE', 3, 1, ( 
 ( #7618, #3816 ),
 ( #240, #7717 ),
 ( #6135, #4773 ),
 ( #4726, #776 ) ),
 .UNSPECIFIED., .F., .F., .F.,
 ( 4, 4 ),
 ( 2, 2 ),
 ( 8.000000000000000000, 9.000000000000000000 ),
 ( 0.000000000000000000, 1.000000000000000000 ),
 .UNSPECIFIED. ) ;
#611 = B_SPLINE_CURVE_WITH_KNOTS ( 'NONE', 3,
 ( #9476, #1932, #7237, #4195 ),
 .UNSPECIFIED., .F., .F.,
 ( 4, 4 ),
 ( 5.000000000000000000, 6.000000000000000000 ),
 .UNSPECIFIED. ) ;
#612 = DIRECTION ( 'NONE',  ( 1.000000000000000000, 0.000000000000000000, 6.455011293317516227E-14 ) ) ;
#613 = ORIENTED_EDGE ( 'NONE', *, *, #8801, .F. ) ;
#614 = VECTOR ( 'NONE', #5730, 1000.000000000000000 ) ;
#615 = DIRECTION ( 'NONE',  ( 1.000000000000000000, -0.000000000000000000, -0.000000000000000000 ) ) ;
#616 = CARTESIAN_POINT ( 'NONE',  ( 6.660455258142648383, -3.010000000000000231, 1.733251090883014545 ) ) ;
#617 = CARTESIAN_POINT ( 'NONE',  ( 6.949131353649899978, -3.010000000000000231, 1.793180444799247875 ) ) ;
#618 = ORIENTED_EDGE ( 'NONE', *, *, #3310, .F. ) ;
#619 = PRESENTATION_LAYER_ASSIGNMENT (  '', '', ( #4911 ) ) ;
#620 = DIRECTION ( 'NONE',  ( -9.459185076092909396E-14, -0.000000000000000000, 1.000000000000000000 ) ) ;
#621 = DIRECTION ( 'NONE',  ( -0.3409177962187363575, 0.000000000000000000, -0.9400931103999007332 ) ) ;
#622 = LINE ( 'NONE', #5097, #8754 ) ;
#623 = SURFACE_SIDE_STYLE ('',( #8992 ) ) ;
#624 = ORIENTED_EDGE ( 'NONE', *, *, #7053, .T. ) ;
#625 = FILL_AREA_STYLE_COLOUR ( '', #5525 ) ;
#626 = CARTESIAN_POINT ( 'NONE',  ( 7.652400684449854218, -3.000000000000000000, 1.870793870362571054 ) ) ;
#627 = ORIENTED_EDGE ( 'NONE', *, *, #1407, .T. ) ;
#628 = EDGE_CURVE ( 'NONE', #4315, #3238, #1363, .T. ) ;
#629 = EDGE_CURVE ( 'NONE', #516, #8515, #4241, .T. ) ;
#630 = ORIENTED_EDGE ( 'NONE', *, *, #8199, .T. ) ;
#631 = STYLED_ITEM ( 'NONE', ( #1161 ), #6983 ) ;
#632 = CARTESIAN_POINT ( 'NONE',  ( 9.824999999999999289, -2.799999999999999822, 10.19999999999999929 ) ) ;
#633 =( LENGTH_UNIT ( ) NAMED_UNIT ( * ) SI_UNIT ( .MILLI., .METRE. ) );
#634 =( GEOMETRIC_REPRESENTATION_CONTEXT ( 3 ) GLOBAL_UNCERTAINTY_ASSIGNED_CONTEXT ( ( #2063 ) ) GLOBAL_UNIT_ASSIGNED_CONTEXT ( ( #4431, #8280, #9068 ) ) REPRESENTATION_CONTEXT ( 'NONE', 'WORKASPACE' ) );
#635 = CARTESIAN_POINT ( 'NONE',  ( -9.824999999999999289, -3.000000000000000000, 10.19999999999999929 ) ) ;
#636 = ORIENTED_EDGE ( 'NONE', *, *, #8198, .T. ) ;
#637 = ORIENTED_EDGE ( 'NONE', *, *, #3047, .F. ) ;
#638 = CARTESIAN_POINT ( 'NONE',  ( 6.912043925610888095, -3.000000000000000000, 1.727028917523886875 ) ) ;
#639 = VECTOR ( 'NONE', #3021, 1000.000000000000000 ) ;
#640 = CARTESIAN_POINT ( 'NONE',  ( 6.951423733307501074, -3.010000000000000231, 1.610117554964842546 ) ) ;
#641 = LINE ( 'NONE', #3115, #5586 ) ;
#642 = EDGE_CURVE ( 'NONE', #6933, #8344, #4659, .T. ) ;
#643 = CARTESIAN_POINT ( 'NONE',  ( 6.027351790435611534, -3.010000000000000231, 1.698706480142302189 ) ) ;
#644 = CARTESIAN_POINT ( 'NONE',  ( -9.824999999999999289, -2.799999999999999822, 0.000000000000000000 ) ) ;
#645 = CARTESIAN_POINT ( 'NONE',  ( 4.802247803701580331, -3.010000000000000231, 1.962855369721081322 ) ) ;
#646 = AXIS2_PLACEMENT_3D ( 'NONE', #5237, #6905, #5290 ) ;
#647 =( NAMED_UNIT ( * ) PLANE_ANGLE_UNIT ( ) SI_UNIT ( $, .RADIAN. ) );
#648 = EDGE_LOOP ( 'NONE', ( #3140, #908, #3940, #7588 ) ) ;
#649 = VERTEX_POINT ( 'NONE', #7651 ) ;
#650 = CARTESIAN_POINT ( 'NONE',  ( 7.061130474084758468, -3.010000000000000231, 1.534632767655154106 ) ) ;
#651 = CARTESIAN_POINT ( 'NONE',  ( 7.092568823680662327, -3.000000000000000000, 2.425713489008659351 ) ) ;
#652 = VECTOR ( 'NONE', #7337, 999.9999999999998863 ) ;
#653 = UNCERTAINTY_MEASURE_WITH_UNIT (LENGTH_MEASURE( 1.000000000000000082E-05 ), #8026, 'distance_accuracy_value', 'NONE');
#654 = VERTEX_POINT ( 'NONE', #6069 ) ;
#655 = EDGE_CURVE ( 'NONE', #7512, #1102, #2250, .T. ) ;
#656 = CARTESIAN_POINT ( 'NONE',  ( 6.895178560984680516, -3.010000000000000231, 1.798747652540360065 ) ) ;
#657 = ORIENTED_EDGE ( 'NONE', *, *, #1987, .T. ) ;
#658 = VERTEX_POINT ( 'NONE', #2153 ) ;
#659 = CARTESIAN_POINT ( 'NONE',  ( 7.061130474084758468, -3.000000000000000000, 1.534632767655154106 ) ) ;
#660 = VERTEX_POINT ( 'NONE', #3797 ) ;
#661 = ADVANCED_FACE ( 'NONE', ( #5917 ), #4359, .T. ) ;
#662 = ADVANCED_FACE ( 'NONE', ( #156, #8720 ), #7406, .T. ) ;
#663 = FACE_OUTER_BOUND ( 'NONE', #4563, .T. ) ;
#664 = MECHANICAL_DESIGN_GEOMETRIC_PRESENTATION_REPRESENTATION (  '', ( #7460 ), #4487 ) ;
#665 = VECTOR ( 'NONE', #8279, 1000.000000000000227 ) ;
#666 = LINE ( 'NONE', #6655, #1784 ) ;
#667 = CARTESIAN_POINT ( 'NONE',  ( 6.951423733307501074, -3.000000000000000000, 1.610117554964842546 ) ) ;
#668 = CARTESIAN_POINT ( 'NONE',  ( 5.080059486004070202, -3.010000000000000231, 2.322644177546035582 ) ) ;
#669 = ORIENTED_EDGE ( 'NONE', *, *, #2355, .T. ) ;
#670 = LINE ( 'NONE', #5428, #8579 ) ;
#671 = AXIS2_PLACEMENT_3D ( 'NONE', #6711, #3550, #8939 ) ;
#672 = CARTESIAN_POINT ( 'NONE',  ( 5.685780104726330997, -3.010000000000000231, 1.596234948368240092 ) ) ;
#673 = ORIENTED_EDGE ( 'NONE', *, *, #8836, .T. ) ;
#674 = AXIS2_PLACEMENT_3D ( 'NONE', #1890, #6999, #3946 ) ;
#675 = FILL_AREA_STYLE_COLOUR ( '', #2058 ) ;
#676 = CARTESIAN_POINT ( 'NONE',  ( 8.060362392875726201, -3.010000000000000231, 1.597345725443044095 ) ) ;
#677 = FACE_OUTER_BOUND ( 'NONE', #800, .T. ) ;
#678 = VECTOR ( 'NONE', #3338, 1000.000000000000000 ) ;
#679 =( LENGTH_UNIT ( ) NAMED_UNIT ( * ) SI_UNIT ( .MILLI., .METRE. ) );
#680 = VECTOR ( 'NONE', #155, 1000.000000000000000 ) ;
#681 = ORIENTED_EDGE ( 'NONE', *, *, #901, .T. ) ;
#682 = COLOUR_RGB ( '',0.2980392156862745057, 0.2980392156862745057, 0.2980392156862745057 ) ;
#683 = ORIENTED_EDGE ( 'NONE', *, *, #1739, .T. ) ;
#684 = LINE ( 'NONE', #6726, #3542 ) ;
#685 = VERTEX_POINT ( 'NONE', #3508 ) ;
#686 = DIRECTION ( 'NONE',  ( 1.624890687905883349E-14, -0.000000000000000000, -1.000000000000000000 ) ) ;
#687 = PLANE ( 'NONE',  #4376 ) ;
#688 = DIRECTION ( 'NONE',  ( -0.000000000000000000, 0.000000000000000000, 1.000000000000000000 ) ) ;
#689 = FACE_OUTER_BOUND ( 'NONE', #4178, .T. ) ;
#690 = EDGE_LOOP ( 'NONE', ( #6198, #2096, #3450, #256 ) ) ;
#691 = ORIENTED_EDGE ( 'NONE', *, *, #9450, .T. ) ;
#692 = EDGE_CURVE ( 'NONE', #9613, #3084, #6527, .T. ) ;
#693 = PLANE ( 'NONE',  #6987 ) ;
#694 = EDGE_CURVE ( 'NONE', #9495, #9503, #5830, .T. ) ;
#695 = B_SPLINE_SURFACE_WITH_KNOTS ( 'NONE', 3, 1, ( 
 ( #2681, #2631 ),
 ( #5647, #8668 ),
 ( #4238, #5695 ),
 ( #4971, #7986 ) ),
 .UNSPECIFIED., .F., .F., .F.,
 ( 4, 4 ),
 ( 2, 2 ),
 ( 3.000000000000000000, 4.000000000000000000 ),
 ( 0.000000000000000000, 1.000000000000000000 ),
 .UNSPECIFIED. ) ;
#696 = CARTESIAN_POINT ( 'NONE',  ( 6.599297843695637766, -3.010000000000000231, 2.302252470284749997 ) ) ;
#697 = PLANE ( 'NONE',  #205 ) ;
#698 = PRESENTATION_STYLE_ASSIGNMENT (( #4490 ) ) ;
#699 = CARTESIAN_POINT ( 'NONE',  ( 5.774588713476296320, -3.010000000000000231, 2.090375376536846908 ) ) ;
#700 = LINE ( 'NONE', #4683, #5880 ) ;
#701 = ORIENTED_EDGE ( 'NONE', *, *, #6503, .F. ) ;
#702 = ORIENTED_EDGE ( 'NONE', *, *, #694, .T. ) ;
#703 = CARTESIAN_POINT ( 'NONE',  ( 7.047458066839002555, -3.010000000000000231, 1.523989576384800815 ) ) ;
#704 = EDGE_CURVE ( 'NONE', #2242, #1844, #577, .T. ) ;
#705 = CARTESIAN_POINT ( 'NONE',  ( 2.085000000000001741, 1.855000000000000204, -4.099999999999999645 ) ) ;
#706 = DIRECTION ( 'NONE',  ( -0.000000000000000000, -1.000000000000000000, 2.168404344971002952E-15 ) ) ;
#707 = ORIENTED_EDGE ( 'NONE', *, *, #2991, .T. ) ;
#708 = ORIENTED_EDGE ( 'NONE', *, *, #7427, .F. ) ;
#709 = DIRECTION ( 'NONE',  ( -0.000000000000000000, 0.000000000000000000, 1.000000000000000000 ) ) ;
#710 = EDGE_LOOP ( 'NONE', ( #7970, #5658, #224, #5949 ) ) ;
#711 = CARTESIAN_POINT ( 'NONE',  ( -8.053738883706529350, -3.000000000000000000, 1.377796203075317472 ) ) ;
#712 = ORIENTED_EDGE ( 'NONE', *, *, #4749, .F. ) ;
#713 = DIRECTION ( 'NONE',  ( 0.000000000000000000, -0.000000000000000000, 1.000000000000000000 ) ) ;
#714 = VECTOR ( 'NONE', #3720, 1000.000000000000000 ) ;
#715 = DIRECTION ( 'NONE',  ( 0.000000000000000000, -0.000000000000000000, -1.000000000000000000 ) ) ;
#716 = EDGE_CURVE ( 'NONE', #2818, #2167, #6332, .T. ) ;
#717 = CARTESIAN_POINT ( 'NONE',  ( 7.107633032862255007, -3.010000000000000231, 1.635333731202734731 ) ) ;
#718 = PLANE ( 'NONE',  #2726 ) ;
#719 = EDGE_CURVE ( 'NONE', #2326, #6211, #2113, .T. ) ;
#720 = CARTESIAN_POINT ( 'NONE',  ( -5.034999999999997478, 1.855000000000000204, -4.099999999999999645 ) ) ;
#721 = FILL_AREA_STYLE_COLOUR ( '', #451 ) ;
#722 = ORIENTED_EDGE ( 'NONE', *, *, #8483, .F. ) ;
#723 = CARTESIAN_POINT ( 'NONE',  ( 6.822722989650397807, -3.010000000000000231, 1.646795629492870505 ) ) ;
#724 = CARTESIAN_POINT ( 'NONE',  ( 7.699230726034187455, -3.010000000000000231, 1.830513484943108837 ) ) ;
#725 = CARTESIAN_POINT ( 'NONE',  ( 6.657098559358238354, -3.000000000000000000, 1.591942259105878055 ) ) ;
#726 = CARTESIAN_POINT ( 'NONE',  ( 7.022160019898039174, -3.010000000000000231, 1.489603881514363959 ) ) ;
#727 = EDGE_CURVE ( 'NONE', #6418, #3032, #4432, .T. ) ;
#728 = ORIENTED_EDGE ( 'NONE', *, *, #2965, .F. ) ;
#729 = CARTESIAN_POINT ( 'NONE',  ( 5.380642619812027405, -3.000000000000000000, 1.548414934953779021 ) ) ;
#730 = CARTESIAN_POINT ( 'NONE',  ( 6.538877265565354868, -3.000000000000000000, 1.917623911949075222 ) ) ;
#731 = CARTESIAN_POINT ( 'NONE',  ( 7.493653393133764773, -3.010000000000000231, 1.597345725443044095 ) ) ;
#732 = LINE ( 'NONE', #2866, #808 ) ;
#733 = VERTEX_POINT ( 'NONE', #6880 ) ;
#734 = VERTEX_POINT ( 'NONE', #2175 ) ;
#735 = DIRECTION ( 'NONE',  ( 0.000000000000000000, 0.000000000000000000, 1.000000000000000000 ) ) ;
#736 = LINE ( 'NONE', #7530, #2894 ) ;
#737 = CARTESIAN_POINT ( 'NONE',  ( 7.938375046789632350, -3.010000000000000231, 1.917623911949080551 ) ) ;
#738 = EDGE_CURVE ( 'NONE', #2212, #5052, #3671, .T. ) ;
#739 = DIRECTION ( 'NONE',  ( -1.000000000000000000, 0.000000000000000000, 0.000000000000000000 ) ) ;
#740 = SURFACE_STYLE_USAGE ( .BOTH. , #2232 ) ;
#741 = EDGE_LOOP ( 'NONE', ( #9777, #9776, #4946, #6990 ) ) ;
#742 = ORIENTED_EDGE ( 'NONE', *, *, #1376, .F. ) ;
#743 = CARTESIAN_POINT ( 'NONE',  ( 7.583383682603050957, -3.010000000000000231, 1.880782096017092897 ) ) ;
#744 = B_SPLINE_CURVE_WITH_KNOTS ( 'NONE', 3,
 ( #8613, #1817, #7874, #1176 ),
 .UNSPECIFIED., .F., .F.,
 ( 4, 4 ),
 ( 8.000000000000000000, 9.000000000000000000 ),
 .UNSPECIFIED. ) ;
#745 = DIRECTION ( 'NONE',  ( -1.000000000000000000, -0.000000000000000000, -0.000000000000000000 ) ) ;
#746 = B_SPLINE_CURVE_WITH_KNOTS ( 'NONE', 3,
 ( #124, #8510, #7716, #3153 ),
 .UNSPECIFIED., .F., .F.,
 ( 4, 4 ),
 ( 6.000000000000000000, 7.000000000000000000 ),
 .UNSPECIFIED. ) ;
#747 = VERTEX_POINT ( 'NONE', #5942 ) ;
#748 = CARTESIAN_POINT ( 'NONE',  ( 7.371092952131627740, -3.010000000000000231, 2.105435302502622896 ) ) ;
#749 = ORIENTED_EDGE ( 'NONE', *, *, #3576, .F. ) ;
#750 = CARTESIAN_POINT ( 'NONE',  ( 5.150650950922908144, -3.010000000000000231, 1.760189329712459338 ) ) ;
#751 = ORIENTED_EDGE ( 'NONE', *, *, #2902, .F. ) ;
#752 = ADVANCED_FACE ( 'NONE', ( #5206 ), #7774, .T. ) ;
#753 = CARTESIAN_POINT ( 'NONE',  ( 7.272848109643426540, -3.010000000000000231, 2.120335770280241672 ) ) ;
#754 = EDGE_LOOP ( 'NONE', ( #5415, #4840, #4583, #8156 ) ) ;
#755 = CARTESIAN_POINT ( 'NONE',  ( 7.416776803886062197, -3.000000000000000000, 1.741601902493590925 ) ) ;
#756 = LINE ( 'NONE', #855, #2423 ) ;
#757 = CARTESIAN_POINT ( 'NONE',  ( 6.082003308795217222, -3.000000000000000000, 1.757912219308944701 ) ) ;
#758 = ORIENTED_EDGE ( 'NONE', *, *, #8749, .F. ) ;
#759 = SURFACE_STYLE_FILL_AREA ( #6756 ) ;
#760 = CARTESIAN_POINT ( 'NONE',  ( 6.602163318267076697, -3.000000000000000000, 2.383959430951392289 ) ) ;
#761 = EDGE_CURVE ( 'NONE', #8525, #9162, #976, .T. ) ;
#762 = ORIENTED_EDGE ( 'NONE', *, *, #6826, .T. ) ;
#763 =( NAMED_UNIT ( * ) PLANE_ANGLE_UNIT ( ) SI_UNIT ( $, .RADIAN. ) );
#764 = B_SPLINE_CURVE_WITH_KNOTS ( 'NONE', 3,
 ( #5637, #9304, #7263, #3362 ),
 .UNSPECIFIED., .F., .F.,
 ( 4, 4 ),
 ( 4.000000000000000000, 5.000000000000000000 ),
 .UNSPECIFIED. ) ;
#765 = CARTESIAN_POINT ( 'NONE',  ( 6.609777293559859324, -3.000000000000000000, 2.193200695124424282 ) ) ;
#766 = VECTOR ( 'NONE', #4865, 999.9999999999998863 ) ;
#767 = CARTESIAN_POINT ( 'NONE',  ( 4.938876512732214508, -3.010000000000000231, 1.753357998501903214 ) ) ;
#768 = ORIENTED_EDGE ( 'NONE', *, *, #8874, .T. ) ;
#769 = CARTESIAN_POINT ( 'NONE',  ( 6.707039687622128987, -3.010000000000000231, 2.100031836165462185 ) ) ;
#770 = EDGE_LOOP ( 'NONE', ( #5840, #6859, #6254, #207 ) ) ;
#771 = EDGE_CURVE ( 'NONE', #7891, #9149, #2472, .T. ) ;
#772 = CARTESIAN_POINT ( 'NONE',  ( 7.260894987141410795, -3.000000000000000000, 1.597345725443038988 ) ) ;
#773 = FACE_OUTER_BOUND ( 'NONE', #2561, .T. ) ;
#774 = EDGE_CURVE ( 'NONE', #5497, #5305, #9309, .T. ) ;
#775 = EDGE_CURVE ( 'NONE', #2242, #8969, #884, .T. ) ;
#776 = CARTESIAN_POINT ( 'NONE',  ( 4.936599293744844630, -3.000000000000000000, 1.600789256043651632 ) ) ;
#777 = ORIENTED_EDGE ( 'NONE', *, *, #1974, .T. ) ;
#778 = ORIENTED_EDGE ( 'NONE', *, *, #629, .F. ) ;
#779 =( LENGTH_UNIT ( ) NAMED_UNIT ( * ) SI_UNIT ( .MILLI., .METRE. ) );
#780 = CARTESIAN_POINT ( 'NONE',  ( 9.324999999999995737, 3.000000000000000000, 0.000000000000000000 ) ) ;
#781 = DIRECTION ( 'NONE',  ( -0.000000000000000000, 0.000000000000000000, 1.000000000000000000 ) ) ;
#782 = CARTESIAN_POINT ( 'NONE',  ( -9.324999999999999289, 3.000000000000000000, 0.5000000000000000000 ) ) ;
#783 = CARTESIAN_POINT ( 'NONE',  ( 4.765813472607303147, -3.000000000000000000, 2.217895491935343966 ) ) ;
#784 = CARTESIAN_POINT ( 'NONE',  ( 7.107633032862255007, -3.000000000000000000, 1.635333731202734731 ) ) ;
#785 = COLOUR_RGB ( '',0.6666666666666666297, 0.6666666666666666297, 0.6666666666666666297 ) ;
#786 = VERTEX_POINT ( 'NONE', #3161 ) ;
#787 = VERTEX_POINT ( 'NONE', #4779 ) ;
#788 = CARTESIAN_POINT ( 'NONE',  ( 6.655870498827471948, -3.000000000000000000, 1.831332191965078904 ) ) ;
#789 = COLOUR_RGB ( '',1.000000000000000000, 1.000000000000000000, 1.000000000000000000 ) ;
#790 = LINE ( 'NONE', #52, #2736 ) ;
#791 = ORIENTED_EDGE ( 'NONE', *, *, #31, .T. ) ;
#792 = CARTESIAN_POINT ( 'NONE',  ( 7.416776803886063973, -3.000000000000000000, 1.741601902493590925 ) ) ;
#793 = VECTOR ( 'NONE', #3489, 1000.000000000000000 ) ;
#794 = VERTEX_POINT ( 'NONE', #7029 ) ;
#795 = ORIENTED_EDGE ( 'NONE', *, *, #89, .T. ) ;
#796 = CARTESIAN_POINT ( 'NONE',  ( 9.624999999999998224, -2.799999999999999822, 9.999999999999998224 ) ) ;
#797 = VERTEX_POINT ( 'NONE', #6188 ) ;
#798 = VECTOR ( 'NONE', #1383, 1000.000000000000000 ) ;
#799 = CARTESIAN_POINT ( 'NONE',  ( 7.613593971668197291, -3.010000000000000231, 2.105435302502622896 ) ) ;
#800 = EDGE_LOOP ( 'NONE', ( #3588, #8129, #4190, #2406 ) ) ;
#801 = B_SPLINE_CURVE_WITH_KNOTS ( 'NONE', 3,
 ( #3824, #6190, #5457, #6828 ),
 .UNSPECIFIED., .F., .F.,
 ( 4, 4 ),
 ( 3.000000000000000000, 4.000000000000000000 ),
 .UNSPECIFIED. ) ;
#802 = DIRECTION ( 'NONE',  ( 0.000000000000000000, -1.000000000000000000, 0.000000000000000000 ) ) ;
#803 = CARTESIAN_POINT ( 'NONE',  ( 6.027351790435611534, -3.010000000000000231, 1.698706480142302189 ) ) ;
#805 = ORIENTED_EDGE ( 'NONE', *, *, #569, .T. ) ;
#804 = AXIS2_PLACEMENT_3D ( 'NONE', #4736, #2477, #7729 ) ;
#806 = DIRECTION ( 'NONE',  ( 1.000000000000000000, -0.000000000000000000, 0.000000000000000000 ) ) ;
#807 = ADVANCED_FACE ( 'NONE', ( #4127 ), #3316, .F. ) ;
#808 = VECTOR ( 'NONE', #7471, 1000.000000000000000 ) ;
#809 = EDGE_CURVE ( 'NONE', #8969, #2184, #8563, .T. ) ;
#810 =( NAMED_UNIT ( * ) SI_UNIT ( $, .STERADIAN. ) SOLID_ANGLE_UNIT ( ) );
#811 = DIRECTION ( 'NONE',  ( -1.000000000000000000, 0.000000000000000000, -0.000000000000000000 ) ) ;
#812 = VECTOR ( 'NONE', #2974, 1000.000000000000000 ) ;
#813 =( GEOMETRIC_REPRESENTATION_CONTEXT ( 3 ) GLOBAL_UNCERTAINTY_ASSIGNED_CONTEXT ( ( #8008 ) ) GLOBAL_UNIT_ASSIGNED_CONTEXT ( ( #1714, #8412, #2508 ) ) REPRESENTATION_CONTEXT ( 'NONE', 'WORKASPACE' ) );
#814 = ORIENTED_EDGE ( 'NONE', *, *, #642, .T. ) ;
#815 = CARTESIAN_POINT ( 'NONE',  ( 6.884780981821356782, -3.010000000000000231, 1.591942259105878055 ) ) ;
#816 = DIRECTION ( 'NONE',  ( 1.000000000000000000, 0.000000000000000000, 0.000000000000000000 ) ) ;
#817 = CARTESIAN_POINT ( 'NONE',  ( 6.720220870656011591, -3.010000000000000231, 2.393783915199771961 ) ) ;
#818 = CARTESIAN_POINT ( 'NONE',  ( 7.493653393133764773, -3.010000000000000231, 1.597345725443044095 ) ) ;
#819 = B_SPLINE_CURVE_WITH_KNOTS ( 'NONE', 3,
 ( #9401, #7161, #3350, #371 ),
 .UNSPECIFIED., .F., .F.,
 ( 4, 4 ),
 ( 4.000000000000000000, 5.000000000000000000 ),
 .UNSPECIFIED. ) ;
#820 = AXIS2_PLACEMENT_3D ( 'NONE', #7595, #806, #2389 ) ;
#821 = CARTESIAN_POINT ( 'NONE',  ( 5.763202987724107551, -3.000000000000000000, 2.393235675038607013 ) ) ;
#822 = ORIENTED_EDGE ( 'NONE', *, *, #6635, .T. ) ;
#823 = LINE ( 'NONE', #2358, #5130 ) ;
#824 = EDGE_LOOP ( 'NONE', ( #5978, #5595, #6797, #8813 ) ) ;
#825 = CARTESIAN_POINT ( 'NONE',  ( 5.972700358944387666, -3.010000000000000231, 1.639500740975647464 ) ) ;
#826 = CARTESIAN_POINT ( 'NONE',  ( 6.977213004460321777, -3.000000000000000000, 1.638608559286243826 ) ) ;
#827 = CARTESIAN_POINT ( 'NONE',  ( 7.305023295558240370, -3.010000000000000231, 2.150300447237265544 ) ) ;
#828 = VECTOR ( 'NONE', #8105, 1000.000000000000000 ) ;
#829 = STYLED_ITEM ( 'NONE', ( #7734 ), #9756 ) ;
#830 = DIRECTION ( 'NONE',  ( -9.459185076092910658E-14, 0.000000000000000000, 1.000000000000000000 ) ) ;
#831 = ORIENTED_EDGE ( 'NONE', *, *, #6021, .T. ) ;
#832 = FACE_OUTER_BOUND ( 'NONE', #7357, .T. ) ;
#833 = CARTESIAN_POINT ( 'NONE',  ( 6.977213004460321777, -3.000000000000000000, 1.638608559286243826 ) ) ;
#834 = EDGE_CURVE ( 'NONE', #402, #1693, #4877, .T. ) ;
#835 = CARTESIAN_POINT ( 'NONE',  ( 6.707039687622128987, -3.000000000000000000, 2.100031836165462185 ) ) ;
#836 = LINE ( 'NONE', #5311, #3394 ) ;
#837 = CARTESIAN_POINT ( 'NONE',  ( 4.802247803701580331, -3.000000000000000000, 1.962855369721081322 ) ) ;
#838 = CARTESIAN_POINT ( 'NONE',  ( 7.275631713515077870, -3.010000000000000231, 2.175352882071195815 ) ) ;
#839 = CARTESIAN_POINT ( 'NONE',  ( 6.654806179699561675, -3.010000000000000231, 1.624854281338506512 ) ) ;
#840 = VERTEX_POINT ( 'NONE', #2573 ) ;
#841 = STYLED_ITEM ( 'NONE', ( #4965 ), #877 ) ;
#842 = CARTESIAN_POINT ( 'NONE',  ( 6.728244199458688790, -3.000000000000000000, 1.742748092323485265 ) ) ;
#843 = DIRECTION ( 'NONE',  ( -0.000000000000000000, 1.000000000000000000, -0.000000000000000000 ) ) ;
#844 = ORIENTED_EDGE ( 'NONE', *, *, #3733, .T. ) ;
#845 = CARTESIAN_POINT ( 'NONE',  ( 7.909638430360106831, -3.010000000000000231, 1.854255988545373102 ) ) ;
#846 = VERTEX_POINT ( 'NONE', #2366 ) ;
#847 = ORIENTED_EDGE ( 'NONE', *, *, #2777, .F. ) ;
#848 = VECTOR ( 'NONE', #7799, 1000.000000000000000 ) ;
#849 = CARTESIAN_POINT ( 'NONE',  ( 7.493080298217718926, -3.010000000000000231, 2.425713489008664681 ) ) ;
#850 = B_SPLINE_SURFACE_WITH_KNOTS ( 'NONE', 3, 1, ( 
 ( #2295, #3792 ),
 ( #6793, #659 ),
 ( #4555, #5421 ),
 ( #3083, #6704 ) ),
 .UNSPECIFIED., .F., .F., .F.,
 ( 4, 4 ),
 ( 2, 2 ),
 ( 5.000000000000000000, 6.000000000000000000 ),
 ( 0.000000000000000000, 1.000000000000000000 ),
 .UNSPECIFIED. ) ;
#851 = EDGE_LOOP ( 'NONE', ( #2300, #3158, #4410, #4399 ) ) ;
#852 = LINE ( 'NONE', #3746, #7301 ) ;
#853 = VERTEX_POINT ( 'NONE', #4732 ) ;
#854 = CARTESIAN_POINT ( 'NONE',  ( -9.624999999999998224, 2.799999999999999822, 9.999999999999998224 ) ) ;
#855 = CARTESIAN_POINT ( 'NONE',  ( 7.102720790736976042, -3.010000000000000231, 1.654163992679707595 ) ) ;
#856 = SURFACE_STYLE_USAGE ( .BOTH. , #7746 ) ;
#857 = VECTOR ( 'NONE', #5744, 1000.000000000000000 ) ;
#858 = CARTESIAN_POINT ( 'NONE',  ( 6.634911599096860790, -3.000000000000000000, 1.591942259105878055 ) ) ;
#859 = B_SPLINE_CURVE_WITH_KNOTS ( 'NONE', 3,
 ( #6838, #49, #6787, #6103 ),
 .UNSPECIFIED., .F., .F.,
 ( 4, 4 ),
 ( 9.000000000000000000, 10.00000000000000000 ),
 .UNSPECIFIED. ) ;
#860 = PRESENTATION_STYLE_ASSIGNMENT (( #9103 ) ) ;
#861 = CARTESIAN_POINT ( 'NONE',  ( 6.912043925610888095, -3.010000000000000231, 1.727028917523886875 ) ) ;
#862 = EDGE_LOOP ( 'NONE', ( #8899, #6386, #8757, #3782, #298, #3628, #9471, #4934 ) ) ;
#863 = VECTOR ( 'NONE', #8270, 1000.000000000000000 ) ;
#864 = EDGE_CURVE ( 'NONE', #2427, #6421, #1821, .T. ) ;
#865 = CARTESIAN_POINT ( 'NONE',  ( 6.912043925610888095, -3.000000000000000000, 1.831332191965078904 ) ) ;
#866 = EDGE_CURVE ( 'NONE', #2212, #1693, #8422, .T. ) ;
#867 = CARTESIAN_POINT ( 'NONE',  ( 6.711378834832464335, -3.000000000000000000, 1.605532795649662337 ) ) ;
#868 = DIRECTION ( 'NONE',  ( 1.000000000000000000, -0.000000000000000000, -0.000000000000000000 ) ) ;
#869 = CARTESIAN_POINT ( 'NONE',  ( 6.848676002207185753, -3.000000000000000000, 1.813156896103925275 ) ) ;
#870 = CARTESIAN_POINT ( 'NONE',  ( 6.630736193290477587, -3.000000000000000000, 2.170604381352050360 ) ) ;
#871 = CARTESIAN_POINT ( 'NONE',  ( 5.380642619812027405, -3.010000000000000231, 1.687320754390110311 ) ) ;
#872 = ORIENTED_EDGE ( 'NONE', *, *, #9568, .F. ) ;
#873 = CARTESIAN_POINT ( 'NONE',  ( 6.604210085819834930, -3.000000000000000000, 1.609953813560887737 ) ) ;
#874 = B_SPLINE_CURVE_WITH_KNOTS ( 'NONE', 3,
 ( #2917, #2120, #2017, #6538 ),
 .UNSPECIFIED., .F., .F.,
 ( 4, 4 ),
 ( 9.000000000000000000, 10.00000000000000000 ),
 .UNSPECIFIED. ) ;
#875 = PLANE ( 'NONE',  #1410 ) ;
#876 = DIRECTION ( 'NONE',  ( 0.000000000000000000, 1.000000000000000000, 0.000000000000000000 ) ) ;
#877 = ADVANCED_FACE ( 'NONE', ( #5690 ), #4180, .F. ) ;
#878 = CARTESIAN_POINT ( 'NONE',  ( 7.111153473051708751, -3.000000000000000000, 1.645813181069124331 ) ) ;
#879 = EDGE_CURVE ( 'NONE', #733, #1836, #8766, .T. ) ;
#880 = DIRECTION ( 'NONE',  ( -0.000000000000000000, 1.000000000000000000, -0.000000000000000000 ) ) ;
#881 = PLANE ( 'NONE',  #8888 ) ;
#882 = VERTEX_POINT ( 'NONE', #3368 ) ;
#883 = DIRECTION ( 'NONE',  ( -0.3559357243643020419, -0.000000000000000000, -0.9345104387438696314 ) ) ;
#884 = LINE ( 'NONE', #134, #7807 ) ;
#885 = FACE_BOUND ( 'NONE', #6847, .T. ) ;
#886 = UNCERTAINTY_MEASURE_WITH_UNIT (LENGTH_MEASURE( 1.000000000000000082E-05 ), #8454, 'distance_accuracy_value', 'NONE');
#887 = PRESENTATION_STYLE_ASSIGNMENT (( #5404 ) ) ;
#888 = CARTESIAN_POINT ( 'NONE',  ( -8.074999999999999289, 1.604999999999999982, 0.5000000000000000000 ) ) ;
#889 = CARTESIAN_POINT ( 'NONE',  ( 6.591110773487929286, -3.010000000000000231, 1.621906936062908811 ) ) ;
#890 = ADVANCED_FACE ( 'NONE', ( #9418 ), #3419, .F. ) ;
#891 = LINE ( 'NONE', #6102, #5258 ) ;
#892 = EDGE_LOOP ( 'NONE', ( #6378, #4110, #2975, #8582, #8529, #7207, #3377, #3011, #1901, #8334, #1312, #2934, #8730, #2124 ) ) ;
#893 = CARTESIAN_POINT ( 'NONE',  ( 7.534998097678949236, -3.000000000000000000, 1.633860058567119022 ) ) ;
#894 = ORIENTED_EDGE ( 'NONE', *, *, #4018, .T. ) ;
#895 = FACE_OUTER_BOUND ( 'NONE', #9236, .T. ) ;
#896 = ORIENTED_EDGE ( 'NONE', *, *, #2413, .T. ) ;
#897 = CARTESIAN_POINT ( 'NONE',  ( 5.785974439228489530, -3.000000000000000000, 2.090375376536846908 ) ) ;
#898 = ORIENTED_EDGE ( 'NONE', *, *, #4780, .F. ) ;
#899 = EDGE_CURVE ( 'NONE', #2690, #5534, #6856, .T. ) ;
#900 = EDGE_LOOP ( 'NONE', ( #9080, #1192, #8799, #2658, #7576, #2236, #4368, #8186, #1043, #7738, #6379, #4158 ) ) ;
#901 = EDGE_CURVE ( 'NONE', #1105, #149, #8133, .T. ) ;
#902 = ORIENTED_EDGE ( 'NONE', *, *, #4691, .F. ) ;
#903 =( LENGTH_UNIT ( ) NAMED_UNIT ( * ) SI_UNIT ( .MILLI., .METRE. ) );
#904 = FACE_OUTER_BOUND ( 'NONE', #180, .T. ) ;
#905 = FILL_AREA_STYLE ('',( #4060 ) ) ;
#906 = CARTESIAN_POINT ( 'NONE',  ( 6.728244199458690566, -3.010000000000000231, 1.712128449748436587 ) ) ;
#907 = CARTESIAN_POINT ( 'NONE',  ( 6.859810417689404360, -3.000000000000000000, 2.105435302502615791 ) ) ;
#908 = ORIENTED_EDGE ( 'NONE', *, *, #7234, .F. ) ;
#909 = LINE ( 'NONE', #6861, #1432 ) ;
#910 = LINE ( 'NONE', #4013, #3877 ) ;
#911 = CARTESIAN_POINT ( 'NONE',  ( 5.619742860615626334, -3.010000000000000231, 2.375018520350290263 ) ) ;
#912 = DIRECTION ( 'NONE',  ( -1.000000000000000000, 0.000000000000000000, 0.000000000000000000 ) ) ;
#913 = VERTEX_POINT ( 'NONE', #8779 ) ;
#914 = DIRECTION ( 'NONE',  ( -1.000000000000000000, 0.000000000000000000, 0.000000000000000000 ) ) ;
#915 = CARTESIAN_POINT ( 'NONE',  ( 5.152928148193720581, -3.010000000000000231, 1.903649587121335918 ) ) ;
#916 = FILL_AREA_STYLE ('',( #7764 ) ) ;
#917 = LINE ( 'NONE', #827, #5781 ) ;
#918 = CARTESIAN_POINT ( 'NONE',  ( 6.826734654051733742, -3.000000000000000000, 1.738163333006109701 ) ) ;
#919 = B_SPLINE_CURVE_WITH_KNOTS ( 'NONE', 3,
 ( #928, #6781, #6140, #2321 ),
 .UNSPECIFIED., .F., .F.,
 ( 4, 4 ),
 ( 7.000000000000000000, 8.000000000000000000 ),
 .UNSPECIFIED. ) ;
#920 = CARTESIAN_POINT ( 'NONE',  ( 6.711051352023470251, -3.010000000000000231, 1.643520801411535004 ) ) ;
#921 = MECHANICAL_DESIGN_GEOMETRIC_PRESENTATION_REPRESENTATION (  '', ( #3952 ), #4757 ) ;
#922 = ORIENTED_EDGE ( 'NONE', *, *, #2168, .T. ) ;
#923 = ORIENTED_EDGE ( 'NONE', *, *, #7208, .F. ) ;
#924 = CARTESIAN_POINT ( 'NONE',  ( 5.970423161673574342, -3.000000000000000000, 1.819395112312206075 ) ) ;
#925 = EDGE_CURVE ( 'NONE', #3488, #402, #1929, .T. ) ;
#926 = B_SPLINE_SURFACE_WITH_KNOTS ( 'NONE', 3, 1, ( 
 ( #8235, #9024 ),
 ( #2139, #9779 ),
 ( #5170, #1436 ),
 ( #6788, #8188 ) ),
 .UNSPECIFIED., .F., .F., .F.,
 ( 4, 4 ),
 ( 2, 2 ),
 ( 6.000000000000000000, 7.000000000000000000 ),
 ( 0.000000000000000000, 1.000000000000000000 ),
 .UNSPECIFIED. ) ;
#927 = ADVANCED_FACE ( 'NONE', ( #396 ), #1235, .F. ) ;
#928 = CARTESIAN_POINT ( 'NONE',  ( 6.912043925610888095, -3.010000000000000231, 1.831332191965078904 ) ) ;
#929 = CARTESIAN_POINT ( 'NONE',  ( 5.027685164915276061, -3.010000000000000231, 2.327198463502726522 ) ) ;
#930 =( GEOMETRIC_REPRESENTATION_CONTEXT ( 3 ) GLOBAL_UNCERTAINTY_ASSIGNED_CONTEXT ( ( #6928 ) ) GLOBAL_UNIT_ASSIGNED_CONTEXT ( ( #2092, #8010, #6557 ) ) REPRESENTATION_CONTEXT ( 'NONE', 'WORKASPACE' ) );
#931 = LINE ( 'NONE', #9365, #4995 ) ;
#932 = CARTESIAN_POINT ( 'NONE',  ( -9.824999999999999289, 2.799999999999999378, 0.000000000000000000 ) ) ;
#933 = DIRECTION ( 'NONE',  ( 0.000000000000000000, -1.000000000000000000, 0.000000000000000000 ) ) ;
#934 = DIRECTION ( 'NONE',  ( 0.000000000000000000, -0.000000000000000000, 1.000000000000000000 ) ) ;
#935 = ORIENTED_EDGE ( 'NONE', *, *, #537, .F. ) ;
#936 = CARTESIAN_POINT ( 'NONE',  ( 7.113855206219201754, -3.000000000000000000, 1.562796289168643771 ) ) ;
#937 = VECTOR ( 'NONE', #6938, 1000.000000000000000 ) ;
#938 = EDGE_CURVE ( 'NONE', #443, #8709, #2456, .T. ) ;
#939 = PLANE ( 'NONE',  #144 ) ;
#940 = B_SPLINE_CURVE_WITH_KNOTS ( 'NONE', 3,
 ( #6172, #1705, #3806, #9201 ),
 .UNSPECIFIED., .F., .F.,
 ( 4, 4 ),
 ( 2.000000000000000000, 3.000000000000000000 ),
 .UNSPECIFIED. ) ;
#941 = ORIENTED_EDGE ( 'NONE', *, *, #9618, .F. ) ;
#942 = ORIENTED_EDGE ( 'NONE', *, *, #1141, .F. ) ;
#943 = CARTESIAN_POINT ( 'NONE',  ( 7.133913528228045031, -3.000000000000000000, 2.388871673076673474 ) ) ;
#944 = ORIENTED_EDGE ( 'NONE', *, *, #4613, .T. ) ;
#945 = VECTOR ( 'NONE', #9458, 1000.000000000000000 ) ;
#946 = DIRECTION ( 'NONE',  ( -1.000000000000000000, 0.000000000000000000, -0.000000000000000000 ) ) ;
#947 = EDGE_LOOP ( 'NONE', ( #1884, #6163, #701, #3395 ) ) ;
#948 = FACE_OUTER_BOUND ( 'NONE', #6792, .T. ) ;
#949 = CARTESIAN_POINT ( 'NONE',  ( 6.864313306302610052, -3.010000000000000231, 1.767964268561359242 ) ) ;
#950 = CARTESIAN_POINT ( 'NONE',  ( 6.111606178378534260, -3.010000000000000231, 1.835335189172929482 ) ) ;
#951 = EDGE_CURVE ( 'NONE', #9738, #6954, #1631, .T. ) ;
#952 = EDGE_CURVE ( 'NONE', #3597, #6432, #3431, .T. ) ;
#953 = CARTESIAN_POINT ( 'NONE',  ( 6.878968161974304607, -3.000000000000000000, 1.741438161089637893 ) ) ;
#954 = EDGE_CURVE ( 'NONE', #7158, #2968, #2735, .T. ) ;
#955 = CARTESIAN_POINT ( 'NONE',  ( 7.022160019898039174, -3.000000000000000000, 1.489603881514363959 ) ) ;
#956 = COLOUR_RGB ( '',0.2980392156862745057, 0.2980392156862745057, 0.2980392156862745057 ) ;
#957 = DIRECTION ( 'NONE',  ( 4.451381212076075166E-14, -0.000000000000000000, -1.000000000000000000 ) ) ;
#958 = CARTESIAN_POINT ( 'NONE',  ( 5.651622840602480657, -3.000000000000000000, 1.737417878208080690 ) ) ;
#959 = CARTESIAN_POINT ( 'NONE',  ( -8.074999999999999289, 1.855000000000000204, -4.099999999999999645 ) ) ;
#960 = CARTESIAN_POINT ( 'NONE',  ( 7.580927561541505710, -3.010000000000000231, 2.193036953720473026 ) ) ;
#961 = ORIENTED_EDGE ( 'NONE', *, *, #6516, .F. ) ;
#962 = VECTOR ( 'NONE', #6115, 1000.000000000000000 ) ;
#963 = CARTESIAN_POINT ( 'NONE',  ( 5.567368539525743287, -3.010000000000000231, 2.511647229380917778 ) ) ;
#964 = ORIENTED_EDGE ( 'NONE', *, *, #6874, .T. ) ;
#965 = CARTESIAN_POINT ( 'NONE',  ( 7.508553860909193745, -3.010000000000000231, 2.362345565604948572 ) ) ;
#966 = VECTOR ( 'NONE', #8442, 1000.000000000000000 ) ;
#967 = CARTESIAN_POINT ( 'NONE',  ( 5.453511282000583549, -3.010000000000000231, 2.511647229380917778 ) ) ;
#968 = VECTOR ( 'NONE', #1872, 1000.000000000000000 ) ;
#969 = SURFACE_SIDE_STYLE ('',( #2360 ) ) ;
#970 = CARTESIAN_POINT ( 'NONE',  ( 7.180661699110388874, -3.010000000000000231, 2.105435302502622896 ) ) ;
#971 = CARTESIAN_POINT ( 'NONE',  ( 6.632946702247178195, -3.010000000000000231, 2.358252030501634344 ) ) ;
#972 = VECTOR ( 'NONE', #3849, 1000.000000000000000 ) ;
#973 = VERTEX_POINT ( 'NONE', #6585 ) ;
#974 = ORIENTED_EDGE ( 'NONE', *, *, #1833, .T. ) ;
#975 = CARTESIAN_POINT ( 'NONE',  ( 7.183936527193904631, -3.010000000000000231, 2.425713489008659351 ) ) ;
#976 = LINE ( 'NONE', #1073, #9563 ) ;
#977 = CARTESIAN_POINT ( 'NONE',  ( 7.042955178224702628, -3.010000000000000231, 1.826092467031879885 ) ) ;
#978 = CARTESIAN_POINT ( 'NONE',  ( 6.977213004460321777, -3.010000000000000231, 1.674631668198443890 ) ) ;
#979 = VECTOR ( 'NONE', #7303, 1000.000000000000000 ) ;
#980 = VECTOR ( 'NONE', #1333, 1000.000000000000000 ) ;
#981 = DIRECTION ( 'NONE',  ( -0.000000000000000000, 1.000000000000000000, -0.000000000000000000 ) ) ;
#982 = CARTESIAN_POINT ( 'NONE',  ( 6.966242330383139780, -3.000000000000000000, 1.821180224906592038 ) ) ;
#983 = CARTESIAN_POINT ( 'NONE',  ( 0.000000000000000000, -3.010000000000000231, 0.000000000000000000 ) ) ;
#984 = CARTESIAN_POINT ( 'NONE',  ( 6.878968161974304607, -3.000000000000000000, 1.741438161089637893 ) ) ;
#985 = EDGE_CURVE ( 'NONE', #273, #2961, #47, .T. ) ;
#986 = ADVANCED_FACE ( 'NONE', ( #4980 ), #9670, .F. ) ;
#987 = EDGE_LOOP ( 'NONE', ( #8419, #9602, #8120, #4697 ) ) ;
#988 = DIRECTION ( 'NONE',  ( -0.000000000000000000, -0.000000000000000000, 1.000000000000000000 ) ) ;
#989 = VECTOR ( 'NONE', #5000, 1000.000000000000000 ) ;
#990 = B_SPLINE_CURVE_WITH_KNOTS ( 'NONE', 3,
 ( #5821, #8890, #4363, #1397 ),
 .UNSPECIFIED., .F., .F.,
 ( 4, 4 ),
 ( 5.000000000000000000, 6.000000000000000000 ),
 .UNSPECIFIED. ) ;
#991 =( NAMED_UNIT ( * ) PLANE_ANGLE_UNIT ( ) SI_UNIT ( $, .RADIAN. ) );
#992 = ORIENTED_EDGE ( 'NONE', *, *, #6715, .F. ) ;
#993 = CARTESIAN_POINT ( 'NONE',  ( 7.914878155293300743, -3.000000000000000000, 1.876688560911603298 ) ) ;
#994 = ORIENTED_EDGE ( 'NONE', *, *, #951, .T. ) ;
#995 = ORIENTED_EDGE ( 'NONE', *, *, #901, .F. ) ;
#996 = LINE ( 'NONE', #6350, #3820 ) ;
#997 = ORIENTED_EDGE ( 'NONE', *, *, #9795, .F. ) ;
#998 = VECTOR ( 'NONE', #2024, 1000.000000000000000 ) ;
#999 = EDGE_CURVE ( 'NONE', #2950, #8489, #5650, .T. ) ;
#1000 = DIRECTION ( 'NONE',  ( -0.000000000000000000, -0.000000000000000000, 1.000000000000000000 ) ) ;
#1001 = CARTESIAN_POINT ( 'NONE',  ( 4.625000000000002665, 1.604999999999999982, -4.099999999999999645 ) ) ;
#1002 = CARTESIAN_POINT ( 'NONE',  ( 6.747647555849503931, -3.000000000000000000, 2.393783915199771961 ) ) ;
#1003 = CARTESIAN_POINT ( 'NONE',  ( 6.111606178378534260, -3.010000000000000231, 1.915035269440425347 ) ) ;
#1004 = CARTESIAN_POINT ( 'NONE',  ( 6.891903732901161206, -3.010000000000000231, 1.734888504922595498 ) ) ;
#1005 = DIRECTION ( 'NONE',  ( 0.000000000000000000, 0.000000000000000000, -1.000000000000000000 ) ) ;
#1006 = CARTESIAN_POINT ( 'NONE',  ( 6.822968601756339346, -3.000000000000000000, 1.764361957669924985 ) ) ;
#1007 = ORIENTED_EDGE ( 'NONE', *, *, #628, .T. ) ;
#1008 = CARTESIAN_POINT ( 'NONE',  ( 6.591110773487929286, -3.000000000000000000, 1.621906936062908811 ) ) ;
#1009 = ADVANCED_FACE ( 'NONE', ( #6545 ), #2671, .F. ) ;
#1010 = DIRECTION ( 'NONE',  ( 1.000000000000000000, -0.000000000000000000, 2.601421064473125976E-14 ) ) ;
#1011 = AXIS2_PLACEMENT_3D ( 'NONE', #2882, #8785, #5852 ) ;
#1012 = B_SPLINE_SURFACE_WITH_KNOTS ( 'NONE', 3, 1, ( 
 ( #4096, #4886 ),
 ( #8484, #2590 ),
 ( #299, #5418 ),
 ( #6296, #1786 ) ),
 .UNSPECIFIED., .F., .F., .F.,
 ( 4, 4 ),
 ( 2, 2 ),
 ( 2.000000000000000000, 3.000000000000000000 ),
 ( 0.000000000000000000, 1.000000000000000000 ),
 .UNSPECIFIED. ) ;
#1013 = LINE ( 'NONE', #1109, #234 ) ;
#1014 = B_SPLINE_CURVE_WITH_KNOTS ( 'NONE', 3,
 ( #5692, #8664, #7982, #2677 ),
 .UNSPECIFIED., .F., .F.,
 ( 4, 4 ),
 ( 6.000000000000000000, 7.000000000000000000 ),
 .UNSPECIFIED. ) ;
#1015 = EDGE_CURVE ( 'NONE', #5021, #6257, #2228, .T. ) ;
#1016 = CARTESIAN_POINT ( 'NONE',  ( 7.699230726034187455, -3.010000000000000231, 1.830513484943108837 ) ) ;
#1017 = CARTESIAN_POINT ( 'NONE',  ( 7.165000000000000924, 1.604999999999999982, -4.099999999999999645 ) ) ;
#1018 = VERTEX_POINT ( 'NONE', #2116 ) ;
#1019 = LINE ( 'NONE', #8504, #2034 ) ;
#1020 = ORIENTED_EDGE ( 'NONE', *, *, #9440, .F. ) ;
#1021 =( GEOMETRIC_REPRESENTATION_CONTEXT ( 3 ) GLOBAL_UNCERTAINTY_ASSIGNED_CONTEXT ( ( #3164 ) ) GLOBAL_UNIT_ASSIGNED_CONTEXT ( ( #679, #6665, #9706 ) ) REPRESENTATION_CONTEXT ( 'NONE', 'WORKASPACE' ) );
#1022 = CARTESIAN_POINT ( 'NONE',  ( 7.416776803886060421, -3.010000000000000231, 1.778279977021620439 ) ) ;
#1023 = PLANE ( 'NONE',  #6360 ) ;
#1024 = CARTESIAN_POINT ( 'NONE',  ( 4.938876512732214508, -3.010000000000000231, 1.753357998501903214 ) ) ;
#1025 = EDGE_CURVE ( 'NONE', #5222, #6442, #94, .T. ) ;
#1026 = CARTESIAN_POINT ( 'NONE',  ( 9.324999999999995737, 3.000000000000000000, 0.5000000000000000000 ) ) ;
#1027 = EDGE_CURVE ( 'NONE', #9274, #2966, #8999, .T. ) ;
#1028 = PLANE ( 'NONE',  #3675 ) ;
#1029 = ORIENTED_EDGE ( 'NONE', *, *, #4257, .F. ) ;
#1030 = DIRECTION ( 'NONE',  ( -0.000000000000000000, 1.000000000000000000, -0.000000000000000000 ) ) ;
#1031 = B_SPLINE_CURVE_WITH_KNOTS ( 'NONE', 3,
 ( #4298, #6552, #601, #7242 ),
 .UNSPECIFIED., .F., .F.,
 ( 4, 4 ),
 ( 23.00000000000000000, 24.00000000000000000 ),
 .UNSPECIFIED. ) ;
#1032 = DIRECTION ( 'NONE',  ( -0.000000000000000000, 1.000000000000000000, -0.000000000000000000 ) ) ;
#1033 = CARTESIAN_POINT ( 'NONE',  ( 7.738283050923977058, -3.010000000000000231, 1.672175547136901530 ) ) ;
#1034 = CARTESIAN_POINT ( 'NONE',  ( 6.977213004460321777, -3.010000000000000231, 1.659567459016854762 ) ) ;
#1035 = DIRECTION ( 'NONE',  ( 0.000000000000000000, 0.000000000000000000, -1.000000000000000000 ) ) ;
#1036 = LINE ( 'NONE', #4784, #7140 ) ;
#1037 = DIRECTION ( 'NONE',  ( -0.000000000000000000, -0.000000000000000000, 1.000000000000000000 ) ) ;
#1038 = CARTESIAN_POINT ( 'NONE',  ( 6.685098339466682305, -3.000000000000000000, 1.624854281338506512 ) ) ;
#1039 = ORIENTED_EDGE ( 'NONE', *, *, #3085, .F. ) ;
#1040 = ORIENTED_EDGE ( 'NONE', *, *, #7298, .T. ) ;
#1041 = FACE_OUTER_BOUND ( 'NONE', #6229, .T. ) ;
#1042 = DIRECTION ( 'NONE',  ( 0.000000000000000000, 1.000000000000000000, 0.000000000000000000 ) ) ;
#1043 = ORIENTED_EDGE ( 'NONE', *, *, #6682, .F. ) ;
#1044 = CARTESIAN_POINT ( 'NONE',  ( 4.938876512732214508, -3.010000000000000231, 1.753357998501903214 ) ) ;
#1045 = ORIENTED_EDGE ( 'NONE', *, *, #719, .F. ) ;
#1046 = VERTEX_POINT ( 'NONE', #4422 ) ;
#1047 = DIRECTION ( 'NONE',  ( -0.000000000000000000, 1.000000000000000000, -0.000000000000000000 ) ) ;
#1048 = VERTEX_POINT ( 'NONE', #3605 ) ;
#1049 = CARTESIAN_POINT ( 'NONE',  ( 6.768360843474201083, -3.000000000000000000, 1.597345725443038988 ) ) ;
#1050 = CARTESIAN_POINT ( 'NONE',  ( 5.380642619812027405, -3.010000000000000231, 1.696429369738771786 ) ) ;
#1051 = CARTESIAN_POINT ( 'NONE',  ( 6.795705657966789381, -3.010000000000000231, 2.374789912321017660 ) ) ;
#1052 = CARTESIAN_POINT ( 'NONE',  ( 5.380642619812027405, -3.010000000000000231, 1.673657918232209330 ) ) ;
#1053 = ADVANCED_FACE ( 'NONE', ( #2913 ), #6616, .F. ) ;
#1054 = EDGE_CURVE ( 'NONE', #7346, #8951, #8265, .T. ) ;
#1055 = DIRECTION ( 'NONE',  ( -0.000000000000000000, 0.000000000000000000, -1.000000000000000000 ) ) ;
#1056 = DIRECTION ( 'NONE',  ( 0.000000000000000000, 1.000000000000000000, 0.000000000000000000 ) ) ;
#1057 = CARTESIAN_POINT ( 'NONE',  ( 2.085000000000001741, 1.604999999999999982, -4.099999999999999645 ) ) ;
#1058 = EDGE_LOOP ( 'NONE', ( #7371, #7473, #416, #7101 ) ) ;
#1059 = EDGE_LOOP ( 'NONE', ( #1366, #5185, #2657, #7566 ) ) ;
#1060 = CARTESIAN_POINT ( 'NONE',  ( 4.938876512732214508, -3.000000000000000000, 1.753357998501903214 ) ) ;
#1061 = LINE ( 'NONE', #1107, #5768 ) ;
#1062 = CARTESIAN_POINT ( 'NONE',  ( 6.822722989650397807, -3.000000000000000000, 1.605369054245710858 ) ) ;
#1063 = ORIENTED_EDGE ( 'NONE', *, *, #3808, .T. ) ;
#1064 = EDGE_CURVE ( 'NONE', #9797, #5268, #4531, .T. ) ;
#1065 = EDGE_LOOP ( 'NONE', ( #1137, #8300, #9763, #1593 ) ) ;
#1066 = DIRECTION ( 'NONE',  ( 0.8840949502478780975, 0.000000000000000000, 0.4673073067545617243 ) ) ;
#1067 = CARTESIAN_POINT ( 'NONE',  ( 5.150650994356001711, -3.010000000000000231, 2.156412707512648907 ) ) ;
#1068 = DIRECTION ( 'NONE',  ( 0.000000000000000000, 0.000000000000000000, 1.000000000000000000 ) ) ;
#1069 = CARTESIAN_POINT ( 'NONE',  ( 7.861744069650050015, -3.010000000000000231, 1.721134226974865067 ) ) ;
#1070 = CARTESIAN_POINT ( 'NONE',  ( 6.654478696891643175, -3.000000000000000000, 1.798747652540360065 ) ) ;
#1071 = ORIENTED_EDGE ( 'NONE', *, *, #2930, .F. ) ;
#1072 = CARTESIAN_POINT ( 'NONE',  ( 6.772290637173537853, -3.000000000000000000, 2.144078273880318353 ) ) ;
#1073 = CARTESIAN_POINT ( 'NONE',  ( 6.685671434381626810, -3.010000000000000231, 1.831332191965078904 ) ) ;
#1074 = CARTESIAN_POINT ( 'NONE',  ( 2.540000000000000036, 0.000000000000000000, -4.099999999999999645 ) ) ;
#1075 = DIRECTION ( 'NONE',  ( 0.000000000000000000, -0.000000000000000000, 1.000000000000000000 ) ) ;
#1076 = EDGE_CURVE ( 'NONE', #6725, #3024, #3415, .T. ) ;
#1077 = ADVANCED_FACE ( 'NONE', ( #2266 ), #2960, .F. ) ;
#1078 = CARTESIAN_POINT ( 'NONE',  ( 7.817861373336972619, -3.010000000000000231, 1.597345725443044095 ) ) ;
#1079 =( NAMED_UNIT ( * ) PLANE_ANGLE_UNIT ( ) SI_UNIT ( $, .RADIAN. ) );
#1080 = FACE_OUTER_BOUND ( 'NONE', #6461, .T. ) ;
#1081 = AXIS2_PLACEMENT_3D ( 'NONE', #6228, #5677, #7167 ) ;
#1082 = CARTESIAN_POINT ( 'NONE',  ( 7.260894987141405466, -3.010000000000000231, 1.917623911949078774 ) ) ;
#1083 = EDGE_LOOP ( 'NONE', ( #8304, #7889, #4897, #9085 ) ) ;
#1084 = VERTEX_POINT ( 'NONE', #7522 ) ;
#1085 = DIRECTION ( 'NONE',  ( -0.000000000000000000, -0.000000000000000000, 1.000000000000000000 ) ) ;
#1086 = SURFACE_STYLE_FILL_AREA ( #9176 ) ;
#1087 = DIRECTION ( 'NONE',  ( -0.000000000000000000, 0.000000000000000000, 1.000000000000000000 ) ) ;
#1088 = ORIENTED_EDGE ( 'NONE', *, *, #9781, .T. ) ;
#1089 = CARTESIAN_POINT ( 'NONE',  ( 5.899831696753652821, -3.000000000000000000, 1.741972185883511326 ) ) ;
#1090 = EDGE_LOOP ( 'NONE', ( #1228, #6558, #2436, #6485 ) ) ;
#1091 = ORIENTED_EDGE ( 'NONE', *, *, #383, .F. ) ;
#1092 = DIRECTION ( 'NONE',  ( -0.000000000000000000, 1.000000000000000000, -0.000000000000000000 ) ) ;
#1093 = B_SPLINE_SURFACE_WITH_KNOTS ( 'NONE', 3, 1, ( 
 ( #7347, #6606 ),
 ( #9641, #2098 ),
 ( #5134, #1353 ),
 ( #4404, #7394 ) ),
 .UNSPECIFIED., .F., .F., .F.,
 ( 4, 4 ),
 ( 2, 2 ),
 ( 2.000000000000000000, 3.000000000000000000 ),
 ( 0.000000000000000000, 1.000000000000000000 ),
 .UNSPECIFIED. ) ;
#1094 = EDGE_LOOP ( 'NONE', ( #1710, #9566, #3905, #3840 ) ) ;
#1095 = LINE ( 'NONE', #6356, #1132 ) ;
#1096 = DIRECTION ( 'NONE',  ( -0.000000000000000000, -0.000000000000000000, 1.000000000000000000 ) ) ;
#1097 = DIRECTION ( 'NONE',  ( -1.000000000000000000, -0.000000000000000000, -0.000000000000000000 ) ) ;
#1098 = CARTESIAN_POINT ( 'NONE',  ( 5.886168860597935648, -3.010000000000000231, 2.213341205978663684 ) ) ;
#1099 = CARTESIAN_POINT ( 'NONE',  ( 7.165000000000000924, 1.604999999999999982, -4.099999999999999645 ) ) ;
#1100 = FACE_OUTER_BOUND ( 'NONE', #5452, .T. ) ;
#1101 = STYLED_ITEM ( 'NONE', ( #1960 ), #6737 ) ;
#1102 = VERTEX_POINT ( 'NONE', #7465 ) ;
#1103 = B_SPLINE_CURVE_WITH_KNOTS ( 'NONE', 3,
 ( #4909, #8055, #9691, #1251 ),
 .UNSPECIFIED., .F., .F.,
 ( 4, 4 ),
 ( 35.00000000000000000, 36.00000000000000000 ),
 .UNSPECIFIED. ) ;
#1104 = AXIS2_PLACEMENT_3D ( 'NONE', #2924, #1479, #5989 ) ;
#1105 = VERTEX_POINT ( 'NONE', #4470 ) ;
#1106 = DIRECTION ( 'NONE',  ( -0.000000000000000000, 0.000000000000000000, 1.000000000000000000 ) ) ;
#1107 = CARTESIAN_POINT ( 'NONE',  ( 7.817861373336972619, -3.000000000000000000, 1.597345725443044095 ) ) ;
#1108 = EDGE_CURVE ( 'NONE', #2093, #7120, #684, .T. ) ;
#1109 = CARTESIAN_POINT ( 'NONE',  ( 7.513793585842387657, -3.010000000000000231, 2.384778137973367684 ) ) ;
#1110 = EDGE_CURVE ( 'NONE', #7646, #5222, #2342, .T. ) ;
#1111 = LINE ( 'NONE', #5675, #5584 ) ;
#1112 = STYLED_ITEM ( 'NONE', ( #2095 ), #7079 ) ;
#1113 = EDGE_LOOP ( 'NONE', ( #2893, #8049, #7686, #7677 ) ) ;
#1114 = CARTESIAN_POINT ( 'NONE',  ( 6.415252505436399133, -3.000000000000000000, 2.425713489008655799 ) ) ;
#1115 = EDGE_LOOP ( 'NONE', ( #8471, #6920, #4730, #7957 ) ) ;
#1116 = ORIENTED_EDGE ( 'NONE', *, *, #4440, .F. ) ;
#1117 = CARTESIAN_POINT ( 'NONE',  ( 7.302239691688777512, -3.000000000000000000, 1.778279977021620439 ) ) ;
#1118 = STYLED_ITEM ( 'NONE', ( #5601 ), #7689 ) ;
#1119 = FACE_OUTER_BOUND ( 'NONE', #2665, .T. ) ;
#1120 = CARTESIAN_POINT ( 'NONE',  ( 7.029119029573883459, -3.010000000000000231, 1.523989576384800815 ) ) ;
#1121 = EDGE_CURVE ( 'NONE', #231, #4596, #24, .T. ) ;
#1122 = DIRECTION ( 'NONE',  ( -1.000000000000000000, 0.000000000000000000, -0.000000000000000000 ) ) ;
#1123 = ORIENTED_EDGE ( 'NONE', *, *, #8772, .T. ) ;
#1124 = CARTESIAN_POINT ( 'NONE',  ( 5.970423161673574342, -3.010000000000000231, 1.912758072170702039 ) ) ;
#1125 = VECTOR ( 'NONE', #7233, 1000.000000000000000 ) ;
#1126 = SURFACE_SIDE_STYLE ('',( #1182 ) ) ;
#1127 = AXIS2_PLACEMENT_3D ( 'NONE', #1082, #7185, #3376 ) ;
#1128 = DIRECTION ( 'NONE',  ( 0.000000000000000000, 0.000000000000000000, 1.000000000000000000 ) ) ;
#1129 = FACE_OUTER_BOUND ( 'NONE', #1217, .T. ) ;
#1130 = PRESENTATION_STYLE_ASSIGNMENT (( #9616 ) ) ;
#1131 = CARTESIAN_POINT ( 'NONE',  ( 5.763202987724107551, -3.000000000000000000, 2.393235675038607013 ) ) ;
#1132 = VECTOR ( 'NONE', #2542, 1000.000000000000000 ) ;
#1133 = VECTOR ( 'NONE', #1231, 1000.000000000000000 ) ;
#1134 = LINE ( 'NONE', #5750, #3513 ) ;
#1135 = EDGE_CURVE ( 'NONE', #1046, #6364, #6770, .T. ) ;
#1136 = VERTEX_POINT ( 'NONE', #5344 ) ;
#1137 = ORIENTED_EDGE ( 'NONE', *, *, #2319, .F. ) ;
#1138 = B_SPLINE_CURVE_WITH_KNOTS ( 'NONE', 3,
 ( #3778, #8916, #6782, #1526 ),
 .UNSPECIFIED., .F., .F.,
 ( 4, 4 ),
 ( 5.000000000000000000, 6.000000000000000000 ),
 .UNSPECIFIED. ) ;
#1139 = CARTESIAN_POINT ( 'NONE',  ( 5.694888546342596669, -3.010000000000000231, 1.737417878208080690 ) ) ;
#1140 = EDGE_CURVE ( 'NONE', #542, #660, #1322, .T. ) ;
#1141 = EDGE_CURVE ( 'NONE', #8489, #4455, #823, .T. ) ;
#1142 = FACE_BOUND ( 'NONE', #900, .T. ) ;
#1143 = CARTESIAN_POINT ( 'NONE',  ( 6.660455258142648383, -3.000000000000000000, 1.733251090883014545 ) ) ;
#1144 = DIRECTION ( 'NONE',  ( -0.000000000000000000, 1.000000000000000000, -0.000000000000000000 ) ) ;
#1145 = ORIENTED_EDGE ( 'NONE', *, *, #7935, .F. ) ;
#1146 =( LENGTH_UNIT ( ) NAMED_UNIT ( * ) SI_UNIT ( .MILLI., .METRE. ) );
#1147 = ORIENTED_EDGE ( 'NONE', *, *, #9453, .T. ) ;
#1148 = ORIENTED_EDGE ( 'NONE', *, *, #7104, .T. ) ;
#1149 = CARTESIAN_POINT ( 'NONE',  ( 7.182299113149968051, -3.000000000000000000, 2.388871673076673474 ) ) ;
#1150 = ORIENTED_EDGE ( 'NONE', *, *, #2792, .F. ) ;
#1151 = PRESENTATION_LAYER_ASSIGNMENT (  '', '', ( #4182 ) ) ;
#1152 = VECTOR ( 'NONE', #9373, 1000.000000000000000 ) ;
#1153 = CARTESIAN_POINT ( 'NONE',  ( 6.966242330383139780, -3.000000000000000000, 1.821180224906592038 ) ) ;
#1154 = B_SPLINE_CURVE_WITH_KNOTS ( 'NONE', 3,
 ( #3676, #6871, #2928, #6180 ),
 .UNSPECIFIED., .F., .F.,
 ( 4, 4 ),
 ( 5.000000000000000000, 6.000000000000000000 ),
 .UNSPECIFIED. ) ;
#1155 = CARTESIAN_POINT ( 'NONE',  ( 7.754411579233464025, -3.000000000000000000, 1.809063361000619707 ) ) ;
#1156 = CARTESIAN_POINT ( 'NONE',  ( 6.625250856252422160, -3.000000000000000000, 1.650889164598363656 ) ) ;
#1157 = ORIENTED_EDGE ( 'NONE', *, *, #716, .F. ) ;
#1158 = CARTESIAN_POINT ( 'NONE',  ( 5.699442940883132636, -3.010000000000000231, 1.864938102189350744 ) ) ;
#1159 = ORIENTED_EDGE ( 'NONE', *, *, #4894, .F. ) ;
#1160 = VECTOR ( 'NONE', #8281, 1000.000000000000000 ) ;
#1161 = PRESENTATION_STYLE_ASSIGNMENT (( #6307 ) ) ;
#1162 = B_SPLINE_SURFACE_WITH_KNOTS ( 'NONE', 3, 1, ( 
 ( #9257, #873 ),
 ( #8360, #1666 ),
 ( #1709, #6178 ),
 ( #120, #4767 ) ),
 .UNSPECIFIED., .F., .F., .F.,
 ( 4, 4 ),
 ( 2, 2 ),
 ( 7.000000000000000000, 8.000000000000000000 ),
 ( 0.000000000000000000, 1.000000000000000000 ),
 .UNSPECIFIED. ) ;
#1163 = ORIENTED_EDGE ( 'NONE', *, *, #7129, .T. ) ;
#1164 = EDGE_LOOP ( 'NONE', ( #2275, #9132, #935, #1246 ) ) ;
#1165 = DIRECTION ( 'NONE',  ( -1.000000000000000000, 0.000000000000000000, -0.000000000000000000 ) ) ;
#1166 = CARTESIAN_POINT ( 'NONE',  ( 5.690334325534464277, -3.010000000000000231, 1.737417878208080690 ) ) ;
#1167 = STYLED_ITEM ( 'NONE', ( #7992 ), #986 ) ;
#1168 = SURFACE_SIDE_STYLE ('',( #5633 ) ) ;
#1169 = ORIENTED_EDGE ( 'NONE', *, *, #7283, .T. ) ;
#1170 = ORIENTED_EDGE ( 'NONE', *, *, #4626, .T. ) ;
#1171 = ADVANCED_FACE ( 'NONE', ( #3209 ), #6913, .F. ) ;
#1172 = CARTESIAN_POINT ( 'NONE',  ( 7.217667256446336665, -3.010000000000000231, 1.826092467031883215 ) ) ;
#1173 = ADVANCED_FACE ( 'NONE', ( #75 ), #1162, .F. ) ;
#1174 = VECTOR ( 'NONE', #9271, 1000.000000000000000 ) ;
#1175 = DIRECTION ( 'NONE',  ( 1.000000000000000000, 0.000000000000000000, -0.000000000000000000 ) ) ;
#1176 = CARTESIAN_POINT ( 'NONE',  ( 6.720220870656011591, -3.010000000000000231, 2.393783915199771961 ) ) ;
#1177 = CARTESIAN_POINT ( 'NONE',  ( 6.635894047521696315, -3.000000000000000000, 1.690842067207737331 ) ) ;
#1178 = VERTEX_POINT ( 'NONE', #7761 ) ;
#1179 = LINE ( 'NONE', #7121, #3677 ) ;
#1180 = B_SPLINE_CURVE_WITH_KNOTS ( 'NONE', 3,
 ( #499, #8784, #5030, #4251 ),
 .UNSPECIFIED., .F., .F.,
 ( 4, 4 ),
 ( 6.000000000000000000, 7.000000000000000000 ),
 .UNSPECIFIED. ) ;
#1181 = COLOUR_RGB ( '',0.2980392156862745057, 0.2980392156862745057, 0.2980392156862745057 ) ;
#1182 = SURFACE_STYLE_FILL_AREA ( #4233 ) ;
#1183 =( LENGTH_UNIT ( ) NAMED_UNIT ( * ) SI_UNIT ( .MILLI., .METRE. ) );
#1184 = EDGE_CURVE ( 'NONE', #786, #8652, #6131, .T. ) ;
#1185 = LINE ( 'NONE', #432, #7037 ) ;
#1186 = ADVANCED_FACE ( 'NONE', ( #8405 ), #2462, .F. ) ;
#1187 = CYLINDRICAL_SURFACE ( 'NONE', #336, 0.2000000000000005107 ) ;
#1188 = PLANE ( 'NONE',  #5006 ) ;
#1189 = CARTESIAN_POINT ( 'NONE',  ( 7.493653393133759444, -3.010000000000000231, 1.917623911949080551 ) ) ;
#1190 = STYLED_ITEM ( 'NONE', ( #586 ), #2483 ) ;
#1191 = ORIENTED_EDGE ( 'NONE', *, *, #6530, .T. ) ;
#1192 = ORIENTED_EDGE ( 'NONE', *, *, #8511, .F. ) ;
#1193 = LINE ( 'NONE', #2127, #5263 ) ;
#1194 = FACE_BOUND ( 'NONE', #4388, .T. ) ;
#1195 = CARTESIAN_POINT ( 'NONE',  ( 7.302239691688777512, -3.010000000000000231, 1.778279977021620439 ) ) ;
#1196 = ORIENTED_EDGE ( 'NONE', *, *, #4473, .T. ) ;
#1197 = EDGE_CURVE ( 'NONE', #5021, #8704, #3149, .T. ) ;
#1198 = CARTESIAN_POINT ( 'NONE',  ( 0.000000000000000000, 0.000000000000000000, 10.19999999999999929 ) ) ;
#1199 = CARTESIAN_POINT ( 'NONE',  ( 6.602163318267076697, -3.010000000000000231, 2.383959430951392289 ) ) ;
#1200 = FACE_OUTER_BOUND ( 'NONE', #2317, .T. ) ;
#1201 = DIRECTION ( 'NONE',  ( -0.000000000000000000, 1.000000000000000000, -0.000000000000000000 ) ) ;
#1202 = CARTESIAN_POINT ( 'NONE',  ( 6.604210085819834930, -3.010000000000000231, 1.609953813560887737 ) ) ;
#1203 = CARTESIAN_POINT ( 'NONE',  ( 4.802247803701578555, -3.000000000000000000, 2.088098352999518514 ) ) ;
#1204 = PLANE ( 'NONE',  #9385 ) ;
#1205 = CARTESIAN_POINT ( 'NONE',  ( 5.125000000000002665, 1.855000000000000204, 0.5000000000000000000 ) ) ;
#1206 = ORIENTED_EDGE ( 'NONE', *, *, #1905, .F. ) ;
#1207 = EDGE_CURVE ( 'NONE', #6048, #5490, #4023, .T. ) ;
#1208 = EDGE_LOOP ( 'NONE', ( #2976, #7385, #5508, #5106 ) ) ;
#1209 = ORIENTED_EDGE ( 'NONE', *, *, #1291, .T. ) ;
#1210 = DIRECTION ( 'NONE',  ( -0.000000000000000000, 1.000000000000000000, -0.000000000000000000 ) ) ;
#1211 = VERTEX_POINT ( 'NONE', #7711 ) ;
#1212 = EDGE_CURVE ( 'NONE', #5420, #7306, #233, .T. ) ;
#1213 = ORIENTED_EDGE ( 'NONE', *, *, #5967, .T. ) ;
#1214 = CARTESIAN_POINT ( 'NONE',  ( 5.061842298739836821, -3.010000000000000231, 1.671380634096280682 ) ) ;
#1215 = CARTESIAN_POINT ( 'NONE',  ( 4.625000000000002665, 1.855000000000000204, -4.099999999999999645 ) ) ;
#1216 = FILL_AREA_STYLE ('',( #5871 ) ) ;
#1217 = EDGE_LOOP ( 'NONE', ( #3282, #4821, #4546, #7343 ) ) ;
#1218 = DIRECTION ( 'NONE',  ( -0.000000000000000000, -0.000000000000000000, 1.000000000000000000 ) ) ;
#1219 = CARTESIAN_POINT ( 'NONE',  ( -5.534999999999998366, 1.604999999999999982, -4.099999999999999645 ) ) ;
#1220 = FACE_OUTER_BOUND ( 'NONE', #1519, .T. ) ;
#1221 = ORIENTED_EDGE ( 'NONE', *, *, #8301, .T. ) ;
#1222 = DIRECTION ( 'NONE',  ( -0.000000000000000000, 1.000000000000000000, -0.000000000000000000 ) ) ;
#1223 = CARTESIAN_POINT ( 'NONE',  ( 6.636876495946524734, -3.000000000000000000, 1.635169989798764378 ) ) ;
#1224 = CARTESIAN_POINT ( 'NONE',  ( 5.180253863939324077, -3.010000000000000231, 2.422838566338476163 ) ) ;
#1225 = CARTESIAN_POINT ( 'NONE',  ( 6.912043925610888095, -3.000000000000000000, 1.831332191965078904 ) ) ;
#1226 = DIRECTION ( 'NONE',  ( -1.000000000000000000, 0.000000000000000000, 0.000000000000000000 ) ) ;
#1227 = PLANE ( 'NONE',  #3668 ) ;
#1228 = ORIENTED_EDGE ( 'NONE', *, *, #448, .F. ) ;
#1229 = ORIENTED_EDGE ( 'NONE', *, *, #6389, .F. ) ;
#1230 = EDGE_CURVE ( 'NONE', #1958, #4745, #6275, .T. ) ;
#1231 = DIRECTION ( 'NONE',  ( -0.000000000000000000, -1.000000000000000000, -0.000000000000000000 ) ) ;
#1232 = EDGE_CURVE ( 'NONE', #3091, #4597, #7610, .T. ) ;
#1233 = CARTESIAN_POINT ( 'NONE',  ( 5.699442854016932181, -3.000000000000000000, 1.735140767804566053 ) ) ;
#1234 = B_SPLINE_SURFACE_WITH_KNOTS ( 'NONE', 3, 1, ( 
 ( #1743, #4057 ),
 ( #406, #5519 ),
 ( #7050, #9388 ),
 ( #262, #3241 ) ),
 .UNSPECIFIED., .F., .F., .F.,
 ( 4, 4 ),
 ( 2, 2 ),
 ( 19.00000000000000000, 20.00000000000000000 ),
 ( 0.000000000000000000, 1.000000000000000000 ),
 .UNSPECIFIED. ) ;
#1235 = PLANE ( 'NONE',  #7180 ) ;
#1236 = CARTESIAN_POINT ( 'NONE',  ( 6.555906371596618598, -3.010000000000000231, 2.259515963801552729 ) ) ;
#1237 = CARTESIAN_POINT ( 'NONE',  ( 6.546163758050211889, -3.010000000000000231, 1.633860058567110363 ) ) ;
#1238 = CARTESIAN_POINT ( 'NONE',  ( 6.768360843474201083, -3.000000000000000000, 1.744549247767018363 ) ) ;
#1239 = CARTESIAN_POINT ( 'NONE',  ( 6.865868849642400740, -3.010000000000000231, 1.825273760012084967 ) ) ;
#1240 = SURFACE_STYLE_FILL_AREA ( #5809 ) ;
#1241 = FILL_AREA_STYLE ('',( #5765 ) ) ;
#1242 = EDGE_CURVE ( 'NONE', #6600, #8903, #6963, .T. ) ;
#1243 = AXIS2_PLACEMENT_3D ( 'NONE', #5390, #2264, #1560 ) ;
#1244 = CARTESIAN_POINT ( 'NONE',  ( 7.425864451816630130, -3.010000000000000231, 1.917623911949078774 ) ) ;
#1245 = UNCERTAINTY_MEASURE_WITH_UNIT (LENGTH_MEASURE( 1.000000000000000082E-05 ), #7218, 'distance_accuracy_value', 'NONE');
#1246 = ORIENTED_EDGE ( 'NONE', *, *, #4106, .T. ) ;
#1247 = ORIENTED_EDGE ( 'NONE', *, *, #7108, .T. ) ;
#1248 = EDGE_LOOP ( 'NONE', ( #8794, #6396, #1494, #5274 ) ) ;
#1249 = CARTESIAN_POINT ( 'NONE',  ( 7.029119029573883459, -3.010000000000000231, 1.523989576384800815 ) ) ;
#1250 = B_SPLINE_CURVE_WITH_KNOTS ( 'NONE', 3,
 ( #352, #3388, #897, #258 ),
 .UNSPECIFIED., .F., .F.,
 ( 4, 4 ),
 ( 22.00000000000000000, 23.00000000000000000 ),
 .UNSPECIFIED. ) ;
#1251 = CARTESIAN_POINT ( 'NONE',  ( 5.886168860597935648, -3.010000000000000231, 2.213341205978663684 ) ) ;
#1252 = EDGE_LOOP ( 'NONE', ( #2020, #3281, #7785, #1779, #2157, #147, #9499 ) ) ;
#1253 = CARTESIAN_POINT ( 'NONE',  ( -5.034999999999997478, 1.855000000000000204, -4.099999999999999645 ) ) ;
#1254 = EDGE_CURVE ( 'NONE', #5121, #8689, #5392, .T. ) ;
#1255 = CARTESIAN_POINT ( 'NONE',  ( 6.912043925610888095, -3.010000000000000231, 1.591942259105878055 ) ) ;
#1256 = EDGE_LOOP ( 'NONE', ( #5480, #9828, #5649, #6000, #9457, #1150, #7432, #2605 ) ) ;
#1257 = ADVANCED_FACE ( 'NONE', ( #7669 ), #5051, .F. ) ;
#1258 = EDGE_CURVE ( 'NONE', #6329, #8581, #8961, .T. ) ;
#1259 = VECTOR ( 'NONE', #1336, 1000.000000000000000 ) ;
#1260 = DIRECTION ( 'NONE',  ( -0.000000000000000000, 1.000000000000000000, -0.000000000000000000 ) ) ;
#1261 = ORIENTED_EDGE ( 'NONE', *, *, #1636, .F. ) ;
#1262 = EDGE_LOOP ( 'NONE', ( #7087, #618, #6577, #2851 ) ) ;
#1263 = DIRECTION ( 'NONE',  ( -1.000000000000000000, 0.000000000000000000, -0.000000000000000000 ) ) ;
#1264 = CARTESIAN_POINT ( 'NONE',  ( 6.415252505436413344, -3.010000000000000231, 1.633860058567110363 ) ) ;
#1265 = VECTOR ( 'NONE', #6365, 1000.000000000000000 ) ;
#1266 = FACE_OUTER_BOUND ( 'NONE', #1643, .T. ) ;
#1267 = ORIENTED_EDGE ( 'NONE', *, *, #6923, .F. ) ;
#1268 = PRESENTATION_LAYER_ASSIGNMENT (  '', '', ( #7919 ) ) ;
#1269 =( GEOMETRIC_REPRESENTATION_CONTEXT ( 3 ) GLOBAL_UNCERTAINTY_ASSIGNED_CONTEXT ( ( #9219 ) ) GLOBAL_UNIT_ASSIGNED_CONTEXT ( ( #6604, #9492, #5910 ) ) REPRESENTATION_CONTEXT ( 'NONE', 'WORKASPACE' ) );
#1270 = CARTESIAN_POINT ( 'NONE',  ( 5.180253863939324077, -3.000000000000000000, 2.422838566338476163 ) ) ;
#1271 = CARTESIAN_POINT ( 'NONE',  ( 7.665000000000001812, 1.855000000000000204, -4.099999999999999645 ) ) ;
#1272 = VECTOR ( 'NONE', #1201, 1000.000000000000000 ) ;
#1273 = CARTESIAN_POINT ( 'NONE',  ( 6.931529152703698848, -3.010000000000000231, 1.831332191965078904 ) ) ;
#1274 =( NAMED_UNIT ( * ) SI_UNIT ( $, .STERADIAN. ) SOLID_ANGLE_UNIT ( ) );
#1275 = MECHANICAL_DESIGN_GEOMETRIC_PRESENTATION_REPRESENTATION (  '', ( #5560 ), #813 ) ;
#1276 = ORIENTED_EDGE ( 'NONE', *, *, #9808, .F. ) ;
#1277 = EDGE_LOOP ( 'NONE', ( #844, #5040, #7419, #7308 ) ) ;
#1278 = EDGE_LOOP ( 'NONE', ( #669, #8615, #485, #9394 ) ) ;
#1279 = DIRECTION ( 'NONE',  ( -0.000000000000000000, 1.000000000000000000, -0.000000000000000000 ) ) ;
#1280 = VECTOR ( 'NONE', #4910, 999.9999999999998863 ) ;
#1281 = CARTESIAN_POINT ( 'NONE',  ( 5.152928148193720581, -3.010000000000000231, 1.903649587121335918 ) ) ;
#1282 = DIRECTION ( 'NONE',  ( -0.000000000000000000, 1.000000000000000000, -0.000000000000000000 ) ) ;
#1283 = FACE_OUTER_BOUND ( 'NONE', #4305, .T. ) ;
#1284 = LINE ( 'NONE', #3432, #5122 ) ;
#1285 = VECTOR ( 'NONE', #8196, 999.9999999999998863 ) ;
#1286 = LINE ( 'NONE', #4247, #1885 ) ;
#1287 = AXIS2_PLACEMENT_3D ( 'NONE', #5895, #6685, #8081 ) ;
#1288 = EDGE_CURVE ( 'NONE', #1836, #8375, #8500, .T. ) ;
#1289 = CARTESIAN_POINT ( 'NONE',  ( 6.920230995818609010, -3.010000000000000231, 1.624690539934555256 ) ) ;
#1290 = B_SPLINE_CURVE_WITH_KNOTS ( 'NONE', 3,
 ( #993, #7845, #3177, #1831 ),
 .UNSPECIFIED., .F., .F.,
 ( 4, 4 ),
 ( 3.000000000000000000, 4.000000000000000000 ),
 .UNSPECIFIED. ) ;
#1291 = EDGE_CURVE ( 'NONE', #1329, #8689, #6908, .T. ) ;
#1292 = CARTESIAN_POINT ( 'NONE',  ( 6.918839193882784677, -3.000000000000000000, 1.683146221212985294 ) ) ;
#1293 = CARTESIAN_POINT ( 'NONE',  ( 6.667496138521578075, -3.010000000000000231, 1.624854281338506512 ) ) ;
#1294 = CARTESIAN_POINT ( 'NONE',  ( 7.754411579233464025, -3.010000000000000231, 1.761578353798287200 ) ) ;
#1295 = CARTESIAN_POINT ( 'NONE',  ( 6.859810417689404360, -3.000000000000000000, 2.425713489008655799 ) ) ;
#1296 = AXIS2_PLACEMENT_3D ( 'NONE', #6453, #2647, #3285 ) ;
#1297 = VECTOR ( 'NONE', #7721, 1000.000000000000000 ) ;
#1298 = DIRECTION ( 'NONE',  ( 0.000000000000000000, 0.000000000000000000, 1.000000000000000000 ) ) ;
#1299 = VERTEX_POINT ( 'NONE', #3143 ) ;
#1300 = LINE ( 'NONE', #8932, #793 ) ;
#1301 = AXIS2_PLACEMENT_3D ( 'NONE', #4373, #8209, #7361 ) ;
#1302 = EDGE_CURVE ( 'NONE', #3745, #2005, #6170, .T. ) ;
#1303 = CIRCLE ( 'NONE', #674, 0.2000000000000005107 ) ;
#1304 = DIRECTION ( 'NONE',  ( -1.000000000000000000, -0.000000000000000000, -0.000000000000000000 ) ) ;
#1305 = VERTEX_POINT ( 'NONE', #9293 ) ;
#1306 = COLOUR_RGB ( '',0.6666666666666666297, 0.6666666666666666297, 0.6666666666666666297 ) ;
#1307 = CARTESIAN_POINT ( 'NONE',  ( 7.537290477336535233, -3.000000000000000000, 2.425713489008664681 ) ) ;
#1308 = CARTESIAN_POINT ( 'NONE',  ( 6.884780981821356782, -3.000000000000000000, 1.591942259105878055 ) ) ;
#1309 = ORIENTED_EDGE ( 'NONE', *, *, #925, .F. ) ;
#1310 = VECTOR ( 'NONE', #4309, 1000.000000000000000 ) ;
#1311 = AXIS2_PLACEMENT_3D ( 'NONE', #2948, #8197, #1450 ) ;
#1312 = ORIENTED_EDGE ( 'NONE', *, *, #1025, .T. ) ;
#1313 = CARTESIAN_POINT ( 'NONE',  ( 6.569578778842364741, -3.010000000000000231, 2.172896761009635913 ) ) ;
#1314 = EDGE_CURVE ( 'NONE', #5839, #3586, #2501, .T. ) ;
#1315 = DIRECTION ( 'NONE',  ( 0.9400931103999008442, 0.000000000000000000, -0.3409177962187364130 ) ) ;
#1316 = ADVANCED_FACE ( 'NONE', ( #169 ), #6460, .F. ) ;
#1317 = CARTESIAN_POINT ( 'NONE',  ( 5.080059486004070202, -3.010000000000000231, 2.322644177546035582 ) ) ;
#1318 = B_SPLINE_SURFACE_WITH_KNOTS ( 'NONE', 3, 1, ( 
 ( #6338, #5749 ),
 ( #2629, #7226 ),
 ( #9467, #2582 ),
 ( #8717, #341 ) ),
 .UNSPECIFIED., .F., .F., .F.,
 ( 4, 4 ),
 ( 2, 2 ),
 ( 0.000000000000000000, 1.000000000000000000 ),
 ( 0.000000000000000000, 1.000000000000000000 ),
 .UNSPECIFIED. ) ;
#1319 = LINE ( 'NONE', #2810, #7630 ) ;
#1320 = EDGE_LOOP ( 'NONE', ( #8381, #243, #9008, #2943 ) ) ;
#1321 = DIRECTION ( 'NONE',  ( -0.3385350343141436680, 0.000000000000000000, -0.9409537876760587505 ) ) ;
#1322 = LINE ( 'NONE', #4378, #220 ) ;
#1323 = STYLED_ITEM ( 'NONE', ( #7103 ), #1420 ) ;
#1324 = ORIENTED_EDGE ( 'NONE', *, *, #3371, .F. ) ;
#1325 = ADVANCED_FACE ( 'NONE', ( #1554 ), #3954, .T. ) ;
#1326 = DIRECTION ( 'NONE',  ( 0.000000000000000000, 0.000000000000000000, 1.000000000000000000 ) ) ;
#1327 = EDGE_CURVE ( 'NONE', #5813, #25, #910, .T. ) ;
#1328 = CARTESIAN_POINT ( 'NONE',  ( 6.655461145316478699, -3.010000000000000231, 2.381994534101711025 ) ) ;
#1329 = VERTEX_POINT ( 'NONE', #9340 ) ;
#1330 = ORIENTED_EDGE ( 'NONE', *, *, #1783, .F. ) ;
#1331 = STYLED_ITEM ( 'NONE', ( #5252 ), #1990 ) ;
#1332 = CARTESIAN_POINT ( 'NONE',  ( 2.585000000000002185, 1.855000000000000204, -4.099999999999999645 ) ) ;
#1333 = DIRECTION ( 'NONE',  ( -1.000000000000000000, -0.000000000000000000, -0.000000000000000000 ) ) ;
#1334 = CARTESIAN_POINT ( 'NONE',  ( 6.883716662694541633, -3.010000000000000231, 1.697882947586647484 ) ) ;
#1335 = FACE_OUTER_BOUND ( 'NONE', #6007, .T. ) ;
#1336 = DIRECTION ( 'NONE',  ( -1.000000000000000000, -0.000000000000000000, -0.000000000000000000 ) ) ;
#1337 = VECTOR ( 'NONE', #1870, 1000.000000000000000 ) ;
#1338 = LINE ( 'NONE', #1149, #1746 ) ;
#1339 = DIRECTION ( 'NONE',  ( 0.000000000000000000, -1.000000000000000000, 0.000000000000000000 ) ) ;
#1340 = CARTESIAN_POINT ( 'NONE',  ( 6.865132013323492544, -3.000000000000000000, 1.624690539934553479 ) ) ;
#1341 = ORIENTED_EDGE ( 'NONE', *, *, #1484, .T. ) ;
#1342 = ORIENTED_EDGE ( 'NONE', *, *, #8498, .T. ) ;
#1343 = CARTESIAN_POINT ( 'NONE',  ( 4.859176432464708206, -3.010000000000000231, 1.789792329595085718 ) ) ;
#1344 = CARTESIAN_POINT ( 'NONE',  ( 6.931529152703698848, -3.010000000000000231, 1.831332191965078904 ) ) ;
#1345 = B_SPLINE_CURVE_WITH_KNOTS ( 'NONE', 3,
 ( #9534, #4294, #1292, #3478 ),
 .UNSPECIFIED., .F., .F.,
 ( 4, 4 ),
 ( 3.000000000000000000, 4.000000000000000000 ),
 .UNSPECIFIED. ) ;
#1346 = UNCERTAINTY_MEASURE_WITH_UNIT (LENGTH_MEASURE( 1.000000000000000082E-05 ), #5461, 'distance_accuracy_value', 'NONE');
#1347 = ORIENTED_EDGE ( 'NONE', *, *, #1135, .T. ) ;
#1348 =( NAMED_UNIT ( * ) PLANE_ANGLE_UNIT ( ) SI_UNIT ( $, .RADIAN. ) );
#1349 = ORIENTED_EDGE ( 'NONE', *, *, #8355, .T. ) ;
#1350 = ORIENTED_EDGE ( 'NONE', *, *, #1962, .T. ) ;
#1351 = CARTESIAN_POINT ( 'NONE',  ( 6.625250856252422160, -3.000000000000000000, 1.661859838674450973 ) ) ;
#1352 = EDGE_LOOP ( 'NONE', ( #5919, #5077, #2041, #8692, #4267, #3487, #3150, #5197 ) ) ;
#1353 = CARTESIAN_POINT ( 'NONE',  ( 7.633570422972892011, -3.000000000000000000, 1.917623911949080551 ) ) ;
#1354 = CARTESIAN_POINT ( 'NONE',  ( 7.909638430360106831, -3.000000000000000000, 1.854255988545373102 ) ) ;
#1355 = CARTESIAN_POINT ( 'NONE',  ( 6.768360843474202859, -3.000000000000000000, 1.597345725443038988 ) ) ;
#1356 = ORIENTED_EDGE ( 'NONE', *, *, #9012, .T. ) ;
#1357 = EDGE_CURVE ( 'NONE', #2060, #734, #4028, .T. ) ;
#1358 = EDGE_CURVE ( 'NONE', #6448, #4073, #7861, .T. ) ;
#1359 = DIRECTION ( 'NONE',  ( -0.000000000000000000, 1.000000000000000000, -0.000000000000000000 ) ) ;
#1360 = ORIENTED_EDGE ( 'NONE', *, *, #8447, .F. ) ;
#1361 = CARTESIAN_POINT ( 'NONE',  ( 7.675815705242024833, -3.000000000000000000, 1.850653677653930185 ) ) ;
#1362 = CARTESIAN_POINT ( 'NONE',  ( 6.584561117321979573, -3.000000000000000000, 1.701321517074126932 ) ) ;
#1363 = B_SPLINE_CURVE_WITH_KNOTS ( 'NONE', 3,
 ( #7503, #2337, #8391, #667 ),
 .UNSPECIFIED., .F., .F.,
 ( 4, 4 ),
 ( 18.00000000000000000, 19.00000000000000000 ),
 .UNSPECIFIED. ) ;
#1364 = CARTESIAN_POINT ( 'NONE',  ( 7.514776034266136051, -3.010000000000000231, 2.384778137973367684 ) ) ;
#1365 = SURFACE_SIDE_STYLE ('',( #270 ) ) ;
#1366 = ORIENTED_EDGE ( 'NONE', *, *, #469, .T. ) ;
#1367 = EDGE_CURVE ( 'NONE', #2515, #787, #8604, .T. ) ;
#1368 = FACE_BOUND ( 'NONE', #2381, .T. ) ;
#1369 = EDGE_LOOP ( 'NONE', ( #4441, #5513, #7092, #7187 ) ) ;
#1370 = ORIENTED_EDGE ( 'NONE', *, *, #3598, .T. ) ;
#1371 = CARTESIAN_POINT ( 'NONE',  ( 5.455788392405196419, -3.010000000000000231, 2.375018520350290263 ) ) ;
#1372 = DIRECTION ( 'NONE',  ( 1.000000000000000000, 0.000000000000000000, 0.000000000000000000 ) ) ;
#1373 = ORIENTED_EDGE ( 'NONE', *, *, #1768, .F. ) ;
#1374 = EDGE_LOOP ( 'NONE', ( #2306, #4867, #9025, #7144 ) ) ;
#1375 = CARTESIAN_POINT ( 'NONE',  ( 6.912043925610888095, -3.010000000000000231, 1.727028917523886875 ) ) ;
#1376 = EDGE_CURVE ( 'NONE', #685, #3238, #2661, .T. ) ;
#1377 = EDGE_CURVE ( 'NONE', #8253, #8949, #1061, .T. ) ;
#1378 = DIRECTION ( 'NONE',  ( -0.000000000000000000, 0.000000000000000000, -1.000000000000000000 ) ) ;
#1379 = EDGE_CURVE ( 'NONE', #1621, #3571, #8697, .T. ) ;
#1380 = CARTESIAN_POINT ( 'NONE',  ( 6.711051352023470251, -3.000000000000000000, 1.643520801411535004 ) ) ;
#1381 = LINE ( 'NONE', #915, #7111 ) ;
#1382 = CARTESIAN_POINT ( 'NONE',  ( 5.029962318751897143, -3.010000000000000231, 2.190569884771403686 ) ) ;
#1383 = DIRECTION ( 'NONE',  ( -1.000000000000000000, -0.000000000000000000, -0.000000000000000000 ) ) ;
#1384 = FILL_AREA_STYLE_COLOUR ( '', #8106 ) ;
#1385 = ORIENTED_EDGE ( 'NONE', *, *, #7323, .T. ) ;
#1386 = ORIENTED_EDGE ( 'NONE', *, *, #9656, .T. ) ;
#1387 = FACE_OUTER_BOUND ( 'NONE', #3346, .T. ) ;
#1388 = LINE ( 'NONE', #4446, #6840 ) ;
#1389 = CARTESIAN_POINT ( 'NONE',  ( 5.453511282000583549, -3.000000000000000000, 2.511647229380917778 ) ) ;
#1390 = ORIENTED_EDGE ( 'NONE', *, *, #437, .F. ) ;
#1391 = ORIENTED_EDGE ( 'NONE', *, *, #4174, .F. ) ;
#1392 = SURFACE_STYLE_USAGE ( .BOTH. , #7392 ) ;
#1393 = B_SPLINE_SURFACE_WITH_KNOTS ( 'NONE', 3, 1, ( 
 ( #92, #5463 ),
 ( #3276, #1778 ),
 ( #4786, #3167 ),
 ( #5507, #9316 ),
 ( #7783, #8480 ),
 ( #9226, #1639 ),
 ( #1683, #1579 ) ),
 .UNSPECIFIED., .F., .F., .F.,
 ( 4, 3, 4 ),
 ( 2, 2 ),
 ( 0.000000000000000000, 1.000000000000000000, 2.000000000000000000 ),
 ( 0.000000000000000000, 1.000000000000000000 ),
 .UNSPECIFIED. ) ;
#1394 = DIRECTION ( 'NONE',  ( 1.000000000000000000, 0.000000000000000000, -0.000000000000000000 ) ) ;
#1395 = ORIENTED_EDGE ( 'NONE', *, *, #7462, .F. ) ;
#1396 = STYLED_ITEM ( 'NONE', ( #9657 ), #5558 ) ;
#1397 = CARTESIAN_POINT ( 'NONE',  ( 6.719811517145025448, -3.010000000000000231, 2.431116955345815178 ) ) ;
#1398 = CARTESIAN_POINT ( 'NONE',  ( 5.619742860615633440, -3.010000000000000231, 1.666826413289248077 ) ) ;
#1399 = CARTESIAN_POINT ( 'NONE',  ( 6.934312756574261272, -3.000000000000000000, 1.598000691058870215 ) ) ;
#1400 = ORIENTED_EDGE ( 'NONE', *, *, #7258, .T. ) ;
#1401 = LINE ( 'NONE', #2717, #7461 ) ;
#1402 = CARTESIAN_POINT ( 'NONE',  ( 2.085000000000001741, 1.855000000000000204, 0.5000000000000000000 ) ) ;
#1403 = ORIENTED_EDGE ( 'NONE', *, *, #5207, .F. ) ;
#1404 = CARTESIAN_POINT ( 'NONE',  ( 6.529789617635866961, -3.010000000000000231, 1.741601902493589149 ) ) ;
#1405 = ADVANCED_FACE ( 'NONE', ( #1802 ), #4861, .F. ) ;
#1406 = CARTESIAN_POINT ( 'NONE',  ( 4.754427681705468700, -3.000000000000000000, 1.710092205894480077 ) ) ;
#1407 = EDGE_CURVE ( 'NONE', #2635, #1899, #211, .T. ) ;
#1408 = LINE ( 'NONE', #2855, #4510 ) ;
#1409 = CARTESIAN_POINT ( 'NONE',  ( -5.534999999999998366, 1.604999999999999982, -4.099999999999999645 ) ) ;
#1410 = AXIS2_PLACEMENT_3D ( 'NONE', #2407, #2877, #2463 ) ;
#1411 = ORIENTED_EDGE ( 'NONE', *, *, #4501, .T. ) ;
#1413 = B_SPLINE_CURVE_WITH_KNOTS ( 'NONE', 3,
 ( #1202, #449, #7430, #5119 ),
 .UNSPECIFIED., .F., .F.,
 ( 4, 4 ),
 ( 7.000000000000000000, 8.000000000000000000 ),
 .UNSPECIFIED. ) ;
#1412 = CARTESIAN_POINT ( 'NONE',  ( 6.719811517145025448, -3.010000000000000231, 2.431116955345815178 ) ) ;
#1414 = EDGE_LOOP ( 'NONE', ( #4536, #7176, #6266, #5315 ) ) ;
#1415 = DIRECTION ( 'NONE',  ( -0.000000000000000000, -0.000000000000000000, 1.000000000000000000 ) ) ;
#1416 = EDGE_LOOP ( 'NONE', ( #7586, #1469, #8213, #6747 ) ) ;
#1417 = VECTOR ( 'NONE', #7671, 1000.000000000000000 ) ;
#1418 = CARTESIAN_POINT ( 'NONE',  ( 6.046707554618563130, -3.010000000000000231, 2.100053247769571918 ) ) ;
#1419 = CARTESIAN_POINT ( 'NONE',  ( 5.455788392405196419, -3.010000000000000231, 2.375018520350290263 ) ) ;
#1420 = ADVANCED_FACE ( 'NONE', ( #5627 ), #2790, .T. ) ;
#1421 =( LENGTH_UNIT ( ) NAMED_UNIT ( * ) SI_UNIT ( .MILLI., .METRE. ) );
#1422 = DIRECTION ( 'NONE',  ( 0.000000000000000000, -0.000000000000000000, 1.000000000000000000 ) ) ;
#1423 = ORIENTED_EDGE ( 'NONE', *, *, #4792, .F. ) ;
#1424 = ORIENTED_EDGE ( 'NONE', *, *, #4473, .F. ) ;
#1425 = PLANE ( 'NONE',  #5732 ) ;
#1426 = CARTESIAN_POINT ( 'NONE',  ( 6.912043925610888095, -3.010000000000000231, 1.591942259105878055 ) ) ;
#1427 = DIRECTION ( 'NONE',  ( -0.000000000000000000, -1.000000000000000000, -0.000000000000000000 ) ) ;
#1428 = SURFACE_SIDE_STYLE ('',( #6044 ) ) ;
#1429 = VECTOR ( 'NONE', #278, 1000.000000000000000 ) ;
#1430 =( NAMED_UNIT ( * ) SI_UNIT ( $, .STERADIAN. ) SOLID_ANGLE_UNIT ( ) );
#1431 = ADVANCED_FACE ( 'NONE', ( #2033 ), #3481, .F. ) ;
#1432 = VECTOR ( 'NONE', #69, 1000.000000000000000 ) ;
#1433 = LINE ( 'NONE', #8288, #2876 ) ;
#1434 = ORIENTED_EDGE ( 'NONE', *, *, #6451, .T. ) ;
#1435 = CARTESIAN_POINT ( 'NONE',  ( 7.652400684449854218, -3.010000000000000231, 1.870793870362571054 ) ) ;
#1436 = CARTESIAN_POINT ( 'NONE',  ( 4.658787589726895106, -3.000000000000000000, 2.056218199278089021 ) ) ;
#1437 = AXIS2_PLACEMENT_3D ( 'NONE', #6695, #5951, #8924 ) ;
#1438 = ORIENTED_EDGE ( 'NONE', *, *, #6354, .F. ) ;
#1439 = CARTESIAN_POINT ( 'NONE',  ( 5.239459603105976804, -3.000000000000000000, 1.671380634096284235 ) ) ;
#1440 = VECTOR ( 'NONE', #30, 1000.000000000000000 ) ;
#1441 = CARTESIAN_POINT ( 'NONE',  ( 5.763202987724107551, -3.010000000000000231, 2.393235675038607013 ) ) ;
#1442 = ORIENTED_EDGE ( 'NONE', *, *, #6898, .T. ) ;
#1443 = VERTEX_POINT ( 'NONE', #8871 ) ;
#1444 = DIRECTION ( 'NONE',  ( -1.000000000000000000, -0.000000000000000000, -0.000000000000000000 ) ) ;
#1445 = VERTEX_POINT ( 'NONE', #8142 ) ;
#1446 = CARTESIAN_POINT ( 'NONE',  ( 6.925716332856650226, -3.010000000000000231, 1.677415272067907859 ) ) ;
#1447 = ORIENTED_EDGE ( 'NONE', *, *, #8658, .T. ) ;
#1448 = EDGE_CURVE ( 'NONE', #2940, #7514, #1031, .T. ) ;
#1449 = VECTOR ( 'NONE', #440, 1000.000000000000000 ) ;
#1450 = DIRECTION ( 'NONE',  ( 0.000000000000000000, 0.000000000000000000, -1.000000000000000000 ) ) ;
#1451 = CARTESIAN_POINT ( 'NONE',  ( 7.092568823680662327, -3.010000000000000231, 2.425713489008659351 ) ) ;
#1452 = EDGE_LOOP ( 'NONE', ( #1915, #6944, #4740, #1595 ) ) ;
#1453 = CARTESIAN_POINT ( 'NONE',  ( 5.150650950922908144, -3.010000000000000231, 1.582571938480119567 ) ) ;
#1454 = B_SPLINE_CURVE_WITH_KNOTS ( 'NONE', 3,
 ( #4589, #3780, #2931, #5212 ),
 .UNSPECIFIED., .F., .F.,
 ( 4, 4 ),
 ( 4.000000000000000000, 5.000000000000000000 ),
 .UNSPECIFIED. ) ;
#1455 = SURFACE_SIDE_STYLE ('',( #9041 ) ) ;
#1456 = CARTESIAN_POINT ( 'NONE',  ( 6.848676002207185753, -3.000000000000000000, 1.813156896103925275 ) ) ;
#1457 = EDGE_LOOP ( 'NONE', ( #6940, #5961, #3096, #7712 ) ) ;
#1458 = STYLED_ITEM ( 'NONE', ( #2637 ), #9758 ) ;
#1459 = CARTESIAN_POINT ( 'NONE',  ( 6.632946702247178195, -3.010000000000000231, 2.358252030501634344 ) ) ;
#1460 = CARTESIAN_POINT ( 'NONE',  ( 7.581500656455360421, -3.000000000000000000, 1.633860058567119022 ) ) ;
#1461 = FACE_OUTER_BOUND ( 'NONE', #3498, .T. ) ;
#1462 =( NAMED_UNIT ( * ) SI_UNIT ( $, .STERADIAN. ) SOLID_ANGLE_UNIT ( ) );
#1463 = COLOUR_RGB ( '',0.6666666666666666297, 0.6666666666666666297, 0.6666666666666666297 ) ;
#1464 =( NAMED_UNIT ( * ) SI_UNIT ( $, .STERADIAN. ) SOLID_ANGLE_UNIT ( ) );
#1465 = ORIENTED_EDGE ( 'NONE', *, *, #4283, .F. ) ;
#1466 = EDGE_CURVE ( 'NONE', #351, #3817, #3769, .T. ) ;
#1467 = EDGE_CURVE ( 'NONE', #4592, #6725, #9078, .T. ) ;
#1468 = CARTESIAN_POINT ( 'NONE',  ( 6.891903732901161206, -3.010000000000000231, 1.734888504922595498 ) ) ;
#1469 = ORIENTED_EDGE ( 'NONE', *, *, #2541, .F. ) ;
#1470 = CARTESIAN_POINT ( 'NONE',  ( 6.606911818987320828, -3.000000000000000000, 1.771075355238739935 ) ) ;
#1471 = ORIENTED_EDGE ( 'NONE', *, *, #2169, .T. ) ;
#1472 = PLANE ( 'NONE',  #4159 ) ;
#1473 = LINE ( 'NONE', #4535, #7202 ) ;
#1474 = VECTOR ( 'NONE', #7331, 1000.000000000000000 ) ;
#1475 = PRESENTATION_STYLE_ASSIGNMENT (( #8907 ) ) ;
#1476 = ORIENTED_EDGE ( 'NONE', *, *, #8715, .T. ) ;
#1477 = VERTEX_POINT ( 'NONE', #9590 ) ;
#1478 = CARTESIAN_POINT ( 'NONE',  ( 6.728244199458690566, -3.010000000000000231, 1.712128449748436587 ) ) ;
#1479 = DIRECTION ( 'NONE',  ( 0.000000000000000000, 0.000000000000000000, 1.000000000000000000 ) ) ;
#1480 = COLOUR_RGB ( '',0.6666666666666666297, 0.6666666666666666297, 0.6666666666666666297 ) ;
#1481 = ADVANCED_FACE ( 'NONE', ( #2085 ), #500, .F. ) ;
#1482 = B_SPLINE_SURFACE_WITH_KNOTS ( 'NONE', 3, 1, ( 
 ( #9005, #9766 ),
 ( #1328, #5059 ),
 ( #2220, #5250 ),
 ( #6034, #8073 ) ),
 .UNSPECIFIED., .F., .F., .F.,
 ( 4, 4 ),
 ( 2, 2 ),
 ( 8.000000000000000000, 9.000000000000000000 ),
 ( 0.000000000000000000, 1.000000000000000000 ),
 .UNSPECIFIED. ) ;
#1483 = VECTOR ( 'NONE', #5653, 1000.000000000000000 ) ;
#1484 = EDGE_CURVE ( 'NONE', #8709, #1305, #8003, .T. ) ;
#1485 = LINE ( 'NONE', #9822, #202 ) ;
#1486 = DIRECTION ( 'NONE',  ( -0.000000000000000000, -0.000000000000000000, 1.000000000000000000 ) ) ;
#1487 = PRESENTATION_STYLE_ASSIGNMENT (( #9728 ) ) ;
#1488 = VERTEX_POINT ( 'NONE', #4205 ) ;
#1489 = ORIENTED_EDGE ( 'NONE', *, *, #537, .T. ) ;
#1490 = PLANE ( 'NONE',  #5100 ) ;
#1491 = CARTESIAN_POINT ( 'NONE',  ( 7.107633032862258560, -3.000000000000000000, 1.635333731202734731 ) ) ;
#1492 = EDGE_CURVE ( 'NONE', #9414, #1048, #3439, .T. ) ;
#1493 = VECTOR ( 'NONE', #7510, 1000.000000000000000 ) ;
#1494 = ORIENTED_EDGE ( 'NONE', *, *, #8302, .F. ) ;
#1495 = CARTESIAN_POINT ( 'NONE',  ( 5.259953944207918397, -3.000000000000000000, 2.479767197816991064 ) ) ;
#1496 = VERTEX_POINT ( 'NONE', #1887 ) ;
#1497 = EDGE_LOOP ( 'NONE', ( #4912, #1924, #4095, #8670 ) ) ;
#1498 = CARTESIAN_POINT ( 'NONE',  ( 7.108697351987983026, -3.010000000000000231, 1.635333731202734731 ) ) ;
#1499 = ORIENTED_EDGE ( 'NONE', *, *, #5575, .T. ) ;
#1500 = CARTESIAN_POINT ( 'NONE',  ( 6.712770636767210419, -3.000000000000000000, 1.798747652540360065 ) ) ;
#1501 = ORIENTED_EDGE ( 'NONE', *, *, #6724, .T. ) ;
#1502 = CARTESIAN_POINT ( 'NONE',  ( 7.165000000000000924, 1.604999999999999982, -4.099999999999999645 ) ) ;
#1503 = DIRECTION ( 'NONE',  ( -0.000000000000000000, 1.000000000000000000, -0.000000000000000000 ) ) ;
#1504 = CARTESIAN_POINT ( 'NONE',  ( 6.082003308795217222, -3.010000000000000231, 1.757912219308944701 ) ) ;
#1505 = ORIENTED_EDGE ( 'NONE', *, *, #3576, .T. ) ;
#1506 = FILL_AREA_STYLE_COLOUR ( '', #7790 ) ;
#1507 = ADVANCED_FACE ( 'NONE', ( #4102 ), #6259, .F. ) ;
#1508 = CARTESIAN_POINT ( 'NONE',  ( 5.027685164915276061, -3.000000000000000000, 2.327198463502726522 ) ) ;
#1509 = EDGE_CURVE ( 'NONE', #1879, #7858, #307, .T. ) ;
#1510 = CARTESIAN_POINT ( 'NONE',  ( 6.599297843695637766, -3.000000000000000000, 2.302252470284749997 ) ) ;
#1511 = ORIENTED_EDGE ( 'NONE', *, *, #2815, .F. ) ;
#1512 = DIRECTION ( 'NONE',  ( 1.000000000000000000, -0.000000000000000000, 0.000000000000000000 ) ) ;
#1513 = SURFACE_STYLE_USAGE ( .BOTH. , #3805 ) ;
#1514 = CARTESIAN_POINT ( 'NONE',  ( 6.609777293559859324, -3.010000000000000231, 2.193200695124424282 ) ) ;
#1515 = PLANE ( 'NONE',  #4978 ) ;
#1516 = CARTESIAN_POINT ( 'NONE',  ( 6.629508132759701411, -3.010000000000000231, 1.789414392503848372 ) ) ;
#1517 = VERTEX_POINT ( 'NONE', #2648 ) ;
#1518 = CARTESIAN_POINT ( 'NONE',  ( 6.597005464036952205, -3.010000000000000231, 2.143750791072403405 ) ) ;
#1519 = EDGE_LOOP ( 'NONE', ( #702, #93, #9000, #420 ) ) ;
#1520 = CARTESIAN_POINT ( 'NONE',  ( 5.125000000000002665, 1.604999999999999982, 0.5000000000000000000 ) ) ;
#1521 = DIRECTION ( 'NONE',  ( 0.000000000000000000, 0.000000000000000000, -1.000000000000000000 ) ) ;
#1522 = DIRECTION ( 'NONE',  ( -0.000000000000000000, 1.000000000000000000, -0.000000000000000000 ) ) ;
#1523 = ORIENTED_EDGE ( 'NONE', *, *, #7298, .F. ) ;
#1524 = ORIENTED_EDGE ( 'NONE', *, *, #264, .F. ) ;
#1525 = FACE_OUTER_BOUND ( 'NONE', #2606, .T. ) ;
#1526 = CARTESIAN_POINT ( 'NONE',  ( 7.706107865009146352, -3.000000000000000000, 1.642210870177697180 ) ) ;
#1527 = LINE ( 'NONE', #2523, #4641 ) ;
#1528 = CARTESIAN_POINT ( 'NONE',  ( 6.584561117321979573, -3.010000000000000231, 1.638117335074372516 ) ) ;
#1529 =( NAMED_UNIT ( * ) PLANE_ANGLE_UNIT ( ) SI_UNIT ( $, .RADIAN. ) );
#1530 = EDGE_CURVE ( 'NONE', #6602, #7346, #8538, .T. ) ;
#1531 = EDGE_CURVE ( 'NONE', #7912, #1018, #5063, .T. ) ;
#1532 = ORIENTED_EDGE ( 'NONE', *, *, #98, .T. ) ;
#1533 = ORIENTED_EDGE ( 'NONE', *, *, #6452, .F. ) ;
#1534 = CARTESIAN_POINT ( 'NONE',  ( 7.447560187865064130, -3.000000000000000000, 2.193036953720469473 ) ) ;
#1535 = CARTESIAN_POINT ( 'NONE',  ( 7.534998097678949236, -3.000000000000000000, 1.633860058567119022 ) ) ;
#1536 = EDGE_LOOP ( 'NONE', ( #630, #2468, #5950, #3118 ) ) ;
#1537 = B_SPLINE_CURVE_WITH_KNOTS ( 'NONE', 3,
 ( #4389, #3429, #7278, #1281 ),
 .UNSPECIFIED., .F., .F.,
 ( 4, 4 ),
 ( 15.00000000000000000, 16.00000000000000000 ),
 .UNSPECIFIED. ) ;
#1538 = CARTESIAN_POINT ( 'NONE',  ( 6.555906371596618598, -3.010000000000000231, 2.311094506107202573 ) ) ;
#1539 = EDGE_LOOP ( 'NONE', ( #2534, #5099, #5046, #2435 ) ) ;
#1540 = ORIENTED_EDGE ( 'NONE', *, *, #7869, .F. ) ;
#1541 = FACE_OUTER_BOUND ( 'NONE', #9630, .T. ) ;
#1542 = ORIENTED_EDGE ( 'NONE', *, *, #6354, .T. ) ;
#1543 = DIRECTION ( 'NONE',  ( 0.3493954794691318533, 0.000000000000000000, -0.9369753459544895025 ) ) ;
#1544 = ORIENTED_EDGE ( 'NONE', *, *, #3625, .T. ) ;
#1545 = EDGE_CURVE ( 'NONE', #8849, #2190, #1940, .T. ) ;
#1546 = CARTESIAN_POINT ( 'NONE',  ( 2.585000000000002185, 1.855000000000000204, -4.099999999999999645 ) ) ;
#1547 = CARTESIAN_POINT ( 'NONE',  ( 7.092568823680665879, -3.010000000000000231, 2.105435302502622896 ) ) ;
#1548 = SURFACE_STYLE_USAGE ( .BOTH. , #3133 ) ;
#1549 = CARTESIAN_POINT ( 'NONE',  ( 4.765813472607303147, -3.000000000000000000, 2.217895491935343966 ) ) ;
#1550 = CARTESIAN_POINT ( 'NONE',  ( 6.555906371596618598, -3.000000000000000000, 2.259515963801552729 ) ) ;
#1551 = MECHANICAL_DESIGN_GEOMETRIC_PRESENTATION_REPRESENTATION (  '', ( #5832 ), #6469 ) ;
#1552 = CARTESIAN_POINT ( 'NONE',  ( 7.676716282965974969, -3.000000000000000000, 1.667263305011618790 ) ) ;
#1553 = DIRECTION ( 'NONE',  ( -1.000000000000000000, 0.000000000000000000, 0.000000000000000000 ) ) ;
#1554 = FACE_OUTER_BOUND ( 'NONE', #8108, .T. ) ;
#1555 = B_SPLINE_SURFACE_WITH_KNOTS ( 'NONE', 3, 1, ( 
 ( #2327, #4593 ),
 ( #1435, #3682 ),
 ( #2237, #7578 ),
 ( #743, #7433 ) ),
 .UNSPECIFIED., .F., .F., .F.,
 ( 4, 4 ),
 ( 2, 2 ),
 ( 5.000000000000000000, 6.000000000000000000 ),
 ( 0.000000000000000000, 1.000000000000000000 ),
 .UNSPECIFIED. ) ;
#1556 =( NAMED_UNIT ( * ) PLANE_ANGLE_UNIT ( ) SI_UNIT ( $, .RADIAN. ) );
#1557 = EDGE_CURVE ( 'NONE', #2515, #3171, #2491, .T. ) ;
#1558 = CARTESIAN_POINT ( 'NONE',  ( 6.826734654051733742, -3.000000000000000000, 1.738163333006109701 ) ) ;
#1559 = VECTOR ( 'NONE', #6417, 1000.000000000000000 ) ;
#1560 = DIRECTION ( 'NONE',  ( -0.000000000000000000, 0.000000000000000000, 1.000000000000000000 ) ) ;
#1561 = VERTEX_POINT ( 'NONE', #6302 ) ;
#1562 = CARTESIAN_POINT ( 'NONE',  ( 7.015692234434061092, -3.010000000000000231, 2.286369554081201017 ) ) ;
#1563 = VERTEX_POINT ( 'NONE', #3286 ) ;
#1564 = CARTESIAN_POINT ( 'NONE',  ( 7.513793585842387657, -3.010000000000000231, 2.384778137973367684 ) ) ;
#1565 = CARTESIAN_POINT ( 'NONE',  ( 7.817861373336972619, -3.010000000000000231, 1.597345725443044095 ) ) ;
#1566 = CARTESIAN_POINT ( 'NONE',  ( 7.519770147093407076, -3.010000000000000231, 2.362345565604948572 ) ) ;
#1567 = PRESENTATION_LAYER_ASSIGNMENT (  '', '', ( #8070 ) ) ;
#1568 = CARTESIAN_POINT ( 'NONE',  ( -5.534999999999998366, 1.855000000000000204, -4.099999999999999645 ) ) ;
#1569 = ORIENTED_EDGE ( 'NONE', *, *, #1891, .T. ) ;
#1570 = ORIENTED_EDGE ( 'NONE', *, *, #2037, .F. ) ;
#1571 = DIRECTION ( 'NONE',  ( 0.000000000000000000, 0.000000000000000000, -1.000000000000000000 ) ) ;
#1572 = CARTESIAN_POINT ( 'NONE',  ( -5.034999999999997478, 1.604999999999999982, 0.5000000000000000000 ) ) ;
#1573 = VECTOR ( 'NONE', #112, 1000.000000000000000 ) ;
#1574 = UNCERTAINTY_MEASURE_WITH_UNIT (LENGTH_MEASURE( 1.000000000000000082E-05 ), #4034, 'distance_accuracy_value', 'NONE');
#1575 = LINE ( 'NONE', #6929, #9711 ) ;
#1576 = CARTESIAN_POINT ( 'NONE',  ( 5.055010880661979122, -3.000000000000000000, 1.903649587121335918 ) ) ;
#1577 = DIRECTION ( 'NONE',  ( 0.000000000000000000, 0.000000000000000000, -1.000000000000000000 ) ) ;
#1578 = CARTESIAN_POINT ( 'NONE',  ( 7.180416087004449111, -3.010000000000000231, 2.141949635626687165 ) ) ;
#1579 = CARTESIAN_POINT ( 'NONE',  ( 5.150650950922908144, -3.000000000000000000, 1.760189329712459338 ) ) ;
#1580 = VECTOR ( 'NONE', #5338, 1000.000000000000000 ) ;
#1581 = ORIENTED_EDGE ( 'NONE', *, *, #6263, .T. ) ;
#1582 = DIRECTION ( 'NONE',  ( 0.3658589216693949320, 0.000000000000000000, -0.9306703226357374570 ) ) ;
#1583 = CARTESIAN_POINT ( 'NONE',  ( 5.125000000000002665, 1.604999999999999982, -4.099999999999999645 ) ) ;
#1584 = ORIENTED_EDGE ( 'NONE', *, *, #8396, .T. ) ;
#1585 = EDGE_CURVE ( 'NONE', #7888, #8703, #2596, .T. ) ;
#1586 = EDGE_CURVE ( 'NONE', #9164, #6502, #8638, .T. ) ;
#1587 = CARTESIAN_POINT ( 'NONE',  ( 6.555906371596618598, -3.010000000000000231, 2.259515963801552729 ) ) ;
#1588 = VECTOR ( 'NONE', #2536, 1000.000000000000000 ) ;
#1589 = ORIENTED_EDGE ( 'NONE', *, *, #8111, .F. ) ;
#1590 = EDGE_LOOP ( 'NONE', ( #5831, #423, #3724, #349 ) ) ;
#1591 = B_SPLINE_CURVE_WITH_KNOTS ( 'NONE', 3,
 ( #1937, #4813, #1008, #7059 ),
 .UNSPECIFIED., .F., .F.,
 ( 4, 4 ),
 ( 8.000000000000000000, 9.000000000000000000 ),
 .UNSPECIFIED. ) ;
#1592 = CARTESIAN_POINT ( 'NONE',  ( 7.911603327211961911, -3.010000000000000231, 1.859495713476382983 ) ) ;
#1593 = ORIENTED_EDGE ( 'NONE', *, *, #2669, .T. ) ;
#1594 = CARTESIAN_POINT ( 'NONE',  ( 6.728244199458688790, -3.000000000000000000, 1.742748092323485265 ) ) ;
#1595 = ORIENTED_EDGE ( 'NONE', *, *, #5075, .T. ) ;
#1596 = FACE_OUTER_BOUND ( 'NONE', #3810, .T. ) ;
#1597 = CARTESIAN_POINT ( 'NONE',  ( 5.685780104726330997, -3.010000000000000231, 1.596234948368240092 ) ) ;
#1598 = CARTESIAN_POINT ( 'NONE',  ( 6.111606178378534260, -3.000000000000000000, 1.915035269440425347 ) ) ;
#1600 = ORIENTED_EDGE ( 'NONE', *, *, #1184, .T. ) ;
#1599 = AXIS2_PLACEMENT_3D ( 'NONE', #2409, #3152, #4869 ) ;
#1601 = DIRECTION ( 'NONE',  ( -0.000000000000000000, 1.000000000000000000, -0.000000000000000000 ) ) ;
#1602 = VECTOR ( 'NONE', #880, 1000.000000000000000 ) ;
#1603 = EDGE_CURVE ( 'NONE', #9710, #6648, #7852, .T. ) ;
#1604 = DIRECTION ( 'NONE',  ( 1.000000000000000000, 0.000000000000000000, -0.000000000000000000 ) ) ;
#1605 = CARTESIAN_POINT ( 'NONE',  ( 7.706107865009146352, -3.010000000000000231, 1.875214888275975378 ) ) ;
#1606 = VECTOR ( 'NONE', #260, 1000.000000000000000 ) ;
#1607 = VECTOR ( 'NONE', #988, 1000.000000000000000 ) ;
#1608 = ORIENTED_EDGE ( 'NONE', *, *, #1557, .F. ) ;
#1609 = DIRECTION ( 'NONE',  ( -0.000000000000000000, -0.000000000000000000, -1.000000000000000000 ) ) ;
#1610 = CARTESIAN_POINT ( 'NONE',  ( 7.519770147093407076, -3.010000000000000231, 2.362345565604948572 ) ) ;
#1611 = CARTESIAN_POINT ( 'NONE',  ( 6.685671434381626810, -3.000000000000000000, 1.831332191965078904 ) ) ;
#1612 = B_SPLINE_CURVE_WITH_KNOTS ( 'NONE', 3,
 ( #8993, #3764, #726, #7665 ),
 .UNSPECIFIED., .F., .F.,
 ( 4, 4 ),
 ( 2.000000000000000000, 3.000000000000000000 ),
 .UNSPECIFIED. ) ;
#1613 = CARTESIAN_POINT ( 'NONE',  ( 6.747647555849503931, -3.010000000000000231, 2.393783915199771961 ) ) ;
#1614 = CARTESIAN_POINT ( 'NONE',  ( 5.380642619812027405, -3.010000000000000231, 1.680489336311168369 ) ) ;
#1615 = AXIS2_PLACEMENT_3D ( 'NONE', #7220, #2771, #7977 ) ;
#1616 =( GEOMETRIC_REPRESENTATION_CONTEXT ( 3 ) GLOBAL_UNCERTAINTY_ASSIGNED_CONTEXT ( ( #8877 ) ) GLOBAL_UNIT_ASSIGNED_CONTEXT ( ( #779, #8130, #8177 ) ) REPRESENTATION_CONTEXT ( 'NONE', 'WORKASPACE' ) );
#1617 = EDGE_CURVE ( 'NONE', #7648, #4956, #9221, .T. ) ;
#1618 = DIRECTION ( 'NONE',  ( -0.000000000000000000, -0.000000000000000000, 1.000000000000000000 ) ) ;
#1619 = ORIENTED_EDGE ( 'NONE', *, *, #1857, .F. ) ;
#1620 = DIRECTION ( 'NONE',  ( -0.000000000000000000, 1.000000000000000000, -0.000000000000000000 ) ) ;
#1621 = VERTEX_POINT ( 'NONE', #644 ) ;
#1622 = LINE ( 'NONE', #4679, #1417 ) ;
#1623 = CARTESIAN_POINT ( 'NONE',  ( 6.901155122235682171, -3.000000000000000000, 2.141949635626684056 ) ) ;
#1624 = VECTOR ( 'NONE', #1097, 1000.000000000000000 ) ;
#1625 = CIRCLE ( 'NONE', #3852, 0.2000000000000005107 ) ;
#1626 = LINE ( 'NONE', #125, #7615 ) ;
#1627 = DIRECTION ( 'NONE',  ( 1.000000000000000000, -0.000000000000000000, -0.000000000000000000 ) ) ;
#1628 = ORIENTED_EDGE ( 'NONE', *, *, #6339, .F. ) ;
#1629 = VERTEX_POINT ( 'NONE', #8040 ) ;
#1630 = DIRECTION ( 'NONE',  ( -1.000000000000000000, 0.000000000000000000, -0.000000000000000000 ) ) ;
#1631 = B_SPLINE_CURVE_WITH_KNOTS ( 'NONE', 3,
 ( #1143, #592, #490, #3617 ),
 .UNSPECIFIED., .F., .F.,
 ( 4, 4 ),
 ( 9.000000000000000000, 10.00000000000000000 ),
 .UNSPECIFIED. ) ;
#1632 = DIRECTION ( 'NONE',  ( -1.000000000000000000, 0.000000000000000000, -0.000000000000000000 ) ) ;
#1633 = EDGE_CURVE ( 'NONE', #4743, #3637, #6548, .T. ) ;
#1634 = CARTESIAN_POINT ( 'NONE',  ( 6.109329067973924943, -3.000000000000000000, 2.051663891604856182 ) ) ;
#1635 = CARTESIAN_POINT ( 'NONE',  ( 5.061842342172936604, -3.000000000000000000, 2.324921331382652667 ) ) ;
#1636 = EDGE_CURVE ( 'NONE', #2335, #7646, #8271, .T. ) ;
#1637 = CARTESIAN_POINT ( 'NONE',  ( 5.102830894076442192, -3.000000000000000000, 1.760189329712459338 ) ) ;
#1638 = CARTESIAN_POINT ( 'NONE',  ( -8.053738883706529350, -2.979999999999999982, 2.308970715352191228 ) ) ;
#1639 = CARTESIAN_POINT ( 'NONE',  ( 5.198471007770466557, -3.000000000000000000, 1.760189329712459338 ) ) ;
#1640 = ORIENTED_EDGE ( 'NONE', *, *, #8701, .F. ) ;
#1641 = COLOUR_RGB ( '',0.2980392156862745057, 0.2980392156862745057, 0.2980392156862745057 ) ;
#1642 = CARTESIAN_POINT ( 'NONE',  ( 7.015692234434061092, -3.010000000000000231, 2.249691479553174833 ) ) ;
#1643 = EDGE_LOOP ( 'NONE', ( #3648, #9092, #5464, #4395 ) ) ;
#1644 = CARTESIAN_POINT ( 'NONE',  ( 4.970756536153250416, -3.010000000000000231, 1.839889540281443692 ) ) ;
#1645 = ORIENTED_EDGE ( 'NONE', *, *, #5065, .F. ) ;
#1646 = ORIENTED_EDGE ( 'NONE', *, *, #3888, .T. ) ;
#1647 =( GEOMETRIC_REPRESENTATION_CONTEXT ( 3 ) GLOBAL_UNCERTAINTY_ASSIGNED_CONTEXT ( ( #1943 ) ) GLOBAL_UNIT_ASSIGNED_CONTEXT ( ( #7160, #4949, #370 ) ) REPRESENTATION_CONTEXT ( 'NONE', 'WORKASPACE' ) );
#1648 = CARTESIAN_POINT ( 'NONE',  ( 7.913322611953525154, -3.010000000000000231, 1.867027818067175104 ) ) ;
#1649 = B_SPLINE_SURFACE_WITH_KNOTS ( 'NONE', 3, 1, ( 
 ( #645, #837 ),
 ( #3884, #6883 ),
 ( #8965, #5164 ),
 ( #6689, #2283 ) ),
 .UNSPECIFIED., .F., .F., .F.,
 ( 4, 4 ),
 ( 2, 2 ),
 ( 18.00000000000000000, 19.00000000000000000 ),
 ( 0.000000000000000000, 1.000000000000000000 ),
 .UNSPECIFIED. ) ;
#1650 = ORIENTED_EDGE ( 'NONE', *, *, #6505, .T. ) ;
#1651 = ORIENTED_EDGE ( 'NONE', *, *, #7859, .T. ) ;
#1652 = FILL_AREA_STYLE ('',( #63 ) ) ;
#1653 = VECTOR ( 'NONE', #8790, 1000.000000000000000 ) ;
#1654 = CARTESIAN_POINT ( 'NONE',  ( 6.538877265565354868, -3.010000000000000231, 1.880782096017082461 ) ) ;
#1655 = LINE ( 'NONE', #5434, #7117 ) ;
#1656 = ORIENTED_EDGE ( 'NONE', *, *, #8820, .T. ) ;
#1657 = VECTOR ( 'NONE', #1037, 1000.000000000000000 ) ;
#1658 = FILL_AREA_STYLE ('',( #114 ) ) ;
#1659 = CARTESIAN_POINT ( 'NONE',  ( 6.831565025473940622, -3.010000000000000231, 1.800876290793994583 ) ) ;
#1660 = EDGE_CURVE ( 'NONE', #25, #1211, #2029, .T. ) ;
#1661 = EDGE_CURVE ( 'NONE', #2167, #2688, #1998, .T. ) ;
#1662 = FACE_OUTER_BOUND ( 'NONE', #690, .T. ) ;
#1663 = FACE_OUTER_BOUND ( 'NONE', #6025, .T. ) ;
#1664 = CARTESIAN_POINT ( 'NONE',  ( -9.624999999999998224, 2.799999999999999378, 0.000000000000000000 ) ) ;
#1665 = ORIENTED_EDGE ( 'NONE', *, *, #7136, .F. ) ;
#1666 = CARTESIAN_POINT ( 'NONE',  ( 6.617309398150648114, -3.000000000000000000, 1.598000691058870215 ) ) ;
#1667 = CARTESIAN_POINT ( 'NONE',  ( 5.820131616487237203, -3.010000000000000231, 1.596234948368240092 ) ) ;
#1668 =( NAMED_UNIT ( * ) PLANE_ANGLE_UNIT ( ) SI_UNIT ( $, .RADIAN. ) );
#1669 = LINE ( 'NONE', #2314, #8788 ) ;
#1670 = CARTESIAN_POINT ( 'NONE',  ( 6.822968601756339346, -3.000000000000000000, 1.750280196912090691 ) ) ;
#1671 = EDGE_CURVE ( 'NONE', #3259, #9138, #3430, .T. ) ;
#1672 = DIRECTION ( 'NONE',  ( 0.000000000000000000, 0.000000000000000000, 1.000000000000000000 ) ) ;
#1673 = EDGE_LOOP ( 'NONE', ( #8651, #5956, #3410, #3305 ) ) ;
#1674 = ORIENTED_EDGE ( 'NONE', *, *, #7078, .F. ) ;
#1675 = ORIENTED_EDGE ( 'NONE', *, *, #506, .F. ) ;
#1676 = CARTESIAN_POINT ( 'NONE',  ( 6.859810417689404360, -3.010000000000000231, 2.105435302502615791 ) ) ;
#1677 = FILL_AREA_STYLE_COLOUR ( '', #1948 ) ;
#1678 = CARTESIAN_POINT ( 'NONE',  ( 6.415252505436413344, -3.000000000000000000, 1.741601902493589149 ) ) ;
#1679 = UNCERTAINTY_MEASURE_WITH_UNIT (LENGTH_MEASURE( 1.000000000000000082E-05 ), #4347, 'distance_accuracy_value', 'NONE');
#1680 = DIRECTION ( 'NONE',  ( 1.000000000000000000, -0.000000000000000000, -0.000000000000000000 ) ) ;
#1681 = LINE ( 'NONE', #1868, #5920 ) ;
#1682 = CARTESIAN_POINT ( 'NONE',  ( 6.604210085819834930, -3.010000000000000231, 1.609953813560887737 ) ) ;
#1683 = CARTESIAN_POINT ( 'NONE',  ( 5.150650950922908144, -3.010000000000000231, 1.760189329712459338 ) ) ;
#1684 = EDGE_CURVE ( 'NONE', #8472, #4049, #836, .T. ) ;
#1685 = VERTEX_POINT ( 'NONE', #7681 ) ;
#1686 = ORIENTED_EDGE ( 'NONE', *, *, #469, .F. ) ;
#1687 = CARTESIAN_POINT ( 'NONE',  ( 6.667496138521578075, -3.000000000000000000, 1.624854281338506512 ) ) ;
#1688 = EDGE_CURVE ( 'NONE', #5813, #4719, #2424, .T. ) ;
#1689 = ADVANCED_FACE ( 'NONE', ( #1129 ), #6392, .F. ) ;
#1690 = LINE ( 'NONE', #3330, #1152 ) ;
#1691 = ORIENTED_EDGE ( 'NONE', *, *, #2460, .T. ) ;
#1692 = DIRECTION ( 'NONE',  ( 0.3493954794691319088, -0.000000000000000000, -0.9369753459544895025 ) ) ;
#1693 = VERTEX_POINT ( 'NONE', #6976 ) ;
#1694 = CARTESIAN_POINT ( 'NONE',  ( 7.180661699110388874, -3.000000000000000000, 2.105435302502622896 ) ) ;
#1695 = ORIENTED_EDGE ( 'NONE', *, *, #9246, .T. ) ;
#1696 = CARTESIAN_POINT ( 'NONE',  ( 6.643016798601497186, -3.000000000000000000, 1.697719206182685792 ) ) ;
#1697 = DIRECTION ( 'NONE',  ( -0.000000000000000000, -0.000000000000000000, 1.000000000000000000 ) ) ;
#1698 = LINE ( 'NONE', #2544, #3365 ) ;
#1699 = DIRECTION ( 'NONE',  ( -0.8631877589411993679, 0.000000000000000000, -0.5048830486499522596 ) ) ;
#1700 = SURFACE_STYLE_FILL_AREA ( #8494 ) ;
#1701 = B_SPLINE_CURVE_WITH_KNOTS ( 'NONE', 3,
 ( #8428, #1637, #6930, #8569, #137, #249, #6337 ),
 .UNSPECIFIED., .F., .F.,
 ( 4, 3, 4 ),
 ( 2.000000000000000000, 3.000000000000000000, 4.000000000000000000 ),
 .UNSPECIFIED. ) ;
#1702 = CARTESIAN_POINT ( 'NONE',  ( 5.703997161691265028, -3.000000000000000000, 1.735140767804566053 ) ) ;
#1703 = CARTESIAN_POINT ( 'NONE',  ( 5.972700358944387666, -3.010000000000000231, 1.639500740975647464 ) ) ;
#1704 = FILL_AREA_STYLE_COLOUR ( '', #1641 ) ;
#1705 = CARTESIAN_POINT ( 'NONE',  ( 7.272848109643426540, -3.000000000000000000, 2.411631728253007534 ) ) ;
#1706 = CARTESIAN_POINT ( 'NONE',  ( 7.015692234434061092, -3.000000000000000000, 2.286369554081201017 ) ) ;
#1707 = CARTESIAN_POINT ( 'NONE',  ( 7.754411579233464025, -3.010000000000000231, 1.761578353798287200 ) ) ;
#1708 = EDGE_LOOP ( 'NONE', ( #2811, #6402, #2863, #6202 ) ) ;
#1709 = CARTESIAN_POINT ( 'NONE',  ( 6.634911599096860790, -3.010000000000000231, 1.591942259105878055 ) ) ;
#1710 = ORIENTED_EDGE ( 'NONE', *, *, #9430, .F. ) ;
#1711 = ADVANCED_FACE ( 'NONE', ( #7125 ), #4184, .F. ) ;
#1712 = DIRECTION ( 'NONE',  ( -1.000000000000000000, -0.000000000000000000, -0.000000000000000000 ) ) ;
#1713 = EDGE_CURVE ( 'NONE', #3586, #4558, #3373, .T. ) ;
#1714 =( LENGTH_UNIT ( ) NAMED_UNIT ( * ) SI_UNIT ( .MILLI., .METRE. ) );
#1715 = LINE ( 'NONE', #1623, #2616 ) ;
#1716 = CARTESIAN_POINT ( 'NONE',  ( 5.380642619812027405, -3.010000000000000231, 1.673657918232209330 ) ) ;
#1717 = CARTESIAN_POINT ( 'NONE',  ( 6.843190665168046749, -3.000000000000000000, 1.632058903121383686 ) ) ;
#1718 = ORIENTED_EDGE ( 'NONE', *, *, #1724, .T. ) ;
#1719 = ORIENTED_EDGE ( 'NONE', *, *, #4063, .F. ) ;
#1720 = LINE ( 'NONE', #8421, #502 ) ;
#1721 = CARTESIAN_POINT ( 'NONE',  ( -5.534999999999998366, 1.604999999999999982, -4.099999999999999645 ) ) ;
#1722 = CARTESIAN_POINT ( 'NONE',  ( 7.353327009780375789, -3.010000000000000231, 2.269667930860042926 ) ) ;
#1723 =( NAMED_UNIT ( * ) SI_UNIT ( $, .STERADIAN. ) SOLID_ANGLE_UNIT ( ) );
#1724 = EDGE_CURVE ( 'NONE', #4493, #7944, #6192, .T. ) ;
#1725 = CARTESIAN_POINT ( 'NONE',  ( 7.024779882364643235, -3.010000000000000231, 2.425713489008659351 ) ) ;
#1726 = CARTESIAN_POINT ( 'NONE',  ( 7.665000000000001812, 1.604999999999999982, -4.099999999999999645 ) ) ;
#1727 = ORIENTED_EDGE ( 'NONE', *, *, #1141, .T. ) ;
#1728 = LINE ( 'NONE', #784, #8410 ) ;
#1729 = EDGE_LOOP ( 'NONE', ( #1385, #2340, #3774, #5752 ) ) ;
#1730 = CARTESIAN_POINT ( 'NONE',  ( 7.092568823680665879, -3.010000000000000231, 2.105435302502622896 ) ) ;
#1731 = LINE ( 'NONE', #7843, #2895 ) ;
#1732 = EDGE_LOOP ( 'NONE', ( #3180, #8128, #465, #6618 ) ) ;
#1733 = EDGE_CURVE ( 'NONE', #2335, #1830, #6247, .T. ) ;
#1734 = CARTESIAN_POINT ( 'NONE',  ( 4.938876512732214508, -3.010000000000000231, 1.753357998501903214 ) ) ;
#1735 = ORIENTED_EDGE ( 'NONE', *, *, #2082, .T. ) ;
#1736 = VERTEX_POINT ( 'NONE', #2476 ) ;
#1737 = LINE ( 'NONE', #1834, #5088 ) ;
#1738 = EDGE_LOOP ( 'NONE', ( #5777, #9636, #1895, #3466 ) ) ;
#1739 = EDGE_CURVE ( 'NONE', #9435, #9600, #7728, .T. ) ;
#1740 = EDGE_CURVE ( 'NONE', #2203, #3229, #9729, .T. ) ;
#1741 = SURFACE_SIDE_STYLE ('',( #2442 ) ) ;
#1742 = DIRECTION ( 'NONE',  ( -0.000000000000000000, 1.000000000000000000, -0.000000000000000000 ) ) ;
#1743 = CARTESIAN_POINT ( 'NONE',  ( 5.029962318751897143, -3.010000000000000231, 2.190569884771403686 ) ) ;
#1744 = CARTESIAN_POINT ( 'NONE',  ( 7.275631713515077870, -3.000000000000000000, 2.175352882071195815 ) ) ;
#1745 = SURFACE_STYLE_FILL_AREA ( #3244 ) ;
#1746 = VECTOR ( 'NONE', #4293, 1000.000000000000000 ) ;
#1747 = CARTESIAN_POINT ( 'NONE',  ( 6.873073471424190117, -3.000000000000000000, 1.746677886022836912 ) ) ;
#1748 = EDGE_CURVE ( 'NONE', #8375, #1999, #931, .T. ) ;
#1749 = ORIENTED_EDGE ( 'NONE', *, *, #7625, .F. ) ;
#1750 = CARTESIAN_POINT ( 'NONE',  ( 5.380642619812027405, -3.000000000000000000, 1.673657918232209330 ) ) ;
#1751 =( GEOMETRIC_REPRESENTATION_CONTEXT ( 3 ) GLOBAL_UNCERTAINTY_ASSIGNED_CONTEXT ( ( #1346 ) ) GLOBAL_UNIT_ASSIGNED_CONTEXT ( ( #5461, #1079, #7879 ) ) REPRESENTATION_CONTEXT ( 'NONE', 'WORKASPACE' ) );
#1752 = DIRECTION ( 'NONE',  ( 0.000000000000000000, 1.000000000000000000, 0.000000000000000000 ) ) ;
#1753 = DIRECTION ( 'NONE',  ( 0.3667976789509078128, -0.000000000000000000, 0.9303007377811901568 ) ) ;
#1754 = FILL_AREA_STYLE_COLOUR ( '', #3566 ) ;
#1755 = VECTOR ( 'NONE', #540, 1000.000000000000000 ) ;
#1756 = DIRECTION ( 'NONE',  ( -0.000000000000000000, 1.000000000000000000, -0.000000000000000000 ) ) ;
#1757 = LINE ( 'NONE', #9343, #6384 ) ;
#1758 = VERTEX_POINT ( 'NONE', #3274 ) ;
#1759 = LINE ( 'NONE', #7066, #8366 ) ;
#1760 = ORIENTED_EDGE ( 'NONE', *, *, #9093, .F. ) ;
#1761 = MECHANICAL_DESIGN_GEOMETRIC_PRESENTATION_REPRESENTATION (  '', ( #7453 ), #3188 ) ;
#1762 = CARTESIAN_POINT ( 'NONE',  ( 6.719811517145025448, -3.010000000000000231, 2.431116955345815178 ) ) ;
#1763 = CARTESIAN_POINT ( 'NONE',  ( 7.217667256446336665, -3.000000000000000000, 1.826092467031883215 ) ) ;
#1764 = PRESENTATION_STYLE_ASSIGNMENT (( #8655 ) ) ;
#1765 = CARTESIAN_POINT ( 'NONE',  ( 7.309853666981539710, -3.010000000000000231, 2.268521741030156580 ) ) ;
#1766 = PRESENTATION_LAYER_ASSIGNMENT (  '', '', ( #8577 ) ) ;
#1767 = CARTESIAN_POINT ( 'NONE',  ( 7.176076939795203558, -3.010000000000000231, 1.826092467031883215 ) ) ;
#1768 = EDGE_CURVE ( 'NONE', #1443, #8660, #1681, .T. ) ;
#1769 = DIRECTION ( 'NONE',  ( -0.000000000000000000, 1.000000000000000000, -0.000000000000000000 ) ) ;
#1770 = SURFACE_SIDE_STYLE ('',( #3267 ) ) ;
#1771 = CARTESIAN_POINT ( 'NONE',  ( 7.706107865009146352, -3.000000000000000000, 1.875214888275975378 ) ) ;
#1772 = CARTESIAN_POINT ( 'NONE',  ( 5.080059486004070202, -3.010000000000000231, 2.322644177546035582 ) ) ;
#1773 = VECTOR ( 'NONE', #5044, 1000.000000000000000 ) ;
#1774 = VECTOR ( 'NONE', #605, 1000.000000000000000 ) ;
#1775 = DIRECTION ( 'NONE',  ( -0.000000000000000000, -0.000000000000000000, 1.000000000000000000 ) ) ;
#1776 = DIRECTION ( 'NONE',  ( -0.000000000000000000, 1.000000000000000000, -0.000000000000000000 ) ) ;
#1777 = LINE ( 'NONE', #5645, #3412 ) ;
#1778 = CARTESIAN_POINT ( 'NONE',  ( 5.200748118173984302, -3.000000000000000000, 1.582571938480119567 ) ) ;
#1779 = ORIENTED_EDGE ( 'NONE', *, *, #2168, .F. ) ;
#1780 = EDGE_CURVE ( 'NONE', #8534, #1790, #3912, .T. ) ;
#1781 = CARTESIAN_POINT ( 'NONE',  ( 6.888710775520707763, -3.000000000000000000, 1.624690539934555256 ) ) ;
#1782 = VECTOR ( 'NONE', #6212, 1000.000000000000000 ) ;
#1783 = EDGE_CURVE ( 'NONE', #2551, #8949, #4783, .T. ) ;
#1784 = VECTOR ( 'NONE', #615, 1000.000000000000000 ) ;
#1785 = ORIENTED_EDGE ( 'NONE', *, *, #4851, .F. ) ;
#1786 = CARTESIAN_POINT ( 'NONE',  ( 7.032230116253447960, -3.000000000000000000, 1.489603881514363959 ) ) ;
#1787 = ORIENTED_EDGE ( 'NONE', *, *, #1015, .T. ) ;
#1788 = ORIENTED_EDGE ( 'NONE', *, *, #459, .T. ) ;
#1789 = FACE_OUTER_BOUND ( 'NONE', #1882, .T. ) ;
#1790 = VERTEX_POINT ( 'NONE', #3978 ) ;
#1791 = CARTESIAN_POINT ( 'NONE',  ( 6.015966064683417436, -3.000000000000000000, 2.172352610640972514 ) ) ;
#1792 = CARTESIAN_POINT ( 'NONE',  ( 7.581746268563485991, -3.010000000000000231, 1.597345725443044095 ) ) ;
#1793 = EDGE_CURVE ( 'NONE', #797, #8431, #6287, .T. ) ;
#1794 = CARTESIAN_POINT ( 'NONE',  ( 7.754411579233464025, -3.010000000000000231, 1.809063361000619707 ) ) ;
#1795 = FACE_OUTER_BOUND ( 'NONE', #55, .T. ) ;
#1796 = VECTOR ( 'NONE', #5504, 1000.000000000000000 ) ;
#1797 = SURFACE_STYLE_USAGE ( .BOTH. , #5573 ) ;
#1798 = LINE ( 'NONE', #9290, #8229 ) ;
#1799 = B_SPLINE_CURVE_WITH_KNOTS ( 'NONE', 3,
 ( #553, #7240, #2740, #7334 ),
 .UNSPECIFIED., .F., .F.,
 ( 4, 4 ),
 ( 1.000000000000000000, 2.000000000000000000 ),
 .UNSPECIFIED. ) ;
#1800 = ORIENTED_EDGE ( 'NONE', *, *, #7259, .F. ) ;
#1801 = FILL_AREA_STYLE_COLOUR ( '', #5746 ) ;
#1802 = FACE_OUTER_BOUND ( 'NONE', #9648, .T. ) ;
#1803 = PRESENTATION_LAYER_ASSIGNMENT (  '', '', ( #545 ) ) ;
#1804 = EDGE_CURVE ( 'NONE', #5534, #5473, #8621, .T. ) ;
#1805 = CARTESIAN_POINT ( 'NONE',  ( 7.969240301470609467, -3.010000000000000231, 1.721134226974865067 ) ) ;
#1806 = CARTESIAN_POINT ( 'NONE',  ( 7.581500656455360421, -3.000000000000000000, 1.633860058567119022 ) ) ;
#1807 = VERTEX_POINT ( 'NONE', #248 ) ;
#1808 = ADVANCED_FACE ( 'NONE', ( #7836 ), #4088, .F. ) ;
#1809 = EDGE_CURVE ( 'NONE', #2966, #3936, #6143, .T. ) ;
#1810 = DIRECTION ( 'NONE',  ( 0.000000000000000000, 0.000000000000000000, -1.000000000000000000 ) ) ;
#1811 = ORIENTED_EDGE ( 'NONE', *, *, #2602, .F. ) ;
#1812 = ORIENTED_EDGE ( 'NONE', *, *, #3168, .T. ) ;
#1813 = AXIS2_PLACEMENT_3D ( 'NONE', #9411, #1068, #1175 ) ;
#1814 = LINE ( 'NONE', #7913, #8861 ) ;
#1815 = SPHERICAL_SURFACE ( 'NONE', #1599, 0.2000000000000000111 ) ;
#1816 = LINE ( 'NONE', #6323, #7604 ) ;
#1817 = CARTESIAN_POINT ( 'NONE',  ( 6.655461145316478699, -3.010000000000000231, 2.381994534101711025 ) ) ;
#1818 = CARTESIAN_POINT ( 'NONE',  ( 6.629508132759701411, -3.000000000000000000, 1.789414392503848372 ) ) ;
#1819 = ORIENTED_EDGE ( 'NONE', *, *, #6575, .T. ) ;
#1820 = FACE_OUTER_BOUND ( 'NONE', #9185, .T. ) ;
#1821 = LINE ( 'NONE', #2421, #3390 ) ;
#1822 = SURFACE_SIDE_STYLE ('',( #4181 ) ) ;
#1823 = DIRECTION ( 'NONE',  ( -1.000000000000000000, 0.000000000000000000, -0.000000000000000000 ) ) ;
#1824 = CARTESIAN_POINT ( 'NONE',  ( 4.658787589726895106, -3.010000000000000231, 1.867215169159764487 ) ) ;
#1825 = CARTESIAN_POINT ( 'NONE',  ( 7.665000000000001812, 1.604999999999999982, 0.5000000000000000000 ) ) ;
#1826 = CARTESIAN_POINT ( 'NONE',  ( 6.667496138521578075, -3.000000000000000000, 1.624854281338506512 ) ) ;
#1827 = EDGE_LOOP ( 'NONE', ( #7930, #1947, #7561, #8154 ) ) ;
#1828 = CARTESIAN_POINT ( 'NONE',  ( 7.621535429768891312, -3.010000000000000231, 1.880782096017092897 ) ) ;
#1829 = CARTESIAN_POINT ( 'NONE',  ( 7.183936527193904631, -3.000000000000000000, 2.425713489008659351 ) ) ;
#1830 = VERTEX_POINT ( 'NONE', #9541 ) ;
#1831 = CARTESIAN_POINT ( 'NONE',  ( 7.909638430360106831, -3.000000000000000000, 1.854255988545373102 ) ) ;
#1832 = ORIENTED_EDGE ( 'NONE', *, *, #3918, .T. ) ;
#1833 = EDGE_CURVE ( 'NONE', #3423, #252, #5711, .T. ) ;
#1834 = CARTESIAN_POINT ( 'NONE',  ( 7.894164867668626684, -3.010000000000000231, 1.917623911949080551 ) ) ;
#1835 = B_SPLINE_CURVE_WITH_KNOTS ( 'NONE', 3,
 ( #8356, #1614, #871, #118 ),
 .UNSPECIFIED., .F., .F.,
 ( 4, 4 ),
 ( 11.00000000000000000, 12.00000000000000000 ),
 .UNSPECIFIED. ) ;
#1836 = VERTEX_POINT ( 'NONE', #4940 ) ;
#1837 = EDGE_CURVE ( 'NONE', #2635, #8176, #2834, .T. ) ;
#1838 =( NAMED_UNIT ( * ) PLANE_ANGLE_UNIT ( ) SI_UNIT ( $, .RADIAN. ) );
#1839 = CARTESIAN_POINT ( 'NONE',  ( 7.416776803886060421, -3.010000000000000231, 1.778279977021620439 ) ) ;
#1840 = LINE ( 'NONE', #4938, #678 ) ;
#1841 = CARTESIAN_POINT ( 'NONE',  ( 6.747647555849503931, -3.010000000000000231, 2.393783915199771961 ) ) ;
#1842 = SURFACE_SIDE_STYLE ('',( #8541 ) ) ;
#1843 = CARTESIAN_POINT ( 'NONE',  ( 7.581500656455360421, -3.010000000000000231, 1.633860058567119022 ) ) ;
#1844 = VERTEX_POINT ( 'NONE', #4209 ) ;
#1845 = DIRECTION ( 'NONE',  ( -1.000000000000000000, 0.000000000000000000, -0.000000000000000000 ) ) ;
#1846 = ORIENTED_EDGE ( 'NONE', *, *, #5209, .T. ) ;
#1847 = EDGE_CURVE ( 'NONE', #6648, #4246, #3537, .T. ) ;
#1848 = VERTEX_POINT ( 'NONE', #6598 ) ;
#1849 = DIRECTION ( 'NONE',  ( -0.000000000000000000, 1.000000000000000000, -0.000000000000000000 ) ) ;
#1850 = DIRECTION ( 'NONE',  ( -0.000000000000000000, 1.000000000000000000, -0.000000000000000000 ) ) ;
#1851 = CARTESIAN_POINT ( 'NONE',  ( 5.221242502709028344, -3.000000000000000000, 1.903649587121335918 ) ) ;
#1852 = ORIENTED_EDGE ( 'NONE', *, *, #5495, .F. ) ;
#1853 = CARTESIAN_POINT ( 'NONE',  ( 6.373907800890124875, -3.010000000000000231, 1.917623911949075222 ) ) ;
#1854 = ORIENTED_EDGE ( 'NONE', *, *, #2770, .F. ) ;
#1855 = ORIENTED_EDGE ( 'NONE', *, *, #2722, .F. ) ;
#1856 = FILL_AREA_STYLE_COLOUR ( '', #785 ) ;
#1857 = EDGE_CURVE ( 'NONE', #3690, #6364, #9335, .T. ) ;
#1858 = DIRECTION ( 'NONE',  ( 1.000000000000000000, 0.000000000000000000, -0.000000000000000000 ) ) ;
#1859 = CARTESIAN_POINT ( 'NONE',  ( 5.125000000000002665, 1.604999999999999982, -4.099999999999999645 ) ) ;
#1860 = EDGE_CURVE ( 'NONE', #376, #4240, #2748, .T. ) ;
#1861 = LINE ( 'NONE', #8020, #1280 ) ;
#1862 = B_SPLINE_SURFACE_WITH_KNOTS ( 'NONE', 3, 1, ( 
 ( #5239, #5926 ),
 ( #4416, #6574 ),
 ( #5877, #8944 ),
 ( #8897, #8112 ) ),
 .UNSPECIFIED., .F., .F., .F.,
 ( 4, 4 ),
 ( 2, 2 ),
 ( 1.000000000000000000, 2.000000000000000000 ),
 ( 0.000000000000000000, 1.000000000000000000 ),
 .UNSPECIFIED. ) ;
#1863 = CARTESIAN_POINT ( 'NONE',  ( -8.074999999999999289, 1.604999999999999982, -4.099999999999999645 ) ) ;
#1864 = VERTEX_POINT ( 'NONE', #7954 ) ;
#1865 = FACE_OUTER_BOUND ( 'NONE', #1369, .T. ) ;
#1866 = DIRECTION ( 'NONE',  ( 0.000000000000000000, 0.000000000000000000, -1.000000000000000000 ) ) ;
#1867 = CARTESIAN_POINT ( 'NONE',  ( 5.152928148193720581, -3.000000000000000000, 1.903649587121335918 ) ) ;
#1868 = CARTESIAN_POINT ( 'NONE',  ( 6.901155122235678618, -3.010000000000000231, 2.388871673076673474 ) ) ;
#1869 = CARTESIAN_POINT ( 'NONE',  ( 7.516577189711863838, -3.000000000000000000, 2.374134946703011284 ) ) ;
#1870 = DIRECTION ( 'NONE',  ( -1.000000000000000000, -0.000000000000000000, -0.000000000000000000 ) ) ;
#1871 = VECTOR ( 'NONE', #176, 1000.000000000000000 ) ;
#1872 = DIRECTION ( 'NONE',  ( -0.000000000000000000, 1.000000000000000000, -0.000000000000000000 ) ) ;
#1873 = ORIENTED_EDGE ( 'NONE', *, *, #5417, .F. ) ;
#1874 = VERTEX_POINT ( 'NONE', #8007 ) ;
#1875 = CARTESIAN_POINT ( 'NONE',  ( 6.876512040911660684, -3.010000000000000231, 1.790233099523641513 ) ) ;
#1876 = SURFACE_SIDE_STYLE ('',( #7327 ) ) ;
#1877 = SURFACE_SIDE_STYLE ('',( #8675 ) ) ;
#1878 = PLANE ( 'NONE',  #3545 ) ;
#1879 = VERTEX_POINT ( 'NONE', #1205 ) ;
#1880 = DIRECTION ( 'NONE',  ( 0.000000000000000000, 0.000000000000000000, -1.000000000000000000 ) ) ;
#1881 = ORIENTED_EDGE ( 'NONE', *, *, #7772, .T. ) ;
#1882 = EDGE_LOOP ( 'NONE', ( #5688, #2294, #5912, #5648 ) ) ;
#1883 = CARTESIAN_POINT ( 'NONE',  ( 6.681905382086232414, -3.010000000000000231, 1.798747652540360065 ) ) ;
#1884 = ORIENTED_EDGE ( 'NONE', *, *, #5383, .T. ) ;
#1885 = VECTOR ( 'NONE', #4292, 1000.000000000000000 ) ;
#1886 = FILL_AREA_STYLE_COLOUR ( '', #3038 ) ;
#1887 = CARTESIAN_POINT ( 'NONE',  ( -9.824999999999999289, 2.799999999999999378, 9.999999999999998224 ) ) ;
#1888 = LINE ( 'NONE', #8826, #652 ) ;
#1889 = DIRECTION ( 'NONE',  ( 0.8840949502478780975, 0.000000000000000000, 0.4673073067545617243 ) ) ;
#1890 = CARTESIAN_POINT ( 'NONE',  ( -9.624999999999998224, -2.799999999999999822, 9.999999999999998224 ) ) ;
#1891 = EDGE_CURVE ( 'NONE', #3747, #8584, #7246, .T. ) ;
#1892 = CARTESIAN_POINT ( 'NONE',  ( 6.768360843474201083, -3.010000000000000231, 1.597345725443038988 ) ) ;
#1893 = EDGE_CURVE ( 'NONE', #1517, #7961, #9698, .T. ) ;
#1894 = B_SPLINE_CURVE_WITH_KNOTS ( 'NONE', 3,
 ( #7048, #7093, #1791, #5660 ),
 .UNSPECIFIED., .F., .F.,
 ( 4, 4 ),
 ( 35.00000000000000000, 36.00000000000000000 ),
 .UNSPECIFIED. ) ;
#1895 = ORIENTED_EDGE ( 'NONE', *, *, #8228, .F. ) ;
#1896 = DIRECTION ( 'NONE',  ( -1.000000000000000000, 0.000000000000000000, 0.000000000000000000 ) ) ;
#1897 = EDGE_LOOP ( 'NONE', ( #3970, #3233, #1523, #3408 ) ) ;
#1898 = CARTESIAN_POINT ( 'NONE',  ( 7.274731135791117076, -3.010000000000000231, 2.358743254713512538 ) ) ;
#1899 = VERTEX_POINT ( 'NONE', #1052 ) ;
#1900 = PRODUCT_DEFINITION_FORMATION_WITH_SPECIFIED_SOURCE ( 'хн╨н', '', #2278, .NOT_KNOWN. ) ;
#1901 = ORIENTED_EDGE ( 'NONE', *, *, #1636, .T. ) ;
#1902 = DIRECTION ( 'NONE',  ( -1.000000000000000000, 0.000000000000000000, -0.000000000000000000 ) ) ;
#1903 = CARTESIAN_POINT ( 'NONE',  ( 6.635894047521696315, -3.010000000000000231, 1.690842067207737331 ) ) ;
#1904 = ADVANCED_FACE ( 'NONE', ( #3947 ), #6305, .F. ) ;
#1905 = EDGE_CURVE ( 'NONE', #2497, #443, #6610, .T. ) ;
#1906 = SURFACE_STYLE_USAGE ( .BOTH. , #1168 ) ;
#1907 = ORIENTED_EDGE ( 'NONE', *, *, #2319, .T. ) ;
#1908 = ORIENTED_EDGE ( 'NONE', *, *, #5429, .F. ) ;
#1909 = PLANE ( 'NONE',  #2539 ) ;
#1910 = VECTOR ( 'NONE', #6482, 1000.000000000000000 ) ;
#1911 = B_SPLINE_CURVE_WITH_KNOTS ( 'NONE', 3,
 ( #5123, #7949, #3534, #2831 ),
 .UNSPECIFIED., .F., .F.,
 ( 4, 4 ),
 ( 20.00000000000000000, 21.00000000000000000 ),
 .UNSPECIFIED. ) ;
#1912 = CARTESIAN_POINT ( 'NONE',  ( 4.802247803701580331, -3.010000000000000231, 1.869492409862588689 ) ) ;
#1913 = AXIS2_PLACEMENT_3D ( 'NONE', #6278, #7828, #4027 ) ;
#1914 = LINE ( 'NONE', #4273, #4483 ) ;
#1915 = ORIENTED_EDGE ( 'NONE', *, *, #6149, .T. ) ;
#1916 = DIRECTION ( 'NONE',  ( -0.000000000000000000, 1.000000000000000000, -0.000000000000000000 ) ) ;
#1917 = EDGE_CURVE ( 'NONE', #6037, #110, #3070, .T. ) ;
#1918 = VECTOR ( 'NONE', #7299, 1000.000000000000000 ) ;
#1919 = DIRECTION ( 'NONE',  ( 1.000000000000000000, -0.000000000000000000, -0.000000000000000000 ) ) ;
#1920 = AXIS2_PLACEMENT_3D ( 'NONE', #4101, #7798, #7744 ) ;
#1921 = AXIS2_PLACEMENT_3D ( 'NONE', #9770, #8960, #9009 ) ;
#1922 = CARTESIAN_POINT ( 'NONE',  ( 7.919299173206712616, -3.000000000000000000, 1.858677006456600500 ) ) ;
#1923 = VERTEX_POINT ( 'NONE', #219 ) ;
#1924 = ORIENTED_EDGE ( 'NONE', *, *, #3553, .F. ) ;
#1925 = LINE ( 'NONE', #8777, #7157 ) ;
#1926 = EDGE_CURVE ( 'NONE', #4885, #3528, #8688, .T. ) ;
#1927 =( LENGTH_UNIT ( ) NAMED_UNIT ( * ) SI_UNIT ( .MILLI., .METRE. ) );
#1928 = B_SPLINE_CURVE_WITH_KNOTS ( 'NONE', 3,
 ( #2926, #696, #5111, #5801 ),
 .UNSPECIFIED., .F., .F.,
 ( 4, 4 ),
 ( 9.000000000000000000, 10.00000000000000000 ),
 .UNSPECIFIED. ) ;
#1929 = LINE ( 'NONE', #8817, #1956 ) ;
#1930 = ADVANCED_FACE ( 'NONE', ( #5521 ), #6224, .F. ) ;
#1931 = COLOUR_RGB ( '',0.2980392156862745057, 0.2980392156862745057, 0.2980392156862745057 ) ;
#1932 = CARTESIAN_POINT ( 'NONE',  ( 7.251316114996774864, -3.010000000000000231, 2.378883447424333664 ) ) ;
#1933 = ORIENTED_EDGE ( 'NONE', *, *, #5456, .T. ) ;
#1934 = CARTESIAN_POINT ( 'NONE',  ( 5.150650950922908144, -3.010000000000000231, 1.582571938480119567 ) ) ;
#1935 = ORIENTED_EDGE ( 'NONE', *, *, #5456, .F. ) ;
#1936 = CARTESIAN_POINT ( 'NONE',  ( 7.107633032862255007, -3.010000000000000231, 1.635333731202734731 ) ) ;
#1937 = CARTESIAN_POINT ( 'NONE',  ( 6.584561117321979573, -3.000000000000000000, 1.658585010593108588 ) ) ;
#1938 = PRESENTATION_LAYER_ASSIGNMENT (  '', '', ( #6215 ) ) ;
#1939 = SURFACE_SIDE_STYLE ('',( #1240 ) ) ;
#1940 = LINE ( 'NONE', #4989, #1961 ) ;
#1941 = CARTESIAN_POINT ( 'NONE',  ( 6.636876495946524734, -3.010000000000000231, 1.635169989798764378 ) ) ;
#1942 = CARTESIAN_POINT ( 'NONE',  ( 6.542807059265798308, -3.000000000000000000, 2.141949635626684056 ) ) ;
#1943 = UNCERTAINTY_MEASURE_WITH_UNIT (LENGTH_MEASURE( 1.000000000000000082E-05 ), #7160, 'distance_accuracy_value', 'NONE');
#1944 = ORIENTED_EDGE ( 'NONE', *, *, #536, .T. ) ;
#1945 =( LENGTH_UNIT ( ) NAMED_UNIT ( * ) SI_UNIT ( .MILLI., .METRE. ) );
#1946 = ORIENTED_EDGE ( 'NONE', *, *, #7319, .F. ) ;
#1947 = ORIENTED_EDGE ( 'NONE', *, *, #2209, .F. ) ;
#1948 = COLOUR_RGB ( '',0.6666666666666666297, 0.6666666666666666297, 0.6666666666666666297 ) ;
#1949 = CARTESIAN_POINT ( 'NONE',  ( 6.884617240416298856, -3.010000000000000231, 1.795964048668708513 ) ) ;
#1950 = B_SPLINE_SURFACE_WITH_KNOTS ( 'NONE', 3, 1, ( 
 ( #4032, #6280 ),
 ( #6183, #2513 ),
 ( #9212, #187 ),
 ( #3735, #4728 ) ),
 .UNSPECIFIED., .F., .F., .F.,
 ( 4, 4 ),
 ( 2, 2 ),
 ( 11.00000000000000000, 12.00000000000000000 ),
 ( 0.000000000000000000, 1.000000000000000000 ),
 .UNSPECIFIED. ) ;
#1951 = VERTEX_POINT ( 'NONE', #5938 ) ;
#1952 = EDGE_LOOP ( 'NONE', ( #9810, #3787, #5022, #7273 ) ) ;
#1953 = DIRECTION ( 'NONE',  ( 1.624890687905865994E-14, -0.000000000000000000, -1.000000000000000000 ) ) ;
#1954 = CARTESIAN_POINT ( 'NONE',  ( 5.619742860615633440, -3.010000000000000231, 1.666826413289248077 ) ) ;
#1955 = ORIENTED_EDGE ( 'NONE', *, *, #7129, .F. ) ;
#1956 = VECTOR ( 'NONE', #2685, 1000.000000000000114 ) ;
#1957 = LINE ( 'NONE', #6611, #127 ) ;
#1958 = VERTEX_POINT ( 'NONE', #3611 ) ;
#1959 = EDGE_LOOP ( 'NONE', ( #3557, #9007, #8610, #315 ) ) ;
#1960 = PRESENTATION_STYLE_ASSIGNMENT (( #4271 ) ) ;
#1961 = VECTOR ( 'NONE', #9285, 1000.000000000000000 ) ;
#1962 = EDGE_CURVE ( 'NONE', #9490, #1629, #8908, .T. ) ;
#1963 = DIRECTION ( 'NONE',  ( 0.3315284183576328592, -0.000000000000000000, 0.9434452330799526498 ) ) ;
#1964 = EDGE_CURVE ( 'NONE', #533, #4923, #2867, .T. ) ;
#1965 = CARTESIAN_POINT ( 'NONE',  ( 7.433150944301497809, -3.000000000000000000, 1.633860058567115470 ) ) ;
#1966 = SURFACE_STYLE_USAGE ( .BOTH. , #6476 ) ;
#1967 = EDGE_LOOP ( 'NONE', ( #2779, #6059, #2304, #2290 ) ) ;
#1968 = CARTESIAN_POINT ( 'NONE',  ( 6.795705657966789381, -3.010000000000000231, 2.158323776042110786 ) ) ;
#1969 = CARTESIAN_POINT ( 'NONE',  ( 6.625250856252422160, -3.000000000000000000, 1.650889164598363656 ) ) ;
#1970 = DIRECTION ( 'NONE',  ( -0.000000000000000000, 1.000000000000000000, -0.000000000000000000 ) ) ;
#1971 = LINE ( 'NONE', #2993, #1493 ) ;
#1972 = CARTESIAN_POINT ( 'NONE',  ( 6.936032041318004104, -3.000000000000000000, 1.664479701142153045 ) ) ;
#1973 = FACE_OUTER_BOUND ( 'NONE', #6640, .T. ) ;
#1974 = EDGE_CURVE ( 'NONE', #973, #2641, #8620, .T. ) ;
#1975 = CARTESIAN_POINT ( 'NONE',  ( 7.917661759162775148, -3.000000000000000000, 1.866045369643430707 ) ) ;
#1976 =( GEOMETRIC_REPRESENTATION_CONTEXT ( 3 ) GLOBAL_UNCERTAINTY_ASSIGNED_CONTEXT ( ( #9594 ) ) GLOBAL_UNIT_ASSIGNED_CONTEXT ( ( #91, #4590, #9170 ) ) REPRESENTATION_CONTEXT ( 'NONE', 'WORKASPACE' ) );
#1977 = ORIENTED_EDGE ( 'NONE', *, *, #7078, .T. ) ;
#1978 = ORIENTED_EDGE ( 'NONE', *, *, #7583, .F. ) ;
#1979 = ORIENTED_EDGE ( 'NONE', *, *, #7023, .T. ) ;
#1980 = CARTESIAN_POINT ( 'NONE',  ( 7.513793585842387657, -3.000000000000000000, 2.384778137973367684 ) ) ;
#1981 = FACE_BOUND ( 'NONE', #4256, .T. ) ;
#1982 =( NAMED_UNIT ( * ) SI_UNIT ( $, .STERADIAN. ) SOLID_ANGLE_UNIT ( ) );
#1983 = LINE ( 'NONE', #1236, #3872 ) ;
#1984 = LINE ( 'NONE', #4931, #9823 ) ;
#1985 = CARTESIAN_POINT ( 'NONE',  ( 5.080059486004070202, -3.010000000000000231, 2.322644177546035582 ) ) ;
#1986 = CARTESIAN_POINT ( 'NONE',  ( 5.619742860615633440, -3.000000000000000000, 1.666826413289248077 ) ) ;
#1987 = EDGE_CURVE ( 'NONE', #7395, #2612, #8513, .T. ) ;
#1988 = CARTESIAN_POINT ( 'NONE',  ( 6.848676002207185753, -3.010000000000000231, 1.813156896103925275 ) ) ;
#1989 = EDGE_CURVE ( 'NONE', #542, #9524, #5614, .T. ) ;
#1990 = ADVANCED_FACE ( 'NONE', ( #689 ), #9064, .T. ) ;
#1991 = FACE_OUTER_BOUND ( 'NONE', #7965, .T. ) ;
#1992 = DIRECTION ( 'NONE',  ( -0.000000000000000000, 0.000000000000000000, 1.000000000000000000 ) ) ;
#1993 = PRESENTATION_STYLE_ASSIGNMENT (( #6410 ) ) ;
#1994 = DIRECTION ( 'NONE',  ( -1.000000000000000000, 0.000000000000000000, 0.000000000000000000 ) ) ;
#1995 = VERTEX_POINT ( 'NONE', #9295 ) ;
#1996 = LINE ( 'NONE', #2040, #3632 ) ;
#1997 = VERTEX_POINT ( 'NONE', #318 ) ;
#1998 = B_SPLINE_CURVE_WITH_KNOTS ( 'NONE', 3,
 ( #41, #3827, #3883, #6100 ),
 .UNSPECIFIED., .F., .F.,
 ( 4, 4 ),
 ( 6.000000000000000000, 7.000000000000000000 ),
 .UNSPECIFIED. ) ;
#1999 = VERTEX_POINT ( 'NONE', #7862 ) ;
#2000 = EDGE_LOOP ( 'NONE', ( #4817, #7644, #8531, #6251 ) ) ;
#2001 = DIRECTION ( 'NONE',  ( -0.3559357243698761386, -0.000000000000000000, 0.9345104387417465519 ) ) ;
#2002 = CARTESIAN_POINT ( 'NONE',  ( 5.820131616487237203, -3.000000000000000000, 1.596234948368240092 ) ) ;
#2003 = ORIENTED_EDGE ( 'NONE', *, *, #6860, .T. ) ;
#2004 = LINE ( 'NONE', #6658, #6151 ) ;
#2005 = VERTEX_POINT ( 'NONE', #5529 ) ;
#2006 = CARTESIAN_POINT ( 'NONE',  ( 12.70000000000000107, 0.000000000000000000, -4.099999999999999645 ) ) ;
#2007 = CARTESIAN_POINT ( 'NONE',  ( 6.859810417689404360, -3.010000000000000231, 2.425713489008655799 ) ) ;
#2008 = CARTESIAN_POINT ( 'NONE',  ( 7.070218122014234829, -3.010000000000000231, 1.556246633001599822 ) ) ;
#2009 =( NAMED_UNIT ( * ) PLANE_ANGLE_UNIT ( ) SI_UNIT ( $, .RADIAN. ) );
#2010 = CARTESIAN_POINT ( 'NONE',  ( 7.433150944301497809, -3.010000000000000231, 1.597345725443038988 ) ) ;
#2011 = ORIENTED_EDGE ( 'NONE', *, *, #1917, .F. ) ;
#2012 = LINE ( 'NONE', #475, #3194 ) ;
#2013 = EDGE_CURVE ( 'NONE', #4866, #368, #1013, .T. ) ;
#2014 = EDGE_CURVE ( 'NONE', #5823, #1951, #819, .T. ) ;
#2015 = LINE ( 'NONE', #6670, #4824 ) ;
#2016 = DIRECTION ( 'NONE',  ( 1.083260458603921549E-14, -0.000000000000000000, -1.000000000000000000 ) ) ;
#2017 = CARTESIAN_POINT ( 'NONE',  ( 5.052733683391168462, -3.010000000000000231, 1.445943403181894071 ) ) ;
#2018 = CARTESIAN_POINT ( 'NONE',  ( 7.919299173206712616, -3.010000000000000231, 1.858677006456600500 ) ) ;
#2019 = ORIENTED_EDGE ( 'NONE', *, *, #6772, .F. ) ;
#2020 = ORIENTED_EDGE ( 'NONE', *, *, #5, .F. ) ;
#2021 = VERTEX_POINT ( 'NONE', #4162 ) ;
#2022 = FACE_OUTER_BOUND ( 'NONE', #7735, .T. ) ;
#2023 = B_SPLINE_SURFACE_WITH_KNOTS ( 'NONE', 3, 1, ( 
 ( #2890, #3485 ),
 ( #5814, #6506 ),
 ( #2751, #8097 ),
 ( #1441, #6843 ) ),
 .UNSPECIFIED., .F., .F., .F.,
 ( 4, 4 ),
 ( 2, 2 ),
 ( 0.000000000000000000, 1.000000000000000000 ),
 ( 0.000000000000000000, 1.000000000000000000 ),
 .UNSPECIFIED. ) ;
#2024 = DIRECTION ( 'NONE',  ( 1.000000000000000000, -0.000000000000000000, -0.000000000000000000 ) ) ;
#2025 = ADVANCED_FACE ( 'NONE', ( #3297 ), #5189, .F. ) ;
#2026 = CARTESIAN_POINT ( 'NONE',  ( 7.772177521580349691, -3.010000000000000231, 1.597345725443044095 ) ) ;
#2027 = CARTESIAN_POINT ( 'NONE',  ( 7.302239691688777512, -3.000000000000000000, 1.741601902493590925 ) ) ;
#2028 = CARTESIAN_POINT ( 'NONE',  ( 6.538877265565354868, -3.000000000000000000, 1.880782096017082461 ) ) ;
#2029 = LINE ( 'NONE', #3779, #2277 ) ;
#2030 = CARTESIAN_POINT ( 'NONE',  ( 5.651622840602480657, -3.010000000000000231, 1.737417878208080690 ) ) ;
#2031 = CARTESIAN_POINT ( 'NONE',  ( 6.728244199458690566, -3.000000000000000000, 1.597345725443038988 ) ) ;
#2032 = DIRECTION ( 'NONE',  ( -0.000000000000000000, 1.000000000000000000, 0.000000000000000000 ) ) ;
#2033 = FACE_OUTER_BOUND ( 'NONE', #4999, .T. ) ;
#2034 = VECTOR ( 'NONE', #4904, 1000.000000000000000 ) ;
#2035 = DIRECTION ( 'NONE',  ( -0.000000000000000000, -1.000000000000000000, -0.000000000000000000 ) ) ;
#2036 = CARTESIAN_POINT ( 'NONE',  ( 5.198471007770466557, -3.000000000000000000, 1.760189329712459338 ) ) ;
#2037 = EDGE_CURVE ( 'NONE', #7944, #4592, #8389, .T. ) ;
#2038 = UNCERTAINTY_MEASURE_WITH_UNIT (LENGTH_MEASURE( 1.000000000000000082E-05 ), #6008, 'distance_accuracy_value', 'NONE');
#2039 = VERTEX_POINT ( 'NONE', #2400 ) ;
#2040 = CARTESIAN_POINT ( 'NONE',  ( 6.415252505436406238, -3.010000000000000231, 1.880782096017082461 ) ) ;
#2041 = ORIENTED_EDGE ( 'NONE', *, *, #8349, .T. ) ;
#2042 = ORIENTED_EDGE ( 'NONE', *, *, #8448, .F. ) ;
#2043 = DIRECTION ( 'NONE',  ( 0.000000000000000000, 0.000000000000000000, 1.000000000000000000 ) ) ;
#2044 = ORIENTED_EDGE ( 'NONE', *, *, #3047, .T. ) ;
#2045 = B_SPLINE_CURVE_WITH_KNOTS ( 'NONE', 3,
 ( #1317, #9757, #6523, #8990 ),
 .UNSPECIFIED., .F., .F.,
 ( 4, 4 ),
 ( 4.000000000000000000, 5.000000000000000000 ),
 .UNSPECIFIED. ) ;
#2046 = AXIS2_PLACEMENT_3D ( 'NONE', #9392, #1699, #9444 ) ;
#2047 = CARTESIAN_POINT ( 'NONE',  ( 5.193916700096124828, -3.010000000000000231, 2.283932714330592084 ) ) ;
#2048 = ORIENTED_EDGE ( 'NONE', *, *, #7283, .F. ) ;
#2049 = LINE ( 'NONE', #8978, #3862 ) ;
#2050 = LINE ( 'NONE', #6656, #979 ) ;
#2051 = ORIENTED_EDGE ( 'NONE', *, *, #5182, .F. ) ;
#2052 = EDGE_CURVE ( 'NONE', #2805, #8849, #4873, .T. ) ;
#2053 = ADVANCED_FACE ( 'NONE', ( #2350 ), #2821, .F. ) ;
#2054 = DIRECTION ( 'NONE',  ( 0.000000000000000000, 1.000000000000000000, 0.000000000000000000 ) ) ;
#2055 = VERTEX_POINT ( 'NONE', #7857 ) ;
#2056 = DIRECTION ( 'NONE',  ( -0.9345104387417465519, 0.000000000000000000, -0.3559357243698761386 ) ) ;
#2057 = CARTESIAN_POINT ( 'NONE',  ( 6.657098559358238354, -3.010000000000000231, 1.591942259105878055 ) ) ;
#2058 = COLOUR_RGB ( '',0.6666666666666666297, 0.6666666666666666297, 0.6666666666666666297 ) ;
#2059 = PLANE ( 'NONE',  #9533 ) ;
#2060 = VERTEX_POINT ( 'NONE', #8601 ) ;
#2061 = DIRECTION ( 'NONE',  ( 1.000000000000000000, 0.000000000000000000, -0.000000000000000000 ) ) ;
#2062 = PRESENTATION_LAYER_ASSIGNMENT (  '', '', ( #1112 ) ) ;
#2063 = UNCERTAINTY_MEASURE_WITH_UNIT (LENGTH_MEASURE( 1.000000000000000082E-05 ), #4431, 'distance_accuracy_value', 'NONE');
#2064 = ORIENTED_EDGE ( 'NONE', *, *, #3230, .T. ) ;
#2065 = AXIS2_PLACEMENT_3D ( 'NONE', #329, #4958, #7914 ) ;
#2066 = FILL_AREA_STYLE_COLOUR ( '', #5400 ) ;
#2067 =( NAMED_UNIT ( * ) PLANE_ANGLE_UNIT ( ) SI_UNIT ( $, .RADIAN. ) );
#2068 =( NAMED_UNIT ( * ) SI_UNIT ( $, .STERADIAN. ) SOLID_ANGLE_UNIT ( ) );
#2069 = ORIENTED_EDGE ( 'NONE', *, *, #4839, .T. ) ;
#2070 = ORIENTED_EDGE ( 'NONE', *, *, #7743, .F. ) ;
#2071 = COLOUR_RGB ( '',0.6666666666666666297, 0.6666666666666666297, 0.6666666666666666297 ) ;
#2072 = FILL_AREA_STYLE_COLOUR ( '', #8898 ) ;
#2073 = CARTESIAN_POINT ( 'NONE',  ( 7.665000000000001812, 1.604999999999999982, -4.099999999999999645 ) ) ;
#2074 = CARTESIAN_POINT ( 'NONE',  ( 7.772177521580351467, -3.000000000000000000, 1.597345725443044095 ) ) ;
#2075 = LINE ( 'NONE', #4929, #2102 ) ;
#2076 = VECTOR ( 'NONE', #6996, 1000.000000000000227 ) ;
#2077 = CARTESIAN_POINT ( 'NONE',  ( 6.768360843474201083, -3.010000000000000231, 1.597345725443038988 ) ) ;
#2078 = VECTOR ( 'NONE', #4338, 1000.000000000000000 ) ;
#2079 = DIRECTION ( 'NONE',  ( -0.000000000000000000, -1.000000000000000000, -0.000000000000000000 ) ) ;
#2080 = CARTESIAN_POINT ( 'NONE',  ( 5.651622840602480657, -3.000000000000000000, 1.737417878208080690 ) ) ;
#2081 = FILL_AREA_STYLE_COLOUR ( '', #6343 ) ;
#2082 = EDGE_CURVE ( 'NONE', #8584, #6177, #9336, .T. ) ;
#2083 = EDGE_CURVE ( 'NONE', #5473, #2961, #3344, .T. ) ;
#2084 = CARTESIAN_POINT ( 'NONE',  ( 6.888710775520707763, -3.000000000000000000, 1.624690539934555256 ) ) ;
#2085 = FACE_OUTER_BOUND ( 'NONE', #6108, .T. ) ;
#2086 = ORIENTED_EDGE ( 'NONE', *, *, #3860, .T. ) ;
#2087 = CARTESIAN_POINT ( 'NONE',  ( -8.074999999999999289, 1.604999999999999982, -4.099999999999999645 ) ) ;
#2088 = VECTOR ( 'NONE', #8798, 1000.000000000000000 ) ;
#2089 = VECTOR ( 'NONE', #883, 1000.000000000000114 ) ;
#2090 = CARTESIAN_POINT ( 'NONE',  ( 7.298473639393380452, -3.010000000000000231, 2.197457971631696871 ) ) ;
#2091 = ORIENTED_EDGE ( 'NONE', *, *, #5430, .T. ) ;
#2092 =( LENGTH_UNIT ( ) NAMED_UNIT ( * ) SI_UNIT ( .MILLI., .METRE. ) );
#2093 = VERTEX_POINT ( 'NONE', #2496 ) ;
#2094 = ORIENTED_EDGE ( 'NONE', *, *, #1358, .T. ) ;
#2095 = PRESENTATION_STYLE_ASSIGNMENT (( #1392 ) ) ;
#2096 = ORIENTED_EDGE ( 'NONE', *, *, #9294, .F. ) ;
#2097 = VECTOR ( 'NONE', #576, 1000.000000000000000 ) ;
#2098 = CARTESIAN_POINT ( 'NONE',  ( 7.673932679096507670, -3.000000000000000000, 1.903542151191246257 ) ) ;
#2099 = EDGE_CURVE ( 'NONE', #3229, #8167, #1185, .T. ) ;
#2100 = DIRECTION ( 'NONE',  ( -0.9445574604294392218, 0.000000000000000000, -0.3283461648125166055 ) ) ;
#2101 = PLANE ( 'NONE',  #671 ) ;
#2102 = VECTOR ( 'NONE', #5113, 1000.000000000000000 ) ;
#2103 = CARTESIAN_POINT ( 'NONE',  ( 7.024779882364643235, -3.010000000000000231, 2.388871673076673474 ) ) ;
#2104 = VERTEX_POINT ( 'NONE', #583 ) ;
#2105 = DIRECTION ( 'NONE',  ( -0.000000000000000000, 1.000000000000000000, -0.000000000000000000 ) ) ;
#2106 = DIRECTION ( 'NONE',  ( -7.460765693852656490E-14, 0.000000000000000000, 1.000000000000000000 ) ) ;
#2107 = EDGE_CURVE ( 'NONE', #7514, #5420, #2121, .T. ) ;
#2108 = LINE ( 'NONE', #2769, #6513 ) ;
#2109 = AXIS2_PLACEMENT_3D ( 'NONE', #6434, #1866, #8725 ) ;
#2110 = B_SPLINE_SURFACE_WITH_KNOTS ( 'NONE', 3, 1, ( 
 ( #7658, #865 ),
 ( #4986, #4250 ),
 ( #1239, #225 ),
 ( #1988, #267 ) ),
 .UNSPECIFIED., .F., .F., .F.,
 ( 4, 4 ),
 ( 2, 2 ),
 ( 7.000000000000000000, 8.000000000000000000 ),
 ( 0.000000000000000000, 1.000000000000000000 ),
 .UNSPECIFIED. ) ;
#2111 = EDGE_CURVE ( 'NONE', #1105, #8127, #6481, .T. ) ;
#2112 = EDGE_CURVE ( 'NONE', #9346, #9710, #1971, .T. ) ;
#2113 = LINE ( 'NONE', #8178, #1160 ) ;
#2114 = VERTEX_POINT ( 'NONE', #4519 ) ;
#2115 = FACE_BOUND ( 'NONE', #5639, .T. ) ;
#2116 = CARTESIAN_POINT ( 'NONE',  ( 6.599297843695637766, -3.000000000000000000, 2.261972084865287780 ) ) ;
#2117 = VERTEX_POINT ( 'NONE', #720 ) ;
#2118 = ORIENTED_EDGE ( 'NONE', *, *, #8001, .T. ) ;
#2119 = DIRECTION ( 'NONE',  ( 0.000000000000000000, 0.000000000000000000, -1.000000000000000000 ) ) ;
#2120 = CARTESIAN_POINT ( 'NONE',  ( 4.966202185044719997, -3.010000000000000231, 1.509703450021776083 ) ) ;
#2121 = B_SPLINE_CURVE_WITH_KNOTS ( 'NONE', 3,
 ( #5103, #8121, #8028, #2861 ),
 .UNSPECIFIED., .F., .F.,
 ( 4, 4 ),
 ( 24.00000000000000000, 25.00000000000000000 ),
 .UNSPECIFIED. ) ;
#2122 = PLANE ( 'NONE',  #7295 ) ;
#2123 = CARTESIAN_POINT ( 'NONE',  ( 6.865132013323492544, -3.000000000000000000, 1.624690539934553479 ) ) ;
#2124 = ORIENTED_EDGE ( 'NONE', *, *, #3475, .T. ) ;
#2125 = ORIENTED_EDGE ( 'NONE', *, *, #5319, .T. ) ;
#2126 = AXIS2_PLACEMENT_3D ( 'NONE', #5201, #1422, #4478 ) ;
#2127 = CARTESIAN_POINT ( 'NONE',  ( 7.754411579233464025, -3.010000000000000231, 1.761578353798287200 ) ) ;
#2128 = FILL_AREA_STYLE_COLOUR ( '', #789 ) ;
#2129 = CARTESIAN_POINT ( 'NONE',  ( 7.416776803886054203, -3.000000000000000000, 2.105435302502622896 ) ) ;
#2130 = CARTESIAN_POINT ( 'NONE',  ( 7.848644757315960341, -3.010000000000000231, 1.684947376658705087 ) ) ;
#2131 = CARTESIAN_POINT ( 'NONE',  ( 7.176076939795203558, -3.000000000000000000, 1.826092467031883215 ) ) ;
#2132 = VECTOR ( 'NONE', #3464, 1000.000000000000000 ) ;
#2133 = FILL_AREA_STYLE_COLOUR ( '', #9669 ) ;
#2134 = DIRECTION ( 'NONE',  ( -0.000000000000000000, -0.000000000000000000, 1.000000000000000000 ) ) ;
#2135 = EDGE_LOOP ( 'NONE', ( #5349, #9690, #9276, #923, #6062, #6403, #2914 ) ) ;
#2136 = CARTESIAN_POINT ( 'NONE',  ( 6.966242330383139780, -3.010000000000000231, 1.821180224906592038 ) ) ;
#2137 = ORIENTED_EDGE ( 'NONE', *, *, #3014, .F. ) ;
#2138 = DIRECTION ( 'NONE',  ( -1.000000000000000000, 0.000000000000000000, 0.000000000000000000 ) ) ;
#2139 = CARTESIAN_POINT ( 'NONE',  ( 4.697499058370925518, -3.010000000000000231, 2.149581159136581654 ) ) ;
#2140 = UNCERTAINTY_MEASURE_WITH_UNIT (LENGTH_MEASURE( 1.000000000000000082E-05 ), #1183, 'distance_accuracy_value', 'NONE');
#2141 = ORIENTED_EDGE ( 'NONE', *, *, #629, .T. ) ;
#2142 = ADVANCED_FACE ( 'NONE', ( #6016 ), #6794, .F. ) ;
#2143 = B_SPLINE_CURVE_WITH_KNOTS ( 'NONE', 3,
 ( #2341, #7150, #4003, #362 ),
 .UNSPECIFIED., .F., .F.,
 ( 4, 4 ),
 ( 8.000000000000000000, 9.000000000000000000 ),
 .UNSPECIFIED. ) ;
#2144 = ADVANCED_FACE ( 'NONE', ( #3405 ), #3755, .F. ) ;
#2145 = CARTESIAN_POINT ( 'NONE',  ( 5.152928148193720581, -3.010000000000000231, 1.903649587121335918 ) ) ;
#2146 = ORIENTED_EDGE ( 'NONE', *, *, #7629, .T. ) ;
#2147 = ORIENTED_EDGE ( 'NONE', *, *, #3918, .F. ) ;
#2148 = CARTESIAN_POINT ( 'NONE',  ( -5.034999999999997478, 1.604999999999999982, -4.099999999999999645 ) ) ;
#2149 = ORIENTED_EDGE ( 'NONE', *, *, #6829, .T. ) ;
#2150 = CARTESIAN_POINT ( 'NONE',  ( 7.032230116253447960, -3.000000000000000000, 1.489603881514363959 ) ) ;
#2151 = ORIENTED_EDGE ( 'NONE', *, *, #1254, .F. ) ;
#2152 = DIRECTION ( 'NONE',  ( -0.3283461648125166055, 0.000000000000000000, 0.9445574604294392218 ) ) ;
#2153 = CARTESIAN_POINT ( 'NONE',  ( 6.538877265565354868, -3.010000000000000231, 1.917623911949075222 ) ) ;
#2154 = CARTESIAN_POINT ( 'NONE',  ( 6.884780981821356782, -3.010000000000000231, 1.591942259105878055 ) ) ;
#2155 = ORIENTED_EDGE ( 'NONE', *, *, #7972, .T. ) ;
#2156 = EDGE_CURVE ( 'NONE', #8293, #1299, #6101, .T. ) ;
#2157 = ORIENTED_EDGE ( 'NONE', *, *, #6416, .F. ) ;
#2158 = CARTESIAN_POINT ( 'NONE',  ( 6.864313306302610052, -3.010000000000000231, 1.767964268561359242 ) ) ;
#2159 = CARTESIAN_POINT ( 'NONE',  ( 4.658787589726895106, -3.000000000000000000, 1.867215169159764487 ) ) ;
#2160 = DIRECTION ( 'NONE',  ( 1.000000000000000000, 0.000000000000000000, 0.000000000000000000 ) ) ;
#2161 = B_SPLINE_CURVE_WITH_KNOTS ( 'NONE', 3,
 ( #2529, #7085, #254, #1781 ),
 .UNSPECIFIED., .F., .F.,
 ( 4, 4 ),
 ( 1.000000000000000000, 2.000000000000000000 ),
 .UNSPECIFIED. ) ;
#2162 = SURFACE_STYLE_USAGE ( .BOTH. , #623 ) ;
#2163 = EDGE_CURVE ( 'NONE', #149, #2287, #4041, .T. ) ;
#2164 = CARTESIAN_POINT ( 'NONE',  ( -9.324999999999999289, 3.000000000000000000, 0.5000000000000000000 ) ) ;
#2165 = VERTEX_POINT ( 'NONE', #3933 ) ;
#2166 = CARTESIAN_POINT ( 'NONE',  ( 5.380642619812027405, -3.000000000000000000, 1.673657918232209330 ) ) ;
#2167 = VERTEX_POINT ( 'NONE', #783 ) ;
#2168 = EDGE_CURVE ( 'NONE', #2165, #6057, #8796, .T. ) ;
#2169 = EDGE_CURVE ( 'NONE', #6836, #7158, #9754, .T. ) ;
#2170 = DIRECTION ( 'NONE',  ( -0.000000000000000000, -0.000000000000000000, 1.000000000000000000 ) ) ;
#2171 = SURFACE_SIDE_STYLE ('',( #9619 ) ) ;
#2172 = ORIENTED_EDGE ( 'NONE', *, *, #9233, .F. ) ;
#2173 = FACE_OUTER_BOUND ( 'NONE', #741, .T. ) ;
#2174 = APPLICATION_PROTOCOL_DEFINITION ( 'draft international standard', 'automotive_design', 1998, #5465 ) ;
#2175 = CARTESIAN_POINT ( 'NONE',  ( 6.707039687622128987, -3.000000000000000000, 2.100031836165462185 ) ) ;
#2176 = CARTESIAN_POINT ( 'NONE',  ( -9.324999999999999289, 3.000000000000000000, 0.5000000000000000000 ) ) ;
#2177 = CARTESIAN_POINT ( 'NONE',  ( 6.722513250313609134, -3.000000000000000000, 1.655801406721455260 ) ) ;
#2178 = EDGE_CURVE ( 'NONE', #1995, #5367, #8909, .T. ) ;
#2179 = CARTESIAN_POINT ( 'NONE',  ( 7.032230116253447960, -3.000000000000000000, 1.489603881514363959 ) ) ;
#2180 = DIRECTION ( 'NONE',  ( -0.000000000000000000, 0.000000000000000000, 1.000000000000000000 ) ) ;
#2181 = CARTESIAN_POINT ( 'NONE',  ( 6.822722989650397807, -3.010000000000000231, 1.605369054245710858 ) ) ;
#2182 = DIRECTION ( 'NONE',  ( -2.601421064473126292E-14, 0.000000000000000000, 1.000000000000000000 ) ) ;
#2183 = ORIENTED_EDGE ( 'NONE', *, *, #8357, .F. ) ;
#2184 = VERTEX_POINT ( 'NONE', #6194 ) ;
#2185 = CARTESIAN_POINT ( 'NONE',  ( 6.685671434381626810, -3.000000000000000000, 1.831332191965078904 ) ) ;
#2186 = LINE ( 'NONE', #1583, #6375 ) ;
#2187 = ORIENTED_EDGE ( 'NONE', *, *, #7171, .F. ) ;
#2188 = DIRECTION ( 'NONE',  ( -0.3559357243643020419, -0.000000000000000000, -0.9345104387438696314 ) ) ;
#2189 = VERTEX_POINT ( 'NONE', #3223 ) ;
#2190 = VERTEX_POINT ( 'NONE', #2371 ) ;
#2191 = CARTESIAN_POINT ( 'NONE',  ( 7.622190395384715877, -3.010000000000000231, 1.633860058567119022 ) ) ;
#2192 = B_SPLINE_SURFACE_WITH_KNOTS ( 'NONE', 3, 1, ( 
 ( #1772, #7725 ),
 ( #4832, #1635 ),
 ( #6286, #7835 ),
 ( #929, #3318 ) ),
 .UNSPECIFIED., .F., .F., .F.,
 ( 4, 4 ),
 ( 2, 2 ),
 ( 4.000000000000000000, 5.000000000000000000 ),
 ( 0.000000000000000000, 1.000000000000000000 ),
 .UNSPECIFIED. ) ;
#2193 = ORIENTED_EDGE ( 'NONE', *, *, #2448, .T. ) ;
#2194 = FACE_OUTER_BOUND ( 'NONE', #3818, .T. ) ;
#2195 = ORIENTED_EDGE ( 'NONE', *, *, #2900, .F. ) ;
#2196 = CARTESIAN_POINT ( 'NONE',  ( 9.824999999999999289, -3.000000000000000000, 0.000000000000000000 ) ) ;
#2197 = EDGE_CURVE ( 'NONE', #5102, #2756, #5506, .T. ) ;
#2198 = ADVANCED_FACE ( 'NONE', ( #6045 ), #7574, .F. ) ;
#2199 = FACE_OUTER_BOUND ( 'NONE', #9820, .T. ) ;
#2200 = VERTEX_POINT ( 'NONE', #8429 ) ;
#2201 = CARTESIAN_POINT ( 'NONE',  ( 7.738283050923977058, -3.000000000000000000, 1.672175547136901530 ) ) ;
#2202 = CARTESIAN_POINT ( 'NONE',  ( 5.685780104726330997, -3.000000000000000000, 1.596234948368240092 ) ) ;
#2203 = VERTEX_POINT ( 'NONE', #1638 ) ;
#2204 = VECTOR ( 'NONE', #8050, 1000.000000000000000 ) ;
#2205 = CARTESIAN_POINT ( 'NONE',  ( 6.707039687622128987, -3.000000000000000000, 2.100031836165462185 ) ) ;
#2206 = PLANE ( 'NONE',  #646 ) ;
#2207 = DIRECTION ( 'NONE',  ( -0.3897582650655124215, 0.000000000000000000, -0.9209172030172537715 ) ) ;
#2208 = ADVANCED_FACE ( 'NONE', ( #4694 ), #4785, .F. ) ;
#2209 = EDGE_CURVE ( 'NONE', #2905, #1018, #4737, .T. ) ;
#2210 = CARTESIAN_POINT ( 'NONE',  ( 7.298473639393380452, -3.000000000000000000, 2.197457971631696871 ) ) ;
#2211 = CARTESIAN_POINT ( 'NONE',  ( 6.795705657966789381, -3.010000000000000231, 2.118698356238478464 ) ) ;
#2212 = VERTEX_POINT ( 'NONE', #9273 ) ;
#2213 = FACE_OUTER_BOUND ( 'NONE', #7206, .T. ) ;
#2214 = ORIENTED_EDGE ( 'NONE', *, *, #6748, .T. ) ;
#2215 = CARTESIAN_POINT ( 'NONE',  ( 5.278171088037972858, -3.010000000000000231, 1.445943403181894071 ) ) ;
#2216 = ORIENTED_EDGE ( 'NONE', *, *, #9047, .T. ) ;
#2217 = MECHANICAL_DESIGN_GEOMETRIC_PRESENTATION_REPRESENTATION (  '', ( #3813 ), #6803 ) ;
#2218 = CARTESIAN_POINT ( 'NONE',  ( 8.060362392875726201, -3.010000000000000231, 1.597345725443044095 ) ) ;
#2219 = CARTESIAN_POINT ( 'NONE',  ( 6.901155122235682171, -3.010000000000000231, 2.141949635626684056 ) ) ;
#2220 = CARTESIAN_POINT ( 'NONE',  ( 6.684525244552819601, -3.010000000000000231, 2.393783915199771961 ) ) ;
#2221 = B_SPLINE_CURVE_WITH_KNOTS ( 'NONE', 3,
 ( #9334, #7004, #2549, #6218 ),
 .UNSPECIFIED., .F., .F.,
 ( 4, 4 ),
 ( 21.00000000000000000, 22.00000000000000000 ),
 .UNSPECIFIED. ) ;
#2222 = ADVANCED_FACE ( 'NONE', ( #2478 ), #7779, .F. ) ;
#2223 = FILL_AREA_STYLE ('',( #170 ) ) ;
#2224 = EDGE_LOOP ( 'NONE', ( #8333, #7297, #6937, #3012 ) ) ;
#2225 = ORIENTED_EDGE ( 'NONE', *, *, #51, .F. ) ;
#2226 = VECTOR ( 'NONE', #9381, 1000.000000000000000 ) ;
#2227 = SHAPE_DEFINITION_REPRESENTATION ( #3315, #2728 ) ;
#2228 = B_SPLINE_CURVE_WITH_KNOTS ( 'NONE', 3,
 ( #5882, #3006, #8950, #3767 ),
 .UNSPECIFIED., .F., .F.,
 ( 4, 4 ),
 ( 4.000000000000000000, 5.000000000000000000 ),
 .UNSPECIFIED. ) ;
#2229 = CARTESIAN_POINT ( 'NONE',  ( 6.667496138521578075, -3.000000000000000000, 1.624854281338506512 ) ) ;
#2230 = LINE ( 'NONE', #5261, #4341 ) ;
#2231 = CARTESIAN_POINT ( 'NONE',  ( 7.113855206219201754, -3.010000000000000231, 1.562796289168643771 ) ) ;
#2232 = SURFACE_SIDE_STYLE ('',( #5314 ) ) ;
#2233 = EDGE_CURVE ( 'NONE', #3666, #3045, #290, .T. ) ;
#2234 = PLANE ( 'NONE',  #5729 ) ;
#2235 = VERTEX_POINT ( 'NONE', #4132 ) ;
#2236 = ORIENTED_EDGE ( 'NONE', *, *, #1748, .F. ) ;
#2237 = CARTESIAN_POINT ( 'NONE',  ( 7.621535429768891312, -3.010000000000000231, 1.880782096017092897 ) ) ;
#2238 = EDGE_CURVE ( 'NONE', #4745, #462, #7127, .T. ) ;
#2239 = DIRECTION ( 'NONE',  ( -0.3283461648125166055, -0.000000000000000000, 0.9445574604294392218 ) ) ;
#2240 = CIRCLE ( 'NONE', #7784, 0.2000000000000005107 ) ;
#2241 = FACE_OUTER_BOUND ( 'NONE', #7257, .T. ) ;
#2242 = VERTEX_POINT ( 'NONE', #8030 ) ;
#2243 = EDGE_LOOP ( 'NONE', ( #6027, #6791, #4649, #4054 ) ) ;
#2244 = CARTESIAN_POINT ( 'NONE',  ( 7.675815705242024833, -3.010000000000000231, 1.850653677653930185 ) ) ;
#2245 = VERTEX_POINT ( 'NONE', #8770 ) ;
#2246 = CARTESIAN_POINT ( 'NONE',  ( 6.932593471831609122, -3.000000000000000000, 1.671684322922846189 ) ) ;
#2247 = EDGE_LOOP ( 'NONE', ( #8774, #7696, #4798, #6904 ) ) ;
#2248 = VECTOR ( 'NONE', #5286, 1000.000000000000000 ) ;
#2249 = CARTESIAN_POINT ( 'NONE',  ( 7.909638430360106831, -3.000000000000000000, 1.854255988545373102 ) ) ;
#2250 = LINE ( 'NONE', #5283, #6227 ) ;
#2251 = LINE ( 'NONE', #7593, #4967 ) ;
#2252 = DIRECTION ( 'NONE',  ( -0.000000000000000000, 1.000000000000000000, -0.000000000000000000 ) ) ;
#2253 = SURFACE_STYLE_USAGE ( .BOTH. , #1455 ) ;
#2254 = FILL_AREA_STYLE ('',( #721 ) ) ;
#2255 = VECTOR ( 'NONE', #8816, 1000.000000000000114 ) ;
#2256 = VECTOR ( 'NONE', #4544, 1000.000000000000000 ) ;
#2257 = DIRECTION ( 'NONE',  ( -0.000000000000000000, 1.000000000000000000, -0.000000000000000000 ) ) ;
#2258 = DIRECTION ( 'NONE',  ( 0.000000000000000000, 1.000000000000000000, 0.000000000000000000 ) ) ;
#2259 = VECTOR ( 'NONE', #361, 1000.000000000000000 ) ;
#2260 = DIRECTION ( 'NONE',  ( -0.000000000000000000, 1.000000000000000000, -0.000000000000000000 ) ) ;
#2261 = VECTOR ( 'NONE', #1752, 1000.000000000000000 ) ;
#2262 = FACE_OUTER_BOUND ( 'NONE', #4494, .T. ) ;
#2263 = ORIENTED_EDGE ( 'NONE', *, *, #1860, .F. ) ;
#2264 = DIRECTION ( 'NONE',  ( -1.000000000000000000, 0.000000000000000000, -0.000000000000000000 ) ) ;
#2265 = VERTEX_POINT ( 'NONE', #7927 ) ;
#2266 = FACE_OUTER_BOUND ( 'NONE', #7047, .T. ) ;
#2267 = VERTEX_POINT ( 'NONE', #7082 ) ;
#2268 = ADVANCED_FACE ( 'NONE', ( #3322 ), #1188, .F. ) ;
#2269 = ADVANCED_FACE ( 'NONE', ( #1973 ), #1318, .F. ) ;
#2270 =( GEOMETRIC_REPRESENTATION_CONTEXT ( 3 ) GLOBAL_UNCERTAINTY_ASSIGNED_CONTEXT ( ( #4255 ) ) GLOBAL_UNIT_ASSIGNED_CONTEXT ( ( #9464, #8711, #7980 ) ) REPRESENTATION_CONTEXT ( 'NONE', 'WORKASPACE' ) );
#2271 = DIRECTION ( 'NONE',  ( -1.000000000000000000, 0.000000000000000000, -0.000000000000000000 ) ) ;
#2272 = PLANE ( 'NONE',  #6878 ) ;
#2273 = DIRECTION ( 'NONE',  ( -1.000000000000000000, 0.000000000000000000, -0.000000000000000000 ) ) ;
#2274 = VERTEX_POINT ( 'NONE', #9518 ) ;
#2275 = ORIENTED_EDGE ( 'NONE', *, *, #6862, .T. ) ;
#2276 = DIRECTION ( 'NONE',  ( 1.000000000000000000, 0.000000000000000000, 6.455011293317516227E-14 ) ) ;
#2277 = VECTOR ( 'NONE', #9073, 1000.000000000000000 ) ;
#2278 = PRODUCT ( 'PWRM-TH_5P-L19.7-W6.0-P2.54_RH-051509D', 'PWRM-TH_5P-L19.7-W6.0-P2.54_RH-051509D', '', ( #9011 ) ) ;
#2279 = LINE ( 'NONE', #5309, #7001 ) ;
#2280 = CARTESIAN_POINT ( 'NONE',  ( 7.710938236430269654, -3.010000000000000231, 1.760432163970577779 ) ) ;
#2281 = EDGE_CURVE ( 'NONE', #3024, #6421, #5551, .T. ) ;
#2282 = CARTESIAN_POINT ( 'NONE',  ( 6.555906371596618598, -3.010000000000000231, 2.259515963801552729 ) ) ;
#2283 = CARTESIAN_POINT ( 'NONE',  ( 5.029962318751897143, -3.000000000000000000, 2.190569884771403686 ) ) ;
#2284 = CARTESIAN_POINT ( 'NONE',  ( 6.373907800890115993, -3.000000000000000000, 2.425713489008655799 ) ) ;
#2285 = VECTOR ( 'NONE', #9633, 999.9999999999998863 ) ;
#2286 = VERTEX_POINT ( 'NONE', #8623 ) ;
#2287 = VERTEX_POINT ( 'NONE', #1825 ) ;
#2288 = CARTESIAN_POINT ( 'NONE',  ( 4.936599293744844630, -3.010000000000000231, 1.600789256043651632 ) ) ;
#2289 = CARTESIAN_POINT ( 'NONE',  ( 7.493653393133762108, -3.000000000000000000, 1.917623911949080773 ) ) ;
#2290 = ORIENTED_EDGE ( 'NONE', *, *, #223, .T. ) ;
#2291 = ADVANCED_FACE ( 'NONE', ( #1080 ), #6437, .T. ) ;
#2292 = LINE ( 'NONE', #845, #3154 ) ;
#2293 = ORIENTED_EDGE ( 'NONE', *, *, #2589, .T. ) ;
#2294 = ORIENTED_EDGE ( 'NONE', *, *, #1739, .F. ) ;
#2295 = CARTESIAN_POINT ( 'NONE',  ( 7.070218122014234829, -3.010000000000000231, 1.556246633001599822 ) ) ;
#2296 = ORIENTED_EDGE ( 'NONE', *, *, #604, .F. ) ;
#2297 = EDGE_CURVE ( 'NONE', #324, #6732, #3421, .T. ) ;
#2298 = EDGE_CURVE ( 'NONE', #6414, #443, #4880, .T. ) ;
#2299 = CARTESIAN_POINT ( 'NONE',  ( 6.834348629344503934, -3.010000000000000231, 1.728175107353765005 ) ) ;
#2300 = ORIENTED_EDGE ( 'NONE', *, *, #9317, .T. ) ;
#2301 = CARTESIAN_POINT ( 'NONE',  ( 7.433150944301497809, -3.010000000000000231, 1.633860058567115470 ) ) ;
#2302 = CARTESIAN_POINT ( 'NONE',  ( 6.635894047521696315, -3.010000000000000231, 1.690842067207737331 ) ) ;
#2303 = LINE ( 'NONE', #3945, #2741 ) ;
#2304 = ORIENTED_EDGE ( 'NONE', *, *, #2328, .F. ) ;
#2305 = FACE_OUTER_BOUND ( 'NONE', #8792, .T. ) ;
#2306 = ORIENTED_EDGE ( 'NONE', *, *, #6981, .T. ) ;
#2307 = PLANE ( 'NONE',  #9200 ) ;
#2308 = LINE ( 'NONE', #3909, #9071 ) ;
#2309 = CARTESIAN_POINT ( 'NONE',  ( 6.873073471424190117, -3.010000000000000231, 1.746677886022836912 ) ) ;
#2310 = CARTESIAN_POINT ( 'NONE',  ( -9.324999999999999289, -3.000000000000000000, 0.000000000000000000 ) ) ;
#2311 = ORIENTED_EDGE ( 'NONE', *, *, #5383, .F. ) ;
#2312 = CARTESIAN_POINT ( 'NONE',  ( 6.555906371596618598, -3.010000000000000231, 2.211539732387338475 ) ) ;
#2313 = LINE ( 'NONE', #632, #5245 ) ;
#2314 = CARTESIAN_POINT ( 'NONE',  ( 7.433150944301497809, -3.010000000000000231, 1.633860058567115470 ) ) ;
#2315 = CARTESIAN_POINT ( 'NONE',  ( 6.542807059265800085, -3.000000000000000000, 2.105435302502615791 ) ) ;
#2316 = ORIENTED_EDGE ( 'NONE', *, *, #8149, .F. ) ;
#2317 = EDGE_LOOP ( 'NONE', ( #7073, #2172, #1785, #3124 ) ) ;
#2318 = ORIENTED_EDGE ( 'NONE', *, *, #1724, .F. ) ;
#2319 = EDGE_CURVE ( 'NONE', #4223, #2093, #4280, .T. ) ;
#2320 = EDGE_CURVE ( 'NONE', #2287, #2570, #2679, .T. ) ;
#2321 = CARTESIAN_POINT ( 'NONE',  ( 6.848676002207185753, -3.010000000000000231, 1.813156896103925275 ) ) ;
#2322 = DIRECTION ( 'NONE',  ( -0.000000000000000000, 1.000000000000000000, -0.000000000000000000 ) ) ;
#2323 = CARTESIAN_POINT ( 'NONE',  ( 5.152928148193720581, -3.000000000000000000, 1.903649587121335918 ) ) ;
#2324 = CARTESIAN_POINT ( 'NONE',  ( 6.864313306302610052, -3.010000000000000231, 1.758794749928798806 ) ) ;
#2325 = LINE ( 'NONE', #5408, #6663 ) ;
#2326 = VERTEX_POINT ( 'NONE', #9422 ) ;
#2327 = CARTESIAN_POINT ( 'NONE',  ( 7.675815705242024833, -3.010000000000000231, 1.850653677653930185 ) ) ;
#2328 = EDGE_CURVE ( 'NONE', #7090, #2515, #1777, .T. ) ;
#2329 = DIRECTION ( 'NONE',  ( -0.000000000000000000, 1.000000000000000000, -0.000000000000000000 ) ) ;
#2330 = CARTESIAN_POINT ( 'NONE',  ( -9.624999999999998224, 2.799999999999999378, 9.999999999999998224 ) ) ;
#2331 = EDGE_LOOP ( 'NONE', ( #7876, #8032, #2716, #1727 ) ) ;
#2332 = ORIENTED_EDGE ( 'NONE', *, *, #8952, .T. ) ;
#2333 = LINE ( 'NONE', #6061, #5867 ) ;
#2334 = CARTESIAN_POINT ( 'NONE',  ( 6.932593471831609122, -3.010000000000000231, 1.671684322922846189 ) ) ;
#2335 = VERTEX_POINT ( 'NONE', #7984 ) ;
#2336 = DIRECTION ( 'NONE',  ( 0.000000000000000000, 1.000000000000000000, 0.000000000000000000 ) ) ;
#2337 = CARTESIAN_POINT ( 'NONE',  ( 6.912043925610888095, -3.000000000000000000, 1.591942259105878055 ) ) ;
#2338 = EDGE_CURVE ( 'NONE', #8977, #8746, #2724, .T. ) ;
#2339 =( NAMED_UNIT ( * ) SI_UNIT ( $, .STERADIAN. ) SOLID_ANGLE_UNIT ( ) );
#2340 = ORIENTED_EDGE ( 'NONE', *, *, #3448, .F. ) ;
#2341 = CARTESIAN_POINT ( 'NONE',  ( 6.632946702247178195, -3.000000000000000000, 2.358252030501634344 ) ) ;
#2342 = B_SPLINE_CURVE_WITH_KNOTS ( 'NONE', 3,
 ( #3659, #2312, #5244, #6671 ),
 .UNSPECIFIED., .F., .F.,
 ( 4, 4 ),
 ( 2.000000000000000000, 3.000000000000000000 ),
 .UNSPECIFIED. ) ;
#2343 =( LENGTH_UNIT ( ) NAMED_UNIT ( * ) SI_UNIT ( .MILLI., .METRE. ) );
#2344 = CARTESIAN_POINT ( 'NONE',  ( 6.636876495946524734, -3.000000000000000000, 1.635169989798764378 ) ) ;
#2345 = B_SPLINE_CURVE_WITH_KNOTS ( 'NONE', 3,
 ( #9362, #7923, #4966, #2518 ),
 .UNSPECIFIED., .F., .F.,
 ( 4, 4 ),
 ( 17.00000000000000000, 18.00000000000000000 ),
 .UNSPECIFIED. ) ;
#2346 = VECTOR ( 'NONE', #7821, 1000.000000000000000 ) ;
#2347 = ORIENTED_EDGE ( 'NONE', *, *, #1184, .F. ) ;
#2348 = CARTESIAN_POINT ( 'NONE',  ( 7.493653393133759444, -3.010000000000000231, 1.917623911949080551 ) ) ;
#2349 = CARTESIAN_POINT ( 'NONE',  ( 7.914878155293300743, -3.000000000000000000, 1.876688560911603298 ) ) ;
#2350 = FACE_OUTER_BOUND ( 'NONE', #987, .T. ) ;
#2351 = B_SPLINE_SURFACE_WITH_KNOTS ( 'NONE', 3, 1, ( 
 ( #8716, #9571 ),
 ( #2723, #5791 ),
 ( #4969, #5018 ),
 ( #4236, #8029 ) ),
 .UNSPECIFIED., .F., .F., .F.,
 ( 4, 4 ),
 ( 2, 2 ),
 ( 19.00000000000000000, 20.00000000000000000 ),
 ( 0.000000000000000000, 1.000000000000000000 ),
 .UNSPECIFIED. ) ;
#2352 = EDGE_CURVE ( 'NONE', #2756, #5268, #6289, .T. ) ;
#2353 = CARTESIAN_POINT ( 'NONE',  ( 6.841880733935292724, -3.000000000000000000, 1.718186881701425417 ) ) ;
#2354 = CARTESIAN_POINT ( 'NONE',  ( 5.109662355587391680, -3.000000000000000000, 2.361355640761474195 ) ) ;
#2355 = EDGE_CURVE ( 'NONE', #5667, #8903, #146, .T. ) ;
#2356 = CARTESIAN_POINT ( 'NONE',  ( 0.000000000000000000, 0.000000000000000000, 0.000000000000000000 ) ) ;
#2357 = ORIENTED_EDGE ( 'NONE', *, *, #3656, .F. ) ;
#2358 = CARTESIAN_POINT ( 'NONE',  ( 4.936599293744844630, -3.010000000000000231, 1.600789256043651632 ) ) ;
#2359 = PLANE ( 'NONE',  #4137 ) ;
#2360 = SURFACE_STYLE_FILL_AREA ( #916 ) ;
#2361 = FACE_OUTER_BOUND ( 'NONE', #375, .T. ) ;
#2362 = CARTESIAN_POINT ( 'NONE',  ( 7.425864451816630130, -3.010000000000000231, 1.880782096017092897 ) ) ;
#2363 = EDGE_LOOP ( 'NONE', ( #8296, #4504 ) ) ;
#2364 = VERTEX_POINT ( 'NONE', #4921 ) ;
#2365 = SURFACE_STYLE_USAGE ( .BOTH. , #6922 ) ;
#2366 = CARTESIAN_POINT ( 'NONE',  ( 6.681905382086232414, -3.000000000000000000, 1.798747652540360065 ) ) ;
#2367 = CARTESIAN_POINT ( 'NONE',  ( 5.886168860597935648, -3.010000000000000231, 2.213341205978663684 ) ) ;
#2368 = VECTOR ( 'NONE', #620, 1000.000000000000000 ) ;
#2369 = CARTESIAN_POINT ( 'NONE',  ( 6.591110773487929286, -3.000000000000000000, 1.621906936062908811 ) ) ;
#2370 = CARTESIAN_POINT ( 'NONE',  ( 5.180253863939324077, -3.010000000000000231, 2.422838566338476163 ) ) ;
#2371 = CARTESIAN_POINT ( 'NONE',  ( 5.774588713476296320, -3.000000000000000000, 2.090375376536846908 ) ) ;
#2372 = CARTESIAN_POINT ( 'NONE',  ( 7.309853666981539710, -3.000000000000000000, 2.268521741030156580 ) ) ;
#2373 = PRESENTATION_LAYER_ASSIGNMENT (  '', '', ( #5394 ) ) ;
#2374 = ORIENTED_EDGE ( 'NONE', *, *, #9628, .T. ) ;
#2375 = CARTESIAN_POINT ( 'NONE',  ( 6.728244199458690566, -3.010000000000000231, 1.632713868737213359 ) ) ;
#2376 = CARTESIAN_POINT ( 'NONE',  ( 6.599297843695637766, -3.010000000000000231, 2.261972084865287780 ) ) ;
#2377 = ORIENTED_EDGE ( 'NONE', *, *, #1893, .F. ) ;
#2378 = CARTESIAN_POINT ( 'NONE',  ( 7.006358974398651185, -3.010000000000000231, 1.492878709597895703 ) ) ;
#2379 = ADVANCED_FACE ( 'NONE', ( #6675 ), #5199, .F. ) ;
#2380 = DIRECTION ( 'NONE',  ( -0.000000000000000000, 1.000000000000000000, -0.000000000000000000 ) ) ;
#2381 = EDGE_LOOP ( 'NONE', ( #8923, #5986, #8011, #566 ) ) ;
#2382 =( GEOMETRIC_REPRESENTATION_CONTEXT ( 3 ) GLOBAL_UNCERTAINTY_ASSIGNED_CONTEXT ( ( #3068 ) ) GLOBAL_UNIT_ASSIGNED_CONTEXT ( ( #3581, #4439, #1430 ) ) REPRESENTATION_CONTEXT ( 'NONE', 'WORKASPACE' ) );
#2383 = EDGE_CURVE ( 'NONE', #8489, #2635, #874, .T. ) ;
#2384 = LINE ( 'NONE', #5423, #966 ) ;
#2385 = ORIENTED_EDGE ( 'NONE', *, *, #3987, .F. ) ;
#2386 = CARTESIAN_POINT ( 'NONE',  ( 7.087820322960435959, -3.010000000000000231, 1.597836949654918959 ) ) ;
#2388 = ORIENTED_EDGE ( 'NONE', *, *, #8172, .T. ) ;
#2387 = VECTOR ( 'NONE', #7133, 1000.000000000000000 ) ;
#2389 = DIRECTION ( 'NONE',  ( 0.000000000000000000, 0.000000000000000000, -1.000000000000000000 ) ) ;
#2390 = PRESENTATION_LAYER_ASSIGNMENT (  '', '', ( #6031 ) ) ;
#2391 = CARTESIAN_POINT ( 'NONE',  ( 6.661110223759573401, -3.010000000000000231, 2.100031836165462185 ) ) ;
#2392 = CARTESIAN_POINT ( 'NONE',  ( 6.571298063586104909, -3.000000000000000000, 2.352521081356561794 ) ) ;
#2393 =( GEOMETRIC_REPRESENTATION_CONTEXT ( 3 ) GLOBAL_UNCERTAINTY_ASSIGNED_CONTEXT ( ( #9311 ) ) GLOBAL_UNIT_ASSIGNED_CONTEXT ( ( #8488, #1838, #7198 ) ) REPRESENTATION_CONTEXT ( 'NONE', 'WORKASPACE' ) );
#2394 = ADVANCED_FACE ( 'NONE', ( #5248 ), #687, .F. ) ;
#2395 = MECHANICAL_DESIGN_GEOMETRIC_PRESENTATION_REPRESENTATION (  '', ( #2569 ), #6677 ) ;
#2396 = EDGE_LOOP ( 'NONE', ( #9356, #5267, #4890, #7844 ) ) ;
#2397 = PRESENTATION_STYLE_ASSIGNMENT (( #4524 ) ) ;
#2398 = LINE ( 'NONE', #4614, #2742 ) ;
#2399 = SURFACE_STYLE_FILL_AREA ( #4761 ) ;
#2400 = CARTESIAN_POINT ( 'NONE',  ( 6.711051352023470251, -3.000000000000000000, 1.643520801411535004 ) ) ;
#2401 = CARTESIAN_POINT ( 'NONE',  ( 6.795705657966789381, -3.000000000000000000, 2.118698356238478464 ) ) ;
#2402 = DIRECTION ( 'NONE',  ( 0.000000000000000000, 0.000000000000000000, -1.000000000000000000 ) ) ;
#2403 = AXIS2_PLACEMENT_3D ( 'NONE', #5353, #1571, #1630 ) ;
#2404 = ORIENTED_EDGE ( 'NONE', *, *, #9255, .T. ) ;
#2405 = DIRECTION ( 'NONE',  ( -0.000000000000000000, 0.000000000000000000, 1.000000000000000000 ) ) ;
#2406 = ORIENTED_EDGE ( 'NONE', *, *, #2815, .T. ) ;
#2407 = CARTESIAN_POINT ( 'NONE',  ( 7.568155732017515902, -3.010000000000000231, 2.229223804036626344 ) ) ;
#2408 = EDGE_CURVE ( 'NONE', #5884, #3541, #9617, .T. ) ;
#2409 = CARTESIAN_POINT ( 'NONE',  ( -9.624999999999998224, -2.799999999999999822, 9.999999999999998224 ) ) ;
#2410 = CARTESIAN_POINT ( 'NONE',  ( 6.972710115846025403, -3.000000000000000000, 1.687239756318483552 ) ) ;
#2411 = ADVANCED_FACE ( 'NONE', ( #3609 ), #3616, .F. ) ;
#2412 =( GEOMETRIC_REPRESENTATION_CONTEXT ( 3 ) GLOBAL_UNCERTAINTY_ASSIGNED_CONTEXT ( ( #7724 ) ) GLOBAL_UNIT_ASSIGNED_CONTEXT ( ( #903, #9141, #2339 ) ) REPRESENTATION_CONTEXT ( 'NONE', 'WORKASPACE' ) );
#2413 = EDGE_CURVE ( 'NONE', #8264, #8253, #9765, .T. ) ;
#2414 = VECTOR ( 'NONE', #9632, 1000.000000000000000 ) ;
#2415 = CARTESIAN_POINT ( 'NONE',  ( 6.822968601756339346, -3.010000000000000231, 1.750280196912090691 ) ) ;
#2416 = CARTESIAN_POINT ( 'NONE',  ( 6.768360843474201083, -3.010000000000000231, 1.744549247767018363 ) ) ;
#2417 = VERTEX_POINT ( 'NONE', #6729 ) ;
#2418 = ORIENTED_EDGE ( 'NONE', *, *, #6802, .T. ) ;
#2419 = DIRECTION ( 'NONE',  ( 1.000000000000000000, 0.000000000000000000, -0.000000000000000000 ) ) ;
#2420 = B_SPLINE_CURVE_WITH_KNOTS ( 'NONE', 3,
 ( #3934, #5358, #839, #44 ),
 .UNSPECIFIED., .F., .F.,
 ( 4, 4 ),
 ( 3.000000000000000000, 4.000000000000000000 ),
 .UNSPECIFIED. ) ;
#2421 = CARTESIAN_POINT ( 'NONE',  ( 7.534998097678949236, -3.010000000000000231, 1.880782096017092897 ) ) ;
#2422 = CARTESIAN_POINT ( 'NONE',  ( 7.275631713515077870, -3.000000000000000000, 2.175352882071195815 ) ) ;
#2423 = VECTOR ( 'NONE', #1503, 1000.000000000000000 ) ;
#2424 = LINE ( 'NONE', #1725, #3552 ) ;
#2425 = DIRECTION ( 'NONE',  ( -3.384756321093094178E-14, -0.000000000000000000, 1.000000000000000000 ) ) ;
#2426 = DIRECTION ( 'NONE',  ( -1.000000000000000000, 0.000000000000000000, -0.000000000000000000 ) ) ;
#2427 = VERTEX_POINT ( 'NONE', #3569 ) ;
#2428 = CARTESIAN_POINT ( 'NONE',  ( 7.309853666981539710, -3.010000000000000231, 2.308474643641707402 ) ) ;
#2429 = EDGE_LOOP ( 'NONE', ( #8739, #9838, #5987, #4506, #3606, #5655, #140, #6562, #8239, #9174, #5676, #5891, #2042, #3898, #3473, #2147, #5203, #4405, #3401, #3603, #4263, #5299, #7907, #6742, #1360, #3915, #7137, #1157, #1640, #4303, #3425, #4631, #1145 ) ) ;
#2430 = VECTOR ( 'NONE', #1620, 1000.000000000000000 ) ;
#2431 = DIRECTION ( 'NONE',  ( 1.000000000000000000, 0.000000000000000000, -0.000000000000000000 ) ) ;
#2432 = CARTESIAN_POINT ( 'NONE',  ( 6.630736193290477587, -3.010000000000000231, 2.170604381352050360 ) ) ;
#2433 = ORIENTED_EDGE ( 'NONE', *, *, #1768, .T. ) ;
#2434 = CARTESIAN_POINT ( 'NONE',  ( 5.073228067926217832, -3.000000000000000000, 2.190569884771403686 ) ) ;
#2435 = ORIENTED_EDGE ( 'NONE', *, *, #4723, .T. ) ;
#2436 = ORIENTED_EDGE ( 'NONE', *, *, #6416, .T. ) ;
#2437 = PRESENTATION_LAYER_ASSIGNMENT (  '', '', ( #1323 ) ) ;
#2438 = CARTESIAN_POINT ( 'NONE',  ( 7.706107865009146352, -3.010000000000000231, 1.875214888275975378 ) ) ;
#2439 = B_SPLINE_SURFACE_WITH_KNOTS ( 'NONE', 3, 1, ( 
 ( #6948, #6261 ),
 ( #5622, #9287 ),
 ( #2493, #5520 ),
 ( #8540, #1744 ) ),
 .UNSPECIFIED., .F., .F., .F.,
 ( 4, 4 ),
 ( 2, 2 ),
 ( 2.000000000000000000, 3.000000000000000000 ),
 ( 0.000000000000000000, 1.000000000000000000 ),
 .UNSPECIFIED. ) ;
#2440 = B_SPLINE_CURVE_WITH_KNOTS ( 'NONE', 3,
 ( #62, #7592, #4457, #3697 ),
 .UNSPECIFIED., .F., .F.,
 ( 4, 4 ),
 ( 4.000000000000000000, 5.000000000000000000 ),
 .UNSPECIFIED. ) ;
#2441 = ORIENTED_EDGE ( 'NONE', *, *, #1847, .T. ) ;
#2442 = SURFACE_STYLE_FILL_AREA ( #8637 ) ;
#2443 = ORIENTED_EDGE ( 'NONE', *, *, #2538, .F. ) ;
#2444 = DIRECTION ( 'NONE',  ( -0.000000000000000000, 1.000000000000000000, -0.000000000000000000 ) ) ;
#2445 = MECHANICAL_DESIGN_GEOMETRIC_PRESENTATION_REPRESENTATION (  '', ( #4058 ), #1021 ) ;
#2446 = CARTESIAN_POINT ( 'NONE',  ( 6.873073471424190117, -3.010000000000000231, 1.746677886022836912 ) ) ;
#2447 = EDGE_CURVE ( 'NONE', #5864, #4743, #8125, .T. ) ;
#2448 = EDGE_CURVE ( 'NONE', #3378, #3091, #9003, .T. ) ;
#2449 = CARTESIAN_POINT ( 'NONE',  ( 7.087820322960435959, -3.010000000000000231, 1.597836949654918959 ) ) ;
#2450 = CARTESIAN_POINT ( 'NONE',  ( 5.685780104726330997, -3.010000000000000231, 1.596234948368240092 ) ) ;
#2451 = ORIENTED_EDGE ( 'NONE', *, *, #3397, .F. ) ;
#2452 =( GEOMETRIC_REPRESENTATION_CONTEXT ( 3 ) GLOBAL_UNCERTAINTY_ASSIGNED_CONTEXT ( ( #6698 ) ) GLOBAL_UNIT_ASSIGNED_CONTEXT ( ( #633, #2067, #3663 ) ) REPRESENTATION_CONTEXT ( 'NONE', 'WORKASPACE' ) );
#2453 = CARTESIAN_POINT ( 'NONE',  ( 6.415252505436402686, -3.000000000000000000, 2.425713489008655799 ) ) ;
#2454 = CARTESIAN_POINT ( 'NONE',  ( 5.899831696753652821, -3.010000000000000231, 1.603066366447188695 ) ) ;
#2455 = DIRECTION ( 'NONE',  ( 0.000000000000000000, 1.000000000000000000, 0.000000000000000000 ) ) ;
#2456 = B_SPLINE_CURVE_WITH_KNOTS ( 'NONE', 3,
 ( #6445, #9528, #6490, #5067 ),
 .UNSPECIFIED., .F., .F.,
 ( 4, 4 ),
 ( 10.00000000000000000, 11.00000000000000000 ),
 .UNSPECIFIED. ) ;
#2457 = DIRECTION ( 'NONE',  ( 0.000000000000000000, 0.000000000000000000, 1.000000000000000000 ) ) ;
#2458 = CARTESIAN_POINT ( 'NONE',  ( 6.883716662694541633, -3.000000000000000000, 1.697882947586647484 ) ) ;
#2459 = CARTESIAN_POINT ( 'NONE',  ( 6.546163758050211889, -3.000000000000000000, 1.597345725443035436 ) ) ;
#2460 = EDGE_CURVE ( 'NONE', #2203, #7883, #1473, .T. ) ;
#2461 = ORIENTED_EDGE ( 'NONE', *, *, #775, .T. ) ;
#2462 = PLANE ( 'NONE',  #3709 ) ;
#2463 = DIRECTION ( 'NONE',  ( -0.3416038306815700754, 0.000000000000000000, 0.9398440417769733379 ) ) ;
#2464 = CARTESIAN_POINT ( 'NONE',  ( 7.109516059007777500, -3.010000000000000231, 1.639591007712180915 ) ) ;
#2465 = CARTESIAN_POINT ( 'NONE',  ( 6.538877265565354868, -3.010000000000000231, 1.880782096017082461 ) ) ;
#2466 = CARTESIAN_POINT ( 'NONE',  ( 6.843190665168046749, -3.010000000000000231, 1.632058903121383686 ) ) ;
#2467 = ORIENTED_EDGE ( 'NONE', *, *, #4079, .T. ) ;
#2468 = ORIENTED_EDGE ( 'NONE', *, *, #8750, .F. ) ;
#2469 = VERTEX_POINT ( 'NONE', #3516 ) ;
#2470 = CARTESIAN_POINT ( 'NONE',  ( 6.681905382086232414, -3.010000000000000231, 1.798747652540360065 ) ) ;
#2471 = EDGE_CURVE ( 'NONE', #6933, #6426, #9572, .T. ) ;
#2472 = LINE ( 'NONE', #4085, #4031 ) ;
#2473 = FACE_OUTER_BOUND ( 'NONE', #1457, .T. ) ;
#2474 = UNCERTAINTY_MEASURE_WITH_UNIT (LENGTH_MEASURE( 1.000000000000000082E-05 ), #9631, 'distance_accuracy_value', 'NONE');
#2475 =( LENGTH_UNIT ( ) NAMED_UNIT ( * ) SI_UNIT ( .MILLI., .METRE. ) );
#2476 = CARTESIAN_POINT ( 'NONE',  ( 7.938375046789632350, -3.010000000000000231, 1.917623911949080551 ) ) ;
#2477 = DIRECTION ( 'NONE',  ( -0.000000000000000000, 1.000000000000000000, 0.000000000000000000 ) ) ;
#2478 = FACE_OUTER_BOUND ( 'NONE', #3389, .T. ) ;
#2479 = CARTESIAN_POINT ( 'NONE',  ( 7.585021096644815941, -3.010000000000000231, 1.917623911949080551 ) ) ;
#2480 = ORIENTED_EDGE ( 'NONE', *, *, #5620, .T. ) ;
#2481 = DIRECTION ( 'NONE',  ( -0.000000000000000000, 1.000000000000000000, -0.000000000000000000 ) ) ;
#2482 = PLANE ( 'NONE',  #7639 ) ;
#2483 = ADVANCED_FACE ( 'NONE', ( #2817 ), #5792, .F. ) ;
#2484 = ORIENTED_EDGE ( 'NONE', *, *, #4324, .T. ) ;
#2485 = CARTESIAN_POINT ( 'NONE',  ( 4.692944766983458749, -3.000000000000000000, 1.778406473543591160 ) ) ;
#2486 = VERTEX_POINT ( 'NONE', #6181 ) ;
#2487 = ORIENTED_EDGE ( 'NONE', *, *, #7938, .T. ) ;
#2488 = CARTESIAN_POINT ( 'NONE',  ( 6.728244199458690566, -3.010000000000000231, 1.742748092323486153 ) ) ;
#2489 = ORIENTED_EDGE ( 'NONE', *, *, #2233, .T. ) ;
#2490 = CARTESIAN_POINT ( 'NONE',  ( 6.655952369529446244, -3.000000000000000000, 1.702303965497876659 ) ) ;
#2491 = LINE ( 'NONE', #7049, #6865 ) ;
#2492 = DIRECTION ( 'NONE',  ( 0.000000000000000000, 0.000000000000000000, -1.000000000000000000 ) ) ;
#2493 = CARTESIAN_POINT ( 'NONE',  ( 7.252871658338731820, -3.010000000000000231, 2.153084051108916874 ) ) ;
#2494 = CARTESIAN_POINT ( 'NONE',  ( 4.625000000000002665, 1.604999999999999982, 0.5000000000000000000 ) ) ;
#2495 = CARTESIAN_POINT ( 'NONE',  ( 7.182299113149968051, -3.010000000000000231, 2.388871673076673474 ) ) ;
#2496 = CARTESIAN_POINT ( 'NONE',  ( 7.568155732017515902, -3.000000000000000000, 2.229223804036626344 ) ) ;
#2497 = VERTEX_POINT ( 'NONE', #3815 ) ;
#2498 = EDGE_CURVE ( 'NONE', #3084, #1136, #1669, .T. ) ;
#2499 = DIRECTION ( 'NONE',  ( -0.000000000000000000, -0.000000000000000000, 1.000000000000000000 ) ) ;
#2500 = CARTESIAN_POINT ( 'NONE',  ( 5.685780104726330997, -3.000000000000000000, 1.596234948368240092 ) ) ;
#2501 = LINE ( 'NONE', #6223, #4044 ) ;
#2502 = CARTESIAN_POINT ( 'NONE',  ( -9.624999999999998224, 0.000000000000000000, 9.999999999999998224 ) ) ;
#2503 = FACE_OUTER_BOUND ( 'NONE', #2701, .T. ) ;
#2504 = EDGE_LOOP ( 'NONE', ( #7411, #8856, #4644, #9836 ) ) ;
#2505 = LINE ( 'NONE', #2613, #766 ) ;
#2506 = EDGE_LOOP ( 'NONE', ( #8726, #9734, #1403, #8152 ) ) ;
#2507 = CARTESIAN_POINT ( 'NONE',  ( 6.750431159720059249, -3.010000000000000231, 2.431116955345815178 ) ) ;
#2508 =( NAMED_UNIT ( * ) SI_UNIT ( $, .STERADIAN. ) SOLID_ANGLE_UNIT ( ) );
#2509 = EDGE_CURVE ( 'NONE', #1685, #747, #2998, .T. ) ;
#2510 =( NAMED_UNIT ( * ) PLANE_ANGLE_UNIT ( ) SI_UNIT ( $, .RADIAN. ) );
#2511 = ADVANCED_FACE ( 'NONE', ( #2361 ), #2272, .F. ) ;
#2512 = LINE ( 'NONE', #3505, #5565 ) ;
#2513 = CARTESIAN_POINT ( 'NONE',  ( 6.679121778215677097, -3.000000000000000000, 2.136873652097444509 ) ) ;
#2514 =( GEOMETRIC_REPRESENTATION_CONTEXT ( 3 ) GLOBAL_UNCERTAINTY_ASSIGNED_CONTEXT ( ( #4352 ) ) GLOBAL_UNIT_ASSIGNED_CONTEXT ( ( #7667, #3004, #7520 ) ) REPRESENTATION_CONTEXT ( 'NONE', 'WORKASPACE' ) );
#2515 = VERTEX_POINT ( 'NONE', #9060 ) ;
#2516 = CARTESIAN_POINT ( 'NONE',  ( 6.654478696891643175, -3.010000000000000231, 1.798747652540360065 ) ) ;
#2517 = DIRECTION ( 'NONE',  ( -0.000000000000000000, 1.000000000000000000, -0.000000000000000000 ) ) ;
#2518 = CARTESIAN_POINT ( 'NONE',  ( 6.977213004460321777, -3.010000000000000231, 1.659567459016854762 ) ) ;
#2519 = CARTESIAN_POINT ( 'NONE',  ( 6.795705657966789381, -3.000000000000000000, 2.118698356238478464 ) ) ;
#2520 = B_SPLINE_CURVE_WITH_KNOTS ( 'NONE', 3,
 ( #5736, #3601, #8804, #5972 ),
 .UNSPECIFIED., .F., .F.,
 ( 4, 4 ),
 ( 3.000000000000000000, 4.000000000000000000 ),
 .UNSPECIFIED. ) ;
#2521 = STYLED_ITEM ( 'NONE', ( #860 ), #5870 ) ;
#2522 = CARTESIAN_POINT ( 'NONE',  ( 7.006358974398651185, -3.010000000000000231, 1.492878709597895703 ) ) ;
#2523 = CARTESIAN_POINT ( 'NONE',  ( 5.125000000000002665, 1.855000000000000204, -4.099999999999999645 ) ) ;
#2524 = DIRECTION ( 'NONE',  ( 0.3667976789509078128, 0.000000000000000000, 0.9303007377811901568 ) ) ;
#2525 = ADVANCED_FACE ( 'NONE', ( #8322 ), #3382, .F. ) ;
#2526 = B_SPLINE_CURVE_WITH_KNOTS ( 'NONE', 3,
 ( #6775, #6134, #2410, #378 ),
 .UNSPECIFIED., .F., .F.,
 ( 4, 4 ),
 ( 16.00000000000000000, 17.00000000000000000 ),
 .UNSPECIFIED. ) ;
#2527 = CARTESIAN_POINT ( 'NONE',  ( 6.546163758050211889, -3.010000000000000231, 1.633860058567110363 ) ) ;
#2528 = ORIENTED_EDGE ( 'NONE', *, *, #3860, .F. ) ;
#2529 = CARTESIAN_POINT ( 'NONE',  ( 6.936032041318004104, -3.000000000000000000, 1.655637665317507334 ) ) ;
#2530 = CIRCLE ( 'NONE', #305, 0.2000000000000005107 ) ;
#2531 = PLANE ( 'NONE',  #5112 ) ;
#2532 = ORIENTED_EDGE ( 'NONE', *, *, #1232, .F. ) ;
#2533 = SURFACE_SIDE_STYLE ('',( #9324 ) ) ;
#2534 = ORIENTED_EDGE ( 'NONE', *, *, #213, .T. ) ;
#2535 = ORIENTED_EDGE ( 'NONE', *, *, #4903, .F. ) ;
#2536 = DIRECTION ( 'NONE',  ( -0.000000000000000000, -0.000000000000000000, 1.000000000000000000 ) ) ;
#2537 = VERTEX_POINT ( 'NONE', #5348 ) ;
#2538 = EDGE_CURVE ( 'NONE', #6594, #5557, #746, .T. ) ;
#2539 = AXIS2_PLACEMENT_3D ( 'NONE', #2667, #4957, #2564 ) ;
#2540 = EDGE_CURVE ( 'NONE', #2961, #8959, #8364, .T. ) ;
#2541 = EDGE_CURVE ( 'NONE', #5959, #8101, #917, .T. ) ;
#2542 = DIRECTION ( 'NONE',  ( 1.000000000000000000, 0.000000000000000000, 0.000000000000000000 ) ) ;
#2543 = CARTESIAN_POINT ( 'NONE',  ( 7.109516059007777500, -3.010000000000000231, 1.639591007712180915 ) ) ;
#2544 = CARTESIAN_POINT ( 'NONE',  ( 7.102720790736976042, -3.000000000000000000, 1.654163992679707595 ) ) ;
#2545 = VECTOR ( 'NONE', #4747, 1000.000000000000000 ) ;
#2546 = B_SPLINE_CURVE_WITH_KNOTS ( 'NONE', 3,
 ( #2181, #5947, #9018, #7483 ),
 .UNSPECIFIED., .F., .F.,
 ( 4, 4 ),
 ( 19.00000000000000000, 20.00000000000000000 ),
 .UNSPECIFIED. ) ;
#2547 = AXIS2_PLACEMENT_3D ( 'NONE', #2007, #7262, #7310 ) ;
#2548 = PLANE ( 'NONE',  #2046 ) ;
#2549 = CARTESIAN_POINT ( 'NONE',  ( 5.756371569645167163, -3.000000000000000000, 2.249775537071849740 ) ) ;
#2550 = CARTESIAN_POINT ( 'NONE',  ( -9.824999999999999289, -3.000000000000000000, 9.999999999999998224 ) ) ;
#2551 = VERTEX_POINT ( 'NONE', #8413 ) ;
#2552 = DIRECTION ( 'NONE',  ( -0.000000000000000000, 1.000000000000000000, -0.000000000000000000 ) ) ;
#2553 = PRESENTATION_LAYER_ASSIGNMENT (  '', '', ( #5560 ) ) ;
#2554 = PRESENTATION_STYLE_ASSIGNMENT (( #6312 ) ) ;
#2555 = CARTESIAN_POINT ( 'NONE',  ( -9.824999999999999289, -2.799999999999999822, 10.19999999999999929 ) ) ;
#2556 = MECHANICAL_DESIGN_GEOMETRIC_PRESENTATION_REPRESENTATION (  '', ( #9048 ), #5724 ) ;
#2557 = CARTESIAN_POINT ( 'NONE',  ( 7.133913528228045031, -3.010000000000000231, 2.388871673076673474 ) ) ;
#2558 = DIRECTION ( 'NONE',  ( 1.000000000000000000, -0.000000000000000000, 2.601421064473125976E-14 ) ) ;
#2559 = MECHANICAL_DESIGN_GEOMETRIC_PRESENTATION_REPRESENTATION (  '', ( #9044 ), #9053 ) ;
#2560 = PLANE ( 'NONE',  #3621 ) ;
#2561 = EDGE_LOOP ( 'NONE', ( #9713, #6114, #5275, #2674 ) ) ;
#2562 = COLOUR_RGB ( '',1.000000000000000000, 1.000000000000000000, 1.000000000000000000 ) ;
#2563 = ORIENTED_EDGE ( 'NONE', *, *, #7255, .F. ) ;
#2564 = DIRECTION ( 'NONE',  ( 0.000000000000000000, 0.000000000000000000, -1.000000000000000000 ) ) ;
#2565 = FACE_OUTER_BOUND ( 'NONE', #7932, .T. ) ;
#2566 = CARTESIAN_POINT ( 'NONE',  ( 7.632424233145182590, -3.000000000000000000, 1.597345725443044095 ) ) ;
#2567 = AXIS2_PLACEMENT_3D ( 'NONE', #8921, #2829, #3627 ) ;
#2568 = DIRECTION ( 'NONE',  ( -0.000000000000000000, -0.000000000000000000, 1.000000000000000000 ) ) ;
#2569 = STYLED_ITEM ( 'NONE', ( #3927 ), #8985 ) ;
#2570 = VERTEX_POINT ( 'NONE', #7563 ) ;
#2571 = LINE ( 'NONE', #8616, #3519 ) ;
#2572 = ADVANCED_FACE ( 'NONE', ( #773 ), #4899, .T. ) ;
#2573 = CARTESIAN_POINT ( 'NONE',  ( 6.822722989650397807, -3.010000000000000231, 1.646795629492870505 ) ) ;
#2574 = EDGE_CURVE ( 'NONE', #3766, #368, #9209, .T. ) ;
#2575 = FILL_AREA_STYLE_COLOUR ( '', #3370 ) ;
#2576 = CARTESIAN_POINT ( 'NONE',  ( 7.706107865009146352, -3.010000000000000231, 1.642210870177697180 ) ) ;
#2577 = VECTOR ( 'NONE', #5530, 1000.000000000000000 ) ;
#2578 = AXIS2_PLACEMENT_3D ( 'NONE', #8046, #9487, #2693 ) ;
#2579 = CARTESIAN_POINT ( 'NONE',  ( -8.053738883706529350, -2.979999999999999982, 1.843383459213754350 ) ) ;
#2580 = PRESENTATION_LAYER_ASSIGNMENT (  '', '', ( #6842 ) ) ;
#2581 = CARTESIAN_POINT ( 'NONE',  ( 4.754427681705468700, -3.010000000000000231, 1.710092205894480077 ) ) ;
#2582 = CARTESIAN_POINT ( 'NONE',  ( 6.629590003461671266, -3.000000000000000000, 1.824291311586151432 ) ) ;
#2583 = DIRECTION ( 'NONE',  ( -0.000000000000000000, 1.000000000000000000, -0.000000000000000000 ) ) ;
#2584 = EDGE_LOOP ( 'NONE', ( #2193, #9615, #9741, #4097, #1846, #9427, #5225, #9642, #7407, #1489, #1040, #5630 ) ) ;
#2585 = ORIENTED_EDGE ( 'NONE', *, *, #8656, .F. ) ;
#2586 = CARTESIAN_POINT ( 'NONE',  ( 5.045902308746413212, -3.000000000000000000, 2.327198463502726522 ) ) ;
#2587 = AXIS2_PLACEMENT_3D ( 'NONE', #6463, #7962, #1902 ) ;
#2588 = FACE_OUTER_BOUND ( 'NONE', #7100, .T. ) ;
#2589 = EDGE_CURVE ( 'NONE', #7365, #4597, #1715, .T. ) ;
#2590 = CARTESIAN_POINT ( 'NONE',  ( 7.013481725478459161, -3.000000000000000000, 1.490750071344261185 ) ) ;
#2591 = ORIENTED_EDGE ( 'NONE', *, *, #5207, .T. ) ;
#2592 = ORIENTED_EDGE ( 'NONE', *, *, #3134, .F. ) ;
#2593 = CARTESIAN_POINT ( 'NONE',  ( 7.305023295558240370, -3.000000000000000000, 2.150300447237265544 ) ) ;
#2594 = VERTEX_POINT ( 'NONE', #9114 ) ;
#2595 = VECTOR ( 'NONE', #4830, 1000.000000000000227 ) ;
#2596 = LINE ( 'NONE', #5567, #7661 ) ;
#2597 = CARTESIAN_POINT ( 'NONE',  ( 5.970423161673574342, -3.010000000000000231, 1.912758072170702039 ) ) ;
#2598 = DIRECTION ( 'NONE',  ( 0.9369753459439897902, 0.000000000000000000, 0.3493954794972895517 ) ) ;
#2599 = EDGE_CURVE ( 'NONE', #1443, #5813, #7525, .T. ) ;
#2600 = VECTOR ( 'NONE', #2079, 1000.000000000000000 ) ;
#2601 = CARTESIAN_POINT ( 'NONE',  ( 6.831565025473940622, -3.010000000000000231, 1.800876290793994583 ) ) ;
#2602 = EDGE_CURVE ( 'NONE', #5696, #1477, #2526, .T. ) ;
#2603 = VERTEX_POINT ( 'NONE', #6917 ) ;
#2604 = FACE_OUTER_BOUND ( 'NONE', #8325, .T. ) ;
#2605 = ORIENTED_EDGE ( 'NONE', *, *, #7376, .F. ) ;
#2606 = EDGE_LOOP ( 'NONE', ( #3522, #6886, #4386, #1370 ) ) ;
#2607 = CARTESIAN_POINT ( 'NONE',  ( 7.514776034266136051, -3.010000000000000231, 2.384778137973367684 ) ) ;
#2608 = DIRECTION ( 'NONE',  ( -0.000000000000000000, 1.000000000000000000, -0.000000000000000000 ) ) ;
#2609 = VECTOR ( 'NONE', #3249, 1000.000000000000000 ) ;
#2610 = B_SPLINE_SURFACE_WITH_KNOTS ( 'NONE', 3, 1, ( 
 ( #8864, #2229 ),
 ( #9582, #3618 ),
 ( #8915, #5260 ),
 ( #8283, #8135 ) ),
 .UNSPECIFIED., .F., .F., .F.,
 ( 4, 4 ),
 ( 2, 2 ),
 ( 4.000000000000000000, 5.000000000000000000 ),
 ( 0.000000000000000000, 1.000000000000000000 ),
 .UNSPECIFIED. ) ;
#2611 = DIRECTION ( 'NONE',  ( -0.9398440417738237462, 0.000000000000000000, -0.3416038306902356991 ) ) ;
#2612 = VERTEX_POINT ( 'NONE', #7973 ) ;
#2613 = CARTESIAN_POINT ( 'NONE',  ( 6.660455258142648383, -3.010000000000000231, 1.733251090883014545 ) ) ;
#2614 = ORIENTED_EDGE ( 'NONE', *, *, #8860, .T. ) ;
#2615 = ORIENTED_EDGE ( 'NONE', *, *, #2540, .F. ) ;
#2616 = VECTOR ( 'NONE', #6091, 1000.000000000000000 ) ;
#2617 = SURFACE_STYLE_USAGE ( .BOTH. , #4908 ) ;
#2618 = CARTESIAN_POINT ( 'NONE',  ( 7.006358974398651185, -3.000000000000000000, 1.528574335702177489 ) ) ;
#2619 = LINE ( 'NONE', #3308, #3183 ) ;
#2620 = FACE_OUTER_BOUND ( 'NONE', #5435, .T. ) ;
#2621 = CARTESIAN_POINT ( 'NONE',  ( 6.727179880331871864, -3.000000000000000000, 1.632713868737213359 ) ) ;
#2622 = VERTEX_POINT ( 'NONE', #7765 ) ;
#2623 = CARTESIAN_POINT ( 'NONE',  ( 6.772781861386510727, -3.000000000000000000, 2.387561741842824770 ) ) ;
#2624 = B_SPLINE_CURVE_WITH_KNOTS ( 'NONE', 3,
 ( #7550, #2201, #9143, #6014 ),
 .UNSPECIFIED., .F., .F.,
 ( 4, 4 ),
 ( 4.000000000000000000, 5.000000000000000000 ),
 .UNSPECIFIED. ) ;
#2625 = CARTESIAN_POINT ( 'NONE',  ( 6.728244199458690566, -3.010000000000000231, 1.632713868737213359 ) ) ;
#2626 = CARTESIAN_POINT ( 'NONE',  ( 5.282725439145402824, -3.000000000000000000, 1.874046717538012441 ) ) ;
#2627 = DIRECTION ( 'NONE',  ( -0.000000000000000000, 1.000000000000000000, -0.000000000000000000 ) ) ;
#2628 = CARTESIAN_POINT ( 'NONE',  ( 7.519770147093407076, -3.000000000000000000, 2.362345565604948572 ) ) ;
#2629 = CARTESIAN_POINT ( 'NONE',  ( 6.655870498827471948, -3.010000000000000231, 1.831332191965078904 ) ) ;
#2630 = B_SPLINE_CURVE_WITH_KNOTS ( 'NONE', 3,
 ( #7302, #5043, #3696, #8104 ),
 .UNSPECIFIED., .F., .F.,
 ( 4, 4 ),
 ( 2.000000000000000000, 3.000000000000000000 ),
 .UNSPECIFIED. ) ;
#2631 = CARTESIAN_POINT ( 'NONE',  ( 7.353327009780375789, -3.000000000000000000, 2.269667930860042926 ) ) ;
#2632 = ADVANCED_FACE ( 'NONE', ( #425 ), #9353, .F. ) ;
#2633 = ADVANCED_FACE ( 'NONE', ( #9506 ), #7871, .F. ) ;
#2634 = ORIENTED_EDGE ( 'NONE', *, *, #834, .T. ) ;
#2635 = VERTEX_POINT ( 'NONE', #4226 ) ;
#2636 = LINE ( 'NONE', #4287, #5407 ) ;
#2637 = PRESENTATION_STYLE_ASSIGNMENT (( #6584 ) ) ;
#2638 = CARTESIAN_POINT ( 'NONE',  ( 6.826734654051733742, -3.010000000000000231, 1.738163333006109701 ) ) ;
#2639 = ORIENTED_EDGE ( 'NONE', *, *, #2156, .F. ) ;
#2640 = CARTESIAN_POINT ( 'NONE',  ( 6.529789617635866961, -3.010000000000000231, 1.741601902493589149 ) ) ;
#2641 = VERTEX_POINT ( 'NONE', #8706 ) ;
#2642 = EDGE_LOOP ( 'NONE', ( #6366, #6628, #2563, #8857 ) ) ;
#2643 = LINE ( 'NONE', #7143, #7437 ) ;
#2644 = ORIENTED_EDGE ( 'NONE', *, *, #4806, .T. ) ;
#2645 = ADVANCED_FACE ( 'NONE', ( #2565 ), #4274, .F. ) ;
#2646 = ADVANCED_FACE ( 'NONE', ( #5590 ), #5539, .F. ) ;
#2647 = DIRECTION ( 'NONE',  ( 0.000000000000000000, -1.000000000000000000, 0.000000000000000000 ) ) ;
#2648 = CARTESIAN_POINT ( 'NONE',  ( 6.027351790435611534, -3.010000000000000231, 1.698706480142302189 ) ) ;
#2649 = CARTESIAN_POINT ( 'NONE',  ( 7.416776803886056868, -3.010000000000000231, 2.105435302502622896 ) ) ;
#2650 = CARTESIAN_POINT ( 'NONE',  ( 7.738283050923977058, -3.000000000000000000, 1.846887625358536011 ) ) ;
#2651 = FACE_OUTER_BOUND ( 'NONE', #1708, .T. ) ;
#2652 =( NAMED_UNIT ( * ) PLANE_ANGLE_UNIT ( ) SI_UNIT ( $, .RADIAN. ) );
#2653 = ORIENTED_EDGE ( 'NONE', *, *, #2902, .T. ) ;
#2654 = DIRECTION ( 'NONE',  ( -0.000000000000000000, 1.000000000000000000, -0.000000000000000000 ) ) ;
#2655 = VERTEX_POINT ( 'NONE', #8759 ) ;
#2656 = LINE ( 'NONE', #2450, #9019 ) ;
#2657 = ORIENTED_EDGE ( 'NONE', *, *, #8415, .F. ) ;
#2658 = ORIENTED_EDGE ( 'NONE', *, *, #7899, .F. ) ;
#2659 = EDGE_CURVE ( 'NONE', #3159, #7858, #4771, .T. ) ;
#2660 = LINE ( 'NONE', #5673, #6536 ) ;
#2661 = LINE ( 'NONE', #8748, #8458 ) ;
#2662 = CARTESIAN_POINT ( 'NONE',  ( 7.231339663692092579, -3.010000000000000231, 2.105435302502622896 ) ) ;
#2663 = VERTEX_POINT ( 'NONE', #3263 ) ;
#2664 = LINE ( 'NONE', #4167, #6308 ) ;
#2665 = EDGE_LOOP ( 'NONE', ( #7038, #3695, #6320, #1386, #4381, #4022, #2967, #4325, #1148, #5254, #2920, #5703, #9179, #7791, #2069 ) ) ;
#2666 = ORIENTED_EDGE ( 'NONE', *, *, #771, .T. ) ;
#2667 = CARTESIAN_POINT ( 'NONE',  ( 4.625000000000002665, 1.604999999999999982, -4.099999999999999645 ) ) ;
#2668 =( NAMED_UNIT ( * ) SI_UNIT ( $, .STERADIAN. ) SOLID_ANGLE_UNIT ( ) );
#2669 = EDGE_CURVE ( 'NONE', #2114, #2093, #2619, .T. ) ;
#2670 = DIRECTION ( 'NONE',  ( -0.000000000000000000, 1.000000000000000000, -0.000000000000000000 ) ) ;
#2671 = B_SPLINE_SURFACE_WITH_KNOTS ( 'NONE', 3, 1, ( 
 ( #9580, #2783 ),
 ( #548, #4578 ),
 ( #3716, #9811 ),
 ( #7364, #6620 ) ),
 .UNSPECIFIED., .F., .F., .F.,
 ( 4, 4 ),
 ( 2, 2 ),
 ( 4.000000000000000000, 5.000000000000000000 ),
 ( 0.000000000000000000, 1.000000000000000000 ),
 .UNSPECIFIED. ) ;
#2672 = EDGE_CURVE ( 'NONE', #8534, #5696, #1816, .T. ) ;
#2673 = CARTESIAN_POINT ( 'NONE',  ( 6.625250856252422160, -3.000000000000000000, 1.674304185390523836 ) ) ;
#2674 = ORIENTED_EDGE ( 'NONE', *, *, #3942, .T. ) ;
#2675 = DIRECTION ( 'NONE',  ( 1.000000000000000000, 0.000000000000000000, 0.000000000000000000 ) ) ;
#2676 = SURFACE_STYLE_USAGE ( .BOTH. , #1126 ) ;
#2677 = CARTESIAN_POINT ( 'NONE',  ( 6.727179880331871864, -3.000000000000000000, 1.632713868737213359 ) ) ;
#2678 = CARTESIAN_POINT ( 'NONE',  ( 7.165000000000000924, 1.855000000000000204, -4.099999999999999645 ) ) ;
#2679 = LINE ( 'NONE', #6483, #1337 ) ;
#2680 = COLOUR_RGB ( '',0.2980392156862745057, 0.2980392156862745057, 0.2980392156862745057 ) ;
#2681 = CARTESIAN_POINT ( 'NONE',  ( 7.353327009780375789, -3.010000000000000231, 2.269667930860042926 ) ) ;
#2682 = ORIENTED_EDGE ( 'NONE', *, *, #2843, .F. ) ;
#2683 = CARTESIAN_POINT ( 'NONE',  ( 7.510518757758879005, -3.000000000000000000, 2.367585290538150922 ) ) ;
#2684 = FACE_OUTER_BOUND ( 'NONE', #4538, .T. ) ;
#2685 = DIRECTION ( 'NONE',  ( -0.3283461648125166055, -0.000000000000000000, 0.9445574604294392218 ) ) ;
#2686 = VECTOR ( 'NONE', #9333, 1000.000000000000000 ) ;
#2687 = LINE ( 'NONE', #6547, #1483 ) ;
#2688 = VERTEX_POINT ( 'NONE', #3361 ) ;
#2689 = CARTESIAN_POINT ( 'NONE',  ( 5.102830894076442192, -3.000000000000000000, 1.582571938480119567 ) ) ;
#2690 = VERTEX_POINT ( 'NONE', #6382 ) ;
#2691 = CARTESIAN_POINT ( 'NONE',  ( 7.006358974398651185, -3.000000000000000000, 1.528574335702177489 ) ) ;
#2692 = DIRECTION ( 'NONE',  ( -0.000000000000000000, 1.000000000000000000, -0.000000000000000000 ) ) ;
#2693 = DIRECTION ( 'NONE',  ( -0.3559357243643019864, 0.000000000000000000, -0.9345104387438696314 ) ) ;
#2694 = ORIENTED_EDGE ( 'NONE', *, *, #9682, .F. ) ;
#2695 = ADVANCED_FACE ( 'NONE', ( #1119 ), #4173, .T. ) ;
#2696 = EDGE_CURVE ( 'NONE', #4766, #3690, #5010, .T. ) ;
#2697 = DIRECTION ( 'NONE',  ( 0.000000000000000000, 0.000000000000000000, -1.000000000000000000 ) ) ;
#2698 = VECTOR ( 'NONE', #1066, 1000.000000000000000 ) ;
#2699 = ORIENTED_EDGE ( 'NONE', *, *, #2107, .T. ) ;
#2700 = CARTESIAN_POINT ( 'NONE',  ( -8.074999999999999289, 1.604999999999999982, -4.099999999999999645 ) ) ;
#2701 = EDGE_LOOP ( 'NONE', ( #4618, #8359, #6603, #1718 ) ) ;
#2702 = B_SPLINE_CURVE_WITH_KNOTS ( 'NONE', 3,
 ( #5734, #8758, #4025, #8611 ),
 .UNSPECIFIED., .F., .F.,
 ( 4, 4 ),
 ( 5.000000000000000000, 6.000000000000000000 ),
 .UNSPECIFIED. ) ;
#2703 = DIRECTION ( 'NONE',  ( -1.000000000000000000, -0.000000000000000000, -0.000000000000000000 ) ) ;
#2704 = CARTESIAN_POINT ( 'NONE',  ( 7.305023295558240370, -3.010000000000000231, 2.383304465335559286 ) ) ;
#2705 = DIRECTION ( 'NONE',  ( -0.000000000000000000, -0.000000000000000000, 1.000000000000000000 ) ) ;
#2706 = CIRCLE ( 'NONE', #6806, 0.2000000000000005107 ) ;
#2707 = EDGE_LOOP ( 'NONE', ( #6894, #4083, #32, #8443 ) ) ;
#2708 = ADVANCED_FACE ( 'NONE', ( #2768 ), #5669, .F. ) ;
#2709 = CARTESIAN_POINT ( 'NONE',  ( 6.949131353649899978, -3.000000000000000000, 1.793180444799247875 ) ) ;
#2710 = ORIENTED_EDGE ( 'NONE', *, *, #6644, .F. ) ;
#2711 = ORIENTED_EDGE ( 'NONE', *, *, #8301, .F. ) ;
#2712 = CARTESIAN_POINT ( 'NONE',  ( 4.859176432464708206, -3.010000000000000231, 1.789792329595085718 ) ) ;
#2713 = MECHANICAL_DESIGN_GEOMETRIC_PRESENTATION_REPRESENTATION (  '', ( #7135 ), #171 ) ;
#2714 = CARTESIAN_POINT ( 'NONE',  ( 2.585000000000002185, 1.604999999999999982, 0.5000000000000000000 ) ) ;
#2715 = CARTESIAN_POINT ( 'NONE',  ( 7.165000000000000924, 1.604999999999999982, -4.099999999999999645 ) ) ;
#2716 = ORIENTED_EDGE ( 'NONE', *, *, #2383, .F. ) ;
#2717 = CARTESIAN_POINT ( 'NONE',  ( 5.029962318751897143, -3.010000000000000231, 2.190569884771403686 ) ) ;
#2718 = VECTOR ( 'NONE', #8736, 1000.000000000000000 ) ;
#2719 = EDGE_CURVE ( 'NONE', #8652, #4223, #5095, .T. ) ;
#2720 = CARTESIAN_POINT ( 'NONE',  ( 7.305023295558240370, -3.010000000000000231, 2.150300447237265544 ) ) ;
#2721 = EDGE_CURVE ( 'NONE', #9490, #7384, #6295, .T. ) ;
#2722 = EDGE_CURVE ( 'NONE', #83, #7216, #5784, .T. ) ;
#2723 = CARTESIAN_POINT ( 'NONE',  ( 6.840407061297499425, -3.010000000000000231, 1.596527018421072253 ) ) ;
#2724 = LINE ( 'NONE', #3275, #1657 ) ;
#2725 = PRESENTATION_LAYER_ASSIGNMENT (  '', '', ( #4955 ) ) ;
#2726 = AXIS2_PLACEMENT_3D ( 'NONE', #9102, #8310, #3092 ) ;
#2727 = FACE_OUTER_BOUND ( 'NONE', #3444, .T. ) ;
#2728 = ADVANCED_BREP_SHAPE_REPRESENTATION ( 'PWRM-TH_5P-L19.7-W6.0-P2.54_RH-051509D', ( #8453, #1104 ), #634 ) ;
#2729 = B_SPLINE_CURVE_WITH_KNOTS ( 'NONE', 3,
 ( #6465, #8648, #1851, #8606 ),
 .UNSPECIFIED., .F., .F.,
 ( 4, 4 ),
 ( 15.00000000000000000, 16.00000000000000000 ),
 .UNSPECIFIED. ) ;
#2730 = ORIENTED_EDGE ( 'NONE', *, *, #5808, .T. ) ;
#2731 = VERTEX_POINT ( 'NONE', #7359 ) ;
#2732 = ORIENTED_EDGE ( 'NONE', *, *, #3656, .T. ) ;
#2733 = LINE ( 'NONE', #7326, #6661 ) ;
#2734 = CARTESIAN_POINT ( 'NONE',  ( 7.915860603719233168, -3.009999999999999343, 1.876688560911603298 ) ) ;
#2735 = LINE ( 'NONE', #8080, #9082 ) ;
#2736 = VECTOR ( 'NONE', #745, 1000.000000000000000 ) ;
#2737 = DIRECTION ( 'NONE',  ( -0.000000000000000000, 1.000000000000000000, -0.000000000000000000 ) ) ;
#2738 = DIRECTION ( 'NONE',  ( -1.000000000000000000, 0.000000000000000000, -0.000000000000000000 ) ) ;
#2739 = DIRECTION ( 'NONE',  ( -0.2524218971879677031, -0.000000000000000000, 0.9676172723861573566 ) ) ;
#2740 = CARTESIAN_POINT ( 'NONE',  ( 7.094533720530349363, -3.010000000000000231, 1.514001350732457896 ) ) ;
#2741 = VECTOR ( 'NONE', #5476, 1000.000000000000000 ) ;
#2742 = VECTOR ( 'NONE', #9151, 1000.000000000000000 ) ;
#2743 = CARTESIAN_POINT ( 'NONE',  ( 6.654806179699561675, -3.010000000000000231, 1.624854281338506512 ) ) ;
#2744 = SURFACE_STYLE_FILL_AREA ( #4348 ) ;
#2745 =( GEOMETRIC_REPRESENTATION_CONTEXT ( 3 ) GLOBAL_UNCERTAINTY_ASSIGNED_CONTEXT ( ( #4692 ) ) GLOBAL_UNIT_ASSIGNED_CONTEXT ( ( #2475, #6191, #1723 ) ) REPRESENTATION_CONTEXT ( 'NONE', 'WORKASPACE' ) );
#2746 = CARTESIAN_POINT ( 'NONE',  ( 7.425864451816631906, -3.000000000000000000, 1.880782096017092897 ) ) ;
#2747 = CARTESIAN_POINT ( 'NONE',  ( 6.966242330383139780, -3.010000000000000231, 1.821180224906592038 ) ) ;
#2748 = LINE ( 'NONE', #408, #2285 ) ;
#2749 = UNCERTAINTY_MEASURE_WITH_UNIT (LENGTH_MEASURE( 1.000000000000000082E-05 ), #7811, 'distance_accuracy_value', 'NONE');
#2750 = ORIENTED_EDGE ( 'NONE', *, *, #507, .T. ) ;
#2751 = CARTESIAN_POINT ( 'NONE',  ( 5.817854506082627886, -3.010000000000000231, 2.343138475213796923 ) ) ;
#2752 = ORIENTED_EDGE ( 'NONE', *, *, #4675, .T. ) ;
#2753 = VERTEX_POINT ( 'NONE', #6662 ) ;
#2754 = CARTESIAN_POINT ( 'NONE',  ( 6.373907800890121322, -3.000000000000000000, 2.105435302502615791 ) ) ;
#2755 = B_SPLINE_SURFACE_WITH_KNOTS ( 'NONE', 3, 1, ( 
 ( #6592, #2084 ),
 ( #8140, #1340 ),
 ( #2466, #1717 ),
 ( #9732, #4492 ) ),
 .UNSPECIFIED., .F., .F., .F.,
 ( 4, 4 ),
 ( 2, 2 ),
 ( 0.000000000000000000, 1.000000000000000000 ),
 ( 0.000000000000000000, 1.000000000000000000 ),
 .UNSPECIFIED. ) ;
#2756 = VERTEX_POINT ( 'NONE', #8110 ) ;
#2757 = ORIENTED_EDGE ( 'NONE', *, *, #143, .F. ) ;
#2758 = CARTESIAN_POINT ( 'NONE',  ( 7.848644757315960341, -3.010000000000000231, 1.684947376658705087 ) ) ;
#2759 = ADVANCED_FACE ( 'NONE', ( #7455 ), #8164, .F. ) ;
#2760 = ADVANCED_FACE ( 'NONE', ( #4371 ), #8896, .F. ) ;
#2761 = DIRECTION ( 'NONE',  ( -1.000000000000000000, 0.000000000000000000, -0.000000000000000000 ) ) ;
#2762 = VERTEX_POINT ( 'NONE', #676 ) ;
#2763 = VECTOR ( 'NONE', #7017, 1000.000000000000000 ) ;
#2764 = DIRECTION ( 'NONE',  ( 0.000000000000000000, 0.000000000000000000, -1.000000000000000000 ) ) ;
#2765 = EDGE_LOOP ( 'NONE', ( #4356, #4554, #8075, #8231 ) ) ;
#2766 = VERTEX_POINT ( 'NONE', #3650 ) ;
#2767 =( GEOMETRIC_REPRESENTATION_CONTEXT ( 3 ) GLOBAL_UNCERTAINTY_ASSIGNED_CONTEXT ( ( #8791 ) ) GLOBAL_UNIT_ASSIGNED_CONTEXT ( ( #8044, #3629, #7289 ) ) REPRESENTATION_CONTEXT ( 'NONE', 'WORKASPACE' ) );
#2768 = FACE_OUTER_BOUND ( 'NONE', #8241, .T. ) ;
#2769 = CARTESIAN_POINT ( 'NONE',  ( 6.546163758050211889, -3.000000000000000000, 1.633860058567110363 ) ) ;
#2770 = EDGE_CURVE ( 'NONE', #8644, #6037, #3599, .T. ) ;
#2771 = DIRECTION ( 'NONE',  ( 0.000000000000000000, 0.000000000000000000, 1.000000000000000000 ) ) ;
#2772 = VERTEX_POINT ( 'NONE', #1264 ) ;
#2773 = CARTESIAN_POINT ( 'NONE',  ( 6.713016248873132419, -3.010000000000000231, 2.136873652097444509 ) ) ;
#2774 = DIRECTION ( 'NONE',  ( -0.000000000000000000, 1.000000000000000000, -0.000000000000000000 ) ) ;
#2775 = CARTESIAN_POINT ( 'NONE',  ( 7.447560187865060577, -3.010000000000000231, 2.193036953720469473 ) ) ;
#2776 = DIRECTION ( 'NONE',  ( 1.000000000000000000, 0.000000000000000000, 0.000000000000000000 ) ) ;
#2777 = EDGE_CURVE ( 'NONE', #4942, #6581, #3503, .T. ) ;
#2778 = EDGE_LOOP ( 'NONE', ( #8190, #1091, #7612, #1695 ) ) ;
#2779 = ORIENTED_EDGE ( 'NONE', *, *, #9508, .T. ) ;
#2780 = FACE_OUTER_BOUND ( 'NONE', #9281, .T. ) ;
#2781 = ADVANCED_FACE ( 'NONE', ( #6614 ), #5829, .F. ) ;
#2782 = ADVANCED_FACE ( 'NONE', ( #5875 ), #3561, .T. ) ;
#2783 = CARTESIAN_POINT ( 'NONE',  ( 6.719811517145025448, -3.000000000000000000, 2.431116955345815178 ) ) ;
#2784 = PLANE ( 'NONE',  #1287 ) ;
#2785 = DIRECTION ( 'NONE',  ( 1.000000000000000000, -0.000000000000000000, -0.000000000000000000 ) ) ;
#2786 = CARTESIAN_POINT ( 'NONE',  ( 7.447560187865060577, -3.010000000000000231, 2.193036953720469473 ) ) ;
#2787 = LINE ( 'NONE', #7197, #7924 ) ;
#2788 = CARTESIAN_POINT ( 'NONE',  ( 7.433150944301497809, -3.010000000000000231, 1.597345725443038988 ) ) ;
#2789 = FACE_BOUND ( 'NONE', #6570, .T. ) ;
#2790 = CYLINDRICAL_SURFACE ( 'NONE', #1011, 0.2000000000000005107 ) ;
#2791 = CARTESIAN_POINT ( 'NONE',  ( 6.768360843474201083, -3.010000000000000231, 1.744549247767018363 ) ) ;
#2792 = EDGE_CURVE ( 'NONE', #8949, #4570, #5971, .T. ) ;
#2793 = CARTESIAN_POINT ( 'NONE',  ( 6.937587584657789463, -3.000000000000000000, 1.717531916083413490 ) ) ;
#2794 = ORIENTED_EDGE ( 'NONE', *, *, #1603, .F. ) ;
#2795 = LINE ( 'NONE', #4258, #8852 ) ;
#2796 = EDGE_LOOP ( 'NONE', ( #8441, #9769, #7581, #1944 ) ) ;
#2797 = CARTESIAN_POINT ( 'NONE',  ( 6.876512040911660684, -3.010000000000000231, 1.790233099523641513 ) ) ;
#2798 = EDGE_LOOP ( 'NONE', ( #2757, #4220, #6466, #9702 ) ) ;
#2799 = DIRECTION ( 'NONE',  ( 1.000000000000000000, 0.000000000000000000, -0.000000000000000000 ) ) ;
#2800 = ORIENTED_EDGE ( 'NONE', *, *, #1891, .F. ) ;
#2801 = CARTESIAN_POINT ( 'NONE',  ( 6.681905382086232414, -3.010000000000000231, 1.798747652540360065 ) ) ;
#2802 = LINE ( 'NONE', #1451, #1773 ) ;
#2803 = B_SPLINE_CURVE_WITH_KNOTS ( 'NONE', 3,
 ( #5369, #3691, #8240, #5224, #3899, #3744, #750 ),
 .UNSPECIFIED., .F., .F.,
 ( 4, 3, 4 ),
 ( 0.000000000000000000, 1.000000000000000000, 2.000000000000000000 ),
 .UNSPECIFIED. ) ;
#2804 = PLANE ( 'NONE',  #8996 ) ;
#2805 = VERTEX_POINT ( 'NONE', #9561 ) ;
#2806 = ADVANCED_FACE ( 'NONE', ( #527 ), #2307, .F. ) ;
#2807 = CARTESIAN_POINT ( 'NONE',  ( 6.555906371596618598, -3.010000000000000231, 2.211539732387338475 ) ) ;
#2808 = DIRECTION ( 'NONE',  ( -0.000000000000000000, -0.000000000000000000, 1.000000000000000000 ) ) ;
#2809 = CARTESIAN_POINT ( 'NONE',  ( 7.416776803886063973, -3.010000000000000231, 1.741601902493590925 ) ) ;
#2810 = CARTESIAN_POINT ( 'NONE',  ( 5.703997161691265028, -3.010000000000000231, 1.735140767804566053 ) ) ;
#2811 = ORIENTED_EDGE ( 'NONE', *, *, #6389, .T. ) ;
#2812 = FILL_AREA_STYLE ('',( #9614 ) ) ;
#2813 = ORIENTED_EDGE ( 'NONE', *, *, #4691, .T. ) ;
#2814 = ADVANCED_FACE ( 'NONE', ( #8314 ), #2206, .F. ) ;
#2815 = EDGE_CURVE ( 'NONE', #9346, #1923, #3908, .T. ) ;
#2816 = CARTESIAN_POINT ( 'NONE',  ( 6.609859164262935849, -3.010000000000000231, 1.726210210504100839 ) ) ;
#2817 = FACE_OUTER_BOUND ( 'NONE', #3521, .T. ) ;
#2818 = VERTEX_POINT ( 'NONE', #8353 ) ;
#2819 = EDGE_LOOP ( 'NONE', ( #9829, #543, #589, #5561, #4758, #9278, #4652 ) ) ;
#2820 = DIRECTION ( 'NONE',  ( -1.000000000000000000, -0.000000000000000000, -0.000000000000000000 ) ) ;
#2821 = B_SPLINE_SURFACE_WITH_KNOTS ( 'NONE', 3, 1, ( 
 ( #4672, #869 ),
 ( #1659, #4715 ),
 ( #3955, #313 ),
 ( #8544, #1006 ) ),
 .UNSPECIFIED., .F., .F., .F.,
 ( 4, 4 ),
 ( 2, 2 ),
 ( 6.000000000000000000, 7.000000000000000000 ),
 ( 0.000000000000000000, 1.000000000000000000 ),
 .UNSPECIFIED. ) ;
#2822 = CARTESIAN_POINT ( 'NONE',  ( -9.624999999999998224, -2.799999999999999822, 9.999999999999998224 ) ) ;
#2823 = FACE_OUTER_BOUND ( 'NONE', #5139, .T. ) ;
#2824 = EDGE_LOOP ( 'NONE', ( #2388, #7536, #9204, #636 ) ) ;
#2825 = EDGE_CURVE ( 'NONE', #9407, #7944, #6767, .T. ) ;
#2826 = SURFACE_STYLE_USAGE ( .BOTH. , #2533 ) ;
#2827 = B_SPLINE_CURVE_WITH_KNOTS ( 'NONE', 3,
 ( #6927, #3975, #833, #4733 ),
 .UNSPECIFIED., .F., .F.,
 ( 4, 4 ),
 ( 17.00000000000000000, 18.00000000000000000 ),
 .UNSPECIFIED. ) ;
#2828 = PLANE ( 'NONE',  #8393 ) ;
#2829 = DIRECTION ( 'NONE',  ( -0.000000000000000000, 1.000000000000000000, 0.000000000000000000 ) ) ;
#2830 = DIRECTION ( 'NONE',  ( -1.000000000000000000, 0.000000000000000000, -0.000000000000000000 ) ) ;
#2831 = CARTESIAN_POINT ( 'NONE',  ( 5.455788392405196419, -3.000000000000000000, 2.375018520350290263 ) ) ;
#2832 = AXIS2_PLACEMENT_3D ( 'NONE', #4611, #8311, #5288 ) ;
#2833 = CARTESIAN_POINT ( 'NONE',  ( 7.275631713515077870, -3.000000000000000000, 2.175352882071195815 ) ) ;
#2834 = LINE ( 'NONE', #8094, #6713 ) ;
#2835 = UNCERTAINTY_MEASURE_WITH_UNIT (LENGTH_MEASURE( 1.000000000000000082E-05 ), #5440, 'distance_accuracy_value', 'NONE');
#2836 = ORIENTED_EDGE ( 'NONE', *, *, #7715, .T. ) ;
#2837 = ADVANCED_FACE ( 'NONE', ( #3141 ), #2999, .T. ) ;
#2838 = FACE_OUTER_BOUND ( 'NONE', #4118, .T. ) ;
#2839 = VERTEX_POINT ( 'NONE', #815 ) ;
#2840 = ORIENTED_EDGE ( 'NONE', *, *, #9012, .F. ) ;
#2841 = ORIENTED_EDGE ( 'NONE', *, *, #1586, .F. ) ;
#2842 = ADVANCED_FACE ( 'NONE', ( #6168 ), #5756, .T. ) ;
#2843 = EDGE_CURVE ( 'NONE', #9543, #5906, #909, .T. ) ;
#2844 = CARTESIAN_POINT ( 'NONE',  ( 7.914878155293300743, -3.010000000000000231, 1.876688560911603298 ) ) ;
#2845 = ORIENTED_EDGE ( 'NONE', *, *, #951, .F. ) ;
#2846 = DIRECTION ( 'NONE',  ( -0.000000000000000000, 1.000000000000000000, -0.000000000000000000 ) ) ;
#2847 = B_SPLINE_CURVE_WITH_KNOTS ( 'NONE', 3,
 ( #5652, #4243, #6489, #2734 ),
 .UNSPECIFIED., .F., .F.,
 ( 4, 4 ),
 ( 1.000000000000000000, 2.000000000000000000 ),
 .UNSPECIFIED. ) ;
#2848 = LINE ( 'NONE', #5776, #2088 ) ;
#2849 = VECTOR ( 'NONE', #8941, 1000.000000000000000 ) ;
#2850 = CARTESIAN_POINT ( 'NONE',  ( 6.597005464036952205, -3.000000000000000000, 2.143750791072403405 ) ) ;
#2851 = ORIENTED_EDGE ( 'NONE', *, *, #3203, .T. ) ;
#2852 = CARTESIAN_POINT ( 'NONE',  ( 7.537290477336535233, -3.010000000000000231, 2.425713489008664681 ) ) ;
#2853 = CARTESIAN_POINT ( 'NONE',  ( 6.609859164262935849, -3.010000000000000231, 1.726210210504100839 ) ) ;
#2854 = AXIS2_PLACEMENT_3D ( 'NONE', #4053, #4849, #7848 ) ;
#2855 = CARTESIAN_POINT ( 'NONE',  ( 6.728244199458690566, -3.000000000000000000, 1.632713868737213359 ) ) ;
#2856 =( LENGTH_UNIT ( ) NAMED_UNIT ( * ) SI_UNIT ( .MILLI., .METRE. ) );
#2857 = EDGE_LOOP ( 'NONE', ( #7697, #4996, #8885, #4423 ) ) ;
#2858 = DIRECTION ( 'NONE',  ( 0.000000000000000000, 0.000000000000000000, 1.000000000000000000 ) ) ;
#2859 = VECTOR ( 'NONE', #1210, 1000.000000000000000 ) ;
#2860 = ORIENTED_EDGE ( 'NONE', *, *, #3019, .F. ) ;
#2861 = CARTESIAN_POINT ( 'NONE',  ( 5.806468693464239550, -3.010000000000000231, 1.735140767804566053 ) ) ;
#2862 = VECTOR ( 'NONE', #3531, 1000.000000000000000 ) ;
#2863 = ORIENTED_EDGE ( 'NONE', *, *, #7582, .F. ) ;
#2864 = CARTESIAN_POINT ( 'NONE',  ( 7.493653393133764773, -3.000000000000000000, 1.597345725443044095 ) ) ;
#2865 = CARTESIAN_POINT ( 'NONE',  ( 5.455788392405196419, -3.000000000000000000, 2.375018520350290263 ) ) ;
#2866 = CARTESIAN_POINT ( 'NONE',  ( 0.000000000000000000, -2.799999999999999822, 10.19999999999999929 ) ) ;
#2867 = LINE ( 'NONE', #6627, #7840 ) ;
#2868 = ORIENTED_EDGE ( 'NONE', *, *, #6088, .T. ) ;
#2869 = VERTEX_POINT ( 'NONE', #3097 ) ;
#2870 = EDGE_CURVE ( 'NONE', #3277, #9654, #9150, .T. ) ;
#2871 = DIRECTION ( 'NONE',  ( -0.4673073067545617243, 0.000000000000000000, 0.8840949502478780975 ) ) ;
#2872 = MECHANICAL_DESIGN_GEOMETRIC_PRESENTATION_REPRESENTATION (  '', ( #6031 ), #4319 ) ;
#2873 = EDGE_CURVE ( 'NONE', #2641, #4064, #3953, .T. ) ;
#2874 = DIRECTION ( 'NONE',  ( -1.000000000000000000, -0.000000000000000000, -0.000000000000000000 ) ) ;
#2875 = CARTESIAN_POINT ( 'NONE',  ( 6.606911818987319940, -3.000000000000000000, 1.810045809426548136 ) ) ;
#2876 = VECTOR ( 'NONE', #1627, 1000.000000000000000 ) ;
#2877 = DIRECTION ( 'NONE',  ( -0.9398440417769733379, 0.000000000000000000, -0.3416038306815700754 ) ) ;
#2878 = AXIS2_PLACEMENT_3D ( 'NONE', #1730, #6199, #3278 ) ;
#2879 = CARTESIAN_POINT ( 'NONE',  ( 7.014218561797355811, -3.000000000000000000, 1.525463249022609213 ) ) ;
#2880 = CARTESIAN_POINT ( 'NONE',  ( 6.884780981821356782, -3.000000000000000000, 1.591942259105878055 ) ) ;
#2881 = VERTEX_POINT ( 'NONE', #6955 ) ;
#2882 = CARTESIAN_POINT ( 'NONE',  ( 9.624999999999998224, -2.799999999999999822, 10.19999999999999929 ) ) ;
#2883 = EDGE_LOOP ( 'NONE', ( #2957, #6746, #5825, #301 ) ) ;
#2884 = B_SPLINE_CURVE_WITH_KNOTS ( 'NONE', 3,
 ( #6751, #1500, #5372, #1594 ),
 .UNSPECIFIED., .F., .F.,
 ( 4, 4 ),
 ( 11.00000000000000000, 12.00000000000000000 ),
 .UNSPECIFIED. ) ;
#2885 = CARTESIAN_POINT ( 'NONE',  ( 5.685780104726330997, -3.010000000000000231, 1.596234948368240092 ) ) ;
#2886 = VECTOR ( 'NONE', #3001, 1000.000000000000000 ) ;
#2887 = ADVANCED_FACE ( 'NONE', ( #4669 ), #2110, .F. ) ;
#2888 = COLOUR_RGB ( '',0.6666666666666666297, 0.6666666666666666297, 0.6666666666666666297 ) ;
#2889 = CARTESIAN_POINT ( 'NONE',  ( 7.309853666981539710, -3.010000000000000231, 2.268521741030156580 ) ) ;
#2890 = CARTESIAN_POINT ( 'NONE',  ( 5.886168860597935648, -3.010000000000000231, 2.213341205978663684 ) ) ;
#2891 = ORIENTED_EDGE ( 'NONE', *, *, #604, .T. ) ;
#2892 = ORIENTED_EDGE ( 'NONE', *, *, #356, .T. ) ;
#2893 = ORIENTED_EDGE ( 'NONE', *, *, #9481, .F. ) ;
#2894 = VECTOR ( 'NONE', #9070, 1000.000000000000000 ) ;
#2895 = VECTOR ( 'NONE', #7086, 1000.000000000000000 ) ;
#2896 = CARTESIAN_POINT ( 'NONE',  ( 7.094533720530349363, -3.000000000000000000, 1.514001350732457896 ) ) ;
#2897 = VECTOR ( 'NONE', #1970, 1000.000000000000000 ) ;
#2898 = LINE ( 'NONE', #7254, #5591 ) ;
#2899 = LINE ( 'NONE', #6116, #38 ) ;
#2900 = EDGE_CURVE ( 'NONE', #2189, #5839, #1799, .T. ) ;
#2901 = LINE ( 'NONE', #5136, #6208 ) ;
#2902 = EDGE_CURVE ( 'NONE', #1951, #7113, #1345, .T. ) ;
#2903 = EDGE_CURVE ( 'NONE', #8195, #2242, #7752, .T. ) ;
#2904 = SURFACE_STYLE_FILL_AREA ( #1216 ) ;
#2905 = VERTEX_POINT ( 'NONE', #4344 ) ;
#2906 = CARTESIAN_POINT ( 'NONE',  ( 7.133913528228045031, -3.010000000000000231, 2.388871673076673474 ) ) ;
#2907 = CARTESIAN_POINT ( 'NONE',  ( 6.625250856252422160, -3.010000000000000231, 1.650889164598363656 ) ) ;
#2908 = FACE_OUTER_BOUND ( 'NONE', #7988, .T. ) ;
#2909 =( GEOMETRIC_REPRESENTATION_CONTEXT ( 3 ) GLOBAL_UNCERTAINTY_ASSIGNED_CONTEXT ( ( #6141 ) ) GLOBAL_UNIT_ASSIGNED_CONTEXT ( ( #4928, #4289, #1982 ) ) REPRESENTATION_CONTEXT ( 'NONE', 'WORKASPACE' ) );
#2910 = CARTESIAN_POINT ( 'NONE',  ( 7.710938236430269654, -3.010000000000000231, 1.760432163970577779 ) ) ;
#2911 = CARTESIAN_POINT ( 'NONE',  ( 9.624999999999996447, -3.000000000000000000, 0.000000000000000000 ) ) ;
#2912 = ORIENTED_EDGE ( 'NONE', *, *, #7800, .F. ) ;
#2913 = FACE_OUTER_BOUND ( 'NONE', #8053, .T. ) ;
#2914 = ORIENTED_EDGE ( 'NONE', *, *, #50, .F. ) ;
#2915 = VECTOR ( 'NONE', #1742, 1000.000000000000000 ) ;
#2916 = LINE ( 'NONE', #9764, #6816 ) ;
#2917 = CARTESIAN_POINT ( 'NONE',  ( 4.936599293744844630, -3.010000000000000231, 1.600789256043651632 ) ) ;
#2918 = FILL_AREA_STYLE_COLOUR ( '', #2071 ) ;
#2919 = DIRECTION ( 'NONE',  ( -1.000000000000000000, 0.000000000000000000, 0.000000000000000000 ) ) ;
#2920 = ORIENTED_EDGE ( 'NONE', *, *, #411, .T. ) ;
#2921 = VERTEX_POINT ( 'NONE', #6221 ) ;
#2922 =( GEOMETRIC_REPRESENTATION_CONTEXT ( 3 ) GLOBAL_UNCERTAINTY_ASSIGNED_CONTEXT ( ( #7293 ) ) GLOBAL_UNIT_ASSIGNED_CONTEXT ( ( #9390, #7097, #8641 ) ) REPRESENTATION_CONTEXT ( 'NONE', 'WORKASPACE' ) );
#2923 = LINE ( 'NONE', #1478, #665 ) ;
#2924 = CARTESIAN_POINT ( 'NONE',  ( 0.000000000000000000, 0.000000000000000000, 0.000000000000000000 ) ) ;
#2925 = DIRECTION ( 'NONE',  ( 0.3658589216693949320, -0.000000000000000000, -0.9306703226357374570 ) ) ;
#2926 = CARTESIAN_POINT ( 'NONE',  ( 6.599297843695637766, -3.010000000000000231, 2.261972084865287780 ) ) ;
#2927 = DIRECTION ( 'NONE',  ( 0.000000000000000000, 0.000000000000000000, 1.000000000000000000 ) ) ;
#2928 = CARTESIAN_POINT ( 'NONE',  ( 6.728244199458690566, -3.000000000000000000, 1.671356840114924358 ) ) ;
#2929 = AXIS2_PLACEMENT_3D ( 'NONE', #7683, #2426, #5462 ) ;
#2930 = EDGE_CURVE ( 'NONE', #4932, #6559, #6906, .T. ) ;
#2931 = CARTESIAN_POINT ( 'NONE',  ( 6.633028572949148938, -3.000000000000000000, 2.415397780548394824 ) ) ;
#2932 = EDGE_CURVE ( 'NONE', #8998, #5751, #3252, .T. ) ;
#2933 = CARTESIAN_POINT ( 'NONE',  ( 7.580927561541505710, -3.010000000000000231, 2.193036953720473026 ) ) ;
#2934 = ORIENTED_EDGE ( 'NONE', *, *, #397, .T. ) ;
#2935 = ORIENTED_EDGE ( 'NONE', *, *, #2111, .F. ) ;
#2936 = LINE ( 'NONE', #7539, #3372 ) ;
#2937 = EDGE_LOOP ( 'NONE', ( #8384, #8238, #1628, #334 ) ) ;
#2938 = CARTESIAN_POINT ( 'NONE',  ( 6.884617240416298856, -3.000000000000000000, 1.795964048668708513 ) ) ;
#2939 = ORIENTED_EDGE ( 'NONE', *, *, #3859, .T. ) ;
#2940 = VERTEX_POINT ( 'NONE', #7999 ) ;
#2941 = EDGE_CURVE ( 'NONE', #4240, #5121, #6267, .T. ) ;
#2942 = CARTESIAN_POINT ( 'NONE',  ( 5.886168860597935648, -3.010000000000000231, 2.213341205978663684 ) ) ;
#2943 = ORIENTED_EDGE ( 'NONE', *, *, #3019, .T. ) ;
#2944 = EDGE_CURVE ( 'NONE', #9280, #2235, #7810, .T. ) ;
#2945 = LINE ( 'NONE', #2844, #1918 ) ;
#2946 = EDGE_LOOP ( 'NONE', ( #7676, #7393, #7559, #6509 ) ) ;
#2947 = CARTESIAN_POINT ( 'NONE',  ( 6.822722989650397807, -3.000000000000000000, 1.605369054245710858 ) ) ;
#2948 = CARTESIAN_POINT ( 'NONE',  ( 9.624999999999998224, -2.799999999999999822, 9.999999999999998224 ) ) ;
#2949 = FACE_OUTER_BOUND ( 'NONE', #5324, .T. ) ;
#2950 = VERTEX_POINT ( 'NONE', #9292 ) ;
#2951 = LINE ( 'NONE', #9189, #972 ) ;
#2952 = ORIENTED_EDGE ( 'NONE', *, *, #4259, .F. ) ;
#2953 = CARTESIAN_POINT ( 'NONE',  ( 6.868406841407013630, -3.010000000000000231, 1.784665891782520664 ) ) ;
#2954 = EDGE_CURVE ( 'NONE', #1758, #8806, #5481, .T. ) ;
#2955 = DIRECTION ( 'NONE',  ( 1.000000000000000000, 0.000000000000000000, 7.460765693852656490E-14 ) ) ;
#2956 = CARTESIAN_POINT ( 'NONE',  ( 6.657098559358238354, -3.010000000000000231, 1.591942259105878055 ) ) ;
#2957 = ORIENTED_EDGE ( 'NONE', *, *, #8955, .T. ) ;
#2958 = LINE ( 'NONE', #7709, #9486 ) ;
#2959 = VERTEX_POINT ( 'NONE', #1702 ) ;
#2960 = PLANE ( 'NONE',  #4833 ) ;
#2961 = VERTEX_POINT ( 'NONE', #5578 ) ;
#2962 = EDGE_CURVE ( 'NONE', #1046, #9240, #5379, .T. ) ;
#2963 = DIRECTION ( 'NONE',  ( 1.624890687905865994E-14, -0.000000000000000000, -1.000000000000000000 ) ) ;
#2964 = DIRECTION ( 'NONE',  ( 1.000000000000000000, 0.000000000000000000, -0.000000000000000000 ) ) ;
#2965 = EDGE_CURVE ( 'NONE', #3403, #658, #6550, .T. ) ;
#2966 = VERTEX_POINT ( 'NONE', #4759 ) ;
#2967 = ORIENTED_EDGE ( 'NONE', *, *, #5793, .T. ) ;
#2968 = VERTEX_POINT ( 'NONE', #8546 ) ;
#2969 = CARTESIAN_POINT ( 'NONE',  ( 5.690334325534464277, -3.010000000000000231, 1.737417878208080690 ) ) ;
#2970 = CARTESIAN_POINT ( 'NONE',  ( 5.453511282000583549, -3.010000000000000231, 2.511647229380917778 ) ) ;
#2971 = FACE_OUTER_BOUND ( 'NONE', #3384, .T. ) ;
#2972 = LINE ( 'NONE', #7633, #4311 ) ;
#2973 = FILL_AREA_STYLE ('',( #2081 ) ) ;
#2974 = DIRECTION ( 'NONE',  ( -0.000000000000000000, 1.000000000000000000, -0.000000000000000000 ) ) ;
#2975 = ORIENTED_EDGE ( 'NONE', *, *, #8228, .T. ) ;
#2976 = ORIENTED_EDGE ( 'NONE', *, *, #7376, .T. ) ;
#2977 = DIRECTION ( 'NONE',  ( -1.000000000000000000, 0.000000000000000000, 0.000000000000000000 ) ) ;
#2978 = CARTESIAN_POINT ( 'NONE',  ( 7.305023295558240370, -3.010000000000000231, 2.383304465335559286 ) ) ;
#2979 = ORIENTED_EDGE ( 'NONE', *, *, #2498, .F. ) ;
#2980 = FACE_OUTER_BOUND ( 'NONE', #1248, .T. ) ;
#2981 = EDGE_LOOP ( 'NONE', ( #606, #4850, #572, #7431 ) ) ;
#2982 = CARTESIAN_POINT ( 'NONE',  ( 7.260894987141405466, -3.000000000000000000, 1.917623911949078774 ) ) ;
#2983 = B_SPLINE_SURFACE_WITH_KNOTS ( 'NONE', 3, 1, ( 
 ( #7123, #6333 ),
 ( #9419, #2626 ),
 ( #5642, #4916 ),
 ( #8663, #1867 ) ),
 .UNSPECIFIED., .F., .F., .F.,
 ( 4, 4 ),
 ( 2, 2 ),
 ( 15.00000000000000000, 16.00000000000000000 ),
 ( 0.000000000000000000, 1.000000000000000000 ),
 .UNSPECIFIED. ) ;
#2984 = ORIENTED_EDGE ( 'NONE', *, *, #5334, .F. ) ;
#2985 = CARTESIAN_POINT ( 'NONE',  ( -5.534999999999998366, 1.604999999999999982, 0.5000000000000000000 ) ) ;
#2986 = ORIENTED_EDGE ( 'NONE', *, *, #1964, .F. ) ;
#2987 = VECTOR ( 'NONE', #6026, 1000.000000000000000 ) ;
#2988 = CARTESIAN_POINT ( 'NONE',  ( 6.538877265565354868, -3.010000000000000231, 1.880782096017082461 ) ) ;
#2989 = ORIENTED_EDGE ( 'NONE', *, *, #9321, .F. ) ;
#2990 = LINE ( 'NONE', #9793, #2248 ) ;
#2991 = EDGE_CURVE ( 'NONE', #3084, #3848, #4011, .T. ) ;
#2992 = EDGE_CURVE ( 'NONE', #458, #9149, #8823, .T. ) ;
#2993 = CARTESIAN_POINT ( 'NONE',  ( 7.416776803886063973, -3.010000000000000231, 1.741601902493590925 ) ) ;
#2994 = PLANE ( 'NONE',  #4605 ) ;
#2995 = ORIENTED_EDGE ( 'NONE', *, *, #4014, .F. ) ;
#2996 = AXIS2_PLACEMENT_3D ( 'NONE', #2495, #1055, #6363 ) ;
#2997 = CARTESIAN_POINT ( 'NONE',  ( 6.742571572321352846, -3.010000000000000231, 2.100031836165462185 ) ) ;
#2998 = B_SPLINE_CURVE_WITH_KNOTS ( 'NONE', 3,
 ( #5447, #7672, #4724, #9160 ),
 .UNSPECIFIED., .F., .F.,
 ( 4, 4 ),
 ( 2.000000000000000000, 3.000000000000000000 ),
 .UNSPECIFIED. ) ;
#2999 = CYLINDRICAL_SURFACE ( 'NONE', #5716, 0.2000000000000005107 ) ;
#3000 = PRESENTATION_STYLE_ASSIGNMENT (( #1513 ) ) ;
#3001 = DIRECTION ( 'NONE',  ( -0.000000000000000000, 1.000000000000000000, -0.000000000000000000 ) ) ;
#3002 = VERTEX_POINT ( 'NONE', #5072 ) ;
#3003 = EDGE_CURVE ( 'NONE', #190, #5368, #446, .T. ) ;
#3004 =( NAMED_UNIT ( * ) PLANE_ANGLE_UNIT ( ) SI_UNIT ( $, .RADIAN. ) );
#3005 = VERTEX_POINT ( 'NONE', #1750 ) ;
#3006 = CARTESIAN_POINT ( 'NONE',  ( 6.685098339466682305, -3.010000000000000231, 1.624854281338506512 ) ) ;
#3007 = ORIENTED_EDGE ( 'NONE', *, *, #1964, .T. ) ;
#3008 = VECTOR ( 'NONE', #3343, 1000.000000000000000 ) ;
#3009 = DIRECTION ( 'NONE',  ( 0.000000000000000000, 0.000000000000000000, -1.000000000000000000 ) ) ;
#3010 = CARTESIAN_POINT ( 'NONE',  ( 7.111153473051708751, -3.010000000000000231, 1.645813181069124331 ) ) ;
#3011 = ORIENTED_EDGE ( 'NONE', *, *, #568, .T. ) ;
#3012 = ORIENTED_EDGE ( 'NONE', *, *, #3972, .T. ) ;
#3013 = CARTESIAN_POINT ( 'NONE',  ( 5.380642619812027405, -3.010000000000000231, 1.696429369738771786 ) ) ;
#3014 = EDGE_CURVE ( 'NONE', #6954, #2968, #1591, .T. ) ;
#3015 = CARTESIAN_POINT ( 'NONE',  ( 8.014678541121291744, -3.010000000000000231, 1.597345725443044095 ) ) ;
#3016 = EDGE_CURVE ( 'NONE', #8344, #8481, #8042, .T. ) ;
#3017 = VECTOR ( 'NONE', #1218, 1000.000000000000000 ) ;
#3018 = DIRECTION ( 'NONE',  ( 1.000000000000000000, 0.000000000000000000, 1.624890687905865994E-14 ) ) ;
#3019 = EDGE_CURVE ( 'NONE', #6086, #4064, #6739, .T. ) ;
#3020 = LINE ( 'NONE', #8963, #2256 ) ;
#3021 = DIRECTION ( 'NONE',  ( -0.000000000000000000, 1.000000000000000000, -0.000000000000000000 ) ) ;
#3022 = FILL_AREA_STYLE_COLOUR ( '', #8400 ) ;
#3023 = PRESENTATION_LAYER_ASSIGNMENT (  '', '', ( #9048 ) ) ;
#3024 = VERTEX_POINT ( 'NONE', #6690 ) ;
#3025 = EDGE_LOOP ( 'NONE', ( #2986, #9088, #768, #350 ) ) ;
#3026 = CARTESIAN_POINT ( 'NONE',  ( 6.685671434381626810, -3.010000000000000231, 1.831332191965078904 ) ) ;
#3027 = CARTESIAN_POINT ( 'NONE',  ( 5.820131616487237203, -3.010000000000000231, 1.596234948368240092 ) ) ;
#3028 = AXIS2_PLACEMENT_3D ( 'NONE', #2809, #9611, #6721 ) ;
#3029 = AXIS2_PLACEMENT_3D ( 'NONE', #7687, #6985, #3173 ) ;
#3030 = EDGE_LOOP ( 'NONE', ( #6231, #3110, #3740, #814 ) ) ;
#3031 = CARTESIAN_POINT ( 'NONE',  ( 7.302239691688779288, -3.000000000000000000, 1.633860058567115470 ) ) ;
#3032 = VERTEX_POINT ( 'NONE', #8183 ) ;
#3033 = VERTEX_POINT ( 'NONE', #5213 ) ;
#3034 = CARTESIAN_POINT ( 'NONE',  ( 6.901155122235682171, -3.010000000000000231, 2.286369554081201017 ) ) ;
#3035 = EDGE_LOOP ( 'NONE', ( #3157, #3643, #3614, #6641 ) ) ;
#3036 = PLANE ( 'NONE',  #7942 ) ;
#3037 = EDGE_LOOP ( 'NONE', ( #6094, #4963, #7141, #5256 ) ) ;
#3038 = COLOUR_RGB ( '',0.2980392156862745057, 0.2980392156862745057, 0.2980392156862745057 ) ;
#3039 = VECTOR ( 'NONE', #131, 1000.000000000000000 ) ;
#3040 = DIRECTION ( 'NONE',  ( -0.3416038306815700754, 0.000000000000000000, 0.9398440417769733379 ) ) ;
#3041 = DIRECTION ( 'NONE',  ( 1.000000000000000000, -0.000000000000000000, -0.000000000000000000 ) ) ;
#3042 = FACE_OUTER_BOUND ( 'NONE', #7274, .T. ) ;
#3043 = CARTESIAN_POINT ( 'NONE',  ( 4.836404980959234656, -3.000000000000000000, 2.288487000289468831 ) ) ;
#3044 = CARTESIAN_POINT ( 'NONE',  ( 6.795705657966789381, -3.010000000000000231, 2.118698356238478464 ) ) ;
#3045 = VERTEX_POINT ( 'NONE', #7575 ) ;
#3046 = ADVANCED_FACE ( 'NONE', ( #4491 ), #7426, .F. ) ;
#3047 = EDGE_CURVE ( 'NONE', #5751, #61, #6046, .T. ) ;
#3048 = CARTESIAN_POINT ( 'NONE',  ( 7.754411579233464025, -3.010000000000000231, 1.761578353798287200 ) ) ;
#3049 =( LENGTH_UNIT ( ) NAMED_UNIT ( * ) SI_UNIT ( .MILLI., .METRE. ) );
#3050 = VECTOR ( 'NONE', #1128, 1000.000000000000000 ) ;
#3051 = FILL_AREA_STYLE ('',( #173 ) ) ;
#3052 = MECHANICAL_DESIGN_GEOMETRIC_PRESENTATION_REPRESENTATION (  '', ( #4968 ), #8571 ) ;
#3053 = CARTESIAN_POINT ( 'NONE',  ( 5.080059486004070202, -3.000000000000000000, 2.322644177546035582 ) ) ;
#3054 = AXIS2_PLACEMENT_3D ( 'NONE', #4717, #174, #5974 ) ;
#3055 = CARTESIAN_POINT ( 'NONE',  ( 6.681905382086232414, -3.010000000000000231, 1.798747652540360065 ) ) ;
#3056 = ORIENTED_EDGE ( 'NONE', *, *, #4918, .T. ) ;
#3057 = DIRECTION ( 'NONE',  ( -0.000000000000000000, 1.000000000000000000, -0.000000000000000000 ) ) ;
#3058 = VECTOR ( 'NONE', #914, 1000.000000000000000 ) ;
#3059 = DIRECTION ( 'NONE',  ( 0.000000000000000000, 1.000000000000000000, 0.000000000000000000 ) ) ;
#3060 = CARTESIAN_POINT ( 'NONE',  ( 7.108697351987983026, -3.000000000000000000, 1.635333731202734731 ) ) ;
#3061 = EDGE_CURVE ( 'NONE', #6086, #2839, #2546, .T. ) ;
#3062 = CARTESIAN_POINT ( 'NONE',  ( 6.111606178378534260, -3.000000000000000000, 1.915035269440425347 ) ) ;
#3063 = ORIENTED_EDGE ( 'NONE', *, *, #4871, .F. ) ;
#3064 = B_SPLINE_CURVE_WITH_KNOTS ( 'NONE', 3,
 ( #8437, #4048, #3990, #5469 ),
 .UNSPECIFIED., .F., .F.,
 ( 4, 4 ),
 ( 5.000000000000000000, 6.000000000000000000 ),
 .UNSPECIFIED. ) ;
#3065 = CARTESIAN_POINT ( 'NONE',  ( 6.954780432093002673, -3.010000000000000231, 1.707543690431075678 ) ) ;
#3066 = B_SPLINE_SURFACE_WITH_KNOTS ( 'NONE', 3, 1, ( 
 ( #8782, #7239 ),
 ( #2030, #2080 ),
 ( #4343, #8919 ),
 ( #9675, #1986 ) ),
 .UNSPECIFIED., .F., .F., .F.,
 ( 4, 4 ),
 ( 2, 2 ),
 ( 27.00000000000000000, 28.00000000000000000 ),
 ( 0.000000000000000000, 1.000000000000000000 ),
 .UNSPECIFIED. ) ;
#3067 = CARTESIAN_POINT ( 'NONE',  ( 5.792805857307428141, -3.000000000000000000, 2.090375376536846908 ) ) ;
#3068 = UNCERTAINTY_MEASURE_WITH_UNIT (LENGTH_MEASURE( 1.000000000000000082E-05 ), #3581, 'distance_accuracy_value', 'NONE');
#3069 = CARTESIAN_POINT ( 'NONE',  ( 5.890723081406068040, -3.000000000000000000, 2.090375376536846908 ) ) ;
#3070 = B_SPLINE_CURVE_WITH_KNOTS ( 'NONE', 3,
 ( #5664, #7000, #8592, #6362 ),
 .UNSPECIFIED., .F., .F.,
 ( 4, 4 ),
 ( 5.000000000000000000, 6.000000000000000000 ),
 .UNSPECIFIED. ) ;
#3071 =( NAMED_UNIT ( * ) PLANE_ANGLE_UNIT ( ) SI_UNIT ( $, .RADIAN. ) );
#3072 = EDGE_CURVE ( 'NONE', #8849, #2940, #4705, .T. ) ;
#3073 = CARTESIAN_POINT ( 'NONE',  ( 6.891903732901161206, -3.000000000000000000, 1.734888504922595498 ) ) ;
#3074 = STYLED_ITEM ( 'NONE', ( #6214 ), #1904 ) ;
#3075 = ADVANCED_FACE ( 'NONE', ( #5118 ), #5165, .F. ) ;
#3076 = ORIENTED_EDGE ( 'NONE', *, *, #4549, .F. ) ;
#3077 = CARTESIAN_POINT ( 'NONE',  ( 6.606911818987319940, -3.000000000000000000, 1.810045809426548136 ) ) ;
#3078 = CARTESIAN_POINT ( 'NONE',  ( 6.373907800890121322, -3.010000000000000231, 2.105435302502615791 ) ) ;
#3079 = COLOUR_RGB ( '',0.6666666666666666297, 0.6666666666666666297, 0.6666666666666666297 ) ;
#3080 = CARTESIAN_POINT ( 'NONE',  ( 5.353316904065320792, -3.000000000000000000, 2.511647229380910673 ) ) ;
#3081 = EDGE_LOOP ( 'NONE', ( #414, #6568, #3539, #6869, #3279, #4442, #7260, #8947 ) ) ;
#3082 = ORIENTED_EDGE ( 'NONE', *, *, #7727, .F. ) ;
#3083 = CARTESIAN_POINT ( 'NONE',  ( 7.029119029573883459, -3.010000000000000231, 1.523989576384800815 ) ) ;
#3084 = VERTEX_POINT ( 'NONE', #3224 ) ;
#3085 = EDGE_CURVE ( 'NONE', #1758, #6418, #2325, .T. ) ;
#3086 = CARTESIAN_POINT ( 'NONE',  ( 7.302239691688777512, -3.010000000000000231, 1.880782096017092897 ) ) ;
#3087 = VERTEX_POINT ( 'NONE', #251 ) ;
#3088 = EDGE_CURVE ( 'NONE', #7384, #5021, #2420, .T. ) ;
#3089 = CARTESIAN_POINT ( 'NONE',  ( 7.460659500196967109, -3.000000000000000000, 2.229223804036619239 ) ) ;
#3090 = CARTESIAN_POINT ( 'NONE',  ( 5.649345730197858906, -3.010000000000000231, 1.598512058771758060 ) ) ;
#3091 = VERTEX_POINT ( 'NONE', #8430 ) ;
#3092 = DIRECTION ( 'NONE',  ( -1.000000000000000000, 0.000000000000000000, -0.000000000000000000 ) ) ;
#3093 = B_SPLINE_CURVE_WITH_KNOTS ( 'NONE', 3,
 ( #9039, #6119, #858, #6855 ),
 .UNSPECIFIED., .F., .F.,
 ( 4, 4 ),
 ( 7.000000000000000000, 8.000000000000000000 ),
 .UNSPECIFIED. ) ;
#3094 = CARTESIAN_POINT ( 'NONE',  ( 9.824999999999999289, -3.000000000000000000, 10.19999999999999929 ) ) ;
#3095 = CARTESIAN_POINT ( 'NONE',  ( 6.772126895769586596, -3.000000000000000000, 2.106254009522402271 ) ) ;
#3096 = ORIENTED_EDGE ( 'NONE', *, *, #8087, .F. ) ;
#3097 = CARTESIAN_POINT ( 'NONE',  ( 6.864313306302610052, -3.010000000000000231, 1.767964268561359242 ) ) ;
#3098 = CARTESIAN_POINT ( 'NONE',  ( 7.920854716544316609, -3.000000000000000000, 1.854255988545373102 ) ) ;
#3099 = CARTESIAN_POINT ( 'NONE',  ( 6.841880733935292724, -3.010000000000000231, 1.718186881701425417 ) ) ;
#3100 =( NAMED_UNIT ( * ) PLANE_ANGLE_UNIT ( ) SI_UNIT ( $, .RADIAN. ) );
#3101 = DIRECTION ( 'NONE',  ( -0.000000000000000000, 1.000000000000000000, -0.000000000000000000 ) ) ;
#3102 = ORIENTED_EDGE ( 'NONE', *, *, #5608, .T. ) ;
#3103 = CARTESIAN_POINT ( 'NONE',  ( 5.453511282000583549, -3.010000000000000231, 2.511647229380917778 ) ) ;
#3104 = ORIENTED_EDGE ( 'NONE', *, *, #6622, .T. ) ;
#3105 = DIRECTION ( 'NONE',  ( -0.000000000000000000, 1.000000000000000000, 0.000000000000000000 ) ) ;
#3106 = FILL_AREA_STYLE ('',( #9352 ) ) ;
#3107 = CARTESIAN_POINT ( 'NONE',  ( 7.024779882364643235, -3.010000000000000231, 2.388871673076673474 ) ) ;
#3108 = CARTESIAN_POINT ( 'NONE',  ( 6.772290637173537853, -3.010000000000000231, 2.144078273880318353 ) ) ;
#3109 = ORIENTED_EDGE ( 'NONE', *, *, #5741, .T. ) ;
#3110 = ORIENTED_EDGE ( 'NONE', *, *, #6652, .F. ) ;
#3111 = CARTESIAN_POINT ( 'NONE',  ( 5.628851475963204898, -3.000000000000000000, 1.985626821225456418 ) ) ;
#3112 = EDGE_CURVE ( 'NONE', #2612, #9595, #1728, .T. ) ;
#3113 = ADVANCED_FACE ( 'NONE', ( #4837 ), #9722, .T. ) ;
#3114 = CARTESIAN_POINT ( 'NONE',  ( 6.015966064683417436, -3.010000000000000231, 2.172352610640972514 ) ) ;
#3115 = CARTESIAN_POINT ( 'NONE',  ( 6.538877265565354868, -3.010000000000000231, 1.880782096017082461 ) ) ;
#3116 = DIRECTION ( 'NONE',  ( -0.000000000000000000, 1.000000000000000000, -0.000000000000000000 ) ) ;
#3117 = CARTESIAN_POINT ( 'NONE',  ( 6.873073471424190117, -3.000000000000000000, 1.746677886022836912 ) ) ;
#3118 = ORIENTED_EDGE ( 'NONE', *, *, #774, .T. ) ;
#3119 = CARTESIAN_POINT ( 'NONE',  ( 6.901155122235680395, -3.000000000000000000, 2.388871673076673474 ) ) ;
#3120 = CARTESIAN_POINT ( 'NONE',  ( 7.493080298217718926, -3.000000000000000000, 2.425713489008664681 ) ) ;
#3121 = ADVANCED_FACE ( 'NONE', ( #7730 ), #1393, .T. ) ;
#3122 = EDGE_LOOP ( 'NONE', ( #6845, #708, #3944, #1438 ) ) ;
#3123 = LINE ( 'NONE', #9178, #937 ) ;
#3124 = ORIENTED_EDGE ( 'NONE', *, *, #5671, .T. ) ;
#3125 = ORIENTED_EDGE ( 'NONE', *, *, #5308, .T. ) ;
#3126 = CARTESIAN_POINT ( 'NONE',  ( 7.353327009780375789, -3.000000000000000000, 2.317152938060202061 ) ) ;
#3127 = ORIENTED_EDGE ( 'NONE', *, *, #2669, .F. ) ;
#3128 = PLANE ( 'NONE',  #4169 ) ;
#3129 = ORIENTED_EDGE ( 'NONE', *, *, #6475, .T. ) ;
#3130 =( NAMED_UNIT ( * ) SI_UNIT ( $, .STERADIAN. ) SOLID_ANGLE_UNIT ( ) );
#3131 = FACE_OUTER_BOUND ( 'NONE', #8367, .T. ) ;
#3132 = EDGE_LOOP ( 'NONE', ( #9452, #7940, #1411, #3757, #8883, #9376, #1646, #3917 ) ) ;
#3133 = SURFACE_SIDE_STYLE ('',( #759 ) ) ;
#3134 = EDGE_CURVE ( 'NONE', #2766, #7013, #8215, .T. ) ;
#3135 = EDGE_CURVE ( 'NONE', #882, #6420, #4695, .T. ) ;
#3136 = CARTESIAN_POINT ( 'NONE',  ( 5.649345730197858906, -3.010000000000000231, 1.598512058771758060 ) ) ;
#3137 = ADVANCED_FACE ( 'NONE', ( #5552 ), #6146, .F. ) ;
#3138 = LINE ( 'NONE', #6074, #1580 ) ;
#3139 = MECHANICAL_DESIGN_GEOMETRIC_PRESENTATION_REPRESENTATION (  '', ( #1396 ), #2514 ) ;
#3140 = ORIENTED_EDGE ( 'NONE', *, *, #3112, .T. ) ;
#3141 = FACE_OUTER_BOUND ( 'NONE', #7045, .T. ) ;
#3142 = CARTESIAN_POINT ( 'NONE',  ( 5.820131616487237203, -3.000000000000000000, 1.596234948368240092 ) ) ;
#3143 = CARTESIAN_POINT ( 'NONE',  ( -7.574999999999998401, 1.604999999999999982, 0.5000000000000000000 ) ) ;
#3144 = CARTESIAN_POINT ( 'NONE',  ( 7.676716282965974969, -3.000000000000000000, 1.667263305011618790 ) ) ;
#3145 = CARTESIAN_POINT ( 'NONE',  ( 6.883716662694541633, -3.010000000000000231, 1.697882947586647484 ) ) ;
#3146 = CARTESIAN_POINT ( 'NONE',  ( 6.707039687622128987, -3.010000000000000231, 2.100031836165462185 ) ) ;
#3147 = DIRECTION ( 'NONE',  ( 0.000000000000000000, 0.000000000000000000, -1.000000000000000000 ) ) ;
#3148 = ORIENTED_EDGE ( 'NONE', *, *, #952, .F. ) ;
#3149 = LINE ( 'NONE', #5445, #4526 ) ;
#3150 = ORIENTED_EDGE ( 'NONE', *, *, #2328, .T. ) ;
#3151 = CARTESIAN_POINT ( 'NONE',  ( 7.982012130992417021, -3.010000000000000231, 1.684947376658705087 ) ) ;
#3152 = DIRECTION ( 'NONE',  ( 0.000000000000000000, 1.000000000000000000, 0.000000000000000000 ) ) ;
#3153 = CARTESIAN_POINT ( 'NONE',  ( 4.658787589726895106, -3.010000000000000231, 1.958300975181634707 ) ) ;
#3154 = VECTOR ( 'NONE', #5322, 1000.000000000000000 ) ;
#3155 = CARTESIAN_POINT ( 'NONE',  ( 6.822968601756339346, -3.010000000000000231, 1.764361957669924985 ) ) ;
#3156 = FACE_OUTER_BOUND ( 'NONE', #3717, .T. ) ;
#3157 = ORIENTED_EDGE ( 'NONE', *, *, #9578, .T. ) ;
#3158 = ORIENTED_EDGE ( 'NONE', *, *, #5805, .F. ) ;
#3159 = VERTEX_POINT ( 'NONE', #3830 ) ;
#3160 = CARTESIAN_POINT ( 'NONE',  ( 6.606911818987320828, -3.010000000000000231, 1.771075355238739935 ) ) ;
#3161 = CARTESIAN_POINT ( 'NONE',  ( 7.508553860909193745, -3.010000000000000231, 2.362345565604948572 ) ) ;
#3162 = PLANE ( 'NONE',  #34 ) ;
#3163 = PRESENTATION_LAYER_ASSIGNMENT (  '', '', ( #631 ) ) ;
#3164 = UNCERTAINTY_MEASURE_WITH_UNIT (LENGTH_MEASURE( 1.000000000000000082E-05 ), #679, 'distance_accuracy_value', 'NONE');
#3165 = CARTESIAN_POINT ( 'NONE',  ( 6.972710115846025403, -3.000000000000000000, 1.687239756318483552 ) ) ;
#3166 = FACE_OUTER_BOUND ( 'NONE', #947, .T. ) ;
#3167 = CARTESIAN_POINT ( 'NONE',  ( 5.239459603105976804, -3.000000000000000000, 1.623560620681831823 ) ) ;
#3168 = EDGE_CURVE ( 'NONE', #1136, #2326, #4642, .T. ) ;
#3169 = EDGE_CURVE ( 'NONE', #177, #9495, #891, .T. ) ;
#3170 = MECHANICAL_DESIGN_GEOMETRIC_PRESENTATION_REPRESENTATION (  '', ( #5394 ), #7773 ) ;
#3171 = VERTEX_POINT ( 'NONE', #6196 ) ;
#3172 = ORIENTED_EDGE ( 'NONE', *, *, #9145, .T. ) ;
#3173 = DIRECTION ( 'NONE',  ( 1.000000000000000000, 0.000000000000000000, -0.000000000000000000 ) ) ;
#3174 = SURFACE_STYLE_FILL_AREA ( #4699 ) ;
#3175 = B_SPLINE_CURVE_WITH_KNOTS ( 'NONE', 3,
 ( #6260, #5621, #9286, #7853 ),
 .UNSPECIFIED., .F., .F.,
 ( 4, 4 ),
 ( 10.00000000000000000, 11.00000000000000000 ),
 .UNSPECIFIED. ) ;
#3176 = ORIENTED_EDGE ( 'NONE', *, *, #8198, .F. ) ;
#3177 = CARTESIAN_POINT ( 'NONE',  ( 7.911603327211961911, -3.000000000000000000, 1.859495713476382983 ) ) ;
#3178 = VECTOR ( 'NONE', #5550, 1000.000000000000000 ) ;
#3179 = ORIENTED_EDGE ( 'NONE', *, *, #7814, .T. ) ;
#3180 = ORIENTED_EDGE ( 'NONE', *, *, #2602, .T. ) ;
#3181 = FACE_OUTER_BOUND ( 'NONE', #2824, .T. ) ;
#3182 = ORIENTED_EDGE ( 'NONE', *, *, #6452, .T. ) ;
#3183 = VECTOR ( 'NONE', #9459, 1000.000000000000000 ) ;
#3184 = EDGE_CURVE ( 'NONE', #6778, #7864, #9646, .T. ) ;
#3185 = FACE_OUTER_BOUND ( 'NONE', #9462, .T. ) ;
#3186 = VERTEX_POINT ( 'NONE', #3981 ) ;
#3187 = DIRECTION ( 'NONE',  ( -0.000000000000000000, 1.000000000000000000, -0.000000000000000000 ) ) ;
#3188 =( GEOMETRIC_REPRESENTATION_CONTEXT ( 3 ) GLOBAL_UNCERTAINTY_ASSIGNED_CONTEXT ( ( #2474 ) ) GLOBAL_UNIT_ASSIGNED_CONTEXT ( ( #9631, #4396, #3482 ) ) REPRESENTATION_CONTEXT ( 'NONE', 'WORKASPACE' ) );
#3189 = CARTESIAN_POINT ( 'NONE',  ( 6.867260651577132613, -3.000000000000000000, 1.751753869549888654 ) ) ;
#3190 = SURFACE_SIDE_STYLE ('',( #1745 ) ) ;
#3191 = VECTOR ( 'NONE', #4188, 1000.000000000000000 ) ;
#3192 = CARTESIAN_POINT ( 'NONE',  ( 6.111606178378534260, -3.010000000000000231, 1.915035269440425347 ) ) ;
#3193 = CARTESIAN_POINT ( 'NONE',  ( 6.841880733935292724, -3.010000000000000231, 1.718186881701425417 ) ) ;
#3194 = VECTOR ( 'NONE', #3314, 1000.000000000000000 ) ;
#3195 = ORIENTED_EDGE ( 'NONE', *, *, #9317, .F. ) ;
#3196 =( NAMED_UNIT ( * ) SI_UNIT ( $, .STERADIAN. ) SOLID_ANGLE_UNIT ( ) );
#3197 = EDGE_CURVE ( 'NONE', #5146, #4923, #3465, .T. ) ;
#3198 = CARTESIAN_POINT ( 'NONE',  ( 6.679121778215677097, -3.000000000000000000, 2.136873652097444509 ) ) ;
#3199 = CARTESIAN_POINT ( 'NONE',  ( 9.624999999999998224, 2.799999999999999822, 9.999999999999998224 ) ) ;
#3200 = CARTESIAN_POINT ( 'NONE',  ( 6.888710775520707763, -3.000000000000000000, 1.624690539934555256 ) ) ;
#3201 = EDGE_CURVE ( 'NONE', #8704, #2039, #3731, .T. ) ;
#3202 = LINE ( 'NONE', #959, #4337 ) ;
#3203 = EDGE_CURVE ( 'NONE', #9550, #231, #5794, .T. ) ;
#3204 = DIRECTION ( 'NONE',  ( 1.000000000000000000, 0.000000000000000000, 7.460765693852655228E-14 ) ) ;
#3205 = VECTOR ( 'NONE', #1756, 1000.000000000000000 ) ;
#3206 = VECTOR ( 'NONE', #6697, 1000.000000000000000 ) ;
#3207 =( NAMED_UNIT ( * ) PLANE_ANGLE_UNIT ( ) SI_UNIT ( $, .RADIAN. ) );
#3208 = ORIENTED_EDGE ( 'NONE', *, *, #7685, .F. ) ;
#3209 = FACE_OUTER_BOUND ( 'NONE', #754, .T. ) ;
#3210 = ORIENTED_EDGE ( 'NONE', *, *, #7555, .F. ) ;
#3211 = CARTESIAN_POINT ( 'NONE',  ( 7.305023295558240370, -3.010000000000000231, 2.383304465335559286 ) ) ;
#3212 = CARTESIAN_POINT ( 'NONE',  ( 7.113609594113256662, -3.010000000000000231, 1.653836509871792870 ) ) ;
#3213 = VECTOR ( 'NONE', #2258, 1000.000000000000000 ) ;
#3214 = CARTESIAN_POINT ( 'NONE',  ( 6.834348629344503934, -3.000000000000000000, 1.728175107353765005 ) ) ;
#3215 = MECHANICAL_DESIGN_GEOMETRIC_PRESENTATION_REPRESENTATION (  '', ( #9231 ), #3864 ) ;
#3216 = EDGE_CURVE ( 'NONE', #6404, #4942, #9423, .T. ) ;
#3217 = DIRECTION ( 'NONE',  ( -0.000000000000000000, 0.000000000000000000, 1.000000000000000000 ) ) ;
#3218 = ORIENTED_EDGE ( 'NONE', *, *, #5564, .T. ) ;
#3219 = FILL_AREA_STYLE_COLOUR ( '', #21 ) ;
#3220 = CARTESIAN_POINT ( 'NONE',  ( -5.534999999999998366, 1.604999999999999982, 0.5000000000000000000 ) ) ;
#3221 = CARTESIAN_POINT ( 'NONE',  ( 6.772126895769586596, -3.000000000000000000, 2.106254009522402271 ) ) ;
#3222 = PRESENTATION_LAYER_ASSIGNMENT (  '', '', ( #7487 ) ) ;
#3223 = CARTESIAN_POINT ( 'NONE',  ( 7.032230116253447960, -3.010000000000000231, 1.489603881514363959 ) ) ;
#3224 = CARTESIAN_POINT ( 'NONE',  ( 7.433150944301497809, -3.010000000000000231, 1.597345725443038988 ) ) ;
#3225 = ORIENTED_EDGE ( 'NONE', *, *, #9296, .F. ) ;
#3226 = AXIS2_PLACEMENT_3D ( 'NONE', #8036, #7329, #9475 ) ;
#3227 = DIRECTION ( 'NONE',  ( 1.000000000000000000, 0.000000000000000000, 0.000000000000000000 ) ) ;
#3228 = FILL_AREA_STYLE_COLOUR ( '', #6686 ) ;
#3229 = VERTEX_POINT ( 'NONE', #482 ) ;
#3230 = EDGE_CURVE ( 'NONE', #3747, #3637, #4091, .T. ) ;
#3231 = EDGE_CURVE ( 'NONE', #8795, #733, #1134, .T. ) ;
#3232 = FILL_AREA_STYLE ('',( #206 ) ) ;
#3233 = ORIENTED_EDGE ( 'NONE', *, *, #9079, .F. ) ;
#3234 = ORIENTED_EDGE ( 'NONE', *, *, #4809, .F. ) ;
#3235 = AXIS2_PLACEMENT_3D ( 'NONE', #5460, #1035, #1823 ) ;
#3236 = CARTESIAN_POINT ( 'NONE',  ( 6.712770636767210419, -3.010000000000000231, 1.798747652540360065 ) ) ;
#3237 = B_SPLINE_SURFACE_WITH_KNOTS ( 'NONE', 3, 1, ( 
 ( #1446, #9787 ),
 ( #2334, #2246 ),
 ( #4511, #6896 ),
 ( #8387, #3794 ) ),
 .UNSPECIFIED., .F., .F., .F.,
 ( 4, 4 ),
 ( 2, 2 ),
 ( 2.000000000000000000, 3.000000000000000000 ),
 ( 0.000000000000000000, 1.000000000000000000 ),
 .UNSPECIFIED. ) ;
#3238 = VERTEX_POINT ( 'NONE', #4881 ) ;
#3239 = CARTESIAN_POINT ( 'NONE',  ( 7.337198481473063971, -3.010000000000000231, 2.354977202418114590 ) ) ;
#3240 = CARTESIAN_POINT ( 'NONE',  ( 6.529789617635866961, -3.010000000000000231, 1.778279977021613556 ) ) ;
#3241 = CARTESIAN_POINT ( 'NONE',  ( 5.150650994356001711, -3.000000000000000000, 2.156412707512648907 ) ) ;
#3242 = VECTOR ( 'NONE', #4153, 1000.000000000000000 ) ;
#3243 = CARTESIAN_POINT ( 'NONE',  ( 7.425864451816630130, -3.010000000000000231, 1.880782096017092897 ) ) ;
#3244 = FILL_AREA_STYLE ('',( #161 ) ) ;
#3245 = EDGE_CURVE ( 'NONE', #8017, #4932, #3520, .T. ) ;
#3246 = ADVANCED_FACE ( 'NONE', ( #6438 ), #3458, .T. ) ;
#3247 = CARTESIAN_POINT ( 'NONE',  ( 6.912043925610888095, -3.010000000000000231, 1.727028917523886875 ) ) ;
#3248 = DIRECTION ( 'NONE',  ( 1.000000000000000000, 0.000000000000000000, 0.000000000000000000 ) ) ;
#3249 = DIRECTION ( 'NONE',  ( -1.000000000000000000, 0.000000000000000000, -0.000000000000000000 ) ) ;
#3250 = ORIENTED_EDGE ( 'NONE', *, *, #534, .F. ) ;
#3251 = VECTOR ( 'NONE', #7838, 1000.000000000000000 ) ;
#3252 = LINE ( 'NONE', #2453, #6504 ) ;
#3253 = LINE ( 'NONE', #6269, #2261 ) ;
#3254 = CARTESIAN_POINT ( 'NONE',  ( 6.740770416875643711, -3.010000000000000231, 1.831332191965075573 ) ) ;
#3255 = CARTESIAN_POINT ( 'NONE',  ( -8.074999999999999289, 1.604999999999999982, 0.5000000000000000000 ) ) ;
#3256 = ORIENTED_EDGE ( 'NONE', *, *, #5387, .T. ) ;
#3257 = ADVANCED_FACE ( 'NONE', ( #7881 ), #7928, .F. ) ;
#3258 = CARTESIAN_POINT ( 'NONE',  ( -8.053738883706529350, -2.979999999999999982, 1.843383459213754350 ) ) ;
#3259 = VERTEX_POINT ( 'NONE', #5020 ) ;
#3260 = CARTESIAN_POINT ( 'NONE',  ( 5.806468693464239550, -3.010000000000000231, 1.735140767804566053 ) ) ;
#3261 = ORIENTED_EDGE ( 'NONE', *, *, #3397, .T. ) ;
#3262 = SURFACE_STYLE_FILL_AREA ( #4868 ) ;
#3263 = CARTESIAN_POINT ( 'NONE',  ( 7.848644757315960341, -3.010000000000000231, 1.684947376658705087 ) ) ;
#3264 = LINE ( 'NONE', #9261, #1440 ) ;
#3265 = CARTESIAN_POINT ( 'NONE',  ( 6.542807059265798308, -3.010000000000000231, 2.141949635626684056 ) ) ;
#3266 = EDGE_LOOP ( 'NONE', ( #4100, #1465, #1020, #600, #4216, #9052, #6939, #9256, #2070, #1267, #8800, #6673 ) ) ;
#3267 = SURFACE_STYLE_FILL_AREA ( #4688 ) ;
#3268 = ADVANCED_FACE ( 'NONE', ( #390 ), #4133, .F. ) ;
#3269 = CARTESIAN_POINT ( 'NONE',  ( 7.353327009780375789, -3.010000000000000231, 2.220054285404065908 ) ) ;
#3270 = UNCERTAINTY_MEASURE_WITH_UNIT (LENGTH_MEASURE( 1.000000000000000082E-05 ), #4893, 'distance_accuracy_value', 'NONE');
#3271 = CARTESIAN_POINT ( 'NONE',  ( 6.742571572321352846, -3.000000000000000000, 2.100031836165462185 ) ) ;
#3272 = EDGE_CURVE ( 'NONE', #3005, #1102, #9522, .T. ) ;
#3273 = ADVANCED_FACE ( 'NONE', ( #7128 ), #695, .F. ) ;
#3274 = CARTESIAN_POINT ( 'NONE',  ( 7.982012130992417021, -3.010000000000000231, 1.684947376658705087 ) ) ;
#3275 = CARTESIAN_POINT ( 'NONE',  ( 6.795705657966789381, -3.010000000000000231, 2.158323776042110786 ) ) ;
#3276 = CARTESIAN_POINT ( 'NONE',  ( 5.200748118173984302, -3.010000000000000231, 1.582571938480119567 ) ) ;
#3277 = VERTEX_POINT ( 'NONE', #1189 ) ;
#3278 = DIRECTION ( 'NONE',  ( 1.083260458603921549E-14, 0.000000000000000000, -1.000000000000000000 ) ) ;
#3279 = ORIENTED_EDGE ( 'NONE', *, *, #6565, .F. ) ;
#3280 = PLANE ( 'NONE',  #5540 ) ;
#3281 = ORIENTED_EDGE ( 'NONE', *, *, #3565, .F. ) ;
#3282 = ORIENTED_EDGE ( 'NONE', *, *, #3245, .T. ) ;
#3283 = LINE ( 'NONE', #9436, #7601 ) ;
#3284 = EDGE_LOOP ( 'NONE', ( #5697, #3773, #5715, #8935 ) ) ;
#3285 = DIRECTION ( 'NONE',  ( 0.000000000000000000, 0.000000000000000000, -1.000000000000000000 ) ) ;
#3286 = CARTESIAN_POINT ( 'NONE',  ( 6.936032041318004104, -3.000000000000000000, 1.655637665317507334 ) ) ;
#3287 = LINE ( 'NONE', #2597, #7478 ) ;
#3288 = CARTESIAN_POINT ( 'NONE',  ( 6.918839193882784677, -3.010000000000000231, 1.683146221212985294 ) ) ;
#3289 = SURFACE_STYLE_USAGE ( .BOTH. , #3190 ) ;
#3290 = DIRECTION ( 'NONE',  ( 0.1333547648938436248, 0.000000000000000000, -0.9910683662997764598 ) ) ;
#3291 = SURFACE_SIDE_STYLE ('',( #1700 ) ) ;
#3292 = ORIENTED_EDGE ( 'NONE', *, *, #2163, .F. ) ;
#3293 = CARTESIAN_POINT ( 'NONE',  ( 5.699442940883132636, -3.010000000000000231, 1.864938102189350744 ) ) ;
#3294 = FILL_AREA_STYLE ('',( #1801 ) ) ;
#3295 = CARTESIAN_POINT ( 'NONE',  ( 6.707039687622128987, -3.000000000000000000, 2.100031836165462185 ) ) ;
#3296 = EDGE_CURVE ( 'NONE', #4480, #5080, #435, .T. ) ;
#3297 = FACE_OUTER_BOUND ( 'NONE', #1536, .T. ) ;
#3298 = ADVANCED_FACE ( 'NONE', ( #2727 ), #1227, .F. ) ;
#3299 = CARTESIAN_POINT ( 'NONE',  ( 6.861038478220190306, -3.000000000000000000, 1.591942259105878055 ) ) ;
#3300 = LINE ( 'NONE', #3255, #8599 ) ;
#3301 = ORIENTED_EDGE ( 'NONE', *, *, #1466, .F. ) ;
#3302 = FACE_OUTER_BOUND ( 'NONE', #6316, .T. ) ;
#3303 = EDGE_LOOP ( 'NONE', ( #253, #6030, #3551, #7474 ) ) ;
#3304 = COLOUR_RGB ( '',0.4980392156862745168, 0.4980392156862745168, 0.4980392156862745168 ) ;
#3305 = ORIENTED_EDGE ( 'NONE', *, *, #4662, .T. ) ;
#3306 = CARTESIAN_POINT ( 'NONE',  ( 6.795705657966789381, -3.010000000000000231, 2.418017643013904205 ) ) ;
#3307 = CARTESIAN_POINT ( 'NONE',  ( 6.968616580742715172, -3.010000000000000231, 1.622070677469045874 ) ) ;
#3308 = CARTESIAN_POINT ( 'NONE',  ( 7.568155732017515902, -3.010000000000000231, 2.229223804036626344 ) ) ;
#3309 = CARTESIAN_POINT ( 'NONE',  ( 7.032066374848402468, -3.010000000000000231, 2.105435302502622896 ) ) ;
#3310 = EDGE_CURVE ( 'NONE', #9142, #4596, #3664, .T. ) ;
#3311 = CARTESIAN_POINT ( 'NONE',  ( 7.633570422972892011, -3.000000000000000000, 1.917623911949080551 ) ) ;
#3312 = EDGE_LOOP ( 'NONE', ( #8633, #4450, #1608, #6943 ) ) ;
#3313 = ORIENTED_EDGE ( 'NONE', *, *, #6355, .T. ) ;
#3314 = DIRECTION ( 'NONE',  ( 1.000000000000000000, 0.000000000000000000, 0.000000000000000000 ) ) ;
#3315 = PRODUCT_DEFINITION_SHAPE ( 'NONE', 'NONE',  #5859 ) ;
#3316 = PLANE ( 'NONE',  #4680 ) ;
#3317 = FACE_OUTER_BOUND ( 'NONE', #5921, .T. ) ;
#3318 = CARTESIAN_POINT ( 'NONE',  ( 5.027685164915276061, -3.000000000000000000, 2.327198463502726522 ) ) ;
#3319 = COLOUR_RGB ( '',0.2980392156862745057, 0.2980392156862745057, 0.2980392156862745057 ) ;
#3320 = DIRECTION ( 'NONE',  ( 1.624890687905864416E-14, 0.000000000000000000, -1.000000000000000000 ) ) ;
#3321 = CARTESIAN_POINT ( 'NONE',  ( 6.685671434381626810, -3.010000000000000231, 1.831332191965078904 ) ) ;
#3322 = FACE_OUTER_BOUND ( 'NONE', #4537, .T. ) ;
#3323 = CARTESIAN_POINT ( 'NONE',  ( 6.768360843474201083, -3.010000000000000231, 1.597345725443038988 ) ) ;
#3324 = ADVANCED_FACE ( 'NONE', ( #5888 ), #1482, .F. ) ;
#3325 = ORIENTED_EDGE ( 'NONE', *, *, #7688, .F. ) ;
#3326 = CARTESIAN_POINT ( 'NONE',  ( 6.901155122235684836, -3.000000000000000000, 2.286369554081201017 ) ) ;
#3327 = ADVANCED_FACE ( 'NONE', ( #8274 ), #2122, .F. ) ;
#3328 = EDGE_CURVE ( 'NONE', #273, #5444, #732, .T. ) ;
#3329 = MECHANICAL_DESIGN_GEOMETRIC_PRESENTATION_REPRESENTATION (  '', ( #8070 ), #6166 ) ;
#3330 = CARTESIAN_POINT ( 'NONE',  ( 7.302239691688777512, -3.010000000000000231, 1.880782096017092897 ) ) ;
#3331 = ORIENTED_EDGE ( 'NONE', *, *, #4284, .T. ) ;
#3332 = CARTESIAN_POINT ( 'NONE',  ( 6.636876495946524734, -3.000000000000000000, 1.635169989798764378 ) ) ;
#3333 = ORIENTED_EDGE ( 'NONE', *, *, #6750, .T. ) ;
#3334 = EDGE_LOOP ( 'NONE', ( #7793, #5588, #6785, #9177 ) ) ;
#3335 = CARTESIAN_POINT ( 'NONE',  ( -7.574999999999998401, 1.855000000000000204, -4.099999999999999645 ) ) ;
#3336 = ORIENTED_EDGE ( 'NONE', *, *, #587, .T. ) ;
#3337 =( GEOMETRIC_REPRESENTATION_CONTEXT ( 3 ) GLOBAL_UNCERTAINTY_ASSIGNED_CONTEXT ( ( #9121 ) ) GLOBAL_UNIT_ASSIGNED_CONTEXT ( ( #6521, #5922, #467 ) ) REPRESENTATION_CONTEXT ( 'NONE', 'WORKASPACE' ) );
#3338 = DIRECTION ( 'NONE',  ( -0.000000000000000000, -0.000000000000000000, 1.000000000000000000 ) ) ;
#3339 = CARTESIAN_POINT ( 'NONE',  ( 6.867260651577132613, -3.010000000000000231, 1.751753869549888654 ) ) ;
#3340 = VECTOR ( 'NONE', #4998, 1000.000000000000000 ) ;
#3341 = B_SPLINE_CURVE_WITH_KNOTS ( 'NONE', 3,
 ( #6743, #650, #703, #3738 ),
 .UNSPECIFIED., .F., .F.,
 ( 4, 4 ),
 ( 5.000000000000000000, 6.000000000000000000 ),
 .UNSPECIFIED. ) ;
#3342 = VECTOR ( 'NONE', #2808, 1000.000000000000000 ) ;
#3343 = DIRECTION ( 'NONE',  ( -0.000000000000000000, 1.000000000000000000, -0.000000000000000000 ) ) ;
#3344 = LINE ( 'NONE', #2550, #2609 ) ;
#3345 = ORIENTED_EDGE ( 'NONE', *, *, #4540, .F. ) ;
#3346 = EDGE_LOOP ( 'NONE', ( #1540, #8009, #4472, #683 ) ) ;
#3347 = VECTOR ( 'NONE', #2963, 1000.000000000000000 ) ;
#3348 = LINE ( 'NONE', #2607, #7806 ) ;
#3349 = CARTESIAN_POINT ( 'NONE',  ( 7.102720790736976042, -3.010000000000000231, 1.654163992679707595 ) ) ;
#3350 = CARTESIAN_POINT ( 'NONE',  ( 6.858418615753585357, -3.000000000000000000, 1.708034914642950541 ) ) ;
#3351 = AXIS2_PLACEMENT_3D ( 'NONE', #7684, #8573, #934 ) ;
#3352 = LINE ( 'NONE', #4266, #9222 ) ;
#3353 = DIRECTION ( 'NONE',  ( -1.000000000000000000, 0.000000000000000000, -0.000000000000000000 ) ) ;
#3354 = VERTEX_POINT ( 'NONE', #5200 ) ;
#3355 = VECTOR ( 'NONE', #2874, 1000.000000000000000 ) ;
#3356 = ORIENTED_EDGE ( 'NONE', *, *, #8414, .F. ) ;
#3357 = ADVANCED_FACE ( 'NONE', ( #9719 ), #3721, .F. ) ;
#3358 = FACE_OUTER_BOUND ( 'NONE', #1374, .T. ) ;
#3359 = ADVANCED_FACE ( 'NONE', ( #7526 ), #7369, .T. ) ;
#3360 = DIRECTION ( 'NONE',  ( -3.384756321093094178E-14, -0.000000000000000000, 1.000000000000000000 ) ) ;
#3361 = CARTESIAN_POINT ( 'NONE',  ( 4.658787589726895106, -3.000000000000000000, 1.958300975181634707 ) ) ;
#3362 = CARTESIAN_POINT ( 'NONE',  ( 7.006358974398651185, -3.000000000000000000, 1.528574335702177489 ) ) ;
#3363 = PRESENTATION_LAYER_ASSIGNMENT (  '', '', ( #5425 ) ) ;
#3364 =( LENGTH_UNIT ( ) NAMED_UNIT ( * ) SI_UNIT ( .MILLI., .METRE. ) );
#3365 = VECTOR ( 'NONE', #9242, 1000.000000000000114 ) ;
#3366 = ORIENTED_EDGE ( 'NONE', *, *, #5928, .T. ) ;
#3367 = CARTESIAN_POINT ( 'NONE',  ( 6.795705657966789381, -3.000000000000000000, 2.158323776042110786 ) ) ;
#3368 = CARTESIAN_POINT ( 'NONE',  ( 6.546163758050211889, -3.010000000000000231, 1.597345725443035436 ) ) ;
#3369 = CARTESIAN_POINT ( 'NONE',  ( 7.754411579233464025, -3.000000000000000000, 1.711964708342308183 ) ) ;
#3370 = COLOUR_RGB ( '',0.6666666666666666297, 0.6666666666666666297, 0.6666666666666666297 ) ;
#3371 = EDGE_CURVE ( 'NONE', #8515, #9667, #8323, .T. ) ;
#3372 = VECTOR ( 'NONE', #96, 1000.000000000000000 ) ;
#3373 = LINE ( 'NONE', #9420, #4533 ) ;
#3374 = SURFACE_STYLE_USAGE ( .BOTH. , #9366 ) ;
#3375 = DIRECTION ( 'NONE',  ( -0.3897582650655123659, -0.000000000000000000, -0.9209172030172537715 ) ) ;
#3376 = DIRECTION ( 'NONE',  ( -1.000000000000000000, 0.000000000000000000, -0.000000000000000000 ) ) ;
#3377 = ORIENTED_EDGE ( 'NONE', *, *, #4052, .T. ) ;
#3378 = VERTEX_POINT ( 'NONE', #8365 ) ;
#3379 = CARTESIAN_POINT ( 'NONE',  ( 7.982012130992418797, -3.000000000000000000, 1.684947376658703311 ) ) ;
#3380 = DIRECTION ( 'NONE',  ( 0.000000000000000000, -0.000000000000000000, 1.000000000000000000 ) ) ;
#3381 = VECTOR ( 'NONE', #3040, 1000.000000000000114 ) ;
#3382 = B_SPLINE_SURFACE_WITH_KNOTS ( 'NONE', 3, 1, ( 
 ( #3212, #7617 ),
 ( #3010, #878 ),
 ( #2464, #4681 ),
 ( #6033, #3060 ) ),
 .UNSPECIFIED., .F., .F., .F.,
 ( 4, 4 ),
 ( 2, 2 ),
 ( 12.00000000000000000, 13.00000000000000000 ),
 ( 0.000000000000000000, 1.000000000000000000 ),
 .UNSPECIFIED. ) ;
#3383 = CARTESIAN_POINT ( 'NONE',  ( 6.415252505436402686, -3.010000000000000231, 2.425713489008655799 ) ) ;
#3384 = EDGE_LOOP ( 'NONE', ( #961, #4360, #8632, #7451 ) ) ;
#3385 = CARTESIAN_POINT ( 'NONE',  ( 6.713016248873132419, -3.000000000000000000, 2.136873652097444509 ) ) ;
#3386 = ORIENTED_EDGE ( 'NONE', *, *, #3135, .T. ) ;
#3387 = VERTEX_POINT ( 'NONE', #5303 ) ;
#3388 = CARTESIAN_POINT ( 'NONE',  ( 5.781420131554154018, -3.000000000000000000, 2.090375376536846908 ) ) ;
#3389 = EDGE_LOOP ( 'NONE', ( #8147, #9029, #3125, #9100, #7901, #1819, #5980, #7768, #3313, #5352, #9783, #3386 ) ) ;
#3390 = VECTOR ( 'NONE', #5401, 1000.000000000000000 ) ;
#3391 = CARTESIAN_POINT ( 'NONE',  ( 5.029962318751897143, -3.000000000000000000, 2.190569884771403686 ) ) ;
#3392 = CARTESIAN_POINT ( 'NONE',  ( 6.415252505436413344, -3.010000000000000231, 1.741601902493589149 ) ) ;
#3393 = DIRECTION ( 'NONE',  ( 0.000000000000000000, 0.000000000000000000, 1.000000000000000000 ) ) ;
#3394 = VECTOR ( 'NONE', #7632, 1000.000000000000000 ) ;
#3395 = ORIENTED_EDGE ( 'NONE', *, *, #2659, .T. ) ;
#3396 = B_SPLINE_CURVE_WITH_KNOTS ( 'NONE', 3,
 ( #6480, #4279, #9516, #5743 ),
 .UNSPECIFIED., .F., .F.,
 ( 4, 4 ),
 ( 15.00000000000000000, 16.00000000000000000 ),
 .UNSPECIFIED. ) ;
#3397 = EDGE_CURVE ( 'NONE', #6594, #2167, #1626, .T. ) ;
#3398 = LINE ( 'NONE', #7900, #1559 ) ;
#3399 = ORIENTED_EDGE ( 'NONE', *, *, #1076, .F. ) ;
#3400 = CARTESIAN_POINT ( 'NONE',  ( 6.635894047521696315, -3.000000000000000000, 1.690842067207737331 ) ) ;
#3401 = ORIENTED_EDGE ( 'NONE', *, *, #809, .F. ) ;
#3402 = ADVANCED_FACE ( 'NONE', ( #6239 ), #4030, .F. ) ;
#3403 = VERTEX_POINT ( 'NONE', #2465 ) ;
#3404 = CARTESIAN_POINT ( 'NONE',  ( 7.260894987141410795, -3.010000000000000231, 1.597345725443038988 ) ) ;
#3405 = FACE_OUTER_BOUND ( 'NONE', #7412, .T. ) ;
#3406 = AXIS2_PLACEMENT_3D ( 'NONE', #8548, #4862, #7813 ) ;
#3407 = CARTESIAN_POINT ( 'NONE',  ( 7.675815705242024833, -3.010000000000000231, 1.850653677653930185 ) ) ;
#3408 = ORIENTED_EDGE ( 'NONE', *, *, #7922, .T. ) ;
#3409 = CARTESIAN_POINT ( 'NONE',  ( 6.977213004460321777, -3.000000000000000000, 1.659567459016854762 ) ) ;
#3410 = ORIENTED_EDGE ( 'NONE', *, *, #8835, .F. ) ;
#3411 = ORIENTED_EDGE ( 'NONE', *, *, #9270, .F. ) ;
#3412 = VECTOR ( 'NONE', #1919, 1000.000000000000000 ) ;
#3413 =( NAMED_UNIT ( * ) SI_UNIT ( $, .STERADIAN. ) SOLID_ANGLE_UNIT ( ) );
#3414 = CARTESIAN_POINT ( 'NONE',  ( 7.110539442784962638, -3.010000000000000231, 1.643172850927305362 ) ) ;
#3415 = B_SPLINE_CURVE_WITH_KNOTS ( 'NONE', 3,
 ( #9762, #626, #9057, #5149 ),
 .UNSPECIFIED., .F., .F.,
 ( 4, 4 ),
 ( 5.000000000000000000, 6.000000000000000000 ),
 .UNSPECIFIED. ) ;
#3416 = PLANE ( 'NONE',  #9685 ) ;
#3417 = ORIENTED_EDGE ( 'NONE', *, *, #9581, .T. ) ;
#3418 = LINE ( 'NONE', #9463, #9213 ) ;
#3419 = PLANE ( 'NONE',  #8608 ) ;
#3420 = CARTESIAN_POINT ( 'NONE',  ( 7.042955178224702628, -3.010000000000000231, 1.826092467031879885 ) ) ;
#3421 = LINE ( 'NONE', #5019, #2132 ) ;
#3422 = DIRECTION ( 'NONE',  ( -0.000000000000000000, 0.000000000000000000, 1.000000000000000000 ) ) ;
#3423 = VERTEX_POINT ( 'NONE', #2315 ) ;
#3424 = ORIENTED_EDGE ( 'NONE', *, *, #7170, .T. ) ;
#3425 = ORIENTED_EDGE ( 'NONE', *, *, #4080, .F. ) ;
#3426 = ADVANCED_FACE ( 'NONE', ( #4581 ), #610, .F. ) ;
#3427 = CARTESIAN_POINT ( 'NONE',  ( 7.516577189711863838, -3.010000000000000231, 2.374134946703011284 ) ) ;
#3428 = ADVANCED_FACE ( 'NONE', ( #6820 ), #5494, .F. ) ;
#3429 = CARTESIAN_POINT ( 'NONE',  ( 5.282725439145402824, -3.010000000000000231, 1.874046717538012441 ) ) ;
#3430 = B_SPLINE_CURVE_WITH_KNOTS ( 'NONE', 3,
 ( #2323, #1576, #4693, #4638 ),
 .UNSPECIFIED., .F., .F.,
 ( 4, 4 ),
 ( 16.00000000000000000, 17.00000000000000000 ),
 .UNSPECIFIED. ) ;
#3431 = LINE ( 'NONE', #5701, #998 ) ;
#3432 = CARTESIAN_POINT ( 'NONE',  ( 6.768360843474201083, -3.010000000000000231, 1.597345725443038988 ) ) ;
#3433 = ORIENTED_EDGE ( 'NONE', *, *, #899, .T. ) ;
#3434 = CARTESIAN_POINT ( 'NONE',  ( 6.864313306302610052, -3.000000000000000000, 1.767964268561359242 ) ) ;
#3435 = ORIENTED_EDGE ( 'NONE', *, *, #5606, .F. ) ;
#3436 = ORIENTED_EDGE ( 'NONE', *, *, #704, .F. ) ;
#3437 = CARTESIAN_POINT ( 'NONE',  ( 7.113609594113256662, -3.000000000000000000, 1.653836509871792870 ) ) ;
#3438 = CARTESIAN_POINT ( 'NONE',  ( 6.635894047521696315, -3.000000000000000000, 1.690842067207737331 ) ) ;
#3439 = LINE ( 'NONE', #8684, #2915 ) ;
#3440 = LINE ( 'NONE', #2087, #8255 ) ;
#3441 = CARTESIAN_POINT ( 'NONE',  ( 5.899831696753652821, -3.000000000000000000, 1.603066366447188695 ) ) ;
#3442 = VERTEX_POINT ( 'NONE', #3062 ) ;
#3443 = PLANE ( 'NONE',  #6795 ) ;
#3444 = EDGE_LOOP ( 'NONE', ( #9380, #8523, #608, #9328 ) ) ;
#3445 = VERTEX_POINT ( 'NONE', #970 ) ;
#3446 = FACE_OUTER_BOUND ( 'NONE', #7987, .T. ) ;
#3447 = DIRECTION ( 'NONE',  ( -0.000000000000000000, 1.000000000000000000, -0.000000000000000000 ) ) ;
#3448 = EDGE_CURVE ( 'NONE', #2940, #5295, #7022, .T. ) ;
#3449 = CARTESIAN_POINT ( 'NONE',  ( -9.324999999999999289, -3.000000000000000000, -0.5000000000000000000 ) ) ;
#3450 = ORIENTED_EDGE ( 'NONE', *, *, #6860, .F. ) ;
#3451 = EDGE_CURVE ( 'NONE', #882, #486, #3264, .T. ) ;
#3452 = EDGE_CURVE ( 'NONE', #6004, #840, #5151, .T. ) ;
#3453 = DIRECTION ( 'NONE',  ( 0.000000000000000000, -1.000000000000000000, 0.000000000000000000 ) ) ;
#3454 = VERTEX_POINT ( 'NONE', #1568 ) ;
#3455 = FACE_OUTER_BOUND ( 'NONE', #113, .T. ) ;
#3456 = CARTESIAN_POINT ( 'NONE',  ( 4.938876512732214508, -3.000000000000000000, 1.753357998501903214 ) ) ;
#3457 = LINE ( 'NONE', #4121, #4005 ) ;
#3458 = B_SPLINE_SURFACE_WITH_KNOTS ( 'NONE', 3, 1, ( 
 ( #4922, #6340 ),
 ( #2018, #1922 ),
 ( #8812, #1975 ),
 ( #7227, #8031 ) ),
 .UNSPECIFIED., .F., .F., .F.,
 ( 4, 4 ),
 ( 2, 2 ),
 ( 1.000000000000000000, 2.000000000000000000 ),
 ( 0.000000000000000000, 1.000000000000000000 ),
 .UNSPECIFIED. ) ;
#3459 = CARTESIAN_POINT ( 'NONE',  ( 5.817854506082627886, -3.010000000000000231, 2.343138475213796923 ) ) ;
#3460 = ORIENTED_EDGE ( 'NONE', *, *, #4903, .T. ) ;
#3461 = CARTESIAN_POINT ( 'NONE',  ( 5.152928104760619910, -3.000000000000000000, 1.445943403181894071 ) ) ;
#3462 = DIRECTION ( 'NONE',  ( -0.000000000000000000, -1.000000000000000000, -0.000000000000000000 ) ) ;
#3463 = CARTESIAN_POINT ( 'NONE',  ( 9.624999999999998224, 0.000000000000000000, 9.999999999999998224 ) ) ;
#3464 = DIRECTION ( 'NONE',  ( -1.000000000000000000, -0.000000000000000000, -0.000000000000000000 ) ) ;
#3465 = LINE ( 'NONE', #9370, #9361 ) ;
#3466 = ORIENTED_EDGE ( 'NONE', *, *, #2209, .T. ) ;
#3467 = ORIENTED_EDGE ( 'NONE', *, *, #1212, .F. ) ;
#3468 = ORIENTED_EDGE ( 'NONE', *, *, #8483, .T. ) ;
#3469 = CARTESIAN_POINT ( 'NONE',  ( 7.302239691688777512, -3.010000000000000231, 1.778279977021620439 ) ) ;
#3470 = FACE_BOUND ( 'NONE', #2429, .T. ) ;
#3471 = COLOUR_RGB ( '',0.6666666666666666297, 0.6666666666666666297, 0.6666666666666666297 ) ;
#3472 = DIRECTION ( 'NONE',  ( -1.000000000000000000, -0.000000000000000000, -0.000000000000000000 ) ) ;
#3473 = ORIENTED_EDGE ( 'NONE', *, *, #8382, .F. ) ;
#3474 = CARTESIAN_POINT ( 'NONE',  ( 6.867260651577132613, -3.000000000000000000, 1.751753869549888654 ) ) ;
#3475 = EDGE_CURVE ( 'NONE', #8746, #1046, #526, .T. ) ;
#3476 = LINE ( 'NONE', #7945, #3651 ) ;
#3477 = EDGE_CURVE ( 'NONE', #9382, #8375, #6875, .T. ) ;
#3478 = CARTESIAN_POINT ( 'NONE',  ( 6.925716332856650226, -3.000000000000000000, 1.677415272067907859 ) ) ;
#3479 = VECTOR ( 'NONE', #9207, 1000.000000000000000 ) ;
#3480 = LINE ( 'NONE', #8043, #3518 ) ;
#3481 = PLANE ( 'NONE',  #4841 ) ;
#3482 =( NAMED_UNIT ( * ) SI_UNIT ( $, .STERADIAN. ) SOLID_ANGLE_UNIT ( ) );
#3483 = CARTESIAN_POINT ( 'NONE',  ( 7.514776034266136051, -3.010000000000000231, 2.384778137973367684 ) ) ;
#3484 = ORIENTED_EDGE ( 'NONE', *, *, #5182, .T. ) ;
#3485 = CARTESIAN_POINT ( 'NONE',  ( 5.886168860597935648, -3.000000000000000000, 2.213341205978663684 ) ) ;
#3486 = AXIS2_PLACEMENT_3D ( 'NONE', #1404, #8064, #8203 ) ;
#3487 = ORIENTED_EDGE ( 'NONE', *, *, #6339, .T. ) ;
#3488 = VERTEX_POINT ( 'NONE', #5397 ) ;
#3489 = DIRECTION ( 'NONE',  ( -0.000000000000000000, 1.000000000000000000, -0.000000000000000000 ) ) ;
#3490 = ADVANCED_FACE ( 'NONE', ( #8416 ), #9639, .F. ) ;
#3491 = ORIENTED_EDGE ( 'NONE', *, *, #2099, .F. ) ;
#3492 = CARTESIAN_POINT ( 'NONE',  ( 7.220450860315797748, -3.000000000000000000, 2.388871673076673474 ) ) ;
#3493 = CARTESIAN_POINT ( 'NONE',  ( 7.180661699110388874, -3.010000000000000231, 2.105435302502622896 ) ) ;
#3494 = VECTOR ( 'NONE', #1444, 1000.000000000000000 ) ;
#3495 = EDGE_LOOP ( 'NONE', ( #3836, #76, #9792, #323, #1650, #6397, #8929, #7547 ) ) ;
#3496 = AXIS2_PLACEMENT_3D ( 'NONE', #8803, #1315, #621 ) ;
#3497 = FACE_OUTER_BOUND ( 'NONE', #7877, .T. ) ;
#3498 = EDGE_LOOP ( 'NONE', ( #7418, #8872, #9660, #7155 ) ) ;
#3499 = ORIENTED_EDGE ( 'NONE', *, *, #5793, .F. ) ;
#3500 = CARTESIAN_POINT ( 'NONE',  ( 6.555906371596618598, -3.000000000000000000, 2.211539732387338475 ) ) ;
#3501 = EDGE_CURVE ( 'NONE', #8380, #8017, #764, .T. ) ;
#3502 = VECTOR ( 'NONE', #2425, 1000.000000000000000 ) ;
#3503 = LINE ( 'NONE', #5924, #3017 ) ;
#3504 = VECTOR ( 'NONE', #597, 1000.000000000000000 ) ;
#3505 = CARTESIAN_POINT ( 'NONE',  ( 6.719811517145025448, -3.010000000000000231, 2.431116955345815178 ) ) ;
#3506 = B_SPLINE_CURVE_WITH_KNOTS ( 'NONE', 3,
 ( #8137, #7284, #1289, #4393 ),
 .UNSPECIFIED., .F., .F.,
 ( 4, 4 ),
 ( 1.000000000000000000, 2.000000000000000000 ),
 .UNSPECIFIED. ) ;
#3507 = DIRECTION ( 'NONE',  ( 0.000000000000000000, -0.000000000000000000, 1.000000000000000000 ) ) ;
#3508 = CARTESIAN_POINT ( 'NONE',  ( 6.951423733307501074, -3.010000000000000231, 1.610117554964842546 ) ) ;
#3509 = VERTEX_POINT ( 'NONE', #1965 ) ;
#3510 = DIRECTION ( 'NONE',  ( -0.000000000000000000, 1.000000000000000000, -0.000000000000000000 ) ) ;
#3511 = AXIS2_PLACEMENT_3D ( 'NONE', #2301, #6753, #5329 ) ;
#3512 = VECTOR ( 'NONE', #8155, 1000.000000000000000 ) ;
#3513 = VECTOR ( 'NONE', #9468, 1000.000000000000000 ) ;
#3514 = LINE ( 'NONE', #6531, #355 ) ;
#3515 = CARTESIAN_POINT ( 'NONE',  ( 7.433150944301497809, -3.010000000000000231, 1.633860058567115470 ) ) ;
#3516 = CARTESIAN_POINT ( 'NONE',  ( 6.415252505436406238, -3.010000000000000231, 1.880782096017082461 ) ) ;
#3517 = ADVANCED_FACE ( 'NONE', ( #8657 ), #3416, .T. ) ;
#3518 = VECTOR ( 'NONE', #5763, 1000.000000000000000 ) ;
#3519 = VECTOR ( 'NONE', #3510, 1000.000000000000000 ) ;
#3520 = LINE ( 'NONE', #8718, #3191 ) ;
#3521 = EDGE_LOOP ( 'NONE', ( #3902, #3715, #9443, #1873 ) ) ;
#3522 = ORIENTED_EDGE ( 'NONE', *, *, #4976, .T. ) ;
#3523 = CARTESIAN_POINT ( 'NONE',  ( 7.508553860909193745, -3.010000000000000231, 2.362345565604948572 ) ) ;
#3524 = CARTESIAN_POINT ( 'NONE',  ( 5.690334325534464277, -3.000000000000000000, 1.737417878208080690 ) ) ;
#3525 = CARTESIAN_POINT ( 'NONE',  ( 4.936599293744844630, -3.010000000000000231, 1.600789256043651632 ) ) ;
#3526 = STYLED_ITEM ( 'NONE', ( #9109 ), #4778 ) ;
#3527 = DIRECTION ( 'NONE',  ( -1.000000000000000000, -0.000000000000000000, -0.000000000000000000 ) ) ;
#3528 = VERTEX_POINT ( 'NONE', #470 ) ;
#3529 = CARTESIAN_POINT ( 'NONE',  ( 5.102830894076442192, -3.000000000000000000, 1.760189329712459338 ) ) ;
#3530 = DIRECTION ( 'NONE',  ( 1.000000000000000000, -0.000000000000000000, -0.000000000000000000 ) ) ;
#3531 = DIRECTION ( 'NONE',  ( -0.000000000000000000, 1.000000000000000000, -0.000000000000000000 ) ) ;
#3532 = CARTESIAN_POINT ( 'NONE',  ( 6.654806179699561675, -3.000000000000000000, 1.624854281338506512 ) ) ;
#3533 = VECTOR ( 'NONE', #7624, 1000.000000000000000 ) ;
#3534 = CARTESIAN_POINT ( 'NONE',  ( 5.312328265295620078, -3.000000000000000000, 2.375018520350290263 ) ) ;
#3535 = CARTESIAN_POINT ( 'NONE',  ( 6.954780432093002673, -3.000000000000000000, 1.707543690431075678 ) ) ;
#3536 = EDGE_CURVE ( 'NONE', #5535, #110, #2512, .T. ) ;
#3537 = LINE ( 'NONE', #3585, #228 ) ;
#3538 = UNCERTAINTY_MEASURE_WITH_UNIT (LENGTH_MEASURE( 1.000000000000000082E-05 ), #1421, 'distance_accuracy_value', 'NONE');
#3539 = ORIENTED_EDGE ( 'NONE', *, *, #2721, .F. ) ;
#3540 = CARTESIAN_POINT ( 'NONE',  ( 6.373907800890124875, -3.010000000000000231, 1.597345725443035436 ) ) ;
#3541 = VERTEX_POINT ( 'NONE', #5541 ) ;
#3542 = VECTOR ( 'NONE', #5979, 1000.000000000000114 ) ;
#3543 = PLANE ( 'NONE',  #9027 ) ;
#3544 = B_SPLINE_SURFACE_WITH_KNOTS ( 'NONE', 3, 1, ( 
 ( #8339, #7542 ),
 ( #4449, #3080 ),
 ( #8972, #1495 ),
 ( #6058, #54 ) ),
 .UNSPECIFIED., .F., .F., .F.,
 ( 4, 4 ),
 ( 2, 2 ),
 ( 2.000000000000000000, 3.000000000000000000 ),
 ( 0.000000000000000000, 1.000000000000000000 ),
 .UNSPECIFIED. ) ;
#3545 = AXIS2_PLACEMENT_3D ( 'NONE', #442, #1087, #8865 ) ;
#3546 = ORIENTED_EDGE ( 'NONE', *, *, #1027, .T. ) ;
#3547 = FACE_OUTER_BOUND ( 'NONE', #4875, .T. ) ;
#3548 = CARTESIAN_POINT ( 'NONE',  ( -9.624999999999998224, 3.000000000000000000, 0.000000000000000000 ) ) ;
#3549 = B_SPLINE_CURVE_WITH_KNOTS ( 'NONE', 3,
 ( #6255, #2434, #148, #8631 ),
 .UNSPECIFIED., .F., .F.,
 ( 4, 4 ),
 ( 19.00000000000000000, 20.00000000000000000 ),
 .UNSPECIFIED. ) ;
#3550 = DIRECTION ( 'NONE',  ( 0.9409537876827102076, 0.000000000000000000, -0.3385350342956564562 ) ) ;
#3551 = ORIENTED_EDGE ( 'NONE', *, *, #6926, .F. ) ;
#3552 = VECTOR ( 'NONE', #1775, 1000.000000000000000 ) ;
#3553 = EDGE_CURVE ( 'NONE', #6442, #734, #3457, .T. ) ;
#3554 = ADVANCED_FACE ( 'NONE', ( #2620 ), #8760, .T. ) ;
#3555 = CARTESIAN_POINT ( 'NONE',  ( 7.341240847387365598, -3.010000000000000231, 2.202615825862366261 ) ) ;
#3556 = VERTEX_POINT ( 'NONE', #3309 ) ;
#3557 = ORIENTED_EDGE ( 'NONE', *, *, #3134, .T. ) ;
#3558 = LINE ( 'NONE', #8845, #2849 ) ;
#3559 = B_SPLINE_CURVE_WITH_KNOTS ( 'NONE', 3,
 ( #6431, #7072, #3459, #9461 ),
 .UNSPECIFIED., .F., .F.,
 ( 4, 4 ),
 ( 0.000000000000000000, 1.000000000000000000 ),
 .UNSPECIFIED. ) ;
#3560 = MECHANICAL_DESIGN_GEOMETRIC_PRESENTATION_REPRESENTATION (  '', ( #3725 ), #4539 ) ;
#3561 = PLANE ( 'NONE',  #4635 ) ;
#3562 = CARTESIAN_POINT ( 'NONE',  ( 6.027351790435611534, -3.000000000000000000, 1.698706480142302189 ) ) ;
#3563 = FACE_OUTER_BOUND ( 'NONE', #8338, .T. ) ;
#3564 = ORIENTED_EDGE ( 'NONE', *, *, #4204, .T. ) ;
#3565 = EDGE_CURVE ( 'NONE', #8388, #6427, #4800, .T. ) ;
#3566 = COLOUR_RGB ( '',0.6666666666666666297, 0.6666666666666666297, 0.6666666666666666297 ) ;
#3567 = PLANE ( 'NONE',  #5058 ) ;
#3568 =( NAMED_UNIT ( * ) PLANE_ANGLE_UNIT ( ) SI_UNIT ( $, .RADIAN. ) );
#3569 = CARTESIAN_POINT ( 'NONE',  ( 7.534998097678949236, -3.010000000000000231, 1.880782096017092897 ) ) ;
#3570 = FILL_AREA_STYLE_COLOUR ( '', #7145 ) ;
#3571 = VERTEX_POINT ( 'NONE', #7829 ) ;
#3572 = CARTESIAN_POINT ( 'NONE',  ( 5.027685164915276061, -3.010000000000000231, 2.327198463502726522 ) ) ;
#3573 = EDGE_CURVE ( 'NONE', #9743, #2286, #5011, .T. ) ;
#3574 = FACE_BOUND ( 'NONE', #862, .T. ) ;
#3575 = CARTESIAN_POINT ( 'NONE',  ( 7.493080298217718926, -3.010000000000000231, 2.425713489008664681 ) ) ;
#3576 = EDGE_CURVE ( 'NONE', #7348, #8380, #6383, .T. ) ;
#3577 = FACE_OUTER_BOUND ( 'NONE', #2243, .T. ) ;
#3578 = EDGE_CURVE ( 'NONE', #8806, #3032, #1861, .T. ) ;
#3579 = CARTESIAN_POINT ( 'NONE',  ( 7.425864451816630130, -3.010000000000000231, 1.880782096017092897 ) ) ;
#3580 = LINE ( 'NONE', #5850, #326 ) ;
#3581 =( LENGTH_UNIT ( ) NAMED_UNIT ( * ) SI_UNIT ( .MILLI., .METRE. ) );
#3582 = FACE_OUTER_BOUND ( 'NONE', #2946, .T. ) ;
#3583 = LINE ( 'NONE', #2791, #4479 ) ;
#3584 = DIRECTION ( 'NONE',  ( 1.000000000000000000, -0.000000000000000000, -0.000000000000000000 ) ) ;
#3585 = CARTESIAN_POINT ( 'NONE',  ( 7.416776803886060421, -3.010000000000000231, 1.778279977021620439 ) ) ;
#3586 = VERTEX_POINT ( 'NONE', #7071 ) ;
#3587 = CARTESIAN_POINT ( 'NONE',  ( 9.624999999999996447, 2.799999999999999822, 10.19999999999999929 ) ) ;
#3588 = ORIENTED_EDGE ( 'NONE', *, *, #6162, .T. ) ;
#3589 = SURFACE_STYLE_FILL_AREA ( #4402 ) ;
#3590 = B_SPLINE_CURVE_WITH_KNOTS ( 'NONE', 3,
 ( #7190, #4192, #1828, #5753 ),
 .UNSPECIFIED., .F., .F.,
 ( 4, 4 ),
 ( 5.000000000000000000, 6.000000000000000000 ),
 .UNSPECIFIED. ) ;
#3591 = LINE ( 'NONE', #5863, #3512 ) ;
#3592 = ORIENTED_EDGE ( 'NONE', *, *, #4284, .F. ) ;
#3593 = LINE ( 'NONE', #1253, #520 ) ;
#3594 = CARTESIAN_POINT ( 'NONE',  ( 6.951423733307501074, -3.010000000000000231, 1.610117554964842546 ) ) ;
#3595 = ORIENTED_EDGE ( 'NONE', *, *, #9671, .T. ) ;
#3596 = LINE ( 'NONE', #7214, #4436 ) ;
#3597 = VERTEX_POINT ( 'NONE', #4175 ) ;
#3598 = EDGE_CURVE ( 'NONE', #3454, #2117, #4959, .T. ) ;
#3599 = LINE ( 'NONE', #8065, #479 ) ;
#3600 = ADVANCED_FACE ( 'NONE', ( #6474 ), #8914, .F. ) ;
#3601 = CARTESIAN_POINT ( 'NONE',  ( 5.141542379007333352, -3.000000000000000000, 2.395512818018039614 ) ) ;
#3602 = SURFACE_STYLE_FILL_AREA ( #9051 ) ;
#3603 = ORIENTED_EDGE ( 'NONE', *, *, #9062, .F. ) ;
#3604 = CARTESIAN_POINT ( 'NONE',  ( 6.625250856252422160, -3.000000000000000000, 1.661859838674450973 ) ) ;
#3605 = CARTESIAN_POINT ( 'NONE',  ( 6.822968601756339346, -3.000000000000000000, 1.764361957669924985 ) ) ;
#3606 = ORIENTED_EDGE ( 'NONE', *, *, #3931, .F. ) ;
#3607 = EDGE_LOOP ( 'NONE', ( #624, #4859, #8141, #4655 ) ) ;
#3608 = DIRECTION ( 'NONE',  ( -1.000000000000000000, 0.000000000000000000, 0.000000000000000000 ) ) ;
#3609 = FACE_OUTER_BOUND ( 'NONE', #7758, .T. ) ;
#3610 = EDGE_CURVE ( 'NONE', #9797, #5497, #5592, .T. ) ;
#3611 = CARTESIAN_POINT ( 'NONE',  ( 7.015692234434061092, -3.010000000000000231, 2.249691479553174833 ) ) ;
#3612 = ORIENTED_EDGE ( 'NONE', *, *, #8893, .T. ) ;
#3613 = ORIENTED_EDGE ( 'NONE', *, *, #8385, .T. ) ;
#3614 = ORIENTED_EDGE ( 'NONE', *, *, #2297, .F. ) ;
#3615 = PLANE ( 'NONE',  #5104 ) ;
#3616 = B_SPLINE_SURFACE_WITH_KNOTS ( 'NONE', 3, 1, ( 
 ( #1419, #2865 ),
 ( #4476, #5983 ),
 ( #7468, #8174 ),
 ( #8906, #5155 ) ),
 .UNSPECIFIED., .F., .F., .F.,
 ( 4, 4 ),
 ( 2, 2 ),
 ( 21.00000000000000000, 22.00000000000000000 ),
 ( 0.000000000000000000, 1.000000000000000000 ),
 .UNSPECIFIED. ) ;
#3617 = CARTESIAN_POINT ( 'NONE',  ( 6.584561117321979573, -3.000000000000000000, 1.658585010593108588 ) ) ;
#3618 = CARTESIAN_POINT ( 'NONE',  ( 6.685098339466682305, -3.000000000000000000, 1.624854281338506512 ) ) ;
#3619 = FACE_OUTER_BOUND ( 'NONE', #5517, .T. ) ;
#3620 = DIRECTION ( 'NONE',  ( -0.000000000000000000, 1.000000000000000000, -0.000000000000000000 ) ) ;
#3621 = AXIS2_PLACEMENT_3D ( 'NONE', #1853, #1810, #3353 ) ;
#3622 = CARTESIAN_POINT ( 'NONE',  ( 7.006358974398651185, -3.010000000000000231, 1.528574335702177489 ) ) ;
#3623 = EDGE_CURVE ( 'NONE', #6152, #4198, #744, .T. ) ;
#3624 = CARTESIAN_POINT ( 'NONE',  ( 7.447560187865060577, -3.000000000000000000, 2.193036953720469473 ) ) ;
#3625 = EDGE_CURVE ( 'NONE', #6997, #8951, #1914, .T. ) ;
#3626 = EDGE_CURVE ( 'NONE', #8628, #5611, #2520, .T. ) ;
#3627 = DIRECTION ( 'NONE',  ( 0.000000000000000000, -0.000000000000000000, 1.000000000000000000 ) ) ;
#3628 = ORIENTED_EDGE ( 'NONE', *, *, #3016, .F. ) ;
#3629 =( NAMED_UNIT ( * ) PLANE_ANGLE_UNIT ( ) SI_UNIT ( $, .RADIAN. ) );
#3630 = ORIENTED_EDGE ( 'NONE', *, *, #6715, .T. ) ;
#3631 = DIRECTION ( 'NONE',  ( 0.9306703226357374570, 0.000000000000000000, 0.3658589216693949320 ) ) ;
#3632 = VECTOR ( 'NONE', #5038, 1000.000000000000000 ) ;
#3633 = CARTESIAN_POINT ( 'NONE',  ( 5.972700358944387666, -3.000000000000000000, 1.639500740975647464 ) ) ;
#3634 = UNCERTAINTY_MEASURE_WITH_UNIT (LENGTH_MEASURE( 1.000000000000000082E-05 ), #2343, 'distance_accuracy_value', 'NONE');
#3635 = ORIENTED_EDGE ( 'NONE', *, *, #4187, .T. ) ;
#3636 = FACE_OUTER_BOUND ( 'NONE', #1952, .T. ) ;
#3637 = VERTEX_POINT ( 'NONE', #2714 ) ;
#3638 =( NAMED_UNIT ( * ) SI_UNIT ( $, .STERADIAN. ) SOLID_ANGLE_UNIT ( ) );
#3639 = LINE ( 'NONE', #9546, #6959 ) ;
#3640 = ORIENTED_EDGE ( 'NONE', *, *, #5483, .F. ) ;
#3641 = VECTOR ( 'NONE', #1692, 1000.000000000000114 ) ;
#3642 = CARTESIAN_POINT ( 'NONE',  ( 5.312328265295620078, -3.010000000000000231, 2.375018520350290263 ) ) ;
#3643 = ORIENTED_EDGE ( 'NONE', *, *, #5009, .F. ) ;
#3644 = CARTESIAN_POINT ( 'NONE',  ( 7.305023295558240370, -3.000000000000000000, 2.383304465335559286 ) ) ;
#3645 = DIRECTION ( 'NONE',  ( -0.000000000000000000, 0.000000000000000000, 1.000000000000000000 ) ) ;
#3646 = MECHANICAL_DESIGN_GEOMETRIC_PRESENTATION_REPRESENTATION (  '', ( #1101 ), #3337 ) ;
#3647 = CARTESIAN_POINT ( 'NONE',  ( 6.834348629344503934, -3.000000000000000000, 1.728175107353765005 ) ) ;
#3648 = ORIENTED_EDGE ( 'NONE', *, *, #8656, .T. ) ;
#3649 = LINE ( 'NONE', #6660, #4927 ) ;
#3650 = CARTESIAN_POINT ( 'NONE',  ( 6.912043925610888095, -3.000000000000000000, 1.727028917523886875 ) ) ;
#3651 = VECTOR ( 'NONE', #3530, 1000.000000000000000 ) ;
#3652 = LINE ( 'NONE', #7456, #7320 ) ;
#3653 = DIRECTION ( 'NONE',  ( 0.000000000000000000, -1.000000000000000000, 0.000000000000000000 ) ) ;
#3654 = CARTESIAN_POINT ( 'NONE',  ( 4.929767919100087603, -3.000000000000000000, 2.327198463502726522 ) ) ;
#3655 = ORIENTED_EDGE ( 'NONE', *, *, #1860, .T. ) ;
#3656 = EDGE_CURVE ( 'NONE', #4956, #6424, #2045, .T. ) ;
#3657 = ADVANCED_FACE ( 'NONE', ( #2908 ), #2059, .F. ) ;
#3658 = SURFACE_STYLE_FILL_AREA ( #2812 ) ;
#3659 = CARTESIAN_POINT ( 'NONE',  ( 6.555906371596618598, -3.010000000000000231, 2.259515963801552729 ) ) ;
#3660 = PRESENTATION_LAYER_ASSIGNMENT (  '', '', ( #7934 ) ) ;
#3661 = ORIENTED_EDGE ( 'NONE', *, *, #5041, .T. ) ;
#3662 = CARTESIAN_POINT ( 'NONE',  ( 6.630736193290477587, -3.000000000000000000, 2.170604381352050360 ) ) ;
#3663 =( NAMED_UNIT ( * ) SI_UNIT ( $, .STERADIAN. ) SOLID_ANGLE_UNIT ( ) );
#3664 = LINE ( 'NONE', #5838, #1755 ) ;
#3665 = VECTOR ( 'NONE', #1304, 1000.000000000000000 ) ;
#3666 = VERTEX_POINT ( 'NONE', #4372 ) ;
#3667 = CARTESIAN_POINT ( 'NONE',  ( 5.628851475963204898, -3.010000000000000231, 1.985626821225459970 ) ) ;
#3668 = AXIS2_PLACEMENT_3D ( 'NONE', #4282, #5937, #688 ) ;
#3669 =( LENGTH_UNIT ( ) NAMED_UNIT ( * ) SI_UNIT ( .MILLI., .METRE. ) );
#3670 = EDGE_CURVE ( 'NONE', #486, #2486, #2108, .T. ) ;
#3671 = LINE ( 'NONE', #9723, #6694 ) ;
#3672 = EDGE_CURVE ( 'NONE', #3571, #2961, #2240, .T. ) ;
#3673 = CARTESIAN_POINT ( 'NONE',  ( -7.574999999999998401, 1.604999999999999982, -4.099999999999999645 ) ) ;
#3674 = FACE_OUTER_BOUND ( 'NONE', #5272, .T. ) ;
#3675 = AXIS2_PLACEMENT_3D ( 'NONE', #2933, #2182, #5214 ) ;
#3676 = CARTESIAN_POINT ( 'NONE',  ( 6.711051352023470251, -3.000000000000000000, 1.643520801411535004 ) ) ;
#3677 = VECTOR ( 'NONE', #1916, 1000.000000000000000 ) ;
#3678 = CARTESIAN_POINT ( 'NONE',  ( 9.624999999999998224, 2.799999999999999822, 10.19999999999999929 ) ) ;
#3679 = CARTESIAN_POINT ( 'NONE',  ( -5.534999999999998366, 1.604999999999999982, -4.099999999999999645 ) ) ;
#3680 = ORIENTED_EDGE ( 'NONE', *, *, #8562, .F. ) ;
#3681 = EDGE_LOOP ( 'NONE', ( #8404, #3082, #4707, #5181 ) ) ;
#3682 = CARTESIAN_POINT ( 'NONE',  ( 7.652400684449854218, -3.000000000000000000, 1.870793870362571054 ) ) ;
#3683 = VECTOR ( 'NONE', #4164, 1000.000000000000000 ) ;
#3684 = AXIS2_PLACEMENT_3D ( 'NONE', #9389, #2598, #7896 ) ;
#3685 = CARTESIAN_POINT ( 'NONE',  ( 7.371092952131627740, -3.010000000000000231, 2.105435302502622896 ) ) ;
#3686 = EDGE_CURVE ( 'NONE', #4049, #533, #622, .T. ) ;
#3687 = ORIENTED_EDGE ( 'NONE', *, *, #6099, .T. ) ;
#3688 = CARTESIAN_POINT ( 'NONE',  ( 6.908114131911542444, -3.000000000000000000, 1.798747652540360065 ) ) ;
#3689 = EDGE_LOOP ( 'NONE', ( #1123, #5583, #4925, #3333 ) ) ;
#3690 = VERTEX_POINT ( 'NONE', #9651 ) ;
#3691 = CARTESIAN_POINT ( 'NONE',  ( 5.200748118173984302, -3.010000000000000231, 1.582571938480119567 ) ) ;
#3692 = VECTOR ( 'NONE', #2492, 1000.000000000000000 ) ;
#3693 = MECHANICAL_DESIGN_GEOMETRIC_PRESENTATION_REPRESENTATION (  '', ( #1458 ), #4339 ) ;
#3694 = CARTESIAN_POINT ( 'NONE',  ( 5.193916700096124828, -3.000000000000000000, 2.283932714330592084 ) ) ;
#3695 = ORIENTED_EDGE ( 'NONE', *, *, #7402, .T. ) ;
#3696 = CARTESIAN_POINT ( 'NONE',  ( 5.259953944207918397, -3.000000000000000000, 2.479767197816991064 ) ) ;
#3697 = CARTESIAN_POINT ( 'NONE',  ( 6.602163318267076697, -3.010000000000000231, 2.383959430951392289 ) ) ;
#3698 = DIRECTION ( 'NONE',  ( -0.9903286039881301628, 0.000000000000000000, -0.1387416884823060581 ) ) ;
#3699 = ORIENTED_EDGE ( 'NONE', *, *, #7786, .F. ) ;
#3700 =( NAMED_UNIT ( * ) PLANE_ANGLE_UNIT ( ) SI_UNIT ( $, .RADIAN. ) );
#3701 = B_SPLINE_CURVE_WITH_KNOTS ( 'NONE', 3,
 ( #2747, #8145, #1344, #7291 ),
 .UNSPECIFIED., .F., .F.,
 ( 4, 4 ),
 ( 8.000000000000000000, 9.000000000000000000 ),
 .UNSPECIFIED. ) ;
#3702 = ADVANCED_FACE ( 'NONE', ( #5786 ), #8205, .F. ) ;
#3703 = EDGE_CURVE ( 'NONE', #2267, #7567, #7753, .T. ) ;
#3704 = CARTESIAN_POINT ( 'NONE',  ( 6.661110223759573401, -3.000000000000000000, 2.100031836165462185 ) ) ;
#3705 = ORIENTED_EDGE ( 'NONE', *, *, #5741, .F. ) ;
#3706 = PLANE ( 'NONE',  #3486 ) ;
#3707 = CARTESIAN_POINT ( 'NONE',  ( 6.609859164262935849, -3.000000000000000000, 1.726210210504100839 ) ) ;
#3708 = PLANE ( 'NONE',  #3028 ) ;
#3709 = AXIS2_PLACEMENT_3D ( 'NONE', #3963, #5489, #8506 ) ;
#3710 = B_SPLINE_SURFACE_WITH_KNOTS ( 'NONE', 3, 1, ( 
 ( #9297, #1806 ),
 ( #4070, #6226 ),
 ( #9254, #7063 ),
 ( #5531, #8551 ) ),
 .UNSPECIFIED., .F., .F., .F.,
 ( 4, 4 ),
 ( 2, 2 ),
 ( 2.000000000000000000, 3.000000000000000000 ),
 ( 0.000000000000000000, 1.000000000000000000 ),
 .UNSPECIFIED. ) ;
#3711 =( NAMED_UNIT ( * ) PLANE_ANGLE_UNIT ( ) SI_UNIT ( $, .RADIAN. ) );
#3712 = CARTESIAN_POINT ( 'NONE',  ( 7.742325416839366703, -3.010000000000000231, 1.694526248801701662 ) ) ;
#3713 = VERTEX_POINT ( 'NONE', #3562 ) ;
#3714 = DIRECTION ( 'NONE',  ( -0.000000000000000000, -0.000000000000000000, -1.000000000000000000 ) ) ;
#3715 = ORIENTED_EDGE ( 'NONE', *, *, #8206, .T. ) ;
#3716 = CARTESIAN_POINT ( 'NONE',  ( 6.633028572949148938, -3.010000000000000231, 2.415397780548394824 ) ) ;
#3717 = EDGE_LOOP ( 'NONE', ( #4601, #2316, #5320, #1347 ) ) ;
#3718 = VECTOR ( 'NONE', #4149, 1000.000000000000000 ) ;
#3719 = FACE_OUTER_BOUND ( 'NONE', #5167, .T. ) ;
#3720 = DIRECTION ( 'NONE',  ( -0.000000000000000000, 1.000000000000000000, -0.000000000000000000 ) ) ;
#3721 = PLANE ( 'NONE',  #6817 ) ;
#3722 = SURFACE_SIDE_STYLE ('',( #6957 ) ) ;
#3723 = ORIENTED_EDGE ( 'NONE', *, *, #2352, .F. ) ;
#3724 = ORIENTED_EDGE ( 'NONE', *, *, #4187, .F. ) ;
#3725 = STYLED_ITEM ( 'NONE', ( #8251 ), #2142 ) ;
#3726 = DIRECTION ( 'NONE',  ( 0.4630180653866974305, 0.000000000000000000, -0.8863488427958600147 ) ) ;
#3727 = PLANE ( 'NONE',  #5253 ) ;
#3728 = DIRECTION ( 'NONE',  ( -1.000000000000000000, 0.000000000000000000, -0.000000000000000000 ) ) ;
#3729 = COLOUR_RGB ( '',0.2980392156862745057, 0.2980392156862745057, 0.2980392156862745057 ) ;
#3730 = LINE ( 'NONE', #9727, #639 ) ;
#3731 = B_SPLINE_CURVE_WITH_KNOTS ( 'NONE', 3,
 ( #1826, #1038, #7083, #5603 ),
 .UNSPECIFIED., .F., .F.,
 ( 4, 4 ),
 ( 4.000000000000000000, 5.000000000000000000 ),
 .UNSPECIFIED. ) ;
#3732 = CARTESIAN_POINT ( 'NONE',  ( 6.822722989650397807, -3.010000000000000231, 1.605369054245710858 ) ) ;
#3733 = EDGE_CURVE ( 'NONE', #4632, #458, #1408, .T. ) ;
#3734 = ADVANCED_FACE ( 'NONE', ( #1266 ), #1862, .F. ) ;
#3735 = CARTESIAN_POINT ( 'NONE',  ( 6.630736193290477587, -3.010000000000000231, 2.170604381352050360 ) ) ;
#3736 = ORIENTED_EDGE ( 'NONE', *, *, #4354, .F. ) ;
#3737 = VERTEX_POINT ( 'NONE', #1364 ) ;
#3738 = CARTESIAN_POINT ( 'NONE',  ( 7.029119029573883459, -3.010000000000000231, 1.523989576384800815 ) ) ;
#3739 = LINE ( 'NONE', #4550, #7470 ) ;
#3740 = ORIENTED_EDGE ( 'NONE', *, *, #2471, .F. ) ;
#3741 = DIRECTION ( 'NONE',  ( 0.000000000000000000, 2.168404344971003346E-15, 1.000000000000000000 ) ) ;
#3742 = ORIENTED_EDGE ( 'NONE', *, *, #1857, .T. ) ;
#3743 = ORIENTED_EDGE ( 'NONE', *, *, #9119, .F. ) ;
#3744 = CARTESIAN_POINT ( 'NONE',  ( 5.198471007770466557, -3.010000000000000231, 1.760189329712459338 ) ) ;
#3745 = VERTEX_POINT ( 'NONE', #4525 ) ;
#3746 = CARTESIAN_POINT ( 'NONE',  ( 6.681905382086232414, -3.010000000000000231, 1.798747652540360065 ) ) ;
#3747 = VERTEX_POINT ( 'NONE', #4465 ) ;
#3748 = EDGE_CURVE ( 'NONE', #1693, #3666, #3652, .T. ) ;
#3749 = FILL_AREA_STYLE_COLOUR ( '', #6510 ) ;
#3750 = CARTESIAN_POINT ( 'NONE',  ( 6.599297843695637766, -3.000000000000000000, 2.302252470284749997 ) ) ;
#3751 = DIRECTION ( 'NONE',  ( 0.000000000000000000, 0.000000000000000000, -1.000000000000000000 ) ) ;
#3752 = ORIENTED_EDGE ( 'NONE', *, *, #6503, .T. ) ;
#3753 = FACE_OUTER_BOUND ( 'NONE', #1059, .T. ) ;
#3754 = B_SPLINE_CURVE_WITH_KNOTS ( 'NONE', 3,
 ( #5341, #9202, #6081, #6173 ),
 .UNSPECIFIED., .F., .F.,
 ( 4, 4 ),
 ( 5.000000000000000000, 6.000000000000000000 ),
 .UNSPECIFIED. ) ;
#3755 = PLANE ( 'NONE',  #5775 ) ;
#3756 = PLANE ( 'NONE',  #2832 ) ;
#3757 = ORIENTED_EDGE ( 'NONE', *, *, #5417, .T. ) ;
#3758 = LINE ( 'NONE', #4612, #7756 ) ;
#3759 = ORIENTED_EDGE ( 'NONE', *, *, #1379, .F. ) ;
#3760 = CARTESIAN_POINT ( 'NONE',  ( 7.675815705242024833, -3.010000000000000231, 1.850653677653930185 ) ) ;
#3761 = EDGE_CURVE ( 'NONE', #2731, #3087, #7313, .T. ) ;
#3762 = ADVANCED_FACE ( 'NONE', ( #677 ), #3708, .F. ) ;
#3763 = ADVANCED_FACE ( 'NONE', ( #1461 ), #7404, .F. ) ;
#3764 = CARTESIAN_POINT ( 'NONE',  ( 7.013481725478459161, -3.010000000000000231, 1.490750071344261185 ) ) ;
#3765 = ORIENTED_EDGE ( 'NONE', *, *, #6475, .F. ) ;
#3766 = VERTEX_POINT ( 'NONE', #9107 ) ;
#3767 = CARTESIAN_POINT ( 'NONE',  ( 6.711051352023470251, -3.010000000000000231, 1.643520801411535004 ) ) ;
#3768 = ORIENTED_EDGE ( 'NONE', *, *, #1926, .F. ) ;
#3769 = B_SPLINE_CURVE_WITH_KNOTS ( 'NONE', 3,
 ( #7336, #8091, #5031, #1294 ),
 .UNSPECIFIED., .F., .F.,
 ( 4, 4 ),
 ( 4.000000000000000000, 5.000000000000000000 ),
 .UNSPECIFIED. ) ;
#3770 = CARTESIAN_POINT ( 'NONE',  ( 7.676716282965974969, -3.000000000000000000, 1.667263305011618790 ) ) ;
#3771 = DIRECTION ( 'NONE',  ( 1.000000000000000000, -0.000000000000000000, -0.000000000000000000 ) ) ;
#3772 =( NAMED_UNIT ( * ) PLANE_ANGLE_UNIT ( ) SI_UNIT ( $, .RADIAN. ) );
#3773 = ORIENTED_EDGE ( 'NONE', *, *, #2659, .F. ) ;
#3774 = ORIENTED_EDGE ( 'NONE', *, *, #3072, .F. ) ;
#3775 = FACE_OUTER_BOUND ( 'NONE', #9489, .T. ) ;
#3776 = FILL_AREA_STYLE ('',( #2128 ) ) ;
#3777 = FACE_OUTER_BOUND ( 'NONE', #438, .T. ) ;
#3778 = CARTESIAN_POINT ( 'NONE',  ( 7.581746268563485991, -3.000000000000000000, 1.597345725443044095 ) ) ;
#3779 = CARTESIAN_POINT ( 'NONE',  ( 7.024779882364643235, -3.000000000000000000, 2.425713489008659351 ) ) ;
#3780 = CARTESIAN_POINT ( 'NONE',  ( 6.672244639241795561, -3.000000000000000000, 2.431116955345815178 ) ) ;
#3781 = PRESENTATION_STYLE_ASSIGNMENT (( #740 ) ) ;
#3782 = ORIENTED_EDGE ( 'NONE', *, *, #1302, .F. ) ;
#3783 = ORIENTED_EDGE ( 'NONE', *, *, #1230, .F. ) ;
#3784 = LINE ( 'NONE', #9680, #9045 ) ;
#3785 = CARTESIAN_POINT ( 'NONE',  ( 9.324999999999995737, -3.000000000000000000, 0.000000000000000000 ) ) ;
#3786 = B_SPLINE_CURVE_WITH_KNOTS ( 'NONE', 3,
 ( #6303, #9330, #2543, #5568 ),
 .UNSPECIFIED., .F., .F.,
 ( 4, 4 ),
 ( 12.00000000000000000, 13.00000000000000000 ),
 .UNSPECIFIED. ) ;
#3787 = ORIENTED_EDGE ( 'NONE', *, *, #8089, .F. ) ;
#3788 = ADVANCED_FACE ( 'NONE', ( #6222 ), #7602, .F. ) ;
#3789 = EDGE_CURVE ( 'NONE', #6364, #7912, #9767, .T. ) ;
#3790 = CARTESIAN_POINT ( 'NONE',  ( 5.453511282000583549, -3.010000000000000231, 2.511647229380917778 ) ) ;
#3791 = ORIENTED_EDGE ( 'NONE', *, *, #536, .F. ) ;
#3792 = CARTESIAN_POINT ( 'NONE',  ( 7.070218122014234829, -3.000000000000000000, 1.556246633001599822 ) ) ;
#3793 = B_SPLINE_SURFACE_WITH_KNOTS ( 'NONE', 3, 1, ( 
 ( #6977, #982 ),
 ( #8666, #5837 ),
 ( #1273, #7225 ),
 ( #6393, #1225 ) ),
 .UNSPECIFIED., .F., .F., .F.,
 ( 4, 4 ),
 ( 2, 2 ),
 ( 8.000000000000000000, 9.000000000000000000 ),
 ( 0.000000000000000000, 1.000000000000000000 ),
 .UNSPECIFIED. ) ;
#3794 = CARTESIAN_POINT ( 'NONE',  ( 6.936032041318004104, -3.000000000000000000, 1.655637665317507334 ) ) ;
#3795 = ORIENTED_EDGE ( 'NONE', *, *, #7182, .F. ) ;
#3796 = VECTOR ( 'NONE', #9203, 1000.000000000000000 ) ;
#3797 = CARTESIAN_POINT ( 'NONE',  ( 9.824999999999999289, -2.799999999999999822, 9.999999999999998224 ) ) ;
#3798 = DIRECTION ( 'NONE',  ( 1.083260458603921549E-14, -0.000000000000000000, -1.000000000000000000 ) ) ;
#3799 = ORIENTED_EDGE ( 'NONE', *, *, #459, .F. ) ;
#3800 = CARTESIAN_POINT ( 'NONE',  ( 6.529789617635866961, -3.000000000000000000, 1.741601902493589149 ) ) ;
#3801 = EDGE_CURVE ( 'NONE', #2839, #4315, #3856, .T. ) ;
#3802 = CARTESIAN_POINT ( 'NONE',  ( 7.353327009780375789, -3.010000000000000231, 2.269667930860042926 ) ) ;
#3803 = CARTESIAN_POINT ( 'NONE',  ( 6.610514129878762191, -3.010000000000000231, 2.334345785495415271 ) ) ;
#3804 = VERTEX_POINT ( 'NONE', #9050 ) ;
#3805 = SURFACE_SIDE_STYLE ('',( #8455 ) ) ;
#3806 = CARTESIAN_POINT ( 'NONE',  ( 7.232485853521977148, -3.000000000000000000, 2.425713489008659351 ) ) ;
#3807 = CARTESIAN_POINT ( 'NONE',  ( 5.109662355587391680, -3.010000000000000231, 2.361355640761474195 ) ) ;
#3808 = EDGE_CURVE ( 'NONE', #6408, #2417, #541, .T. ) ;
#3809 = DIRECTION ( 'NONE',  ( 1.000000000000000000, -0.000000000000000000, -0.000000000000000000 ) ) ;
#3810 = EDGE_LOOP ( 'NONE', ( #3838, #3699, #2979, #707 ) ) ;
#3811 = DIRECTION ( 'NONE',  ( -0.000000000000000000, 1.000000000000000000, -0.000000000000000000 ) ) ;
#3812 = ORIENTED_EDGE ( 'NONE', *, *, #6750, .F. ) ;
#3813 = STYLED_ITEM ( 'NONE', ( #7217 ), #6596 ) ;
#3814 = LINE ( 'NONE', #8363, #7929 ) ;
#3815 = CARTESIAN_POINT ( 'NONE',  ( 6.876512040911660684, -3.000000000000000000, 1.790233099523641513 ) ) ;
#3816 = CARTESIAN_POINT ( 'NONE',  ( 4.754427681705468700, -3.000000000000000000, 1.710092205894480077 ) ) ;
#3817 = VERTEX_POINT ( 'NONE', #3048 ) ;
#3818 = EDGE_LOOP ( 'NONE', ( #7026, #5042, #415, #9126 ) ) ;
#3819 = DIRECTION ( 'NONE',  ( -1.000000000000000000, 0.000000000000000000, 0.000000000000000000 ) ) ;
#3820 = VECTOR ( 'NONE', #7739, 1000.000000000000000 ) ;
#3821 = B_SPLINE_CURVE_WITH_KNOTS ( 'NONE', 3,
 ( #6398, #394, #3427, #9429 ),
 .UNSPECIFIED., .F., .F.,
 ( 4, 4 ),
 ( 1.000000000000000000, 2.000000000000000000 ),
 .UNSPECIFIED. ) ;
#3822 = MECHANICAL_DESIGN_GEOMETRIC_PRESENTATION_REPRESENTATION (  '', ( #6809 ), #2382 ) ;
#3823 = EDGE_CURVE ( 'NONE', #8101, #3541, #40, .T. ) ;
#3824 = CARTESIAN_POINT ( 'NONE',  ( 7.275631713515077870, -3.010000000000000231, 2.175352882071195815 ) ) ;
#3825 = LINE ( 'NONE', #594, #8435 ) ;
#3826 = EDGE_CURVE ( 'NONE', #5231, #8973, #4572, .T. ) ;
#3827 = CARTESIAN_POINT ( 'NONE',  ( 4.697499058370925518, -3.000000000000000000, 2.149581159136581654 ) ) ;
#3828 = CARTESIAN_POINT ( 'NONE',  ( 6.867260651577132613, -3.010000000000000231, 1.751753869549888654 ) ) ;
#3829 = CARTESIAN_POINT ( 'NONE',  ( -5.534999999999998366, 1.855000000000000204, 0.5000000000000000000 ) ) ;
#3830 = CARTESIAN_POINT ( 'NONE',  ( 5.125000000000002665, 1.604999999999999982, -4.099999999999999645 ) ) ;
#3831 =( GEOMETRIC_REPRESENTATION_CONTEXT ( 3 ) GLOBAL_UNCERTAINTY_ASSIGNED_CONTEXT ( ( #4447 ) ) GLOBAL_UNIT_ASSIGNED_CONTEXT ( ( #5265, #1529, #8138 ) ) REPRESENTATION_CONTEXT ( 'NONE', 'WORKASPACE' ) );
#3832 = ORIENTED_EDGE ( 'NONE', *, *, #1603, .T. ) ;
#3833 = DIRECTION ( 'NONE',  ( 0.000000000000000000, 0.000000000000000000, 1.000000000000000000 ) ) ;
#3834 = CARTESIAN_POINT ( 'NONE',  ( 7.015692234434061092, -3.000000000000000000, 2.249691479553174833 ) ) ;
#3835 = VECTOR ( 'NONE', #2820, 1000.000000000000000 ) ;
#3836 = ORIENTED_EDGE ( 'NONE', *, *, #7788, .T. ) ;
#3837 = CARTESIAN_POINT ( 'NONE',  ( 6.884617240416298856, -3.010000000000000231, 1.795964048668708513 ) ) ;
#3838 = ORIENTED_EDGE ( 'NONE', *, *, #8511, .T. ) ;
#3839 = CARTESIAN_POINT ( 'NONE',  ( 7.337198481473063971, -3.000000000000000000, 2.354977202418114590 ) ) ;
#3840 = ORIENTED_EDGE ( 'NONE', *, *, #5141, .F. ) ;
#3841 = DIRECTION ( 'NONE',  ( -1.000000000000000000, 0.000000000000000000, -1.222652889225965627E-14 ) ) ;
#3842 = ORIENTED_EDGE ( 'NONE', *, *, #1207, .T. ) ;
#3843 = PRESENTATION_LAYER_ASSIGNMENT (  '', '', ( #7460 ) ) ;
#3844 = PRESENTATION_LAYER_ASSIGNMENT (  '', '', ( #5576 ) ) ;
#3845 = FACE_OUTER_BOUND ( 'NONE', #392, .T. ) ;
#3846 = DIRECTION ( 'NONE',  ( -0.000000000000000000, 1.000000000000000000, -0.000000000000000000 ) ) ;
#3847 = LINE ( 'NONE', #8490, #8433 ) ;
#3848 = VERTEX_POINT ( 'NONE', #7659 ) ;
#3849 = DIRECTION ( 'NONE',  ( -0.000000000000000000, 1.000000000000000000, -0.000000000000000000 ) ) ;
#3850 = VECTOR ( 'NONE', #8892, 1000.000000000000000 ) ;
#3851 = DIRECTION ( 'NONE',  ( 0.000000000000000000, 0.000000000000000000, 1.000000000000000000 ) ) ;
#3852 = AXIS2_PLACEMENT_3D ( 'NONE', #5076, #8093, #4397 ) ;
#3853 = CARTESIAN_POINT ( 'NONE',  ( 6.610514129878762191, -3.000000000000000000, 2.334345785495415271 ) ) ;
#3854 = VERTEX_POINT ( 'NONE', #1610 ) ;
#3855 = CARTESIAN_POINT ( 'NONE',  ( 7.675815705242024833, -3.000000000000000000, 1.850653677653930185 ) ) ;
#3856 = LINE ( 'NONE', #5384, #203 ) ;
#3857 = CARTESIAN_POINT ( 'NONE',  ( 7.861744069650050015, -3.000000000000000000, 1.721134226974865067 ) ) ;
#3858 = CARTESIAN_POINT ( 'NONE',  ( 7.699558208844286433, -3.000000000000000000, 1.689368394572111187 ) ) ;
#3859 = EDGE_CURVE ( 'NONE', #2594, #3045, #2308, .T. ) ;
#3860 = EDGE_CURVE ( 'NONE', #9426, #5864, #2398, .T. ) ;
#3861 = CARTESIAN_POINT ( 'NONE',  ( 7.182299113149968051, -3.010000000000000231, 2.388871673076673474 ) ) ;
#3862 = VECTOR ( 'NONE', #517, 1000.000000000000000 ) ;
#3863 = SURFACE_STYLE_USAGE ( .BOTH. , #9804 ) ;
#3864 =( GEOMETRIC_REPRESENTATION_CONTEXT ( 3 ) GLOBAL_UNCERTAINTY_ASSIGNED_CONTEXT ( ( #5035 ) ) GLOBAL_UNIT_ASSIGNED_CONTEXT ( ( #8402, #3100, #1464 ) ) REPRESENTATION_CONTEXT ( 'NONE', 'WORKASPACE' ) );
#3865 = CARTESIAN_POINT ( 'NONE',  ( 6.876512040911660684, -3.010000000000000231, 1.790233099523641513 ) ) ;
#3866 = VERTEX_POINT ( 'NONE', #2349 ) ;
#3867 = DIRECTION ( 'NONE',  ( -1.000000000000000000, 0.000000000000000000, -0.000000000000000000 ) ) ;
#3868 = DIRECTION ( 'NONE',  ( 1.000000000000000000, -0.000000000000000000, -0.000000000000000000 ) ) ;
#3869 = VECTOR ( 'NONE', #3057, 1000.000000000000000 ) ;
#3870 =( LENGTH_UNIT ( ) NAMED_UNIT ( * ) SI_UNIT ( .MILLI., .METRE. ) );
#3871 = DIRECTION ( 'NONE',  ( -0.000000000000000000, 1.000000000000000000, -0.000000000000000000 ) ) ;
#3872 = VECTOR ( 'NONE', #492, 1000.000000000000000 ) ;
#3873 = ADVANCED_FACE ( 'NONE', ( #6907 ), #5911, .F. ) ;
#3874 = VERTEX_POINT ( 'NONE', #5722 ) ;
#3875 = EDGE_LOOP ( 'NONE', ( #7247, #4270, #9666, #4930 ) ) ;
#3876 = LINE ( 'NONE', #5500, #2089 ) ;
#3877 = VECTOR ( 'NONE', #1849, 1000.000000000000000 ) ;
#3878 = B_SPLINE_SURFACE_WITH_KNOTS ( 'NONE', 3, 1, ( 
 ( #2446, #7747 ),
 ( #3339, #3189 ),
 ( #5477, #9331 ),
 ( #949, #5663 ) ),
 .UNSPECIFIED., .F., .F., .F.,
 ( 4, 4 ),
 ( 2, 2 ),
 ( 13.00000000000000000, 14.00000000000000000 ),
 ( 0.000000000000000000, 1.000000000000000000 ),
 .UNSPECIFIED. ) ;
#3879 = B_SPLINE_CURVE_WITH_KNOTS ( 'NONE', 3,
 ( #4586, #8136, #6736, #2280 ),
 .UNSPECIFIED., .F., .F.,
 ( 4, 4 ),
 ( 3.000000000000000000, 4.000000000000000000 ),
 .UNSPECIFIED. ) ;
#3880 = DIRECTION ( 'NONE',  ( 1.000000000000000000, 0.000000000000000000, -0.000000000000000000 ) ) ;
#3881 = UNCERTAINTY_MEASURE_WITH_UNIT (LENGTH_MEASURE( 1.000000000000000082E-05 ), #5412, 'distance_accuracy_value', 'NONE');
#3882 = FILL_AREA_STYLE_COLOUR ( '', #1306 ) ;
#3883 = CARTESIAN_POINT ( 'NONE',  ( 4.658787589726895106, -3.000000000000000000, 2.056218199278089021 ) ) ;
#3884 = CARTESIAN_POINT ( 'NONE',  ( 4.802247803701578555, -3.010000000000000231, 2.088098352999518514 ) ) ;
#3885 = DIRECTION ( 'NONE',  ( -0.000000000000000000, -0.000000000000000000, 1.000000000000000000 ) ) ;
#3886 = DIRECTION ( 'NONE',  ( -1.000000000000000000, -0.000000000000000000, -0.000000000000000000 ) ) ;
#3887 = COLOUR_RGB ( '',0.4980392156862745168, 0.4980392156862745168, 0.4980392156862745168 ) ;
#3888 = EDGE_CURVE ( 'NONE', #1997, #3989, #5626, .T. ) ;
#3889 = ORIENTED_EDGE ( 'NONE', *, *, #7558, .F. ) ;
#3890 = CARTESIAN_POINT ( 'NONE',  ( 7.094533720530349363, -3.000000000000000000, 1.514001350732457896 ) ) ;
#3891 = ADVANCED_FACE ( 'NONE', ( #3446 ), #4012, .T. ) ;
#3892 = ADVANCED_FACE ( 'NONE', ( #7159 ), #8646, .F. ) ;
#3893 = DIRECTION ( 'NONE',  ( 1.000000000000000000, -0.000000000000000000, -0.000000000000000000 ) ) ;
#3894 = PRESENTATION_LAYER_ASSIGNMENT (  '', '', ( #8158 ) ) ;
#3895 = VERTEX_POINT ( 'NONE', #4217 ) ;
#3896 = FACE_OUTER_BOUND ( 'NONE', #7025, .T. ) ;
#3897 = ORIENTED_EDGE ( 'NONE', *, *, #7820, .F. ) ;
#3898 = ORIENTED_EDGE ( 'NONE', *, *, #6238, .F. ) ;
#3899 = CARTESIAN_POINT ( 'NONE',  ( 5.239459603105976804, -3.010000000000000231, 1.721477844780471944 ) ) ;
#3900 = ORIENTED_EDGE ( 'NONE', *, *, #8995, .F. ) ;
#3901 = CARTESIAN_POINT ( 'NONE',  ( 5.699442940883132636, -3.010000000000000231, 1.864938102189350744 ) ) ;
#3902 = ORIENTED_EDGE ( 'NONE', *, *, #51, .T. ) ;
#3903 = SURFACE_STYLE_USAGE ( .BOTH. , #4559 ) ;
#3904 = CARTESIAN_POINT ( 'NONE',  ( 6.728244199458690566, -3.000000000000000000, 1.712128449748436587 ) ) ;
#3905 = ORIENTED_EDGE ( 'NONE', *, *, #1989, .F. ) ;
#3906 =( NAMED_UNIT ( * ) PLANE_ANGLE_UNIT ( ) SI_UNIT ( $, .RADIAN. ) );
#3907 = DIRECTION ( 'NONE',  ( -1.000000000000000000, 0.000000000000000000, 0.000000000000000000 ) ) ;
#3908 = LINE ( 'NONE', #8256, #5868 ) ;
#3909 = CARTESIAN_POINT ( 'NONE',  ( 7.070218122014234829, -3.010000000000000231, 1.556246633001599822 ) ) ;
#3910 = CARTESIAN_POINT ( 'NONE',  ( 6.768360843474201083, -3.000000000000000000, 1.744549247767018363 ) ) ;
#3911 = CARTESIAN_POINT ( 'NONE',  ( 6.834348629344503934, -3.010000000000000231, 1.728175107353765005 ) ) ;
#3912 = B_SPLINE_CURVE_WITH_KNOTS ( 'NONE', 3,
 ( #4919, #7925, #8568, #4834 ),
 .UNSPECIFIED., .F., .F.,
 ( 4, 4 ),
 ( 16.00000000000000000, 17.00000000000000000 ),
 .UNSPECIFIED. ) ;
#3914 = B_SPLINE_CURVE_WITH_KNOTS ( 'NONE', 3,
 ( #8614, #1818, #1070, #7119 ),
 .UNSPECIFIED., .F., .F.,
 ( 4, 4 ),
 ( 12.00000000000000000, 13.00000000000000000 ),
 .UNSPECIFIED. ) ;
#3913 = CARTESIAN_POINT ( 'NONE',  ( 6.912043925610888095, -3.010000000000000231, 1.727028917523886875 ) ) ;
#3915 = ORIENTED_EDGE ( 'NONE', *, *, #6262, .F. ) ;
#3916 = DIRECTION ( 'NONE',  ( -0.000000000000000000, 1.000000000000000000, -0.000000000000000000 ) ) ;
#3917 = ORIENTED_EDGE ( 'NONE', *, *, #3987, .T. ) ;
#3918 = EDGE_CURVE ( 'NONE', #9138, #3354, #5374, .T. ) ;
#3919 = LINE ( 'NONE', #6915, #8386 ) ;
#3920 = EDGE_CURVE ( 'NONE', #8481, #3745, #5579, .T. ) ;
#3921 = SURFACE_STYLE_FILL_AREA ( #3106 ) ;
#3922 = DIRECTION ( 'NONE',  ( -0.000000000000000000, -0.000000000000000000, 1.000000000000000000 ) ) ;
#3923 = CARTESIAN_POINT ( 'NONE',  ( 5.685780104726330997, -3.010000000000000231, 1.596234948368240092 ) ) ;
#3924 = LINE ( 'NONE', #9306, #342 ) ;
#3925 = EDGE_LOOP ( 'NONE', ( #7846, #5836, #9117, #5159, #6147, #2732, #8575, #4748, #7529, #4556, #5892, #627, #8052, #3484, #4451, #6281, #4092, #5820, #8699, #9325, #2750, #1088, #5883, #9692, #8671, #2699, #7621, #5012, #9784, #2141, #6647, #3182, #8982 ) ) ;
#3926 = ORIENTED_EDGE ( 'NONE', *, *, #8952, .F. ) ;
#3927 = PRESENTATION_STYLE_ASSIGNMENT (( #2365 ) ) ;
#3928 = SURFACE_STYLE_USAGE ( .BOTH. , #1770 ) ;
#3929 = CARTESIAN_POINT ( 'NONE',  ( 6.111606178378534260, -3.010000000000000231, 1.915035269440425347 ) ) ;
#3930 = CARTESIAN_POINT ( 'NONE',  ( 6.584561117321979573, -3.010000000000000231, 1.638117335074372516 ) ) ;
#3931 = EDGE_CURVE ( 'NONE', #8581, #3387, #9034, .T. ) ;
#3932 = LINE ( 'NONE', #9314, #9521 ) ;
#3933 = CARTESIAN_POINT ( 'NONE',  ( 7.180416087004449111, -3.010000000000000231, 2.141949635626687165 ) ) ;
#3934 = CARTESIAN_POINT ( 'NONE',  ( 6.636876495946524734, -3.010000000000000231, 1.635169989798764378 ) ) ;
#3935 = DIRECTION ( 'NONE',  ( 1.000000000000000000, 0.000000000000000000, -0.000000000000000000 ) ) ;
#3936 = VERTEX_POINT ( 'NONE', #9449 ) ;
#3937 = CARTESIAN_POINT ( 'NONE',  ( 7.460659500196967109, -3.010000000000000231, 2.229223804036619239 ) ) ;
#3938 = ORIENTED_EDGE ( 'NONE', *, *, #4501, .F. ) ;
#3939 = DIRECTION ( 'NONE',  ( -0.000000000000000000, 0.000000000000000000, 1.000000000000000000 ) ) ;
#3940 = ORIENTED_EDGE ( 'NONE', *, *, #7402, .F. ) ;
#3941 = DIRECTION ( 'NONE',  ( -0.000000000000000000, 1.000000000000000000, -0.000000000000000000 ) ) ;
#3942 = EDGE_CURVE ( 'NONE', #3737, #3766, #3348, .T. ) ;
#3943 = ORIENTED_EDGE ( 'NONE', *, *, #7353, .T. ) ;
#3944 = ORIENTED_EDGE ( 'NONE', *, *, #8860, .F. ) ;
#3945 = CARTESIAN_POINT ( 'NONE',  ( 6.912043925610888095, -3.010000000000000231, 1.831332191965078904 ) ) ;
#3946 = DIRECTION ( 'NONE',  ( 0.000000000000000000, 0.000000000000000000, -1.000000000000000000 ) ) ;
#3947 = FACE_OUTER_BOUND ( 'NONE', #1590, .T. ) ;
#3948 = B_SPLINE_CURVE_WITH_KNOTS ( 'NONE', 3,
 ( #5698, #8815, #1139, #2969 ),
 .UNSPECIFIED., .F., .F.,
 ( 4, 4 ),
 ( 26.00000000000000000, 27.00000000000000000 ),
 .UNSPECIFIED. ) ;
#3949 = DIRECTION ( 'NONE',  ( -0.9910683662997763488, 0.000000000000000000, -0.1333547648938435970 ) ) ;
#3950 = CARTESIAN_POINT ( 'NONE',  ( 6.868406841407013630, -3.000000000000000000, 1.784665891782520664 ) ) ;
#3951 = EDGE_CURVE ( 'NONE', #5906, #9613, #7210, .T. ) ;
#3952 = STYLED_ITEM ( 'NONE', ( #5003 ), #5856 ) ;
#3953 = LINE ( 'NONE', #8397, #4312 ) ;
#3954 = SPHERICAL_SURFACE ( 'NONE', #8920, 0.2000000000000000111 ) ;
#3955 = CARTESIAN_POINT ( 'NONE',  ( 6.822968601756333129, -3.010000000000000231, 1.784665891782520664 ) ) ;
#3956 = B_SPLINE_SURFACE_WITH_KNOTS ( 'NONE', 3, 1, ( 
 ( #4502, #6700 ),
 ( #9737, #6107 ),
 ( #9833, #7493 ),
 ( #3790, #1389 ) ),
 .UNSPECIFIED., .F., .F., .F.,
 ( 4, 4 ),
 ( 2, 2 ),
 ( 1.000000000000000000, 2.000000000000000000 ),
 ( 0.000000000000000000, 1.000000000000000000 ),
 .UNSPECIFIED. ) ;
#3957 = CARTESIAN_POINT ( 'NONE',  ( 7.111153473051708751, -3.000000000000000000, 1.645813181069124331 ) ) ;
#3958 = CARTESIAN_POINT ( 'NONE',  ( 7.024779882364643235, -3.010000000000000231, 2.425713489008659351 ) ) ;
#3959 = PRESENTATION_STYLE_ASSIGNMENT (( #3863 ) ) ;
#3960 = PRESENTATION_LAYER_ASSIGNMENT (  '', '', ( #2521 ) ) ;
#3961 = CARTESIAN_POINT ( 'NONE',  ( -8.074999999999999289, 1.855000000000000204, -4.099999999999999645 ) ) ;
#3962 = ORIENTED_EDGE ( 'NONE', *, *, #4295, .T. ) ;
#3963 = CARTESIAN_POINT ( 'NONE',  ( 6.901155122235682171, -3.010000000000000231, 2.249691479553174833 ) ) ;
#3964 = ORIENTED_EDGE ( 'NONE', *, *, #4115, .T. ) ;
#3965 = DIRECTION ( 'NONE',  ( -0.000000000000000000, 1.000000000000000000, 0.000000000000000000 ) ) ;
#3966 = CARTESIAN_POINT ( 'NONE',  ( 6.951423733307501074, -3.000000000000000000, 1.610117554964842546 ) ) ;
#3967 = CARTESIAN_POINT ( 'NONE',  ( 7.519770147093407076, -3.000000000000000000, 2.362345565604948572 ) ) ;
#3968 = CARTESIAN_POINT ( 'NONE',  ( 6.834348629344503934, -3.010000000000000231, 1.728175107353765005 ) ) ;
#3969 = DIRECTION ( 'NONE',  ( -0.000000000000000000, 1.000000000000000000, -0.000000000000000000 ) ) ;
#3970 = ORIENTED_EDGE ( 'NONE', *, *, #9440, .T. ) ;
#3971 = ORIENTED_EDGE ( 'NONE', *, *, #104, .T. ) ;
#3972 = EDGE_CURVE ( 'NONE', #5670, #2497, #7903, .T. ) ;
#3973 = CARTESIAN_POINT ( 'NONE',  ( -9.624999999999998224, -3.000000000000000000, 0.000000000000000000 ) ) ;
#3974 = EDGE_CURVE ( 'NONE', #9550, #9142, #2660, .T. ) ;
#3975 = CARTESIAN_POINT ( 'NONE',  ( 6.968616580742715172, -3.000000000000000000, 1.622070677469045874 ) ) ;
#3976 = MECHANICAL_DESIGN_GEOMETRIC_PRESENTATION_REPRESENTATION (  '', ( #631 ), #5699 ) ;
#3977 = UNCERTAINTY_MEASURE_WITH_UNIT (LENGTH_MEASURE( 1.000000000000000082E-05 ), #5312, 'distance_accuracy_value', 'NONE');
#3978 = CARTESIAN_POINT ( 'NONE',  ( 6.963786209320504739, -3.010000000000000231, 1.697391723374784833 ) ) ;
#3979 = CARTESIAN_POINT ( 'NONE',  ( 5.886168860597935648, -3.000000000000000000, 2.213341205978663684 ) ) ;
#3980 = CARTESIAN_POINT ( 'NONE',  ( 7.252871658338731820, -3.000000000000000000, 2.153084051108916874 ) ) ;
#3981 = CARTESIAN_POINT ( 'NONE',  ( 5.455788392405196419, -3.000000000000000000, 2.375018520350290263 ) ) ;
#3982 = B_SPLINE_CURVE_WITH_KNOTS ( 'NONE', 3,
 ( #835, #3271, #3221, #2519 ),
 .UNSPECIFIED., .F., .F.,
 ( 4, 4 ),
 ( 0.000000000000000000, 1.000000000000000000 ),
 .UNSPECIFIED. ) ;
#3983 = VECTOR ( 'NONE', #6560, 1000.000000000000000 ) ;
#3984 = EDGE_LOOP ( 'NONE', ( #3179, #5105, #1324, #5914 ) ) ;
#3985 = EDGE_CURVE ( 'NONE', #5497, #3454, #3253, .T. ) ;
#3986 = CARTESIAN_POINT ( 'NONE',  ( 2.085000000000001741, 1.604999999999999982, -4.099999999999999645 ) ) ;
#3987 = EDGE_CURVE ( 'NONE', #3989, #1084, #4066, .T. ) ;
#3988 = CARTESIAN_POINT ( 'NONE',  ( 6.660455258142648383, -3.000000000000000000, 1.733251090883014545 ) ) ;
#3989 = VERTEX_POINT ( 'NONE', #3548 ) ;
#3990 = CARTESIAN_POINT ( 'NONE',  ( 6.728244199458690566, -3.010000000000000231, 1.671356840114924358 ) ) ;
#3991 = STYLED_ITEM ( 'NONE', ( #7070 ), #7985 ) ;
#3992 = ORIENTED_EDGE ( 'NONE', *, *, #7054, .F. ) ;
#3993 = ORIENTED_EDGE ( 'NONE', *, *, #8336, .F. ) ;
#3994 = CARTESIAN_POINT ( 'NONE',  ( 7.176076939795203558, -3.010000000000000231, 1.826092467031883215 ) ) ;
#3995 = ORIENTED_EDGE ( 'NONE', *, *, #7181, .F. ) ;
#3996 = VECTOR ( 'NONE', #2552, 1000.000000000000000 ) ;
#3997 = B_SPLINE_CURVE_WITH_KNOTS ( 'NONE', 3,
 ( #9090, #2191, #7587, #6893 ),
 .UNSPECIFIED., .F., .F.,
 ( 4, 4 ),
 ( 2.000000000000000000, 3.000000000000000000 ),
 .UNSPECIFIED. ) ;
#3998 = CARTESIAN_POINT ( 'NONE',  ( 6.674700760303356795, -3.000000000000000000, 1.704923827965556082 ) ) ;
#3999 = EDGE_LOOP ( 'NONE', ( #4286, #5306, #453, #822 ) ) ;
#4000 = EDGE_CURVE ( 'NONE', #654, #9274, #7733, .T. ) ;
#4001 = SURFACE_STYLE_FILL_AREA ( #1652 ) ;
#4002 = AXIS2_PLACEMENT_3D ( 'NONE', #6706, #7115, #1858 ) ;
#4003 = CARTESIAN_POINT ( 'NONE',  ( 6.684525244552819601, -3.000000000000000000, 2.393783915199771961 ) ) ;
#4004 = CARTESIAN_POINT ( 'NONE',  ( 6.908114131911542444, -3.000000000000000000, 1.798747652540360065 ) ) ;
#4005 = VECTOR ( 'NONE', #5685, 1000.000000000000000 ) ;
#4006 = LINE ( 'NONE', #6264, #4445 ) ;
#4007 = FACE_OUTER_BOUND ( 'NONE', #8151, .T. ) ;
#4008 = MECHANICAL_DESIGN_GEOMETRIC_PRESENTATION_REPRESENTATION (  '', ( #4955 ), #7789 ) ;
#4009 = VECTOR ( 'NONE', #5380, 1000.000000000000000 ) ;
#4010 = ORIENTED_EDGE ( 'NONE', *, *, #1740, .F. ) ;
#4011 = LINE ( 'NONE', #2788, #1272 ) ;
#4012 = PLANE ( 'NONE',  #2587 ) ;
#4013 = CARTESIAN_POINT ( 'NONE',  ( 7.024779882364643235, -3.010000000000000231, 2.388871673076673474 ) ) ;
#4014 = EDGE_CURVE ( 'NONE', #2663, #4570, #4265, .T. ) ;
#4015 = FACE_OUTER_BOUND ( 'NONE', #276, .T. ) ;
#4016 = CARTESIAN_POINT ( 'NONE',  ( 5.073228067926217832, -3.010000000000000231, 2.190569884771403686 ) ) ;
#4017 = ORIENTED_EDGE ( 'NONE', *, *, #7378, .T. ) ;
#4018 = EDGE_CURVE ( 'NONE', #2117, #2756, #3593, .T. ) ;
#4019 = AXIS2_PLACEMENT_3D ( 'NONE', #7405, #3653, #6666 ) ;
#4020 = STYLED_ITEM ( 'NONE', ( #204 ), #9699 ) ;
#4021 = CARTESIAN_POINT ( 'NONE',  ( 7.754411579233464025, -3.010000000000000231, 1.809063361000619707 ) ) ;
#4022 = ORIENTED_EDGE ( 'NONE', *, *, #738, .T. ) ;
#4023 = LINE ( 'NONE', #4720, #2763 ) ;
#4024 = VERTEX_POINT ( 'NONE', #5865 ) ;
#4025 = CARTESIAN_POINT ( 'NONE',  ( 7.272848109643426540, -3.000000000000000000, 2.120335770280241672 ) ) ;
#4026 = SURFACE_SIDE_STYLE ('',( #3921 ) ) ;
#4027 = DIRECTION ( 'NONE',  ( 0.000000000000000000, -0.000000000000000000, -1.000000000000000000 ) ) ;
#4028 = B_SPLINE_CURVE_WITH_KNOTS ( 'NONE', 3,
 ( #317, #7904, #4161, #3295 ),
 .UNSPECIFIED., .F., .F.,
 ( 4, 4 ),
 ( 1.000000000000000000, 2.000000000000000000 ),
 .UNSPECIFIED. ) ;
#4029 = VECTOR ( 'NONE', #286, 1000.000000000000000 ) ;
#4030 = PLANE ( 'NONE',  #4643 ) ;
#4031 = VECTOR ( 'NONE', #1032, 1000.000000000000000 ) ;
#4032 = CARTESIAN_POINT ( 'NONE',  ( 6.713016248873132419, -3.010000000000000231, 2.136873652097444509 ) ) ;
#4033 = ORIENTED_EDGE ( 'NONE', *, *, #2447, .T. ) ;
#4034 =( LENGTH_UNIT ( ) NAMED_UNIT ( * ) SI_UNIT ( .MILLI., .METRE. ) );
#4035 = DIRECTION ( 'NONE',  ( -0.000000000000000000, -0.000000000000000000, 1.000000000000000000 ) ) ;
#4036 = CARTESIAN_POINT ( 'NONE',  ( 5.150650950922908144, -3.010000000000000231, 1.760189329712459338 ) ) ;
#4037 = AXIS2_PLACEMENT_3D ( 'NONE', #192, #6924, #86 ) ;
#4038 = CLOSED_SHELL ( 'NONE', ( #5727, #9758, #752, #4689, #1904, #4201, #3075, #6737, #2633, #6596, #7689, #3788, #3891, #2198, #9699, #343, #8933, #5536, #5558, #5870, #2142, #421, #6353, #8985, #2483, #1930, #1481, #1990, #4268, #4685, #6047, #4203, #1325, #7597, #4778, #7742, #1420, #7985, #6983, #2837, #6089, #4565, #9305, #986, #3359, #7079, #4382, #2025, #3046, #5416, #662, #5459, #5205, #8113, #5925, #2511, #5900, #3600, #2842, #8536, #2291, #8461, #7373, #471, #8267, #3327, #2525, #5017, #1405, #4055, #807, #8509, #3702, #7194, #7463, #1689, #6283, #8594, #2268, #5091, #2759, #2695, #5037, #7974, #330, #8942, #5954, #9364, #8714, #6174, #5807, #1431, #7713, #2887, #2053, #3490, #4738, #8234, #8116, #3734, #4418, #447, #7770, #522, #9348, #7363, #5007, #2781, #285, #1173, #3763, #890, #8048, #2144, #4428, #1257, #2269, #2379, #5656, #8328, #172, #8565, #6035, #661, #7011, #5537, #4407, #9756, #7850, #5360, #6112, #6171, #6137, #385, #328, #5927, #9655, #2708, #3426, #1316, #1053, #3428, #8891, #6010, #8918, #5484, #6237, #2645, #7557, #5236, #8025, #2411, #17, #9129, #6294, #8294, #8578, #7491, #5901, #3268, #3873, #5062, #3121, #6413, #5153, #5845, #7309, #3273, #9697, #4254, #8690, #2632, #4917, #3113, #294, #5993, #6738, #2782, #9383, #9483, #5856, #4507, #4750, #6812, #3324, #9350, #3892, #6651, #1009, #6207, #6684, #5869, #6895, #3298, #9076, #3357, #5386, #4566, #2806, #1077, #265, #5359, #9428, #8051, #141, #7134, #4961, #3517, #4860, #3246, #3554, #877, #6994, #175, #3762, #3402, #77, #5632, #8102, #2646, #3257, #5335, #4575, #4172, #3137, #6762, #5016, #6696, #6310, #5728, #8346, #6023, #2208, #5783, #2394, #8326, #7509, #2222, #4320, #927, #9519, #8074, #2814, #4561, #8160, #8168, #6714, #8829, #7400, #8000, #6462, #2572, #9542, #7998, #1711, #1186, #8626, #4488, #7205, #3657, #4509, #1171, #2760, #9014, #1507, #7847, #6566, #4725, #8208, #9196, #1808, #8691, #8411, #6473 ) ) ;
#4039 = DIRECTION ( 'NONE',  ( -0.000000000000000000, -0.000000000000000000, 1.000000000000000000 ) ) ;
#4040 = CARTESIAN_POINT ( 'NONE',  ( 6.740770416875643711, -3.010000000000000231, 1.831332191965075573 ) ) ;
#4041 = LINE ( 'NONE', #1726, #9101 ) ;
#4042 = DIRECTION ( 'NONE',  ( -0.000000000000000000, -0.000000000000000000, 1.000000000000000000 ) ) ;
#4043 = ORIENTED_EDGE ( 'NONE', *, *, #9144, .T. ) ;
#4044 = VECTOR ( 'NONE', #1753, 1000.000000000000000 ) ;
#4045 = CARTESIAN_POINT ( 'NONE',  ( 7.032230116253447960, -3.000000000000000000, 1.489603881514363959 ) ) ;
#4046 = SURFACE_SIDE_STYLE ('',( #3174 ) ) ;
#4047 = ORIENTED_EDGE ( 'NONE', *, *, #3761, .F. ) ;
#4048 = CARTESIAN_POINT ( 'NONE',  ( 6.722513250313609134, -3.010000000000000231, 1.655801406721455260 ) ) ;
#4049 = VERTEX_POINT ( 'NONE', #5085 ) ;
#4050 = VERTEX_POINT ( 'NONE', #2801 ) ;
#4051 = VECTOR ( 'NONE', #981, 1000.000000000000000 ) ;
#4052 = EDGE_CURVE ( 'NONE', #8644, #5535, #990, .T. ) ;
#4053 = CARTESIAN_POINT ( 'NONE',  ( 7.534998097678949236, -3.010000000000000231, 1.633860058567119022 ) ) ;
#4054 = ORIENTED_EDGE ( 'NONE', *, *, #7171, .T. ) ;
#4055 = ADVANCED_FACE ( 'NONE', ( #9745 ), #5135, .F. ) ;
#4056 = LINE ( 'NONE', #5474, #1606 ) ;
#4057 = CARTESIAN_POINT ( 'NONE',  ( 5.029962318751897143, -3.000000000000000000, 2.190569884771403686 ) ) ;
#4058 = STYLED_ITEM ( 'NONE', ( #6722 ), #2025 ) ;
#4059 = CARTESIAN_POINT ( 'NONE',  ( 6.822968601756339346, -3.010000000000000231, 1.764361957669924985 ) ) ;
#4060 = FILL_AREA_STYLE_COLOUR ( '', #1181 ) ;
#4061 = CARTESIAN_POINT ( 'NONE',  ( 6.822968601756339346, -3.010000000000000231, 1.764361957669924985 ) ) ;
#4062 = DIRECTION ( 'NONE',  ( 0.000000000000000000, 0.000000000000000000, -1.000000000000000000 ) ) ;
#4063 = EDGE_CURVE ( 'NONE', #8607, #9738, #8157, .T. ) ;
#4064 = VERTEX_POINT ( 'NONE', #2947 ) ;
#4065 = CARTESIAN_POINT ( 'NONE',  ( 6.415252505436413344, -3.000000000000000000, 1.741601902493589149 ) ) ;
#4066 = LINE ( 'NONE', #7060, #7780 ) ;
#4067 = B_SPLINE_CURVE_WITH_KNOTS ( 'NONE', 3,
 ( #5124, #1156, #5033, #9681 ),
 .UNSPECIFIED., .F., .F.,
 ( 4, 4 ),
 ( 2.000000000000000000, 3.000000000000000000 ),
 .UNSPECIFIED. ) ;
#4068 = FILL_AREA_STYLE ('',( #1754 ) ) ;
#4069 = CARTESIAN_POINT ( 'NONE',  ( 6.840407061297499425, -3.000000000000000000, 1.596527018421072253 ) ) ;
#4070 = CARTESIAN_POINT ( 'NONE',  ( 7.622190395384715877, -3.010000000000000231, 1.633860058567119022 ) ) ;
#4071 = ORIENTED_EDGE ( 'NONE', *, *, #4136, .T. ) ;
#4072 = LINE ( 'NONE', #374, #1871 ) ;
#4073 = VERTEX_POINT ( 'NONE', #3644 ) ;
#4074 = VERTEX_POINT ( 'NONE', #8797 ) ;
#4075 = CARTESIAN_POINT ( 'NONE',  ( 6.719811517145025448, -3.000000000000000000, 2.431116955345815178 ) ) ;
#4076 = EDGE_CURVE ( 'NONE', #4140, #1329, #5774, .T. ) ;
#4077 = CARTESIAN_POINT ( 'NONE',  ( 6.977213004460321777, -3.010000000000000231, 1.638608559286243826 ) ) ;
#4078 = FILL_AREA_STYLE ('',( #9303 ) ) ;
#4079 = EDGE_CURVE ( 'NONE', #9479, #4261, #666, .T. ) ;
#4080 = EDGE_CURVE ( 'NONE', #8903, #8628, #2630, .T. ) ;
#4081 = DIRECTION ( 'NONE',  ( -0.000000000000000000, 1.000000000000000000, -0.000000000000000000 ) ) ;
#4082 =( NAMED_UNIT ( * ) SI_UNIT ( $, .STERADIAN. ) SOLID_ANGLE_UNIT ( ) );
#4083 = ORIENTED_EDGE ( 'NONE', *, *, #8820, .F. ) ;
#4084 = LINE ( 'NONE', #5596, #6519 ) ;
#4085 = CARTESIAN_POINT ( 'NONE',  ( 6.728244199458690566, -3.010000000000000231, 1.597345725443038988 ) ) ;
#4086 = CARTESIAN_POINT ( 'NONE',  ( 9.324999999999995737, 3.000000000000000000, -0.5000000000000000000 ) ) ;
#4087 = CARTESIAN_POINT ( 'NONE',  ( 6.977213004460321777, -3.000000000000000000, 1.659567459016854762 ) ) ;
#4088 = PLANE ( 'NONE',  #9576 ) ;
#4089 = CARTESIAN_POINT ( 'NONE',  ( -8.074999999999999289, 1.855000000000000204, 0.5000000000000000000 ) ) ;
#4090 = DIRECTION ( 'NONE',  ( -0.9303007377811901568, 0.000000000000000000, 0.3667976789509078128 ) ) ;
#4091 = LINE ( 'NONE', #8624, #338 ) ;
#4092 = ORIENTED_EDGE ( 'NONE', *, *, #9780, .T. ) ;
#4093 = PLANE ( 'NONE',  #3029 ) ;
#4094 =( NAMED_UNIT ( * ) SI_UNIT ( $, .STERADIAN. ) SOLID_ANGLE_UNIT ( ) );
#4095 = ORIENTED_EDGE ( 'NONE', *, *, #1025, .F. ) ;
#4096 = CARTESIAN_POINT ( 'NONE',  ( 7.006358974398651185, -3.010000000000000231, 1.492878709597895703 ) ) ;
#4097 = ORIENTED_EDGE ( 'NONE', *, *, #1230, .T. ) ;
#4098 = ORIENTED_EDGE ( 'NONE', *, *, #5510, .F. ) ;
#4099 = LINE ( 'NONE', #7695, #8868 ) ;
#4100 = ORIENTED_EDGE ( 'NONE', *, *, #2589, .F. ) ;
#4101 = CARTESIAN_POINT ( 'NONE',  ( -9.624999999999998224, 2.799999999999999378, 10.19999999999999929 ) ) ;
#4102 = FACE_OUTER_BOUND ( 'NONE', #1897, .T. ) ;
#4103 = FACE_OUTER_BOUND ( 'NONE', #770, .T. ) ;
#4104 = FACE_OUTER_BOUND ( 'NONE', #6701, .T. ) ;
#4105 = EDGE_CURVE ( 'NONE', #787, #1488, #9694, .T. ) ;
#4106 = EDGE_CURVE ( 'NONE', #4997, #129, #2898, .T. ) ;
#4107 = CARTESIAN_POINT ( 'NONE',  ( 7.113855206219199090, -3.000000000000000000, 1.562796289168643993 ) ) ;
#4108 = LINE ( 'NONE', #7099, #1265 ) ;
#4109 = ORIENTED_EDGE ( 'NONE', *, *, #6710, .F. ) ;
#4110 = ORIENTED_EDGE ( 'NONE', *, *, #9744, .T. ) ;
#4111 = CARTESIAN_POINT ( 'NONE',  ( 5.380642619812027405, -3.010000000000000231, 1.673657918232209330 ) ) ;
#4112 = B_SPLINE_CURVE_WITH_KNOTS ( 'NONE', 3,
 ( #6830, #3069, #5897, #6098 ),
 .UNSPECIFIED., .F., .F.,
 ( 4, 4 ),
 ( 23.00000000000000000, 24.00000000000000000 ),
 .UNSPECIFIED. ) ;
#4113 = CARTESIAN_POINT ( 'NONE',  ( 6.674700760303356795, -3.000000000000000000, 1.704923827965556082 ) ) ;
#4114 = ORIENTED_EDGE ( 'NONE', *, *, #3296, .F. ) ;
#4115 = EDGE_CURVE ( 'NONE', #7494, #4888, #5351, .T. ) ;
#4116 = ORIENTED_EDGE ( 'NONE', *, *, #7508, .F. ) ;
#4117 = PRESENTATION_LAYER_ASSIGNMENT (  '', '', ( #5832 ) ) ;
#4118 = EDGE_LOOP ( 'NONE', ( #1476, #2639, #4400, #1169 ) ) ;
#4119 = DIRECTION ( 'NONE',  ( -0.000000000000000000, 1.000000000000000000, -0.000000000000000000 ) ) ;
#4120 = CARTESIAN_POINT ( 'NONE',  ( 5.150650994356001711, -3.000000000000000000, 2.156412707512648907 ) ) ;
#4121 = CARTESIAN_POINT ( 'NONE',  ( 6.707039687622128987, -3.010000000000000231, 2.100031836165462185 ) ) ;
#4122 = FACE_OUTER_BOUND ( 'NONE', #2642, .T. ) ;
#4123 = ORIENTED_EDGE ( 'NONE', *, *, #1987, .F. ) ;
#4124 = CARTESIAN_POINT ( 'NONE',  ( 7.510518757758879005, -3.000000000000000000, 2.367585290538150922 ) ) ;
#4125 = EDGE_CURVE ( 'NONE', #8951, #84, #8841, .T. ) ;
#4126 = B_SPLINE_SURFACE_WITH_KNOTS ( 'NONE', 3, 1, ( 
 ( #4823, #3966 ),
 ( #3307, #6321 ),
 ( #4077, #826 ),
 ( #7827, #6965 ) ),
 .UNSPECIFIED., .F., .F., .F.,
 ( 4, 4 ),
 ( 2, 2 ),
 ( 17.00000000000000000, 18.00000000000000000 ),
 ( 0.000000000000000000, 1.000000000000000000 ),
 .UNSPECIFIED. ) ;
#4127 = FACE_OUTER_BOUND ( 'NONE', #9637, .T. ) ;
#4128 = EDGE_CURVE ( 'NONE', #6093, #882, #2049, .T. ) ;
#4129 = DIRECTION ( 'NONE',  ( 0.000000000000000000, 0.000000000000000000, -1.000000000000000000 ) ) ;
#4130 = DIRECTION ( 'NONE',  ( -0.000000000000000000, 0.000000000000000000, -1.000000000000000000 ) ) ;
#4131 = LINE ( 'NONE', #8622, #3178 ) ;
#4132 = CARTESIAN_POINT ( 'NONE',  ( 7.493080298217721591, -3.000000000000000000, 2.425713489008664681 ) ) ;
#4133 = PLANE ( 'NONE',  #9208 ) ;
#4134 = ORIENTED_EDGE ( 'NONE', *, *, #5833, .F. ) ;
#4135 = CARTESIAN_POINT ( 'NONE',  ( 6.660455258142648383, -3.010000000000000231, 1.733251090883014545 ) ) ;
#4136 = EDGE_CURVE ( 'NONE', #1517, #3713, #6607, .T. ) ;
#4137 = AXIS2_PLACEMENT_3D ( 'NONE', #78, #3105, #8409 ) ;
#4138 = EDGE_CURVE ( 'NONE', #2690, #3033, #9644, .T. ) ;
#4139 = CARTESIAN_POINT ( 'NONE',  ( 6.822968601756339346, -3.010000000000000231, 1.764361957669924985 ) ) ;
#4140 = VERTEX_POINT ( 'NONE', #2249 ) ;
#4141 = B_SPLINE_CURVE_WITH_KNOTS ( 'NONE', 3,
 ( #7552, #3193, #6858, #6017 ),
 .UNSPECIFIED., .F., .F.,
 ( 4, 4 ),
 ( 4.000000000000000000, 5.000000000000000000 ),
 .UNSPECIFIED. ) ;
#4142 = CARTESIAN_POINT ( 'NONE',  ( 6.644572341941286986, -3.000000000000000000, 1.628292850825985960 ) ) ;
#4143 = ORIENTED_EDGE ( 'NONE', *, *, #7873, .T. ) ;
#4144 = ORIENTED_EDGE ( 'NONE', *, *, #7859, .F. ) ;
#4145 = FACE_OUTER_BOUND ( 'NONE', #8741, .T. ) ;
#4146 = ORIENTED_EDGE ( 'NONE', *, *, #5928, .F. ) ;
#4147 = VECTOR ( 'NONE', #3116, 1000.000000000000000 ) ;
#4148 = LINE ( 'NONE', #7335, #9693 ) ;
#4149 = DIRECTION ( 'NONE',  ( -0.000000000000000000, -0.000000000000000000, 1.000000000000000000 ) ) ;
#4150 = DIRECTION ( 'NONE',  ( -0.000000000000000000, 1.000000000000000000, -0.000000000000000000 ) ) ;
#4151 = B_SPLINE_CURVE_WITH_KNOTS ( 'NONE', 3,
 ( #1903, #7109, #319, #4953 ),
 .UNSPECIFIED., .F., .F.,
 ( 4, 4 ),
 ( 1.000000000000000000, 2.000000000000000000 ),
 .UNSPECIFIED. ) ;
#4152 = CARTESIAN_POINT ( 'NONE',  ( 6.720220870656011591, -3.010000000000000231, 2.393783915199771961 ) ) ;
#4153 = DIRECTION ( 'NONE',  ( 0.000000000000000000, 1.000000000000000000, 0.000000000000000000 ) ) ;
#4154 = COLOUR_RGB ( '',0.2980392156862745057, 0.2980392156862745057, 0.2980392156862745057 ) ;
#4155 = VECTOR ( 'NONE', #2499, 1000.000000000000000 ) ;
#4156 = CARTESIAN_POINT ( 'NONE',  ( 6.891903732901161206, -3.000000000000000000, 1.734888504922595498 ) ) ;
#4157 = CARTESIAN_POINT ( 'NONE',  ( 6.555906371596618598, -3.000000000000000000, 2.259515963801552729 ) ) ;
#4158 = ORIENTED_EDGE ( 'NONE', *, *, #132, .F. ) ;
#4159 = AXIS2_PLACEMENT_3D ( 'NONE', #5885, #2271, #4580 ) ;
#4160 = CARTESIAN_POINT ( 'NONE',  ( 6.876512040911660684, -3.010000000000000231, 1.790233099523641513 ) ) ;
#4161 = CARTESIAN_POINT ( 'NONE',  ( 6.661110223759573401, -3.000000000000000000, 2.100031836165462185 ) ) ;
#4162 = CARTESIAN_POINT ( 'NONE',  ( 7.133913528228045031, -3.010000000000000231, 2.388871673076673474 ) ) ;
#4163 = VECTOR ( 'NONE', #6279, 1000.000000000000000 ) ;
#4164 = DIRECTION ( 'NONE',  ( -0.000000000000000000, -0.000000000000000000, -1.000000000000000000 ) ) ;
#4165 = VERTEX_POINT ( 'NONE', #755 ) ;
#4166 = CIRCLE ( 'NONE', #1296, 0.4655872561384367669 ) ;
#4167 = CARTESIAN_POINT ( 'NONE',  ( 7.015692234434061092, -3.010000000000000231, 2.249691479553174833 ) ) ;
#4168 = ORIENTED_EDGE ( 'NONE', *, *, #2320, .T. ) ;
#4169 = AXIS2_PLACEMENT_3D ( 'NONE', #9184, #4557, #5327 ) ;
#4170 = ORIENTED_EDGE ( 'NONE', *, *, #6622, .F. ) ;
#4171 = CARTESIAN_POINT ( 'NONE',  ( 6.555906371596618598, -3.000000000000000000, 2.259515963801552729 ) ) ;
#4172 = ADVANCED_FACE ( 'NONE', ( #1596 ), #6068, .F. ) ;
#4173 = PLANE ( 'NONE',  #9677 ) ;
#4174 = EDGE_CURVE ( 'NONE', #8887, #4743, #6899, .T. ) ;
#4175 = CARTESIAN_POINT ( 'NONE',  ( 6.415252505436406238, -3.000000000000000000, 1.880782096017082461 ) ) ;
#4176 = CARTESIAN_POINT ( 'NONE',  ( 7.848644757315963894, -3.000000000000000000, 1.684947376658705087 ) ) ;
#4177 = MECHANICAL_DESIGN_GEOMETRIC_PRESENTATION_REPRESENTATION (  '', ( #7952 ), #1616 ) ;
#4178 = EDGE_LOOP ( 'NONE', ( #9448, #6111 ) ) ;
#4179 = CARTESIAN_POINT ( 'NONE',  ( 7.581500656455360421, -3.010000000000000231, 1.633860058567119022 ) ) ;
#4180 = PLANE ( 'NONE',  #7818 ) ;
#4181 = SURFACE_STYLE_FILL_AREA ( #9465 ) ;
#4182 = STYLED_ITEM ( 'NONE', ( #6012 ), #5153 ) ;
#4183 = VECTOR ( 'NONE', #8377, 1000.000000000000000 ) ;
#4184 = PLANE ( 'NONE',  #3235 ) ;
#4185 =( NAMED_UNIT ( * ) SI_UNIT ( $, .STERADIAN. ) SOLID_ANGLE_UNIT ( ) );
#4186 = CARTESIAN_POINT ( 'NONE',  ( 5.676671489377659086, -3.000000000000000000, 2.468381472064804516 ) ) ;
#4187 = EDGE_CURVE ( 'NONE', #8277, #7741, #4606, .T. ) ;
#4188 = DIRECTION ( 'NONE',  ( -0.000000000000000000, -0.000000000000000000, -1.000000000000000000 ) ) ;
#4189 = EDGE_LOOP ( 'NONE', ( #3971, #9214, #9067, #7300 ) ) ;
#4190 = ORIENTED_EDGE ( 'NONE', *, *, #2112, .F. ) ;
#4191 = B_SPLINE_CURVE_WITH_KNOTS ( 'NONE', 3,
 ( #5074, #1203, #6454, #3391 ),
 .UNSPECIFIED., .F., .F.,
 ( 4, 4 ),
 ( 18.00000000000000000, 19.00000000000000000 ),
 .UNSPECIFIED. ) ;
#4192 = CARTESIAN_POINT ( 'NONE',  ( 7.652400684449854218, -3.010000000000000231, 1.870793870362571054 ) ) ;
#4193 = B_SPLINE_SURFACE_WITH_KNOTS ( 'NONE', 3, 1, ( 
 ( #7356, #2850 ),
 ( #6073, #6857 ),
 ( #2391, #3704 ),
 ( #66, #9146 ) ),
 .UNSPECIFIED., .F., .F., .F.,
 ( 4, 4 ),
 ( 2, 2 ),
 ( 1.000000000000000000, 2.000000000000000000 ),
 ( 0.000000000000000000, 1.000000000000000000 ),
 .UNSPECIFIED. ) ;
#4194 = CARTESIAN_POINT ( 'NONE',  ( 4.804524870672004511, -3.010000000000000231, 1.655440687534879052 ) ) ;
#4195 = CARTESIAN_POINT ( 'NONE',  ( 7.182299113149966274, -3.010000000000000231, 2.388871673076673474 ) ) ;
#4196 = ORIENTED_EDGE ( 'NONE', *, *, #3808, .F. ) ;
#4197 = CARTESIAN_POINT ( 'NONE',  ( 6.373907800890124875, -3.010000000000000231, 1.917623911949075222 ) ) ;
#4198 = VERTEX_POINT ( 'NONE', #9789 ) ;
#4199 = ORIENTED_EDGE ( 'NONE', *, *, #3216, .T. ) ;
#4200 = LINE ( 'NONE', #1936, #6019 ) ;
#4201 = ADVANCED_FACE ( 'NONE', ( #3185 ), #5426, .F. ) ;
#4202 = MECHANICAL_DESIGN_GEOMETRIC_PRESENTATION_REPRESENTATION (  '', ( #5598 ), #5137 ) ;
#4203 = ADVANCED_FACE ( 'NONE', ( #3845 ), #9139, .T. ) ;
#4204 = EDGE_CURVE ( 'NONE', #5884, #6448, #4529, .T. ) ;
#4205 = CARTESIAN_POINT ( 'NONE',  ( 7.537290477336535233, -3.000000000000000000, 2.425713489008664681 ) ) ;
#4206 = PLANE ( 'NONE',  #1437 ) ;
#4207 = CARTESIAN_POINT ( 'NONE',  ( 7.738283050923977058, -3.010000000000000231, 1.846887625358536011 ) ) ;
#4208 = FACE_OUTER_BOUND ( 'NONE', #2247, .T. ) ;
#4209 = CARTESIAN_POINT ( 'NONE',  ( 5.323714034482007307, -3.010000000000000231, 1.826226660690460912 ) ) ;
#4210 = STYLED_ITEM ( 'NONE', ( #6593 ), #1481 ) ;
#4211 = ORIENTED_EDGE ( 'NONE', *, *, #9583, .T. ) ;
#4212 = SURFACE_STYLE_USAGE ( .BOTH. , #8740 ) ;
#4213 = ORIENTED_EDGE ( 'NONE', *, *, #3501, .F. ) ;
#4214 =( LENGTH_UNIT ( ) NAMED_UNIT ( * ) SI_UNIT ( .MILLI., .METRE. ) );
#4215 = ORIENTED_EDGE ( 'NONE', *, *, #3625, .F. ) ;
#4216 = ORIENTED_EDGE ( 'NONE', *, *, #8385, .F. ) ;
#4217 = CARTESIAN_POINT ( 'NONE',  ( 7.102720790736976042, -3.010000000000000231, 1.654163992679707595 ) ) ;
#4218 =( GEOMETRIC_REPRESENTATION_CONTEXT ( 3 ) GLOBAL_UNCERTAINTY_ASSIGNED_CONTEXT ( ( #194 ) ) GLOBAL_UNIT_ASSIGNED_CONTEXT ( ( #5304, #8605, #7107 ) ) REPRESENTATION_CONTEXT ( 'NONE', 'WORKASPACE' ) );
#4219 = CARTESIAN_POINT ( 'NONE',  ( 6.884780981821356782, -3.000000000000000000, 1.591942259105878055 ) ) ;
#4220 = ORIENTED_EDGE ( 'NONE', *, *, #8763, .F. ) ;
#4221 = PLANE ( 'NONE',  #1081 ) ;
#4222 = ORIENTED_EDGE ( 'NONE', *, *, #397, .F. ) ;
#4223 = VERTEX_POINT ( 'NONE', #3089 ) ;
#4224 = PRESENTATION_LAYER_ASSIGNMENT (  '', '', ( #1190 ) ) ;
#4225 = CARTESIAN_POINT ( 'NONE',  ( 7.260894987141412571, -3.000000000000000000, 1.597345725443038988 ) ) ;
#4226 = CARTESIAN_POINT ( 'NONE',  ( 5.152928104760619910, -3.010000000000000231, 1.445943403181894071 ) ) ;
#4227 = DIRECTION ( 'NONE',  ( -0.000000000000000000, -0.000000000000000000, 1.000000000000000000 ) ) ;
#4228 = CARTESIAN_POINT ( 'NONE',  ( 6.625250856252422160, -3.000000000000000000, 1.661859838674450973 ) ) ;
#4229 = ORIENTED_EDGE ( 'NONE', *, *, #7234, .T. ) ;
#4230 = ORIENTED_EDGE ( 'NONE', *, *, #6621, .T. ) ;
#4231 = DIRECTION ( 'NONE',  ( -0.000000000000000000, 1.000000000000000000, -0.000000000000000000 ) ) ;
#4232 = EDGE_CURVE ( 'NONE', #3442, #7693, #1894, .T. ) ;
#4233 = FILL_AREA_STYLE ('',( #9514 ) ) ;
#4234 = EDGE_CURVE ( 'NONE', #4923, #2622, #6268, .T. ) ;
#4235 = CARTESIAN_POINT ( 'NONE',  ( -8.053738883706529350, -2.979999999999999982, 1.843383459213754350 ) ) ;
#4236 = CARTESIAN_POINT ( 'NONE',  ( 6.884780981821356782, -3.010000000000000231, 1.591942259105878055 ) ) ;
#4237 = DIRECTION ( 'NONE',  ( 0.000000000000000000, -0.000000000000000000, 1.000000000000000000 ) ) ;
#4238 = CARTESIAN_POINT ( 'NONE',  ( 7.337198481473063971, -3.010000000000000231, 2.354977202418114590 ) ) ;
#4239 = ORIENTED_EDGE ( 'NONE', *, *, #5308, .F. ) ;
#4240 = VERTEX_POINT ( 'NONE', #8683 ) ;
#4241 = B_SPLINE_CURVE_WITH_KNOTS ( 'NONE', 3,
 ( #1398, #5377, #3090, #1597 ),
 .UNSPECIFIED., .F., .F.,
 ( 4, 4 ),
 ( 28.00000000000000000, 29.00000000000000000 ),
 .UNSPECIFIED. ) ;
#4242 = CARTESIAN_POINT ( 'NONE',  ( 6.864313306302610052, -3.010000000000000231, 1.777133787191730319 ) ) ;
#4243 = CARTESIAN_POINT ( 'NONE',  ( 7.919299173206712616, -3.010000000000000231, 1.858677006456600500 ) ) ;
#4244 = EDGE_CURVE ( 'NONE', #9323, #8264, #7146, .T. ) ;
#4245 = CARTESIAN_POINT ( 'NONE',  ( -9.324999999999999289, -3.000000000000000000, 0.5000000000000000000 ) ) ;
#4246 = VERTEX_POINT ( 'NONE', #7947 ) ;
#4247 = CARTESIAN_POINT ( 'NONE',  ( 7.534998097678949236, -3.010000000000000231, 1.633860058567119022 ) ) ;
#4248 = CARTESIAN_POINT ( 'NONE',  ( 6.571298063586104909, -3.010000000000000231, 2.352521081356561794 ) ) ;
#4249 = CARTESIAN_POINT ( 'NONE',  ( 7.508553860909193745, -3.010000000000000231, 2.362345565604948572 ) ) ;
#4250 = CARTESIAN_POINT ( 'NONE',  ( 6.886991490776961378, -3.000000000000000000, 1.831332191965078904 ) ) ;
#4251 = CARTESIAN_POINT ( 'NONE',  ( 6.727179880331868311, -3.010000000000000231, 1.632713868737213359 ) ) ;
#4252 = CARTESIAN_POINT ( 'NONE',  ( 4.802247803701580331, -3.010000000000000231, 1.869492409862588689 ) ) ;
#4253 = CARTESIAN_POINT ( 'NONE',  ( 7.938375046789632350, -3.000000000000000000, 1.917623911949080551 ) ) ;
#4254 = ADVANCED_FACE ( 'NONE', ( #214 ), #4751, .F. ) ;
#4255 = UNCERTAINTY_MEASURE_WITH_UNIT (LENGTH_MEASURE( 1.000000000000000082E-05 ), #9464, 'distance_accuracy_value', 'NONE');
#4256 = EDGE_LOOP ( 'NONE', ( #9805, #2710, #1800, #6693, #7523, #712, #1955 ) ) ;
#4257 = EDGE_CURVE ( 'NONE', #9149, #4942, #9284, .T. ) ;
#4258 = CARTESIAN_POINT ( 'NONE',  ( -9.824999999999999289, -3.000000000000000000, 0.000000000000000000 ) ) ;
#4259 = EDGE_CURVE ( 'NONE', #1299, #7643, #5518, .T. ) ;
#4260 = ORIENTED_EDGE ( 'NONE', *, *, #8059, .F. ) ;
#4261 = VERTEX_POINT ( 'NONE', #5618 ) ;
#4262 = LINE ( 'NONE', #2754, #3340 ) ;
#4263 = ORIENTED_EDGE ( 'NONE', *, *, #6621, .F. ) ;
#4264 = ORIENTED_EDGE ( 'NONE', *, *, #4366, .T. ) ;
#4265 = LINE ( 'NONE', #2758, #4346 ) ;
#4266 = CARTESIAN_POINT ( 'NONE',  ( 6.888710775520707763, -3.010000000000000231, 1.624690539934555256 ) ) ;
#4267 = ORIENTED_EDGE ( 'NONE', *, *, #506, .T. ) ;
#4268 = ADVANCED_FACE ( 'NONE', ( #357 ), #7892, .T. ) ;
#4269 = FACE_OUTER_BOUND ( 'NONE', #2506, .T. ) ;
#4270 = ORIENTED_EDGE ( 'NONE', *, *, #2954, .F. ) ;
#4271 = SURFACE_STYLE_USAGE ( .BOTH. , #5873 ) ;
#4272 = DIRECTION ( 'NONE',  ( 0.000000000000000000, -0.000000000000000000, -1.000000000000000000 ) ) ;
#4273 = CARTESIAN_POINT ( 'NONE',  ( 6.529789617635866961, -3.000000000000000000, 1.778279977021613556 ) ) ;
#4274 = B_SPLINE_SURFACE_WITH_KNOTS ( 'NONE', 3, 1, ( 
 ( #1024, #3456 ),
 ( #2712, #7021 ),
 ( #1912, #5735 ),
 ( #279, #237 ) ),
 .UNSPECIFIED., .F., .F., .F.,
 ( 4, 4 ),
 ( 2, 2 ),
 ( 17.00000000000000000, 18.00000000000000000 ),
 ( 0.000000000000000000, 1.000000000000000000 ),
 .UNSPECIFIED. ) ;
#4275 = PRESENTATION_STYLE_ASSIGNMENT (( #1966 ) ) ;
#4276 = ORIENTED_EDGE ( 'NONE', *, *, #2932, .F. ) ;
#4277 = CARTESIAN_POINT ( 'NONE',  ( 5.970423161673574342, -3.000000000000000000, 1.912758072170702039 ) ) ;
#4278 = CARTESIAN_POINT ( 'NONE',  ( 6.542807059265798308, -3.010000000000000231, 2.105435302502615791 ) ) ;
#4279 = CARTESIAN_POINT ( 'NONE',  ( 6.954780432093002673, -3.010000000000000231, 1.707543690431075678 ) ) ;
#4280 = LINE ( 'NONE', #7271, #3251 ) ;
#4281 = VECTOR ( 'NONE', #3809, 1000.000000000000000 ) ;
#4282 = CARTESIAN_POINT ( 'NONE',  ( 6.795705657966789381, -3.010000000000000231, 2.158323776042110786 ) ) ;
#4283 = EDGE_CURVE ( 'NONE', #853, #7365, #306, .T. ) ;
#4284 = EDGE_CURVE ( 'NONE', #8775, #9738, #4056, .T. ) ;
#4285 = ORIENTED_EDGE ( 'NONE', *, *, #9270, .T. ) ;
#4286 = ORIENTED_EDGE ( 'NONE', *, *, #4663, .T. ) ;
#4287 = CARTESIAN_POINT ( 'NONE',  ( -5.534999999999998366, 1.855000000000000204, -4.099999999999999645 ) ) ;
#4288 = FACE_BOUND ( 'NONE', #4551, .T. ) ;
#4289 =( NAMED_UNIT ( * ) PLANE_ANGLE_UNIT ( ) SI_UNIT ( $, .RADIAN. ) );
#4290 = CARTESIAN_POINT ( 'NONE',  ( 6.925716332856650226, -3.000000000000000000, 1.677415272067907859 ) ) ;
#4291 = DIRECTION ( 'NONE',  ( -1.000000000000000000, 0.000000000000000000, -0.000000000000000000 ) ) ;
#4292 = DIRECTION ( 'NONE',  ( 1.000000000000000000, 0.000000000000000000, 0.000000000000000000 ) ) ;
#4293 = DIRECTION ( 'NONE',  ( -1.000000000000000000, 0.000000000000000000, 0.000000000000000000 ) ) ;
#4294 = CARTESIAN_POINT ( 'NONE',  ( 6.904839303829105823, -3.000000000000000000, 1.690023360187944190 ) ) ;
#4295 = EDGE_CURVE ( 'NONE', #8167, #7883, #4166, .T. ) ;
#4296 = EDGE_CURVE ( 'NONE', #7741, #1105, #1095, .T. ) ;
#4297 = SURFACE_STYLE_USAGE ( .BOTH. , #1939 ) ;
#4298 = CARTESIAN_POINT ( 'NONE',  ( 5.792805857307428141, -3.010000000000000231, 2.090375376536846908 ) ) ;
#4299 = CARTESIAN_POINT ( 'NONE',  ( 7.298473639393380452, -3.000000000000000000, 2.197457971631696871 ) ) ;
#4300 = ORIENTED_EDGE ( 'NONE', *, *, #5117, .F. ) ;
#4301 = PRESENTATION_LAYER_ASSIGNMENT (  '', '', ( #3813 ) ) ;
#4302 = ORIENTED_EDGE ( 'NONE', *, *, #3112, .F. ) ;
#4303 = ORIENTED_EDGE ( 'NONE', *, *, #3626, .F. ) ;
#4304 = CARTESIAN_POINT ( 'NONE',  ( 7.006358974398651185, -3.010000000000000231, 1.528574335702177489 ) ) ;
#4305 = EDGE_LOOP ( 'NONE', ( #304, #8695, #1787, #9659 ) ) ;
#4306 = CARTESIAN_POINT ( 'NONE',  ( 5.455788392405196419, -3.010000000000000231, 2.375018520350290263 ) ) ;
#4307 = ORIENTED_EDGE ( 'NONE', *, *, #4874, .T. ) ;
#4308 = EDGE_CURVE ( 'NONE', #5222, #2060, #4148, .T. ) ;
#4309 = DIRECTION ( 'NONE',  ( -1.000000000000000000, -0.000000000000000000, -0.000000000000000000 ) ) ;
#4310 = CARTESIAN_POINT ( 'NONE',  ( 6.606911818987319052, -3.010000000000000231, 1.810045809426548136 ) ) ;
#4311 = VECTOR ( 'NONE', #5946, 1000.000000000000000 ) ;
#4312 = VECTOR ( 'NONE', #1609, 1000.000000000000000 ) ;
#4313 = FACE_BOUND ( 'NONE', #1252, .T. ) ;
#4314 = ORIENTED_EDGE ( 'NONE', *, *, #2941, .T. ) ;
#4315 = VERTEX_POINT ( 'NONE', #2880 ) ;
#4316 = FACE_OUTER_BOUND ( 'NONE', #3312, .T. ) ;
#4317 = COLOUR_RGB ( '',0.6666666666666666297, 0.6666666666666666297, 0.6666666666666666297 ) ;
#4318 = CARTESIAN_POINT ( 'NONE',  ( 7.848644757315960341, -3.000000000000000000, 1.684947376658705087 ) ) ;
#4319 =( GEOMETRIC_REPRESENTATION_CONTEXT ( 3 ) GLOBAL_UNCERTAINTY_ASSIGNED_CONTEXT ( ( #5812 ) ) GLOBAL_UNIT_ASSIGNED_CONTEXT ( ( #4385, #9817, #2068 ) ) REPRESENTATION_CONTEXT ( 'NONE', 'WORKASPACE' ) );
#4320 = ADVANCED_FACE ( 'NONE', ( #6551, #2789 ), #5166, .F. ) ;
#4321 = DIRECTION ( 'NONE',  ( -1.000000000000000000, 0.000000000000000000, -3.384756321093094809E-14 ) ) ;
#4322 = EDGE_CURVE ( 'NONE', #2326, #9346, #8870, .T. ) ;
#4323 = LINE ( 'NONE', #8945, #7314 ) ;
#4324 = EDGE_CURVE ( 'NONE', #4240, #1329, #8824, .T. ) ;
#4325 = ORIENTED_EDGE ( 'NONE', *, *, #8562, .T. ) ;
#4326 = AXIS2_PLACEMENT_3D ( 'NONE', #9801, #1553, #7754 ) ;
#4327 =( NAMED_UNIT ( * ) SI_UNIT ( $, .STERADIAN. ) SOLID_ANGLE_UNIT ( ) );
#4328 = CARTESIAN_POINT ( 'NONE',  ( 5.141542379007333352, -3.010000000000000231, 2.395512818018039614 ) ) ;
#4329 = CARTESIAN_POINT ( 'NONE',  ( 6.936032041318004104, -3.000000000000000000, 1.655637665317507334 ) ) ;
#4330 = CARTESIAN_POINT ( 'NONE',  ( 6.606911818987320828, -3.010000000000000231, 1.771075355238739935 ) ) ;
#4331 = AXIS2_PLACEMENT_3D ( 'NONE', #1502, #8305, #713 ) ;
#4332 = VECTOR ( 'NONE', #1601, 1000.000000000000000 ) ;
#4333 = ORIENTED_EDGE ( 'NONE', *, *, #9234, .F. ) ;
#4334 = EDGE_LOOP ( 'NONE', ( #9575, #4146, #9130, #5687 ) ) ;
#4335 = CARTESIAN_POINT ( 'NONE',  ( 6.876512040911660684, -3.000000000000000000, 1.790233099523641513 ) ) ;
#4336 = FILL_AREA_STYLE ('',( #7375 ) ) ;
#4337 = VECTOR ( 'NONE', #8459, 1000.000000000000000 ) ;
#4338 = DIRECTION ( 'NONE',  ( -0.000000000000000000, 1.000000000000000000, -0.000000000000000000 ) ) ;
#4339 =( GEOMETRIC_REPRESENTATION_CONTEXT ( 3 ) GLOBAL_UNCERTAINTY_ASSIGNED_CONTEXT ( ( #478 ) ) GLOBAL_UNIT_ASSIGNED_CONTEXT ( ( #1927, #9431, #5066 ) ) REPRESENTATION_CONTEXT ( 'NONE', 'WORKASPACE' ) );
#4340 = DIRECTION ( 'NONE',  ( -1.000000000000000000, 0.000000000000000000, 0.000000000000000000 ) ) ;
#4341 = VECTOR ( 'NONE', #8285, 1000.000000000000000 ) ;
#4342 = CARTESIAN_POINT ( 'NONE',  ( 6.873073471424190117, -3.000000000000000000, 1.746677886022836912 ) ) ;
#4343 = CARTESIAN_POINT ( 'NONE',  ( 5.619742860615633440, -3.010000000000000231, 1.705537811355042122 ) ) ;
#4344 = CARTESIAN_POINT ( 'NONE',  ( 6.599297843695637766, -3.010000000000000231, 2.261972084865287780 ) ) ;
#4345 = AXIS2_PLACEMENT_3D ( 'NONE', #6853, #109, #4853 ) ;
#4346 = VECTOR ( 'NONE', #2846, 1000.000000000000000 ) ;
#4347 =( LENGTH_UNIT ( ) NAMED_UNIT ( * ) SI_UNIT ( .MILLI., .METRE. ) );
#4348 = FILL_AREA_STYLE ('',( #6498 ) ) ;
#4349 = DIRECTION ( 'NONE',  ( -1.000000000000000000, 0.000000000000000000, -0.000000000000000000 ) ) ;
#4350 = LINE ( 'NONE', #7338, #6054 ) ;
#4351 = DIRECTION ( 'NONE',  ( -0.000000000000000000, 1.000000000000000000, -0.000000000000000000 ) ) ;
#4352 = UNCERTAINTY_MEASURE_WITH_UNIT (LENGTH_MEASURE( 1.000000000000000082E-05 ), #7667, 'distance_accuracy_value', 'NONE');
#4353 = ORIENTED_EDGE ( 'NONE', *, *, #7786, .T. ) ;
#4354 = EDGE_CURVE ( 'NONE', #7158, #83, #1413, .T. ) ;
#4355 = CARTESIAN_POINT ( 'NONE',  ( 6.373907800890124875, -3.010000000000000231, 1.917623911949075222 ) ) ;
#4356 = ORIENTED_EDGE ( 'NONE', *, *, #899, .F. ) ;
#4357 = ORIENTED_EDGE ( 'NONE', *, *, #4204, .F. ) ;
#4358 = VECTOR ( 'NONE', #9217, 1000.000000000000000 ) ;
#4359 = B_SPLINE_SURFACE_WITH_KNOTS ( 'NONE', 3, 1, ( 
 ( #8979, #5229 ),
 ( #8246, #6799 ),
 ( #4, #9098 ),
 ( #2302, #6946 ) ),
 .UNSPECIFIED., .F., .F., .F.,
 ( 4, 4 ),
 ( 2, 2 ),
 ( 0.000000000000000000, 1.000000000000000000 ),
 ( 0.000000000000000000, 1.000000000000000000 ),
 .UNSPECIFIED. ) ;
#4360 = ORIENTED_EDGE ( 'NONE', *, *, #4542, .F. ) ;
#4361 = FACE_OUTER_BOUND ( 'NONE', #6712, .T. ) ;
#4362 = ORIENTED_EDGE ( 'NONE', *, *, #6324, .F. ) ;
#4363 = CARTESIAN_POINT ( 'NONE',  ( 6.750431159720059249, -3.010000000000000231, 2.431116955345815178 ) ) ;
#4364 = CARTESIAN_POINT ( 'NONE',  ( 6.912043925610888095, -3.000000000000000000, 1.591942259105878055 ) ) ;
#4365 = COLOUR_RGB ( '',0.2980392156862745057, 0.2980392156862745057, 0.2980392156862745057 ) ;
#4366 = EDGE_CURVE ( 'NONE', #83, #7978, #1180, .T. ) ;
#4367 = CARTESIAN_POINT ( 'NONE',  ( 6.908114131911542444, -3.010000000000000231, 1.798747652540360065 ) ) ;
#4368 = ORIENTED_EDGE ( 'NONE', *, *, #1288, .F. ) ;
#4369 = CARTESIAN_POINT ( 'NONE',  ( 7.416776803886060421, -3.000000000000000000, 1.778279977021620439 ) ) ;
#4370 =( GEOMETRIC_REPRESENTATION_CONTEXT ( 3 ) GLOBAL_UNCERTAINTY_ASSIGNED_CONTEXT ( ( #3270 ) ) GLOBAL_UNIT_ASSIGNED_CONTEXT ( ( #4893, #2652, #8492 ) ) REPRESENTATION_CONTEXT ( 'NONE', 'WORKASPACE' ) );
#4371 = FACE_OUTER_BOUND ( 'NONE', #5617, .T. ) ;
#4372 = CARTESIAN_POINT ( 'NONE',  ( 7.087820322960440400, -3.000000000000000000, 1.597836949654918959 ) ) ;
#4373 = CARTESIAN_POINT ( 'NONE',  ( 0.000000000000000000, 2.799999999999999822, 9.999999999999998224 ) ) ;
#4374 = ORIENTED_EDGE ( 'NONE', *, *, #4063, .T. ) ;
#4375 = B_SPLINE_CURVE_WITH_KNOTS ( 'NONE', 3,
 ( #4157, #4945, #9248, #7856 ),
 .UNSPECIFIED., .F., .F.,
 ( 4, 4 ),
 ( 2.000000000000000000, 3.000000000000000000 ),
 .UNSPECIFIED. ) ;
#4376 = AXIS2_PLACEMENT_3D ( 'NONE', #6625, #2964, #8217 ) ;
#4377 = CARTESIAN_POINT ( 'NONE',  ( -9.324999999999999289, 3.000000000000000000, -0.5000000000000000000 ) ) ;
#4378 = CARTESIAN_POINT ( 'NONE',  ( 9.824999999999999289, -3.000000000000000000, 9.999999999999998224 ) ) ;
#4379 = PRODUCT_DEFINITION_CONTEXT ( 'detailed design', #5465, 'design' ) ;
#4380 = PRODUCT_RELATED_PRODUCT_CATEGORY ( 'part', '', ( #2278 ) ) ;
#4381 = ORIENTED_EDGE ( 'NONE', *, *, #8336, .T. ) ;
#4382 = ADVANCED_FACE ( 'NONE', ( #7241 ), #6497, .F. ) ;
#4383 = CARTESIAN_POINT ( 'NONE',  ( 6.901155122235682171, -3.000000000000000000, 2.286369554081201017 ) ) ;
#4384 = CARTESIAN_POINT ( 'NONE',  ( 7.772177521580349691, -3.010000000000000231, 1.597345725443044095 ) ) ;
#4385 =( LENGTH_UNIT ( ) NAMED_UNIT ( * ) SI_UNIT ( .MILLI., .METRE. ) );
#4386 = ORIENTED_EDGE ( 'NONE', *, *, #3985, .T. ) ;
#4387 = ORIENTED_EDGE ( 'NONE', *, *, #3475, .F. ) ;
#4388 = EDGE_LOOP ( 'NONE', ( #8574, #8987, #9545, #9318, #6348, #847, #1029, #9502, #9065, #5177, #7955, #2137, #2845, #1719 ) ) ;
#4389 = CARTESIAN_POINT ( 'NONE',  ( 5.323714034482007307, -3.010000000000000231, 1.826226660690460912 ) ) ;
#4390 = LINE ( 'NONE', #593, #3355 ) ;
#4391 = CARTESIAN_POINT ( 'NONE',  ( 6.728244199458690566, -3.000000000000000000, 1.671356840114924358 ) ) ;
#4392 = DIRECTION ( 'NONE',  ( -0.000000000000000000, 1.000000000000000000, -0.000000000000000000 ) ) ;
#4393 = CARTESIAN_POINT ( 'NONE',  ( 6.888710775520707763, -3.010000000000000231, 1.624690539934555256 ) ) ;
#4394 = ORIENTED_EDGE ( 'NONE', *, *, #4125, .T. ) ;
#4395 = ORIENTED_EDGE ( 'NONE', *, *, #7075, .T. ) ;
#4396 =( NAMED_UNIT ( * ) PLANE_ANGLE_UNIT ( ) SI_UNIT ( $, .RADIAN. ) );
#4397 = DIRECTION ( 'NONE',  ( -1.000000000000000000, 0.000000000000000000, 0.000000000000000000 ) ) ;
#4398 = VERTEX_POINT ( 'NONE', #7383 ) ;
#4399 = ORIENTED_EDGE ( 'NONE', *, *, #4444, .T. ) ;
#4400 = ORIENTED_EDGE ( 'NONE', *, *, #213, .F. ) ;
#4401 =( NAMED_UNIT ( * ) PLANE_ANGLE_UNIT ( ) SI_UNIT ( $, .RADIAN. ) );
#4402 = FILL_AREA_STYLE ('',( #9638 ) ) ;
#4403 = ORIENTED_EDGE ( 'NONE', *, *, #5683, .F. ) ;
#4404 = CARTESIAN_POINT ( 'NONE',  ( 7.585021096644815941, -3.010000000000000231, 1.917623911949080551 ) ) ;
#4405 = ORIENTED_EDGE ( 'NONE', *, *, #4838, .F. ) ;
#4406 = CARTESIAN_POINT ( 'NONE',  ( 7.182299113149966274, -3.000000000000000000, 2.388871673076673474 ) ) ;
#4407 = ADVANCED_FACE ( 'NONE', ( #3582 ), #8207, .T. ) ;
#4408 = EDGE_CURVE ( 'NONE', #1899, #3005, #3480, .T. ) ;
#4409 = CARTESIAN_POINT ( 'NONE',  ( 6.373907800890121322, -3.010000000000000231, 2.105435302502615791 ) ) ;
#4410 = ORIENTED_EDGE ( 'NONE', *, *, #3623, .F. ) ;
#4411 = DIRECTION ( 'NONE',  ( -0.3897582650655123659, -0.000000000000000000, -0.9209172030172537715 ) ) ;
#4412 = ORIENTED_EDGE ( 'NONE', *, *, #1358, .F. ) ;
#4413 = CARTESIAN_POINT ( 'NONE',  ( 6.415252505436406238, -3.010000000000000231, 2.141949635626684056 ) ) ;
#4414 = B_SPLINE_CURVE_WITH_KNOTS ( 'NONE', 3,
 ( #4829, #8474, #9308, #6242 ),
 .UNSPECIFIED., .F., .F.,
 ( 4, 4 ),
 ( 8.000000000000000000, 9.000000000000000000 ),
 .UNSPECIFIED. ) ;
#4415 = CARTESIAN_POINT ( 'NONE',  ( 6.636876495946524734, -3.010000000000000231, 1.635169989798764378 ) ) ;
#4416 = CARTESIAN_POINT ( 'NONE',  ( 6.936032041318004104, -3.010000000000000231, 1.635006248394814676 ) ) ;
#4417 = SURFACE_STYLE_USAGE ( .BOTH. , #1365 ) ;
#4418 = ADVANCED_FACE ( 'NONE', ( #1991 ), #2755, .F. ) ;
#4419 = PLANE ( 'NONE',  #4019 ) ;
#4420 = ORIENTED_EDGE ( 'NONE', *, *, #2083, .F. ) ;
#4421 = CARTESIAN_POINT ( 'NONE',  ( 6.625250856252422160, -3.010000000000000231, 1.650889164598363656 ) ) ;
#4422 = CARTESIAN_POINT ( 'NONE',  ( 6.713016248873132419, -3.010000000000000231, 2.136873652097444509 ) ) ;
#4423 = ORIENTED_EDGE ( 'NONE', *, *, #8801, .T. ) ;
#4424 = ORIENTED_EDGE ( 'NONE', *, *, #9760, .F. ) ;
#4425 = LINE ( 'NONE', #5935, #9683 ) ;
#4426 = CARTESIAN_POINT ( 'NONE',  ( 7.353327009780375789, -3.010000000000000231, 2.269667930860042926 ) ) ;
#4427 = CARTESIAN_POINT ( 'NONE',  ( 6.667025381984237775, -3.010000000000000231, 2.145326802086590323 ) ) ;
#4428 = ADVANCED_FACE ( 'NONE', ( #7675 ), #881, .F. ) ;
#4429 = ORIENTED_EDGE ( 'NONE', *, *, #2460, .F. ) ;
#4430 = CARTESIAN_POINT ( 'NONE',  ( 6.415252505436413344, -3.010000000000000231, 1.633860058567110363 ) ) ;
#4431 =( LENGTH_UNIT ( ) NAMED_UNIT ( * ) SI_UNIT ( .MILLI., .METRE. ) );
#4432 = LINE ( 'NONE', #3015, #3533 ) ;
#4433 = PLANE ( 'NONE',  #8889 ) ;
#4434 = DIRECTION ( 'NONE',  ( -0.9345104387438643023, 0.000000000000000000, -0.3559357243643161417 ) ) ;
#4435 = CARTESIAN_POINT ( 'NONE',  ( 6.542807059265798308, -3.010000000000000231, 2.141949635626684056 ) ) ;
#4436 = VECTOR ( 'NONE', #1260, 1000.000000000000000 ) ;
#4437 = CARTESIAN_POINT ( 'NONE',  ( 5.141542379007333352, -3.010000000000000231, 2.395512818018039614 ) ) ;
#4438 = CARTESIAN_POINT ( 'NONE',  ( 6.864313306302610052, -3.010000000000000231, 1.767964268561359242 ) ) ;
#4439 =( NAMED_UNIT ( * ) PLANE_ANGLE_UNIT ( ) SI_UNIT ( $, .RADIAN. ) );
#4440 = EDGE_CURVE ( 'NONE', #2274, #376, #4994, .T. ) ;
#4441 = ORIENTED_EDGE ( 'NONE', *, *, #239, .T. ) ;
#4442 = ORIENTED_EDGE ( 'NONE', *, *, #8874, .F. ) ;
#4443 = CARTESIAN_POINT ( 'NONE',  ( 6.111606178378534260, -3.000000000000000000, 1.915035269440425347 ) ) ;
#4444 = EDGE_CURVE ( 'NONE', #6152, #9523, #4774, .T. ) ;
#4445 = VECTOR ( 'NONE', #2654, 1000.000000000000000 ) ;
#4446 = CARTESIAN_POINT ( 'NONE',  ( 7.042955178224702628, -3.010000000000000231, 1.826092467031879885 ) ) ;
#4447 = UNCERTAINTY_MEASURE_WITH_UNIT (LENGTH_MEASURE( 1.000000000000000082E-05 ), #5265, 'distance_accuracy_value', 'NONE');
#4448 = ORIENTED_EDGE ( 'NONE', *, *, #5065, .T. ) ;
#4449 = CARTESIAN_POINT ( 'NONE',  ( 5.353316904065320792, -3.010000000000000231, 2.511647229380910673 ) ) ;
#4450 = ORIENTED_EDGE ( 'NONE', *, *, #6826, .F. ) ;
#4451 = ORIENTED_EDGE ( 'NONE', *, *, #2903, .T. ) ;
#4452 = CARTESIAN_POINT ( 'NONE',  ( 7.021750666388148154, -3.010000000000000231, 1.523989576384800815 ) ) ;
#4453 = VECTOR ( 'NONE', #5393, 1000.000000000000000 ) ;
#4454 = CARTESIAN_POINT ( 'NONE',  ( 7.113855206219199090, -3.000000000000000000, 1.562796289168643993 ) ) ;
#4455 = VERTEX_POINT ( 'NONE', #7484 ) ;
#4456 = DIRECTION ( 'NONE',  ( -0.9903286039881302738, -0.000000000000000000, -0.1387416884823060581 ) ) ;
#4457 = CARTESIAN_POINT ( 'NONE',  ( 6.633028572949148938, -3.010000000000000231, 2.415397780548394824 ) ) ;
#4458 = PLANE ( 'NONE',  #9384 ) ;
#4459 = ORIENTED_EDGE ( 'NONE', *, *, #7425, .F. ) ;
#4460 = CARTESIAN_POINT ( 'NONE',  ( 6.772290637173537853, -3.010000000000000231, 2.144078273880318353 ) ) ;
#4461 = SURFACE_STYLE_FILL_AREA ( #2254 ) ;
#4462 = ORIENTED_EDGE ( 'NONE', *, *, #6011, .T. ) ;
#4463 = CARTESIAN_POINT ( 'NONE',  ( 7.092568823680662327, -3.010000000000000231, 2.425713489008659351 ) ) ;
#4464 = CARTESIAN_POINT ( 'NONE',  ( 6.625250856252422160, -3.010000000000000231, 1.661859838674450973 ) ) ;
#4465 = CARTESIAN_POINT ( 'NONE',  ( 2.585000000000002185, 1.604999999999999982, -4.099999999999999645 ) ) ;
#4466 = DIRECTION ( 'NONE',  ( 0.000000000000000000, 0.000000000000000000, -1.000000000000000000 ) ) ;
#4467 = FILL_AREA_STYLE_COLOUR ( '', #1931 ) ;
#4468 = FACE_BOUND ( 'NONE', #4793, .T. ) ;
#4469 = ORIENTED_EDGE ( 'NONE', *, *, #9145, .F. ) ;
#4470 = CARTESIAN_POINT ( 'NONE',  ( 7.665000000000001812, 1.855000000000000204, -4.099999999999999645 ) ) ;
#4471 = CIRCLE ( 'NONE', #6347, 0.2000000000000005107 ) ;
#4472 = ORIENTED_EDGE ( 'NONE', *, *, #7897, .T. ) ;
#4473 = EDGE_CURVE ( 'NONE', #6443, #252, #7718, .T. ) ;
#4474 = EDGE_CURVE ( 'NONE', #3737, #4866, #3924, .T. ) ;
#4475 = DIRECTION ( 'NONE',  ( -0.000000000000000000, 1.000000000000000000, -0.000000000000000000 ) ) ;
#4476 = CARTESIAN_POINT ( 'NONE',  ( 5.619742860615626334, -3.010000000000000231, 2.375018520350290263 ) ) ;
#4477 = DIRECTION ( 'NONE',  ( 0.000000000000000000, -0.000000000000000000, 1.000000000000000000 ) ) ;
#4478 = DIRECTION ( 'NONE',  ( 1.000000000000000000, 0.000000000000000000, 0.000000000000000000 ) ) ;
#4479 = VECTOR ( 'NONE', #4990, 1000.000000000000000 ) ;
#4480 = VERTEX_POINT ( 'NONE', #9775 ) ;
#4481 = ORIENTED_EDGE ( 'NONE', *, *, #274, .T. ) ;
#4482 = LINE ( 'NONE', #4584, #7631 ) ;
#4483 = VECTOR ( 'NONE', #4227, 1000.000000000000000 ) ;
#4484 = PRESENTATION_STYLE_ASSIGNMENT (( #6039 ) ) ;
#4485 = CARTESIAN_POINT ( 'NONE',  ( 6.883716662694541633, -3.000000000000000000, 1.697882947586647484 ) ) ;
#4486 = CARTESIAN_POINT ( 'NONE',  ( 6.728244199458690566, -3.000000000000000000, 1.690187101591904328 ) ) ;
#4487 =( GEOMETRIC_REPRESENTATION_CONTEXT ( 3 ) GLOBAL_UNCERTAINTY_ASSIGNED_CONTEXT ( ( #1679 ) ) GLOBAL_UNIT_ASSIGNED_CONTEXT ( ( #4347, #647, #9535 ) ) REPRESENTATION_CONTEXT ( 'NONE', 'WORKASPACE' ) );
#4488 = ADVANCED_FACE ( 'NONE', ( #241 ), #2234, .F. ) ;
#4489 = AXIS2_PLACEMENT_3D ( 'NONE', #1676, #2419, #9266 ) ;
#4490 = SURFACE_STYLE_USAGE ( .BOTH. , #1428 ) ;
#4491 = FACE_OUTER_BOUND ( 'NONE', #4582, .T. ) ;
#4492 = CARTESIAN_POINT ( 'NONE',  ( 6.822722989650397807, -3.000000000000000000, 1.646795629492870505 ) ) ;
#4493 = VERTEX_POINT ( 'NONE', #6919 ) ;
#4494 = EDGE_LOOP ( 'NONE', ( #1499, #6528, #9456, #381 ) ) ;
#4495 = CARTESIAN_POINT ( 'NONE',  ( 6.111606178378534260, -3.000000000000000000, 1.835335189172929482 ) ) ;
#4496 = VECTOR ( 'NONE', #427, 1000.000000000000000 ) ;
#4497 = MECHANICAL_DESIGN_GEOMETRIC_PRESENTATION_REPRESENTATION (  '', ( #829 ), #7797 ) ;
#4498 = DIRECTION ( 'NONE',  ( -0.000000000000000000, -1.000000000000000000, -0.000000000000000000 ) ) ;
#4499 = VECTOR ( 'NONE', #3472, 1000.000000000000000 ) ;
#4500 = CARTESIAN_POINT ( 'NONE',  ( 5.239459603105976804, -3.000000000000000000, 1.721477844780471944 ) ) ;
#4501 = EDGE_CURVE ( 'NONE', #8643, #5285, #700, .T. ) ;
#4502 = CARTESIAN_POINT ( 'NONE',  ( 5.763202987724107551, -3.010000000000000231, 2.393235675038607013 ) ) ;
#4503 = ORIENTED_EDGE ( 'NONE', *, *, #8772, .F. ) ;
#4504 = ORIENTED_EDGE ( 'NONE', *, *, #569, .F. ) ;
#4505 = CARTESIAN_POINT ( 'NONE',  ( 6.859810417689406137, -3.000000000000000000, 2.105435302502616679 ) ) ;
#4506 = ORIENTED_EDGE ( 'NONE', *, *, #7814, .F. ) ;
#4507 = ADVANCED_FACE ( 'NONE', ( #3156 ), #1950, .F. ) ;
#4508 = VECTOR ( 'NONE', #3798, 1000.000000000000000 ) ;
#4509 = ADVANCED_FACE ( 'NONE', ( #8469 ), #5542, .F. ) ;
#4510 = VECTOR ( 'NONE', #9705, 1000.000000000000000 ) ;
#4511 = CARTESIAN_POINT ( 'NONE',  ( 6.936032041318004104, -3.010000000000000231, 1.664479701142153045 ) ) ;
#4512 = ORIENTED_EDGE ( 'NONE', *, *, #3477, .F. ) ;
#4513 = CARTESIAN_POINT ( 'NONE',  ( 7.165000000000000924, 1.604999999999999982, -4.099999999999999645 ) ) ;
#4514 = LINE ( 'NONE', #5179, #4518 ) ;
#4515 = PLANE ( 'NONE',  #5110 ) ;
#4516 = ORIENTED_EDGE ( 'NONE', *, *, #692, .T. ) ;
#4517 = CARTESIAN_POINT ( 'NONE',  ( 7.493080298217718926, -3.010000000000000231, 2.425713489008664681 ) ) ;
#4518 = VECTOR ( 'NONE', #6754, 1000.000000000000000 ) ;
#4519 = CARTESIAN_POINT ( 'NONE',  ( 7.568155732017515902, -3.010000000000000231, 2.229223804036626344 ) ) ;
#4520 = FACE_OUTER_BOUND ( 'NONE', #544, .T. ) ;
#4521 = ORIENTED_EDGE ( 'NONE', *, *, #7535, .F. ) ;
#4522 = PLANE ( 'NONE',  #320 ) ;
#4523 = EDGE_LOOP ( 'NONE', ( #3938, #4703, #9547, #3433, #7281, #2225 ) ) ;
#4524 = SURFACE_STYLE_USAGE ( .BOTH. , #9195 ) ;
#4525 = CARTESIAN_POINT ( 'NONE',  ( 7.580927561541505710, -3.000000000000000000, 2.193036953720473026 ) ) ;
#4526 = VECTOR ( 'NONE', #8464, 1000.000000000000000 ) ;
#4527 = B_SPLINE_SURFACE_WITH_KNOTS ( 'NONE', 3, 1, ( 
 ( #7077, #9269 ),
 ( #3930, #4734 ),
 ( #6142, #2369 ),
 ( #7032, #6246 ) ),
 .UNSPECIFIED., .F., .F., .F.,
 ( 4, 4 ),
 ( 2, 2 ),
 ( 8.000000000000000000, 9.000000000000000000 ),
 ( 0.000000000000000000, 1.000000000000000000 ),
 .UNSPECIFIED. ) ;
#4528 = EDGE_LOOP ( 'NONE', ( #6901, #7745, #5604, #2385 ) ) ;
#4529 = B_SPLINE_CURVE_WITH_KNOTS ( 'NONE', 3,
 ( #8390, #5566, #3239, #8587 ),
 .UNSPECIFIED., .F., .F.,
 ( 4, 4 ),
 ( 3.000000000000000000, 4.000000000000000000 ),
 .UNSPECIFIED. ) ;
#4530 = ORIENTED_EDGE ( 'NONE', *, *, #7555, .T. ) ;
#4531 = LINE ( 'NONE', #6028, #9404 ) ;
#4532 = VERTEX_POINT ( 'NONE', #9020 ) ;
#4533 = VECTOR ( 'NONE', #7033, 1000.000000000000000 ) ;
#4534 = CARTESIAN_POINT ( 'NONE',  ( 5.763202987724107551, -3.000000000000000000, 2.393235675038607013 ) ) ;
#4535 = CARTESIAN_POINT ( 'NONE',  ( -8.053738883706529350, -2.979999999999999982, 2.308970715352191228 ) ) ;
#4536 = ORIENTED_EDGE ( 'NONE', *, *, #1917, .T. ) ;
#4537 = EDGE_LOOP ( 'NONE', ( #2155, #4170, #5089, #4530 ) ) ;
#4538 = EDGE_LOOP ( 'NONE', ( #3687, #9301, #7590, #9105, #505, #3234, #484, #4944 ) ) ;
#4539 =( GEOMETRIC_REPRESENTATION_CONTEXT ( 3 ) GLOBAL_UNCERTAINTY_ASSIGNED_CONTEXT ( ( #7834 ) ) GLOBAL_UNIT_ASSIGNED_CONTEXT ( ( #5129, #4401, #3638 ) ) REPRESENTATION_CONTEXT ( 'NONE', 'WORKASPACE' ) );
#4540 = EDGE_CURVE ( 'NONE', #9237, #486, #1433, .T. ) ;
#4541 = FILL_AREA_STYLE_COLOUR ( '', #2888 ) ;
#4542 = EDGE_CURVE ( 'NONE', #6257, #2039, #8559, .T. ) ;
#4543 = CARTESIAN_POINT ( 'NONE',  ( 6.529789617635866961, -3.010000000000000231, 1.741601902493589149 ) ) ;
#4544 = DIRECTION ( 'NONE',  ( -0.000000000000000000, 1.000000000000000000, -0.000000000000000000 ) ) ;
#4545 = AXIS2_PLACEMENT_3D ( 'NONE', #4625, #9815, #6966 ) ;
#4546 = ORIENTED_EDGE ( 'NONE', *, *, #9629, .F. ) ;
#4547 = EDGE_LOOP ( 'NONE', ( #7585, #1760, #6468, #5772 ) ) ;
#4548 = CARTESIAN_POINT ( 'NONE',  ( 5.699442854016932181, -3.010000000000000231, 1.735140767804566053 ) ) ;
#4549 = EDGE_CURVE ( 'NONE', #5121, #2200, #6968, .T. ) ;
#4550 = CARTESIAN_POINT ( 'NONE',  ( 6.795705657966789381, -3.010000000000000231, 2.374789912321017660 ) ) ;
#4551 = EDGE_LOOP ( 'NONE', ( #2535, #5902, #3345, #8436, #1589, #5733, #3148, #7866, #7325, #4215, #7005, #5634 ) ) ;
#4552 = CARTESIAN_POINT ( 'NONE',  ( 7.433150944301497809, -3.000000000000000000, 1.597345725443038988 ) ) ;
#4553 = VERTEX_POINT ( 'NONE', #8514 ) ;
#4554 = ORIENTED_EDGE ( 'NONE', *, *, #7908, .F. ) ;
#4555 = CARTESIAN_POINT ( 'NONE',  ( 7.047458066839002555, -3.010000000000000231, 1.523989576384800815 ) ) ;
#4556 = ORIENTED_EDGE ( 'NONE', *, *, #999, .T. ) ;
#4557 = DIRECTION ( 'NONE',  ( 0.000000000000000000, 0.000000000000000000, 1.000000000000000000 ) ) ;
#4558 = VERTEX_POINT ( 'NONE', #1767 ) ;
#4559 = SURFACE_SIDE_STYLE ('',( #7591 ) ) ;
#4560 = CARTESIAN_POINT ( 'NONE',  ( 9.824999999999999289, 2.799999999999999822, 9.999999999999998224 ) ) ;
#4561 = ADVANCED_FACE ( 'NONE', ( #4827 ), #1028, .F. ) ;
#4562 = LINE ( 'NONE', #6117, #8753 ) ;
#4563 = EDGE_LOOP ( 'NONE', ( #2730, #6486, #7435, #119 ) ) ;
#4564 = DIRECTION ( 'NONE',  ( -0.000000000000000000, 1.000000000000000000, -0.000000000000000000 ) ) ;
#4565 = ADVANCED_FACE ( 'NONE', ( #4122 ), #7264, .F. ) ;
#4566 = ADVANCED_FACE ( 'NONE', ( #1220 ), #8659, .F. ) ;
#4567 = B_SPLINE_CURVE_WITH_KNOTS ( 'NONE', 3,
 ( #7837, #1824, #8520, #2581 ),
 .UNSPECIFIED., .F., .F.,
 ( 4, 4 ),
 ( 7.000000000000000000, 8.000000000000000000 ),
 .UNSPECIFIED. ) ;
#4568 = CARTESIAN_POINT ( 'NONE',  ( 4.929767919100087603, -3.010000000000000231, 2.327198463502726522 ) ) ;
#4569 = CARTESIAN_POINT ( 'NONE',  ( 7.416776803886063973, -3.010000000000000231, 1.741601902493590925 ) ) ;
#4570 = VERTEX_POINT ( 'NONE', #4176 ) ;
#4571 = CARTESIAN_POINT ( 'NONE',  ( 7.710938236430269654, -3.000000000000000000, 1.800385066582131932 ) ) ;
#4572 = LINE ( 'NONE', #5437, #3213 ) ;
#4573 = SURFACE_STYLE_USAGE ( .BOTH. , #7664 ) ;
#4574 = CARTESIAN_POINT ( 'NONE',  ( 6.822968601756339346, -3.000000000000000000, 1.750280196912090691 ) ) ;
#4575 = ADVANCED_FACE ( 'NONE', ( #8805 ), #9565, .F. ) ;
#4576 = CARTESIAN_POINT ( 'NONE',  ( 6.629508132759701411, -3.000000000000000000, 1.789414392503848372 ) ) ;
#4577 = ORIENTED_EDGE ( 'NONE', *, *, #5915, .F. ) ;
#4578 = CARTESIAN_POINT ( 'NONE',  ( 6.672244639241795561, -3.000000000000000000, 2.431116955345815178 ) ) ;
#4579 = ORIENTED_EDGE ( 'NONE', *, *, #4322, .F. ) ;
#4580 = DIRECTION ( 'NONE',  ( -0.000000000000000000, 0.000000000000000000, 1.000000000000000000 ) ) ;
#4581 = FACE_OUTER_BOUND ( 'NONE', #5553, .T. ) ;
#4582 = EDGE_LOOP ( 'NONE', ( #8221, #523, #5773, #9397 ) ) ;
#4583 = ORIENTED_EDGE ( 'NONE', *, *, #1688, .F. ) ;
#4584 = CARTESIAN_POINT ( 'NONE',  ( 7.665000000000001812, 1.604999999999999982, 0.5000000000000000000 ) ) ;
#4585 = CARTESIAN_POINT ( 'NONE',  ( 6.111606178378534260, -3.000000000000000000, 1.915035269440425347 ) ) ;
#4586 = CARTESIAN_POINT ( 'NONE',  ( 7.676716282965974969, -3.010000000000000231, 1.667263305011618790 ) ) ;
#4587 = CARTESIAN_POINT ( 'NONE',  ( 6.555906371596618598, -3.010000000000000231, 2.311094506107202573 ) ) ;
#4588 = EDGE_CURVE ( 'NONE', #3528, #1879, #7175, .T. ) ;
#4589 = CARTESIAN_POINT ( 'NONE',  ( 6.719811517145025448, -3.000000000000000000, 2.431116955345815178 ) ) ;
#4590 =( NAMED_UNIT ( * ) PLANE_ANGLE_UNIT ( ) SI_UNIT ( $, .RADIAN. ) );
#4591 = VERTEX_POINT ( 'NONE', #5787 ) ;
#4592 = VERTEX_POINT ( 'NONE', #9511 ) ;
#4593 = CARTESIAN_POINT ( 'NONE',  ( 7.675815705242024833, -3.000000000000000000, 1.850653677653930185 ) ) ;
#4594 = LINE ( 'NONE', #3120, #5585 ) ;
#4595 = DIRECTION ( 'NONE',  ( -0.000000000000000000, 1.000000000000000000, -0.000000000000000000 ) ) ;
#4596 = VERTEX_POINT ( 'NONE', #7875 ) ;
#4597 = VERTEX_POINT ( 'NONE', #8067 ) ;
#4598 = EDGE_CURVE ( 'NONE', #2622, #1629, #6961, .T. ) ;
#4599 = PLANE ( 'NONE',  #9351 ) ;
#4600 = B_SPLINE_SURFACE_WITH_KNOTS ( 'NONE', 3, 1, ( 
 ( #1883, #6992 ),
 ( #3236, #6256 ),
 ( #7091, #9282 ),
 ( #2488, #8533 ) ),
 .UNSPECIFIED., .F., .F., .F.,
 ( 4, 4 ),
 ( 2, 2 ),
 ( 11.00000000000000000, 12.00000000000000000 ),
 ( 0.000000000000000000, 1.000000000000000000 ),
 .UNSPECIFIED. ) ;
#4601 = ORIENTED_EDGE ( 'NONE', *, *, #3789, .T. ) ;
#4602 = EDGE_CURVE ( 'NONE', #7196, #2364, #3559, .T. ) ;
#4603 = DIRECTION ( 'NONE',  ( -0.000000000000000000, 1.000000000000000000, -0.000000000000000000 ) ) ;
#4604 = ORIENTED_EDGE ( 'NONE', *, *, #8809, .F. ) ;
#4605 = AXIS2_PLACEMENT_3D ( 'NONE', #8394, #6804, #1604 ) ;
#4606 = LINE ( 'NONE', #4513, #962 ) ;
#4607 = CARTESIAN_POINT ( 'NONE',  ( -8.053738883706529350, -3.000000000000000000, 1.843383459213754350 ) ) ;
#4608 = DIRECTION ( 'NONE',  ( 0.000000000000000000, 0.000000000000000000, -1.000000000000000000 ) ) ;
#4609 = ORIENTED_EDGE ( 'NONE', *, *, #3888, .F. ) ;
#4610 = PLANE ( 'NONE',  #820 ) ;
#4611 = CARTESIAN_POINT ( 'NONE',  ( 7.493653393133759444, -3.010000000000000231, 1.917623911949080551 ) ) ;
#4612 = CARTESIAN_POINT ( 'NONE',  ( 7.537290477336535233, -3.010000000000000231, 2.425713489008664681 ) ) ;
#4613 = EDGE_CURVE ( 'NONE', #6084, #2055, #6145, .T. ) ;
#4614 = CARTESIAN_POINT ( 'NONE',  ( 2.085000000000001741, 1.855000000000000204, -4.099999999999999645 ) ) ;
#4615 = CYLINDRICAL_SURFACE ( 'NONE', #6839, 0.2000000000000005107 ) ;
#4616 = SURFACE_STYLE_FILL_AREA ( #7518 ) ;
#4617 = DIRECTION ( 'NONE',  ( -0.000000000000000000, 1.000000000000000000, -0.000000000000000000 ) ) ;
#4618 = ORIENTED_EDGE ( 'NONE', *, *, #2825, .F. ) ;
#4619 = DIRECTION ( 'NONE',  ( -0.000000000000000000, -0.000000000000000000, 1.000000000000000000 ) ) ;
#4620 = ORIENTED_EDGE ( 'NONE', *, *, #1837, .T. ) ;
#4621 = CARTESIAN_POINT ( 'NONE',  ( 6.643016798601497186, -3.010000000000000231, 1.697719206182685792 ) ) ;
#4622 = EDGE_CURVE ( 'NONE', #8277, #2570, #9355, .T. ) ;
#4623 = AXIS2_PLACEMENT_3D ( 'NONE', #2906, #6572, #9607 ) ;
#4624 = DIRECTION ( 'NONE',  ( -0.000000000000000000, -0.000000000000000000, -1.000000000000000000 ) ) ;
#4625 = CARTESIAN_POINT ( 'NONE',  ( 9.324999999999995737, 3.000000000000000000, -0.5000000000000000000 ) ) ;
#4626 = EDGE_CURVE ( 'NONE', #4596, #846, #3914, .T. ) ;
#4627 = EDGE_CURVE ( 'NONE', #3804, #2753, #9413, .T. ) ;
#4628 =( GEOMETRIC_REPRESENTATION_CONTEXT ( 3 ) GLOBAL_UNCERTAINTY_ASSIGNED_CONTEXT ( ( #6532 ) ) GLOBAL_UNIT_ASSIGNED_CONTEXT ( ( #3669, #9771, #5894 ) ) REPRESENTATION_CONTEXT ( 'NONE', 'WORKASPACE' ) );
#4629 = CARTESIAN_POINT ( 'NONE',  ( 6.822722989650397807, -3.010000000000000231, 1.646795629492870505 ) ) ;
#4630 = B_SPLINE_CURVE_WITH_KNOTS ( 'NONE', 3,
 ( #1062, #4069, #3299, #4219 ),
 .UNSPECIFIED., .F., .F.,
 ( 4, 4 ),
 ( 19.00000000000000000, 20.00000000000000000 ),
 .UNSPECIFIED. ) ;
#4631 = ORIENTED_EDGE ( 'NONE', *, *, #2355, .F. ) ;
#4632 = VERTEX_POINT ( 'NONE', #2621 ) ;
#4633 = CARTESIAN_POINT ( 'NONE',  ( 6.795705657966789381, -3.010000000000000231, 2.118698356238478464 ) ) ;
#4634 = VECTOR ( 'NONE', #8731, 1000.000000000000227 ) ;
#4635 = AXIS2_PLACEMENT_3D ( 'NONE', #9755, #2106, #2955 ) ;
#4636 = DIRECTION ( 'NONE',  ( 0.000000000000000000, 0.000000000000000000, 1.000000000000000000 ) ) ;
#4637 = CARTESIAN_POINT ( 'NONE',  ( 6.977213004460321777, -3.000000000000000000, 1.674631668198443890 ) ) ;
#4638 = CARTESIAN_POINT ( 'NONE',  ( 4.938876512732214508, -3.000000000000000000, 1.753357998501903214 ) ) ;
#4639 = CARTESIAN_POINT ( 'NONE',  ( 5.970423161673574342, -3.010000000000000231, 1.912758072170702039 ) ) ;
#4640 = SURFACE_STYLE_FILL_AREA ( #6884 ) ;
#4641 = VECTOR ( 'NONE', #340, 1000.000000000000000 ) ;
#4642 = LINE ( 'NONE', #6835, #4799 ) ;
#4643 = AXIS2_PLACEMENT_3D ( 'NONE', #6182, #7766, #830 ) ;
#4644 = ORIENTED_EDGE ( 'NONE', *, *, #8498, .F. ) ;
#4645 = FACE_OUTER_BOUND ( 'NONE', #7641, .T. ) ;
#4646 = DIRECTION ( 'NONE',  ( -1.000000000000000000, -0.000000000000000000, -0.000000000000000000 ) ) ;
#4647 = MECHANICAL_DESIGN_GEOMETRIC_PRESENTATION_REPRESENTATION (  '', ( #8577 ), #2393 ) ;
#4648 = VECTOR ( 'NONE', #6796, 1000.000000000000000 ) ;
#4649 = ORIENTED_EDGE ( 'NONE', *, *, #4128, .F. ) ;
#4650 = B_SPLINE_CURVE_WITH_KNOTS ( 'NONE', 3,
 ( #7991, #1233, #489, #3524 ),
 .UNSPECIFIED., .F., .F.,
 ( 4, 4 ),
 ( 26.00000000000000000, 27.00000000000000000 ),
 .UNSPECIFIED. ) ;
#4651 = LINE ( 'NONE', #8928, #9500 ) ;
#4652 = ORIENTED_EDGE ( 'NONE', *, *, #6926, .T. ) ;
#4653 = ORIENTED_EDGE ( 'NONE', *, *, #16, .T. ) ;
#4654 = LINE ( 'NONE', #849, #3494 ) ;
#4655 = ORIENTED_EDGE ( 'NONE', *, *, #5086, .T. ) ;
#4656 = CARTESIAN_POINT ( 'NONE',  ( 9.324999999999995737, -3.000000000000000000, -0.5000000000000000000 ) ) ;
#4657 = VERTEX_POINT ( 'NONE', #6576 ) ;
#4658 = FILL_AREA_STYLE ('',( #3749 ) ) ;
#4659 = LINE ( 'NONE', #6900, #9395 ) ;
#4660 = CARTESIAN_POINT ( 'NONE',  ( 7.176076939795203558, -3.010000000000000231, 1.826092467031883215 ) ) ;
#4661 =( LENGTH_UNIT ( ) NAMED_UNIT ( * ) SI_UNIT ( .MILLI., .METRE. ) );
#4662 = EDGE_CURVE ( 'NONE', #7306, #2959, #1319, .T. ) ;
#4663 = EDGE_CURVE ( 'NONE', #84, #3597, #4323, .T. ) ;
#4664 = AXIS2_PLACEMENT_3D ( 'NONE', #4235, #8566, #4129 ) ;
#4665 = DIRECTION ( 'NONE',  ( -1.000000000000000000, 0.000000000000000000, 0.000000000000000000 ) ) ;
#4666 = VECTOR ( 'NONE', #9736, 1000.000000000000000 ) ;
#4667 = LINE ( 'NONE', #907, #7429 ) ;
#4668 = ORIENTED_EDGE ( 'NONE', *, *, #238, .F. ) ;
#4669 = FACE_OUTER_BOUND ( 'NONE', #3607, .T. ) ;
#4670 =( NAMED_UNIT ( * ) SI_UNIT ( $, .STERADIAN. ) SOLID_ANGLE_UNIT ( ) );
#4671 = CARTESIAN_POINT ( 'NONE',  ( 6.740770416875643711, -3.000000000000000000, 1.831332191965075573 ) ) ;
#4672 = CARTESIAN_POINT ( 'NONE',  ( 6.848676002207185753, -3.010000000000000231, 1.813156896103925275 ) ) ;
#4673 = B_SPLINE_CURVE_WITH_KNOTS ( 'NONE', 3,
 ( #8045, #405, #8786, #8004 ),
 .UNSPECIFIED., .F., .F.,
 ( 4, 4 ),
 ( 8.000000000000000000, 9.000000000000000000 ),
 .UNSPECIFIED. ) ;
#4674 = CARTESIAN_POINT ( 'NONE',  ( 6.742571572321352846, -3.010000000000000231, 2.100031836165462185 ) ) ;
#4675 = EDGE_CURVE ( 'NONE', #6057, #5367, #7517, .T. ) ;
#4676 = FACE_OUTER_BOUND ( 'NONE', #584, .T. ) ;
#4677 = EDGE_LOOP ( 'NONE', ( #4196, #4109, #8320, #9739 ) ) ;
#4678 = CARTESIAN_POINT ( 'NONE',  ( 6.901155122235682171, -3.010000000000000231, 2.141949635626684056 ) ) ;
#4679 = CARTESIAN_POINT ( 'NONE',  ( 6.415252505436406238, -3.010000000000000231, 1.880782096017082461 ) ) ;
#4680 = AXIS2_PLACEMENT_3D ( 'NONE', #6331, #5544, #1632 ) ;
#4681 = CARTESIAN_POINT ( 'NONE',  ( 7.109516059007777500, -3.000000000000000000, 1.639591007712180915 ) ) ;
#4682 = DIRECTION ( 'NONE',  ( -1.000000000000000000, 0.000000000000000000, 0.000000000000000000 ) ) ;
#4683 = CARTESIAN_POINT ( 'NONE',  ( -9.824999999999999289, 3.000000000000000000, 0.000000000000000000 ) ) ;
#4684 = ORIENTED_EDGE ( 'NONE', *, *, #3974, .T. ) ;
#4685 = ADVANCED_FACE ( 'NONE', ( #5293 ), #531, .T. ) ;
#4686 = AXIS2_PLACEMENT_3D ( 'NONE', #2522, #8665, #4130 ) ;
#4687 = B_SPLINE_SURFACE_WITH_KNOTS ( 'NONE', 3, 1, ( 
 ( #5811, #2833 ),
 ( #2090, #4299 ),
 ( #8827, #4939 ),
 ( #2889, #8789 ) ),
 .UNSPECIFIED., .F., .F., .F.,
 ( 4, 4 ),
 ( 2, 2 ),
 ( 3.000000000000000000, 4.000000000000000000 ),
 ( 0.000000000000000000, 1.000000000000000000 ),
 .UNSPECIFIED. ) ;
#4688 = FILL_AREA_STYLE ('',( #1677 ) ) ;
#4689 = ADVANCED_FACE ( 'NONE', ( #3563 ), #4419, .F. ) ;
#4690 = DIRECTION ( 'NONE',  ( -1.000000000000000000, -0.000000000000000000, -0.000000000000000000 ) ) ;
#4691 = EDGE_CURVE ( 'NONE', #5367, #2245, #4754, .T. ) ;
#4692 = UNCERTAINTY_MEASURE_WITH_UNIT (LENGTH_MEASURE( 1.000000000000000082E-05 ), #2475, 'distance_accuracy_value', 'NONE');
#4693 = CARTESIAN_POINT ( 'NONE',  ( 4.970756536153250416, -3.000000000000000000, 1.839889540281443692 ) ) ;
#4694 = FACE_OUTER_BOUND ( 'NONE', #7543, .T. ) ;
#4695 = LINE ( 'NONE', #2527, #6982 ) ;
#4696 = COLOUR_RGB ( '',0.2980392156862745057, 0.2980392156862745057, 0.2980392156862745057 ) ;
#4697 = ORIENTED_EDGE ( 'NONE', *, *, #7614, .T. ) ;
#4698 = CARTESIAN_POINT ( 'NONE',  ( 7.094533720530349363, -3.010000000000000231, 1.514001350732457896 ) ) ;
#4699 = FILL_AREA_STYLE ('',( #8434 ) ) ;
#4700 = VECTOR ( 'NONE', #1372, 1000.000000000000000 ) ;
#4701 = ORIENTED_EDGE ( 'NONE', *, *, #1377, .T. ) ;
#4702 = CARTESIAN_POINT ( 'NONE',  ( 6.711051352023470251, -3.010000000000000231, 1.643520801411535004 ) ) ;
#4703 = ORIENTED_EDGE ( 'NONE', *, *, #9430, .T. ) ;
#4704 = ORIENTED_EDGE ( 'NONE', *, *, #6324, .T. ) ;
#4705 = B_SPLINE_CURVE_WITH_KNOTS ( 'NONE', 3,
 ( #699, #8869, #7533, #7382 ),
 .UNSPECIFIED., .F., .F.,
 ( 4, 4 ),
 ( 22.00000000000000000, 23.00000000000000000 ),
 .UNSPECIFIED. ) ;
#4706 = LINE ( 'NONE', #7497, #477 ) ;
#4707 = ORIENTED_EDGE ( 'NONE', *, *, #9656, .F. ) ;
#4708 = EDGE_LOOP ( 'NONE', ( #5841, #5343, #9470, #2441 ) ) ;
#4709 = FACE_OUTER_BOUND ( 'NONE', #4846, .T. ) ;
#4710 = PLANE ( 'NONE',  #7579 ) ;
#4711 = CARTESIAN_POINT ( 'NONE',  ( 6.584561117321979573, -3.010000000000000231, 1.658585010593108588 ) ) ;
#4712 = EDGE_CURVE ( 'NONE', #3002, #4592, #9707, .T. ) ;
#4713 = EDGE_CURVE ( 'NONE', #8463, #2021, #6024, .T. ) ;
#4714 =( NAMED_UNIT ( * ) PLANE_ANGLE_UNIT ( ) SI_UNIT ( $, .RADIAN. ) );
#4715 = CARTESIAN_POINT ( 'NONE',  ( 6.831565025473940622, -3.000000000000000000, 1.800876290793994583 ) ) ;
#4716 = FACE_OUTER_BOUND ( 'NONE', #1827, .T. ) ;
#4717 = CARTESIAN_POINT ( 'NONE',  ( 6.822722989650397807, -3.010000000000000231, 1.605369054245710858 ) ) ;
#4718 = CARTESIAN_POINT ( 'NONE',  ( 5.080059486004070202, -3.000000000000000000, 2.322644177546035582 ) ) ;
#4719 = VERTEX_POINT ( 'NONE', #3958 ) ;
#4720 = CARTESIAN_POINT ( 'NONE',  ( 6.373907800890124875, -3.010000000000000231, 1.917623911949075222 ) ) ;
#4721 = ORIENTED_EDGE ( 'NONE', *, *, #7662, .T. ) ;
#4722 = CARTESIAN_POINT ( 'NONE',  ( 6.728244199458690566, -3.010000000000000231, 1.597345725443038988 ) ) ;
#4723 = EDGE_CURVE ( 'NONE', #5093, #1561, #3202, .T. ) ;
#4724 = CARTESIAN_POINT ( 'NONE',  ( 6.936032041318004104, -3.010000000000000231, 1.664479701142153045 ) ) ;
#4725 = ADVANCED_FACE ( 'NONE', ( #18 ), #6909, .F. ) ;
#4726 = CARTESIAN_POINT ( 'NONE',  ( 4.936599293744844630, -3.010000000000000231, 1.600789256043651632 ) ) ;
#4727 = B_SPLINE_CURVE_WITH_KNOTS ( 'NONE', 3,
 ( #6636, #8362, #4621, #7613 ),
 .UNSPECIFIED., .F., .F.,
 ( 4, 4 ),
 ( 0.000000000000000000, 1.000000000000000000 ),
 .UNSPECIFIED. ) ;
#4728 = CARTESIAN_POINT ( 'NONE',  ( 6.630736193290477587, -3.000000000000000000, 2.170604381352050360 ) ) ;
#4729 = ORIENTED_EDGE ( 'NONE', *, *, #4136, .F. ) ;
#4730 = ORIENTED_EDGE ( 'NONE', *, *, #6949, .F. ) ;
#4731 = CARTESIAN_POINT ( 'NONE',  ( 9.624999999999998224, 0.000000000000000000, 10.19999999999999929 ) ) ;
#4732 = CARTESIAN_POINT ( 'NONE',  ( 7.032066374848400692, -3.000000000000000000, 2.105435302502622896 ) ) ;
#4733 = CARTESIAN_POINT ( 'NONE',  ( 6.977213004460321777, -3.000000000000000000, 1.659567459016854762 ) ) ;
#4734 = CARTESIAN_POINT ( 'NONE',  ( 6.584561117321979573, -3.000000000000000000, 1.638117335074372516 ) ) ;
#4735 = DIRECTION ( 'NONE',  ( -0.000000000000000000, 1.000000000000000000, -0.000000000000000000 ) ) ;
#4736 = CARTESIAN_POINT ( 'NONE',  ( 4.625000000000002665, 1.604999999999999982, -4.099999999999999645 ) ) ;
#4737 = LINE ( 'NONE', #198, #7350 ) ;
#4738 = ADVANCED_FACE ( 'NONE', ( #1662 ), #6705, .F. ) ;
#4739 = CARTESIAN_POINT ( 'NONE',  ( 6.912043925610888095, -3.000000000000000000, 1.727028917523886875 ) ) ;
#4740 = ORIENTED_EDGE ( 'NONE', *, *, #692, .F. ) ;
#4741 = CARTESIAN_POINT ( 'NONE',  ( 6.966242330383139780, -3.000000000000000000, 1.782209770720978304 ) ) ;
#4742 = SURFACE_SIDE_STYLE ('',( #1086 ) ) ;
#4743 = VERTEX_POINT ( 'NONE', #9253 ) ;
#4744 = CARTESIAN_POINT ( 'NONE',  ( 5.970423161673574342, -3.010000000000000231, 1.819395112312206075 ) ) ;
#4745 = VERTEX_POINT ( 'NONE', #5485 ) ;
#4746 = ORIENTED_EDGE ( 'NONE', *, *, #9730, .T. ) ;
#4747 = DIRECTION ( 'NONE',  ( -0.000000000000000000, 1.000000000000000000, -0.000000000000000000 ) ) ;
#4748 = ORIENTED_EDGE ( 'NONE', *, *, #2538, .T. ) ;
#4749 = EDGE_CURVE ( 'NONE', #4073, #1848, #940, .T. ) ;
#4750 = ADVANCED_FACE ( 'NONE', ( #4716 ), #9802, .F. ) ;
#4751 = PLANE ( 'NONE',  #20 ) ;
#4752 = ORIENTED_EDGE ( 'NONE', *, *, #4322, .T. ) ;
#4753 = CARTESIAN_POINT ( 'NONE',  ( 5.699442940883131747, -3.000000000000000000, 1.864938102189350744 ) ) ;
#4754 = B_SPLINE_CURVE_WITH_KNOTS ( 'NONE', 3,
 ( #5973, #2210, #6764, #9803 ),
 .UNSPECIFIED., .F., .F.,
 ( 4, 4 ),
 ( 3.000000000000000000, 4.000000000000000000 ),
 .UNSPECIFIED. ) ;
#4755 = PLANE ( 'NONE',  #8895 ) ;
#4756 = DIRECTION ( 'NONE',  ( -0.000000000000000000, 1.000000000000000000, -0.000000000000000000 ) ) ;
#4757 =( GEOMETRIC_REPRESENTATION_CONTEXT ( 3 ) GLOBAL_UNCERTAINTY_ASSIGNED_CONTEXT ( ( #558 ) ) GLOBAL_UNIT_ASSIGNED_CONTEXT ( ( #8940, #5778, #7305 ) ) REPRESENTATION_CONTEXT ( 'NONE', 'WORKASPACE' ) );
#4758 = ORIENTED_EDGE ( 'NONE', *, *, #413, .T. ) ;
#4759 = CARTESIAN_POINT ( 'NONE',  ( 5.150650950922908144, -3.000000000000000000, 1.582571938480119567 ) ) ;
#4760 = CARTESIAN_POINT ( 'NONE',  ( 5.972700358944387666, -3.000000000000000000, 1.639500740975647464 ) ) ;
#4761 = FILL_AREA_STYLE ('',( #1704 ) ) ;
#4762 = B_SPLINE_SURFACE_WITH_KNOTS ( 'NONE', 3, 1, ( 
 ( #3306, #7069 ),
 ( #8653, #8555 ),
 ( #2507, #9504 ),
 ( #1762, #4075 ) ),
 .UNSPECIFIED., .F., .F., .F.,
 ( 4, 4 ),
 ( 2, 2 ),
 ( 5.000000000000000000, 6.000000000000000000 ),
 ( 0.000000000000000000, 1.000000000000000000 ),
 .UNSPECIFIED. ) ;
#4763 = CARTESIAN_POINT ( 'NONE',  ( 6.630736193290477587, -3.010000000000000231, 2.170604381352050360 ) ) ;
#4764 = FACE_OUTER_BOUND ( 'NONE', #7252, .T. ) ;
#4765 = DIRECTION ( 'NONE',  ( 0.000000000000000000, 0.000000000000000000, -1.000000000000000000 ) ) ;
#4766 = VERTEX_POINT ( 'NONE', #2401 ) ;
#4767 = CARTESIAN_POINT ( 'NONE',  ( 6.657098559358238354, -3.000000000000000000, 1.591942259105878055 ) ) ;
#4768 = ORIENTED_EDGE ( 'NONE', *, *, #9119, .T. ) ;
#4769 = CARTESIAN_POINT ( 'NONE',  ( 7.006358974398651185, -3.010000000000000231, 1.528574335702177489 ) ) ;
#4770 = DIRECTION ( 'NONE',  ( -6.455011293317516227E-14, 0.000000000000000000, 1.000000000000000000 ) ) ;
#4771 = LINE ( 'NONE', #1859, #7450 ) ;
#4772 = VECTOR ( 'NONE', #8793, 1000.000000000000000 ) ;
#4773 = CARTESIAN_POINT ( 'NONE',  ( 4.866007807109460792, -3.000000000000000000, 1.619006399874787006 ) ) ;
#4774 = LINE ( 'NONE', #971, #812 ) ;
#4775 = ORIENTED_EDGE ( 'NONE', *, *, #8219, .F. ) ;
#4776 = ORIENTED_EDGE ( 'NONE', *, *, #143, .T. ) ;
#4777 = CARTESIAN_POINT ( 'NONE',  ( 6.629508132759701411, -3.010000000000000231, 1.789414392503848372 ) ) ;
#4778 = ADVANCED_FACE ( 'NONE', ( #4015 ), #4615, .T. ) ;
#4779 = CARTESIAN_POINT ( 'NONE',  ( 7.659277823424815779, -3.000000000000000000, 2.105435302502621120 ) ) ;
#4780 = EDGE_CURVE ( 'NONE', #4198, #4074, #8855, .T. ) ;
#4781 = CARTESIAN_POINT ( 'NONE',  ( 7.738283050923977058, -3.000000000000000000, 1.672175547136901530 ) ) ;
#4782 = CARTESIAN_POINT ( 'NONE',  ( 7.251316114996774864, -3.010000000000000231, 2.378883447424333664 ) ) ;
#4783 = LINE ( 'NONE', #1078, #7189 ) ;
#4784 = CARTESIAN_POINT ( 'NONE',  ( 6.848676002207185753, -3.010000000000000231, 1.813156896103925275 ) ) ;
#4785 = PLANE ( 'NONE',  #2929 ) ;
#4786 = CARTESIAN_POINT ( 'NONE',  ( 5.239459603105976804, -3.010000000000000231, 1.623560620681831823 ) ) ;
#4787 = VECTOR ( 'NONE', #6846, 1000.000000000000000 ) ;
#4788 = ORIENTED_EDGE ( 'NONE', *, *, #7355, .T. ) ;
#4789 = CARTESIAN_POINT ( 'NONE',  ( 6.795705657966789381, -3.010000000000000231, 2.418017643013904205 ) ) ;
#4790 = PRESENTATION_LAYER_ASSIGNMENT (  '', '', ( #6809 ) ) ;
#4791 = CARTESIAN_POINT ( 'NONE',  ( 6.609777293559859324, -3.010000000000000231, 2.193200695124424282 ) ) ;
#4792 = EDGE_CURVE ( 'NONE', #8973, #3528, #6810, .T. ) ;
#4793 = EDGE_LOOP ( 'NONE', ( #7577, #321, #3768, #2311 ) ) ;
#4794 = DIRECTION ( 'NONE',  ( -1.000000000000000000, 0.000000000000000000, -0.000000000000000000 ) ) ;
#4795 = ORIENTED_EDGE ( 'NONE', *, *, #6710, .T. ) ;
#4796 = ORIENTED_EDGE ( 'NONE', *, *, #3553, .T. ) ;
#4797 = DIRECTION ( 'NONE',  ( -0.000000000000000000, 1.000000000000000000, -0.000000000000000000 ) ) ;
#4798 = ORIENTED_EDGE ( 'NONE', *, *, #6138, .F. ) ;
#4799 = VECTOR ( 'NONE', #9171, 1000.000000000000000 ) ;
#4800 = B_SPLINE_CURVE_WITH_KNOTS ( 'NONE', 3,
 ( #1765, #7118, #4826, #379 ),
 .UNSPECIFIED., .F., .F.,
 ( 4, 4 ),
 ( 4.000000000000000000, 5.000000000000000000 ),
 .UNSPECIFIED. ) ;
#4801 = DIRECTION ( 'NONE',  ( 1.000000000000000000, 0.000000000000000000, 4.028246116041384116E-14 ) ) ;
#4802 = AXIS2_PLACEMENT_3D ( 'NONE', #2008, #574, #2207 ) ;
#4803 = CARTESIAN_POINT ( 'NONE',  ( 7.309853666981539710, -3.000000000000000000, 2.308474643641707402 ) ) ;
#4804 = VECTOR ( 'NONE', #142, 1000.000000000000000 ) ;
#4805 = CARTESIAN_POINT ( 'NONE',  ( 6.904839303829105823, -3.010000000000000231, 1.690023360187944190 ) ) ;
#4806 = EDGE_CURVE ( 'NONE', #2950, #5173, #7162, .T. ) ;
#4807 = EDGE_CURVE ( 'NONE', #6048, #6093, #6514, .T. ) ;
#4808 = CARTESIAN_POINT ( 'NONE',  ( 6.878968161974304607, -3.010000000000000231, 1.741438161089637893 ) ) ;
#4809 = EDGE_CURVE ( 'NONE', #7253, #5625, #7964, .T. ) ;
#4810 = CARTESIAN_POINT ( 'NONE',  ( 7.302239691688777512, -3.010000000000000231, 1.633860058567115470 ) ) ;
#4811 = B_SPLINE_CURVE_WITH_KNOTS ( 'NONE', 3,
 ( #42, #3828, #2324, #4438 ),
 .UNSPECIFIED., .F., .F.,
 ( 4, 4 ),
 ( 13.00000000000000000, 14.00000000000000000 ),
 .UNSPECIFIED. ) ;
#4812 = MECHANICAL_DESIGN_GEOMETRIC_PRESENTATION_REPRESENTATION (  '', ( #6042 ), #6358 ) ;
#4813 = CARTESIAN_POINT ( 'NONE',  ( 6.584561117321979573, -3.000000000000000000, 1.638117335074372516 ) ) ;
#4814 = CARTESIAN_POINT ( 'NONE',  ( 4.936599293744844630, -3.000000000000000000, 1.600789256043651632 ) ) ;
#4815 = FACE_OUTER_BOUND ( 'NONE', #6272, .T. ) ;
#4816 = CARTESIAN_POINT ( 'NONE',  ( 5.116493817099436292, -3.010000000000000231, 2.176907005182597832 ) ) ;
#4817 = ORIENTED_EDGE ( 'NONE', *, *, #1809, .F. ) ;
#4818 = VECTOR ( 'NONE', #5594, 1000.000000000000000 ) ;
#4819 = PRESENTATION_LAYER_ASSIGNMENT (  '', '', ( #1458 ) ) ;
#4820 = CARTESIAN_POINT ( 'NONE',  ( 6.795705657966789381, -3.010000000000000231, 2.418017643013904205 ) ) ;
#4821 = ORIENTED_EDGE ( 'NONE', *, *, #5133, .F. ) ;
#4822 = CARTESIAN_POINT ( 'NONE',  ( 6.529789617635866961, -3.010000000000000231, 1.741601902493589149 ) ) ;
#4823 = CARTESIAN_POINT ( 'NONE',  ( 6.951423733307501074, -3.010000000000000231, 1.610117554964842546 ) ) ;
#4824 = VECTOR ( 'NONE', #5194, 1000.000000000000000 ) ;
#4825 =( GEOMETRIC_REPRESENTATION_CONTEXT ( 3 ) GLOBAL_UNCERTAINTY_ASSIGNED_CONTEXT ( ( #2749 ) ) GLOBAL_UNIT_ASSIGNED_CONTEXT ( ( #7811, #369, #6422 ) ) REPRESENTATION_CONTEXT ( 'NONE', 'WORKASPACE' ) );
#4826 = CARTESIAN_POINT ( 'NONE',  ( 7.298146156583281474, -3.010000000000000231, 2.338603062004871447 ) ) ;
#4827 = FACE_OUTER_BOUND ( 'NONE', #8554, .T. ) ;
#4828 = ORIENTED_EDGE ( 'NONE', *, *, #7181, .T. ) ;
#4829 = CARTESIAN_POINT ( 'NONE',  ( 6.966242330383139780, -3.000000000000000000, 1.821180224906592038 ) ) ;
#4830 = DIRECTION ( 'NONE',  ( -0.8863488427958599036, 0.000000000000000000, -0.4630180653866973750 ) ) ;
#4831 = CARTESIAN_POINT ( 'NONE',  ( 7.706107865009146352, -3.000000000000000000, 1.642210870177697180 ) ) ;
#4832 = CARTESIAN_POINT ( 'NONE',  ( 5.061842342172936604, -3.010000000000000231, 2.324921331382652667 ) ) ;
#4833 = AXIS2_PLACEMENT_3D ( 'NONE', #581, #2858, #5298 ) ;
#4834 = CARTESIAN_POINT ( 'NONE',  ( 6.963786209320504739, -3.010000000000000231, 1.697391723374784833 ) ) ;
#4835 = CARTESIAN_POINT ( 'NONE',  ( 7.032230116253447960, -3.010000000000000231, 1.489603881514363959 ) ) ;
#4836 = DIRECTION ( 'NONE',  ( -0.000000000000000000, 1.000000000000000000, -0.000000000000000000 ) ) ;
#4837 = FACE_OUTER_BOUND ( 'NONE', #2707, .T. ) ;
#4838 = EDGE_CURVE ( 'NONE', #2184, #3259, #2729, .T. ) ;
#4839 = EDGE_CURVE ( 'NONE', #4558, #2655, #5725, .T. ) ;
#4840 = ORIENTED_EDGE ( 'NONE', *, *, #9493, .F. ) ;
#4841 = AXIS2_PLACEMENT_3D ( 'NONE', #2136, #2830, #1992 ) ;
#4842 = FACE_OUTER_BOUND ( 'NONE', #5128, .T. ) ;
#4843 =( LENGTH_UNIT ( ) NAMED_UNIT ( * ) SI_UNIT ( .MILLI., .METRE. ) );
#4844 = EDGE_LOOP ( 'NONE', ( #2653, #613, #101, #5422 ) ) ;
#4845 = CARTESIAN_POINT ( 'NONE',  ( 5.806468693464239550, -3.000000000000000000, 1.735140767804566053 ) ) ;
#4846 = EDGE_LOOP ( 'NONE', ( #1191, #7931, #6699, #3104 ) ) ;
#4847 = EDGE_LOOP ( 'NONE', ( #5665, #7249, #3301, #7769 ) ) ;
#4848 = VECTOR ( 'NONE', #43, 1000.000000000000000 ) ;
#4849 = DIRECTION ( 'NONE',  ( -0.000000000000000000, 0.000000000000000000, 1.000000000000000000 ) ) ;
#4850 = ORIENTED_EDGE ( 'NONE', *, *, #8627, .F. ) ;
#4851 = EDGE_CURVE ( 'NONE', #9371, #516, #6493, .T. ) ;
#4852 = DIRECTION ( 'NONE',  ( 1.000000000000000000, -0.000000000000000000, -0.000000000000000000 ) ) ;
#4853 = DIRECTION ( 'NONE',  ( 0.000000000000000000, -0.000000000000000000, 1.000000000000000000 ) ) ;
#4854 = VECTOR ( 'NONE', #5302, 1000.000000000000000 ) ;
#4855 = CARTESIAN_POINT ( 'NONE',  ( 7.581500656455360421, -3.000000000000000000, 1.633860058567119022 ) ) ;
#4856 = PRESENTATION_STYLE_ASSIGNMENT (( #7052 ) ) ;
#4857 = LINE ( 'NONE', #5478, #2686 ) ;
#4858 = DIRECTION ( 'NONE',  ( 0.000000000000000000, -1.000000000000000000, 0.000000000000000000 ) ) ;
#4859 = ORIENTED_EDGE ( 'NONE', *, *, #7614, .F. ) ;
#4860 = ADVANCED_FACE ( 'NONE', ( #4815 ), #7212, .T. ) ;
#4861 = PLANE ( 'NONE',  #5605 ) ;
#4862 = DIRECTION ( 'NONE',  ( 0.000000000000000000, -1.000000000000000000, 0.000000000000000000 ) ) ;
#4863 = CARTESIAN_POINT ( 'NONE',  ( 7.710938236430269654, -3.010000000000000231, 1.800385066582131932 ) ) ;
#4864 = ORIENTED_EDGE ( 'NONE', *, *, #7800, .T. ) ;
#4865 = DIRECTION ( 'NONE',  ( -0.9903286039881302738, -0.000000000000000000, -0.1387416884823060581 ) ) ;
#4866 = VERTEX_POINT ( 'NONE', #7906 ) ;
#4867 = ORIENTED_EDGE ( 'NONE', *, *, #4308, .F. ) ;
#4868 = FILL_AREA_STYLE ('',( #1856 ) ) ;
#4869 = DIRECTION ( 'NONE',  ( 1.000000000000000000, 0.000000000000000000, 0.000000000000000000 ) ) ;
#4870 = DIRECTION ( 'NONE',  ( -0.000000000000000000, 1.000000000000000000, -0.000000000000000000 ) ) ;
#4871 = EDGE_CURVE ( 'NONE', #4064, #4315, #4630, .T. ) ;
#4872 = DIRECTION ( 'NONE',  ( -0.000000000000000000, 0.000000000000000000, -1.000000000000000000 ) ) ;
#4873 = B_SPLINE_CURVE_WITH_KNOTS ( 'NONE', 3,
 ( #5439, #911, #9153, #8457 ),
 .UNSPECIFIED., .F., .F.,
 ( 4, 4 ),
 ( 21.00000000000000000, 22.00000000000000000 ),
 .UNSPECIFIED. ) ;
#4874 = EDGE_CURVE ( 'NONE', #3002, #7209, #6377, .T. ) ;
#4875 = EDGE_LOOP ( 'NONE', ( #5769, #4512, #5281, #4746 ) ) ;
#4876 = CARTESIAN_POINT ( 'NONE',  ( 6.795705657966789381, -3.010000000000000231, 2.158323776042110786 ) ) ;
#4877 = LINE ( 'NONE', #9360, #4358 ) ;
#4878 = PRESENTATION_STYLE_ASSIGNMENT (( #5597 ) ) ;
#4879 = CARTESIAN_POINT ( 'NONE',  ( 5.239459603105976804, -3.000000000000000000, 1.623560620681831823 ) ) ;
#4880 = LINE ( 'NONE', #7880, #391 ) ;
#4881 = CARTESIAN_POINT ( 'NONE',  ( 6.951423733307501074, -3.000000000000000000, 1.610117554964842546 ) ) ;
#4882 = ORIENTED_EDGE ( 'NONE', *, *, #4952, .T. ) ;
#4883 = CARTESIAN_POINT ( 'NONE',  ( 6.795705657966789381, -3.010000000000000231, 2.158323776042110786 ) ) ;
#4884 = CARTESIAN_POINT ( 'NONE',  ( 7.232485853521977148, -3.000000000000000000, 2.425713489008659351 ) ) ;
#4885 = VERTEX_POINT ( 'NONE', #9341 ) ;
#4886 = CARTESIAN_POINT ( 'NONE',  ( 7.006358974398651185, -3.000000000000000000, 1.492878709597895703 ) ) ;
#4887 = EDGE_LOOP ( 'NONE', ( #691, #4729, #1533, #1213 ) ) ;
#4888 = VERTEX_POINT ( 'NONE', #9498 ) ;
#4889 = DIRECTION ( 'NONE',  ( -0.000000000000000000, 1.000000000000000000, -0.000000000000000000 ) ) ;
#4890 = ORIENTED_EDGE ( 'NONE', *, *, #568, .F. ) ;
#4891 = FACE_OUTER_BOUND ( 'NONE', #474, .T. ) ;
#4892 = CARTESIAN_POINT ( 'NONE',  ( 6.925716332856650226, -3.010000000000000231, 1.677415272067907859 ) ) ;
#4893 =( LENGTH_UNIT ( ) NAMED_UNIT ( * ) SI_UNIT ( .MILLI., .METRE. ) );
#4894 = EDGE_CURVE ( 'NONE', #9382, #9543, #4901, .T. ) ;
#4895 = EDGE_CURVE ( 'NONE', #2021, #5215, #5002, .T. ) ;
#4896 = CARTESIAN_POINT ( 'NONE',  ( 6.912043925610888095, -3.000000000000000000, 1.727028917523886875 ) ) ;
#4897 = ORIENTED_EDGE ( 'NONE', *, *, #4474, .T. ) ;
#4898 = CARTESIAN_POINT ( 'NONE',  ( 6.628853167142777281, -3.010000000000000231, 1.683964928234958913 ) ) ;
#4899 = B_SPLINE_SURFACE_WITH_KNOTS ( 'NONE', 3, 1, ( 
 ( #1566, #3967 ),
 ( #6236, #9260 ),
 ( #6873, #27 ),
 ( #5493, #5396 ) ),
 .UNSPECIFIED., .F., .F., .F.,
 ( 4, 4 ),
 ( 2, 2 ),
 ( 1.000000000000000000, 2.000000000000000000 ),
 ( 0.000000000000000000, 1.000000000000000000 ),
 .UNSPECIFIED. ) ;
#4900 = SURFACE_SIDE_STYLE ('',( #268 ) ) ;
#4901 = LINE ( 'NONE', #419, #9061 ) ;
#4902 = ORIENTED_EDGE ( 'NONE', *, *, #89, .F. ) ;
#4903 = EDGE_CURVE ( 'NONE', #2486, #190, #1111, .T. ) ;
#4904 = DIRECTION ( 'NONE',  ( -1.000000000000000000, -0.000000000000000000, -2.103084324595235567E-14 ) ) ;
#4905 = ORIENTED_EDGE ( 'NONE', *, *, #8995, .T. ) ;
#4906 = VECTOR ( 'NONE', #4617, 1000.000000000000000 ) ;
#4907 = ORIENTED_EDGE ( 'NONE', *, *, #4588, .T. ) ;
#4908 = SURFACE_SIDE_STYLE ('',( #3262 ) ) ;
#4909 = CARTESIAN_POINT ( 'NONE',  ( 6.111606178378534260, -3.010000000000000231, 1.915035269440425347 ) ) ;
#4910 = DIRECTION ( 'NONE',  ( 0.3493954794972896072, -0.000000000000000000, -0.9369753459439896792 ) ) ;
#4911 = STYLED_ITEM ( 'NONE', ( #9596 ), #6089 ) ;
#4912 = ORIENTED_EDGE ( 'NONE', *, *, #1357, .T. ) ;
#4913 = CARTESIAN_POINT ( 'NONE',  ( 5.970423161673574342, -3.010000000000000231, 2.010675296269340606 ) ) ;
#4914 = DIRECTION ( 'NONE',  ( 0.000000000000000000, 0.000000000000000000, 1.000000000000000000 ) ) ;
#4915 = EDGE_CURVE ( 'NONE', #6004, #973, #3352, .T. ) ;
#4916 = CARTESIAN_POINT ( 'NONE',  ( 5.221242502709028344, -3.000000000000000000, 1.903649587121335918 ) ) ;
#4917 = ADVANCED_FACE ( 'NONE', ( #6423 ), #8762, .F. ) ;
#4918 = EDGE_CURVE ( 'NONE', #6109, #9490, #4151, .T. ) ;
#4919 = CARTESIAN_POINT ( 'NONE',  ( 6.977213004460321777, -3.010000000000000231, 1.659567459016854762 ) ) ;
#4920 = CARTESIAN_POINT ( 'NONE',  ( 7.514776034266136051, -3.000000000000000000, 2.384778137973367684 ) ) ;
#4921 = CARTESIAN_POINT ( 'NONE',  ( 5.763202987724107551, -3.010000000000000231, 2.393235675038607013 ) ) ;
#4922 = CARTESIAN_POINT ( 'NONE',  ( 7.920854716544316609, -3.010000000000000231, 1.854255988545373102 ) ) ;
#4923 = VERTEX_POINT ( 'NONE', #4113 ) ;
#4924 = ORIENTED_EDGE ( 'NONE', *, *, #411, .F. ) ;
#4925 = ORIENTED_EDGE ( 'NONE', *, *, #8024, .F. ) ;
#4926 = CARTESIAN_POINT ( 'NONE',  ( 7.508553860909193745, -3.000000000000000000, 2.362345565604948572 ) ) ;
#4927 = VECTOR ( 'NONE', #9703, 1000.000000000000000 ) ;
#4928 =( LENGTH_UNIT ( ) NAMED_UNIT ( * ) SI_UNIT ( .MILLI., .METRE. ) );
#4929 = CARTESIAN_POINT ( 'NONE',  ( 6.795705657966789381, -3.000000000000000000, 2.418017643013904205 ) ) ;
#4930 = ORIENTED_EDGE ( 'NONE', *, *, #4014, .T. ) ;
#4931 = CARTESIAN_POINT ( 'NONE',  ( 0.000000000000000000, 2.799999999999999822, 10.19999999999999929 ) ) ;
#4932 = VERTEX_POINT ( 'NONE', #6567 ) ;
#4933 = CARTESIAN_POINT ( 'NONE',  ( 6.636876495946524734, -3.010000000000000231, 1.635169989798764378 ) ) ;
#4934 = ORIENTED_EDGE ( 'NONE', *, *, #9010, .F. ) ;
#4935 = VECTOR ( 'NONE', #1092, 1000.000000000000000 ) ;
#4936 = SURFACE_STYLE_USAGE ( .BOTH. , #1741 ) ;
#4937 = DIRECTION ( 'NONE',  ( 0.000000000000000000, 1.000000000000000000, 0.000000000000000000 ) ) ;
#4938 = CARTESIAN_POINT ( 'NONE',  ( 7.165000000000000924, 1.855000000000000204, -4.099999999999999645 ) ) ;
#4939 = CARTESIAN_POINT ( 'NONE',  ( 7.309853666981540599, -3.000000000000000000, 2.228568838418608866 ) ) ;
#4940 = CARTESIAN_POINT ( 'NONE',  ( 7.302239691688779288, -3.000000000000000000, 1.880782096017092897 ) ) ;
#4941 = AXIS2_PLACEMENT_3D ( 'NONE', #7532, #1577, #739 ) ;
#4942 = VERTEX_POINT ( 'NONE', #1355 ) ;
#4943 = LINE ( 'NONE', #7342, #9168 ) ;
#4944 = ORIENTED_EDGE ( 'NONE', *, *, #8206, .F. ) ;
#4945 = CARTESIAN_POINT ( 'NONE',  ( 6.555906371596618598, -3.000000000000000000, 2.211539732387338475 ) ) ;
#4946 = ORIENTED_EDGE ( 'NONE', *, *, #356, .F. ) ;
#4947 = VECTOR ( 'NONE', #3527, 1000.000000000000000 ) ;
#4948 = CARTESIAN_POINT ( 'NONE',  ( 6.795705657966789381, -3.010000000000000231, 2.418017643013904205 ) ) ;
#4949 =( NAMED_UNIT ( * ) PLANE_ANGLE_UNIT ( ) SI_UNIT ( $, .RADIAN. ) );
#4950 = EDGE_CURVE ( 'NONE', #3032, #177, #7351, .T. ) ;
#4951 = VECTOR ( 'NONE', #2670, 1000.000000000000000 ) ;
#4952 = EDGE_CURVE ( 'NONE', #8525, #9550, #8275, .T. ) ;
#4953 = CARTESIAN_POINT ( 'NONE',  ( 6.625250856252422160, -3.010000000000000231, 1.661859838674450973 ) ) ;
#4954 = ORIENTED_EDGE ( 'NONE', *, *, #6106, .T. ) ;
#4955 = STYLED_ITEM ( 'NONE', ( #4275 ), #4565 ) ;
#4956 = VERTEX_POINT ( 'NONE', #668 ) ;
#4957 = DIRECTION ( 'NONE',  ( 1.000000000000000000, -0.000000000000000000, 0.000000000000000000 ) ) ;
#4958 = DIRECTION ( 'NONE',  ( -1.000000000000000000, 0.000000000000000000, -0.000000000000000000 ) ) ;
#4959 = LINE ( 'NONE', #6326, #8732 ) ;
#4960 = AXIS2_PLACEMENT_3D ( 'NONE', #7917, #281, #1122 ) ;
#4961 = ADVANCED_FACE ( 'NONE', ( #2949 ), #2101, .T. ) ;
#4962 = VECTOR ( 'NONE', #5904, 1000.000000000000000 ) ;
#4963 = ORIENTED_EDGE ( 'NONE', *, *, #4895, .F. ) ;
#4964 = CARTESIAN_POINT ( 'NONE',  ( 7.493653393133764773, -3.010000000000000231, 1.597345725443044095 ) ) ;
#4965 = PRESENTATION_STYLE_ASSIGNMENT (( #2676 ) ) ;
#4966 = CARTESIAN_POINT ( 'NONE',  ( 6.977213004460321777, -3.010000000000000231, 1.638608559286243826 ) ) ;
#4967 = VECTOR ( 'NONE', #2444, 1000.000000000000000 ) ;
#4968 = STYLED_ITEM ( 'NONE', ( #3000 ), #3788 ) ;
#4969 = CARTESIAN_POINT ( 'NONE',  ( 6.861038478220190306, -3.010000000000000231, 1.591942259105878055 ) ) ;
#4970 = CARTESIAN_POINT ( 'NONE',  ( 7.583383682603050957, -3.010000000000000231, 1.880782096017092897 ) ) ;
#4971 = CARTESIAN_POINT ( 'NONE',  ( 7.305023295558240370, -3.010000000000000231, 2.383304465335559286 ) ) ;
#4972 = EDGE_CURVE ( 'NONE', #5515, #3745, #2901, .T. ) ;
#4973 = ORIENTED_EDGE ( 'NONE', *, *, #7727, .T. ) ;
#4974 = CARTESIAN_POINT ( 'NONE',  ( 7.493653393133759444, -3.000000000000000000, 1.917623911949080551 ) ) ;
#4975 = EDGE_CURVE ( 'NONE', #8959, #5625, #5918, .T. ) ;
#4976 = EDGE_CURVE ( 'NONE', #2117, #9797, #2050, .T. ) ;
#4977 = CARTESIAN_POINT ( 'NONE',  ( -5.034999999999997478, 1.604999999999999982, -4.099999999999999645 ) ) ;
#4978 = AXIS2_PLACEMENT_3D ( 'NONE', #8460, #6910, #2402 ) ;
#4979 = B_SPLINE_SURFACE_WITH_KNOTS ( 'NONE', 3, 1, ( 
 ( #6335, #9312 ),
 ( #4782, #5548 ),
 ( #8425, #8478 ),
 ( #9363, #8567 ) ),
 .UNSPECIFIED., .F., .F., .F.,
 ( 4, 4 ),
 ( 2, 2 ),
 ( 5.000000000000000000, 6.000000000000000000 ),
 ( 0.000000000000000000, 1.000000000000000000 ),
 .UNSPECIFIED. ) ;
#4980 = FACE_OUTER_BOUND ( 'NONE', #150, .T. ) ;
#4981 = VERTEX_POINT ( 'NONE', #7397 ) ;
#4982 = EDGE_LOOP ( 'NONE', ( #1007, #742, #5818, #6654 ) ) ;
#4983 = CARTESIAN_POINT ( 'NONE',  ( 5.150650950922908144, -3.000000000000000000, 1.582571938480119567 ) ) ;
#4984 = EDGE_LOOP ( 'NONE', ( #5410, #5126, #6892, #2332 ) ) ;
#4985 = CARTESIAN_POINT ( 'NONE',  ( 7.102720790736976042, -3.010000000000000231, 1.654163992679707595 ) ) ;
#4986 = CARTESIAN_POINT ( 'NONE',  ( 6.886991490776961378, -3.010000000000000231, 1.831332191965078904 ) ) ;
#4987 = PRESENTATION_LAYER_ASSIGNMENT (  '', '', ( #1167 ) ) ;
#4988 = CARTESIAN_POINT ( 'NONE',  ( 6.636876495946524734, -3.010000000000000231, 1.635169989798764378 ) ) ;
#4989 = CARTESIAN_POINT ( 'NONE',  ( 5.774588713476296320, -3.010000000000000231, 2.090375376536846908 ) ) ;
#4990 = DIRECTION ( 'NONE',  ( -0.000000000000000000, -0.000000000000000000, 1.000000000000000000 ) ) ;
#4991 = EDGE_CURVE ( 'NONE', #4553, #5857, #518, .T. ) ;
#4992 = DIRECTION ( 'NONE',  ( -0.000000000000000000, 1.000000000000000000, -0.000000000000000000 ) ) ;
#4993 = CARTESIAN_POINT ( 'NONE',  ( 6.795705657966789381, -3.000000000000000000, 2.158323776042110786 ) ) ;
#4994 = B_SPLINE_CURVE_WITH_KNOTS ( 'NONE', 3,
 ( #8967, #5496, #7767, #6691 ),
 .UNSPECIFIED., .F., .F.,
 ( 4, 4 ),
 ( 3.000000000000000000, 4.000000000000000000 ),
 .UNSPECIFIED. ) ;
#4995 = VECTOR ( 'NONE', #9224, 1000.000000000000000 ) ;
#4996 = ORIENTED_EDGE ( 'NONE', *, *, #7075, .F. ) ;
#4997 = VERTEX_POINT ( 'NONE', #8247 ) ;
#4998 = DIRECTION ( 'NONE',  ( 1.624890687905864416E-14, -0.000000000000000000, -1.000000000000000000 ) ) ;
#4999 = EDGE_LOOP ( 'NONE', ( #1341, #9768, #4047, #6154 ) ) ;
#5000 = DIRECTION ( 'NONE',  ( -0.000000000000000000, 1.000000000000000000, -0.000000000000000000 ) ) ;
#5001 = PRESENTATION_LAYER_ASSIGNMENT (  '', '', ( #9586 ) ) ;
#5002 = LINE ( 'NONE', #2557, #6052 ) ;
#5003 = PRESENTATION_STYLE_ASSIGNMENT (( #6569 ) ) ;
#5004 = ORIENTED_EDGE ( 'NONE', *, *, #5282, .T. ) ;
#5005 = ORIENTED_EDGE ( 'NONE', *, *, #4296, .F. ) ;
#5006 = AXIS2_PLACEMENT_3D ( 'NONE', #9367, #4090, #2524 ) ;
#5007 = ADVANCED_FACE ( 'NONE', ( #2199 ), #5964, .F. ) ;
#5008 = CARTESIAN_POINT ( 'NONE',  ( 6.876512040911660684, -3.010000000000000231, 1.790233099523641513 ) ) ;
#5009 = EDGE_CURVE ( 'NONE', #6732, #564, #2802, .T. ) ;
#5010 = LINE ( 'NONE', #573, #3342 ) ;
#5011 = LINE ( 'NONE', #1026, #5409 ) ;
#5012 = ORIENTED_EDGE ( 'NONE', *, *, #8835, .T. ) ;
#5013 = DIRECTION ( 'NONE',  ( -0.000000000000000000, 1.000000000000000000, -0.000000000000000000 ) ) ;
#5014 = CARTESIAN_POINT ( 'NONE',  ( 6.636876495946524734, -3.010000000000000231, 1.635169989798764378 ) ) ;
#5015 = DIRECTION ( 'NONE',  ( -0.000000000000000000, 1.000000000000000000, 0.000000000000000000 ) ) ;
#5016 = ADVANCED_FACE ( 'NONE', ( #5180 ), #4458, .F. ) ;
#5017 = ADVANCED_FACE ( 'NONE', ( #9645 ), #4515, .F. ) ;
#5018 = CARTESIAN_POINT ( 'NONE',  ( 6.861038478220190306, -3.000000000000000000, 1.591942259105878055 ) ) ;
#5019 = CARTESIAN_POINT ( 'NONE',  ( 7.092568823680662327, -3.010000000000000231, 2.425713489008659351 ) ) ;
#5020 = CARTESIAN_POINT ( 'NONE',  ( 5.152928148193720581, -3.000000000000000000, 1.903649587121335918 ) ) ;
#5021 = VERTEX_POINT ( 'NONE', #8842 ) ;
#5022 = ORIENTED_EDGE ( 'NONE', *, *, #4602, .F. ) ;
#5023 = CARTESIAN_POINT ( 'NONE',  ( 6.864313306302610052, -3.000000000000000000, 1.777133787191730319 ) ) ;
#5024 = CARTESIAN_POINT ( 'NONE',  ( 5.193916700096124828, -3.010000000000000231, 2.283932714330592084 ) ) ;
#5025 = CARTESIAN_POINT ( 'NONE',  ( 7.024779882364643235, -3.000000000000000000, 2.388871673076673474 ) ) ;
#5026 = EDGE_CURVE ( 'NONE', #5625, #1997, #5087, .T. ) ;
#5027 = CARTESIAN_POINT ( 'NONE',  ( 5.061842298739836821, -3.000000000000000000, 1.621283423412113844 ) ) ;
#5028 = CARTESIAN_POINT ( 'NONE',  ( 7.180661699110388874, -3.000000000000000000, 2.105435302502622896 ) ) ;
#5029 = CARTESIAN_POINT ( 'NONE',  ( 7.006358974398651185, -3.000000000000000000, 1.492878709597895703 ) ) ;
#5030 = CARTESIAN_POINT ( 'NONE',  ( 6.711378834832464335, -3.010000000000000231, 1.605532795649662337 ) ) ;
#5031 = CARTESIAN_POINT ( 'NONE',  ( 7.754411579233464025, -3.010000000000000231, 1.711964708342308183 ) ) ;
#5032 = CARTESIAN_POINT ( 'NONE',  ( 6.542807059265798308, -3.010000000000000231, 2.141949635626684056 ) ) ;
#5033 = CARTESIAN_POINT ( 'NONE',  ( 6.629098779249808615, -3.000000000000000000, 1.642047128773723275 ) ) ;
#5034 = CARTESIAN_POINT ( 'NONE',  ( 5.150650950922908144, -3.000000000000000000, 1.760189329712459338 ) ) ;
#5035 = UNCERTAINTY_MEASURE_WITH_UNIT (LENGTH_MEASURE( 1.000000000000000082E-05 ), #8402, 'distance_accuracy_value', 'NONE');
#5036 = ORIENTED_EDGE ( 'NONE', *, *, #9731, .F. ) ;
#5037 = ADVANCED_FACE ( 'NONE', ( #9696 ), #8991, .F. ) ;
#5038 = DIRECTION ( 'NONE',  ( -0.000000000000000000, 1.000000000000000000, -0.000000000000000000 ) ) ;
#5039 = ORIENTED_EDGE ( 'NONE', *, *, #4809, .T. ) ;
#5040 = ORIENTED_EDGE ( 'NONE', *, *, #9505, .F. ) ;
#5041 = EDGE_CURVE ( 'NONE', #8887, #3747, #2848, .T. ) ;
#5042 = ORIENTED_EDGE ( 'NONE', *, *, #7819, .F. ) ;
#5043 = CARTESIAN_POINT ( 'NONE',  ( 5.353316904065320792, -3.000000000000000000, 2.511647229380910673 ) ) ;
#5044 = DIRECTION ( 'NONE',  ( -0.000000000000000000, 1.000000000000000000, -0.000000000000000000 ) ) ;
#5045 = CARTESIAN_POINT ( 'NONE',  ( 6.834348629344503934, -3.010000000000000231, 1.728175107353765005 ) ) ;
#5046 = ORIENTED_EDGE ( 'NONE', *, *, #8415, .T. ) ;
#5047 = VERTEX_POINT ( 'NONE', #2002 ) ;
#5048 = DIRECTION ( 'NONE',  ( 0.000000000000000000, 0.000000000000000000, -1.000000000000000000 ) ) ;
#5049 = DIRECTION ( 'NONE',  ( -0.000000000000000000, 1.000000000000000000, -0.000000000000000000 ) ) ;
#5050 = CARTESIAN_POINT ( 'NONE',  ( 4.802247803701580331, -3.010000000000000231, 1.962855369721081322 ) ) ;
#5051 = B_SPLINE_SURFACE_WITH_KNOTS ( 'NONE', 3, 1, ( 
 ( #71, #3910 ),
 ( #227, #6125 ),
 ( #3254, #4671 ),
 ( #5385, #1611 ) ),
 .UNSPECIFIED., .F., .F., .F.,
 ( 4, 4 ),
 ( 2, 2 ),
 ( 1.000000000000000000, 2.000000000000000000 ),
 ( 0.000000000000000000, 1.000000000000000000 ),
 .UNSPECIFIED. ) ;
#5052 = VERTEX_POINT ( 'NONE', #2386 ) ;
#5053 = CARTESIAN_POINT ( 'NONE',  ( 6.744700210574997357, -3.000000000000000000, 2.136873652097444509 ) ) ;
#5054 = LINE ( 'NONE', #4278, #8840 ) ;
#5055 = CARTESIAN_POINT ( 'NONE',  ( 7.513793585842387657, -3.000000000000000000, 2.384778137973367684 ) ) ;
#5056 = CARTESIAN_POINT ( 'NONE',  ( 6.660455258142648383, -3.010000000000000231, 1.733251090883014545 ) ) ;
#5057 = DIRECTION ( 'NONE',  ( -0.000000000000000000, 1.000000000000000000, -0.000000000000000000 ) ) ;
#5058 = AXIS2_PLACEMENT_3D ( 'NONE', #2356, #3147, #5443 ) ;
#5059 = CARTESIAN_POINT ( 'NONE',  ( 6.655461145316478699, -3.000000000000000000, 2.381994534101711025 ) ) ;
#5060 = ORIENTED_EDGE ( 'NONE', *, *, #4474, .F. ) ;
#5061 = ORIENTED_EDGE ( 'NONE', *, *, #7662, .F. ) ;
#5062 = ADVANCED_FACE ( 'NONE', ( #948 ), #7498, .F. ) ;
#5063 = B_SPLINE_CURVE_WITH_KNOTS ( 'NONE', 3,
 ( #8735, #9484, #6357, #9387 ),
 .UNSPECIFIED., .F., .F.,
 ( 4, 4 ),
 ( 10.00000000000000000, 11.00000000000000000 ),
 .UNSPECIFIED. ) ;
#5064 = CARTESIAN_POINT ( 'NONE',  ( 6.864313306302610052, -3.000000000000000000, 1.767964268561359242 ) ) ;
#5065 = EDGE_CURVE ( 'NONE', #5857, #1445, #4562, .T. ) ;
#5066 =( NAMED_UNIT ( * ) SI_UNIT ( $, .STERADIAN. ) SOLID_ANGLE_UNIT ( ) );
#5067 = CARTESIAN_POINT ( 'NONE',  ( 6.966242330383139780, -3.000000000000000000, 1.782209770720978304 ) ) ;
#5068 = CARTESIAN_POINT ( 'NONE',  ( 7.699558208844286433, -3.000000000000000000, 1.689368394572111187 ) ) ;
#5069 = LINE ( 'NONE', #7192, #5599 ) ;
#5070 = LINE ( 'NONE', #8083, #4453 ) ;
#5071 = CARTESIAN_POINT ( 'NONE',  ( 7.029119029573883459, -3.010000000000000231, 1.523989576384800815 ) ) ;
#5072 = CARTESIAN_POINT ( 'NONE',  ( 7.710938236430269654, -3.010000000000000231, 1.760432163970577779 ) ) ;
#5073 = CARTESIAN_POINT ( 'NONE',  ( 6.644572341941286986, -3.000000000000000000, 1.628292850825985960 ) ) ;
#5074 = CARTESIAN_POINT ( 'NONE',  ( 4.802247803701580331, -3.000000000000000000, 1.962855369721081322 ) ) ;
#5075 = EDGE_CURVE ( 'NONE', #9613, #6582, #6947, .T. ) ;
#5076 = CARTESIAN_POINT ( 'NONE',  ( 9.624999999999996447, 2.799999999999999822, 0.000000000000000000 ) ) ;
#5077 = ORIENTED_EDGE ( 'NONE', *, *, #6138, .T. ) ;
#5078 = FILL_AREA_STYLE_COLOUR ( '', #3471 ) ;
#5079 = ORIENTED_EDGE ( 'NONE', *, *, #448, .T. ) ;
#5080 = VERTEX_POINT ( 'NONE', #6070 ) ;
#5081 = CARTESIAN_POINT ( 'NONE',  ( 6.895178560984680516, -3.010000000000000231, 1.798747652540360065 ) ) ;
#5082 = ORIENTED_EDGE ( 'NONE', *, *, #4713, .T. ) ;
#5083 = PLANE ( 'NONE',  #7620 ) ;
#5084 = ORIENTED_EDGE ( 'NONE', *, *, #1327, .F. ) ;
#5085 = CARTESIAN_POINT ( 'NONE',  ( 6.728244199458690566, -3.010000000000000231, 1.712128449748436587 ) ) ;
#5086 = EDGE_CURVE ( 'NONE', #913, #6741, #2303, .T. ) ;
#5087 = LINE ( 'NONE', #6755, #828 ) ;
#5088 = VECTOR ( 'NONE', #4889, 1000.000000000000000 ) ;
#5089 = ORIENTED_EDGE ( 'NONE', *, *, #1314, .F. ) ;
#5090 = VECTOR ( 'NONE', #6311, 1000.000000000000114 ) ;
#5091 = ADVANCED_FACE ( 'NONE', ( #4709 ), #159, .F. ) ;
#5092 = CARTESIAN_POINT ( 'NONE',  ( 6.373907800890121322, -3.010000000000000231, 2.105435302502615791 ) ) ;
#5093 = VERTEX_POINT ( 'NONE', #9791 ) ;
#5094 = CARTESIAN_POINT ( 'NONE',  ( 6.912043925610888095, -3.000000000000000000, 1.831332191965078904 ) ) ;
#5095 = LINE ( 'NONE', #8846, #7288 ) ;
#5096 = AXIS2_PLACEMENT_3D ( 'NONE', #185, #8512, #2273 ) ;
#5097 = CARTESIAN_POINT ( 'NONE',  ( 6.728244199458690566, -3.010000000000000231, 1.712128449748436587 ) ) ;
#5098 = FILL_AREA_STYLE ('',( #4467 ) ) ;
#5099 = ORIENTED_EDGE ( 'NONE', *, *, #7255, .T. ) ;
#5100 = AXIS2_PLACEMENT_3D ( 'NONE', #7386, #3631, #1582 ) ;
#5101 = FACE_OUTER_BOUND ( 'NONE', #4189, .T. ) ;
#5102 = VERTEX_POINT ( 'NONE', #5331 ) ;
#5103 = CARTESIAN_POINT ( 'NONE',  ( 5.970423161673574342, -3.010000000000000231, 1.912758072170702039 ) ) ;
#5104 = AXIS2_PLACEMENT_3D ( 'NONE', #7372, #3819, #735 ) ;
#5105 = ORIENTED_EDGE ( 'NONE', *, *, #5967, .F. ) ;
#5106 = ORIENTED_EDGE ( 'NONE', *, *, #7311, .T. ) ;
#5107 = LINE ( 'NONE', #5843, #980 ) ;
#5108 = B_SPLINE_CURVE_WITH_KNOTS ( 'NONE', 3,
 ( #4139, #6446, #2638, #8819 ),
 .UNSPECIFIED., .F., .F.,
 ( 4, 4 ),
 ( 5.000000000000000000, 6.000000000000000000 ),
 .UNSPECIFIED. ) ;
#5109 = DIRECTION ( 'NONE',  ( 0.000000000000000000, 0.000000000000000000, 1.000000000000000000 ) ) ;
#5110 = AXIS2_PLACEMENT_3D ( 'NONE', #717, #3751, #2761 ) ;
#5111 = CARTESIAN_POINT ( 'NONE',  ( 6.610514129878762191, -3.010000000000000231, 2.334345785495415271 ) ) ;
#5112 = AXIS2_PLACEMENT_3D ( 'NONE', #8630, #9230, #7040 ) ;
#5113 = DIRECTION ( 'NONE',  ( -0.000000000000000000, -0.000000000000000000, 1.000000000000000000 ) ) ;
#5114 = CARTESIAN_POINT ( 'NONE',  ( 5.061842298739836821, -3.000000000000000000, 1.721477844780471944 ) ) ;
#5115 = EDGE_CURVE ( 'NONE', #3403, #6432, #9241, .T. ) ;
#5116 = CARTESIAN_POINT ( 'NONE',  ( 7.180416087004449111, -3.010000000000000231, 2.141949635626687165 ) ) ;
#5117 = EDGE_CURVE ( 'NONE', #6732, #4480, #8347, .T. ) ;
#5118 = FACE_OUTER_BOUND ( 'NONE', #6220, .T. ) ;
#5119 = CARTESIAN_POINT ( 'NONE',  ( 6.657098559358238354, -3.010000000000000231, 1.591942259105878055 ) ) ;
#5120 = CARTESIAN_POINT ( 'NONE',  ( 7.675815705242024833, -3.000000000000000000, 1.850653677653930185 ) ) ;
#5121 = VERTEX_POINT ( 'NONE', #8445 ) ;
#5122 = VECTOR ( 'NONE', #9433, 1000.000000000000000 ) ;
#5123 = CARTESIAN_POINT ( 'NONE',  ( 5.150650994356001711, -3.000000000000000000, 2.156412707512648907 ) ) ;
#5124 = CARTESIAN_POINT ( 'NONE',  ( 6.625250856252422160, -3.000000000000000000, 1.661859838674450973 ) ) ;
#5125 = UNCERTAINTY_MEASURE_WITH_UNIT (LENGTH_MEASURE( 1.000000000000000082E-05 ), #4661, 'distance_accuracy_value', 'NONE');
#5126 = ORIENTED_EDGE ( 'NONE', *, *, #3197, .F. ) ;
#5127 = ORIENTED_EDGE ( 'NONE', *, *, #9671, .F. ) ;
#5128 = EDGE_LOOP ( 'NONE', ( #1881, #4114, #4300, #5862 ) ) ;
#5129 =( LENGTH_UNIT ( ) NAMED_UNIT ( * ) SI_UNIT ( .MILLI., .METRE. ) );
#5130 = VECTOR ( 'NONE', #3916, 1000.000000000000000 ) ;
#5131 = DIRECTION ( 'NONE',  ( -1.000000000000000000, 0.000000000000000000, 0.000000000000000000 ) ) ;
#5132 = ORIENTED_EDGE ( 'NONE', *, *, #1748, .T. ) ;
#5133 = EDGE_CURVE ( 'NONE', #6328, #4932, #2251, .T. ) ;
#5134 = CARTESIAN_POINT ( 'NONE',  ( 7.633570422972892011, -3.010000000000000231, 1.917623911949080551 ) ) ;
#5135 = PLANE ( 'NONE',  #6064 ) ;
#5136 = CARTESIAN_POINT ( 'NONE',  ( 7.580927561541505710, -3.010000000000000231, 2.193036953720473026 ) ) ;
#5137 =( GEOMETRIC_REPRESENTATION_CONTEXT ( 3 ) GLOBAL_UNCERTAINTY_ASSIGNED_CONTEXT ( ( #8424 ) ) GLOBAL_UNIT_ASSIGNED_CONTEXT ( ( #3049, #5528, #8547 ) ) REPRESENTATION_CONTEXT ( 'NONE', 'WORKASPACE' ) );
#5138 = CARTESIAN_POINT ( 'NONE',  ( 7.113855206219201754, -3.010000000000000231, 1.562796289168643771 ) ) ;
#5139 = EDGE_LOOP ( 'NONE', ( #1570, #2318, #5246, #107 ) ) ;
#5140 = DIRECTION ( 'NONE',  ( -0.3559357243698761386, 0.000000000000000000, 0.9345104387417465519 ) ) ;
#5141 = EDGE_CURVE ( 'NONE', #3033, #542, #3847, .T. ) ;
#5142 = MECHANICAL_DESIGN_GEOMETRIC_PRESENTATION_REPRESENTATION (  '', ( #1331 ), #4218 ) ;
#5143 = CARTESIAN_POINT ( 'NONE',  ( 4.754427681705468700, -3.010000000000000231, 1.710092205894480077 ) ) ;
#5144 = DIRECTION ( 'NONE',  ( -0.000000000000000000, -0.000000000000000000, 1.000000000000000000 ) ) ;
#5145 = CARTESIAN_POINT ( 'NONE',  ( 5.027685164915276061, -3.000000000000000000, 2.327198463502726522 ) ) ;
#5146 = VERTEX_POINT ( 'NONE', #7699 ) ;
#5147 = VECTOR ( 'NONE', #5057, 1000.000000000000000 ) ;
#5148 = SURFACE_STYLE_FILL_AREA ( #7464 ) ;
#5149 = CARTESIAN_POINT ( 'NONE',  ( 7.583383682603050957, -3.000000000000000000, 1.880782096017092897 ) ) ;
#5150 = ORIENTED_EDGE ( 'NONE', *, *, #436, .F. ) ;
#5151 = B_SPLINE_CURVE_WITH_KNOTS ( 'NONE', 3,
 ( #6092, #9115, #8468, #4629 ),
 .UNSPECIFIED., .F., .F.,
 ( 4, 4 ),
 ( 0.000000000000000000, 1.000000000000000000 ),
 .UNSPECIFIED. ) ;
#5152 = VERTEX_POINT ( 'NONE', #4753 ) ;
#5153 = ADVANCED_FACE ( 'NONE', ( #3131 ), #9187, .F. ) ;
#5154 = CARTESIAN_POINT ( 'NONE',  ( 7.534998097678949236, -3.000000000000000000, 1.880782096017092897 ) ) ;
#5155 = CARTESIAN_POINT ( 'NONE',  ( 5.774588713476296320, -3.000000000000000000, 2.090375376536846908 ) ) ;
#5156 = EDGE_CURVE ( 'NONE', #399, #7013, #8590, .T. ) ;
#5157 = CARTESIAN_POINT ( 'NONE',  ( 7.113609594113256662, -3.000000000000000000, 1.653836509871792870 ) ) ;
#5158 = ORIENTED_EDGE ( 'NONE', *, *, #3972, .F. ) ;
#5159 = ORIENTED_EDGE ( 'NONE', *, *, #8302, .T. ) ;
#5160 = CARTESIAN_POINT ( 'NONE',  ( 7.460659500196967109, -3.010000000000000231, 2.229223804036619239 ) ) ;
#5161 = FACE_OUTER_BOUND ( 'NONE', #3999, .T. ) ;
#5162 = DIRECTION ( 'NONE',  ( -0.9434452330799527608, 0.000000000000000000, 0.3315284183576329147 ) ) ;
#5163 = LINE ( 'NONE', #8181, #3479 ) ;
#5164 = CARTESIAN_POINT ( 'NONE',  ( 4.904719335474551301, -3.000000000000000000, 2.190569884771403686 ) ) ;
#5165 = PLANE ( 'NONE',  #6352 ) ;
#5166 = PLANE ( 'NONE',  #2567 ) ;
#5167 = EDGE_LOOP ( 'NONE', ( #7250, #1395, #4521, #7138 ) ) ;
#5168 = CARTESIAN_POINT ( 'NONE',  ( 7.710938236430269654, -3.000000000000000000, 1.800385066582131932 ) ) ;
#5169 = CARTESIAN_POINT ( 'NONE',  ( 6.027351790435611534, -3.000000000000000000, 1.698706480142302189 ) ) ;
#5170 = CARTESIAN_POINT ( 'NONE',  ( 4.658787589726895106, -3.010000000000000231, 2.056218199278089021 ) ) ;
#5171 = DIRECTION ( 'NONE',  ( 1.000000000000000000, -0.000000000000000000, -0.000000000000000000 ) ) ;
#5172 = ORIENTED_EDGE ( 'NONE', *, *, #3951, .T. ) ;
#5173 = VERTEX_POINT ( 'NONE', #5662 ) ;
#5174 = CARTESIAN_POINT ( 'NONE',  ( 7.519770147093407076, -3.000000000000000000, 2.362345565604948572 ) ) ;
#5175 = ORIENTED_EDGE ( 'NONE', *, *, #1207, .F. ) ;
#5176 = CARTESIAN_POINT ( 'NONE',  ( 8.060362392875726201, -3.010000000000000231, 1.597345725443044095 ) ) ;
#5177 = ORIENTED_EDGE ( 'NONE', *, *, #354, .F. ) ;
#5178 = CARTESIAN_POINT ( 'NONE',  ( 6.660455258142648383, -3.000000000000000000, 1.733251090883014545 ) ) ;
#5179 = CARTESIAN_POINT ( 'NONE',  ( 7.182299113149966274, -3.010000000000000231, 2.388871673076673474 ) ) ;
#5180 = FACE_OUTER_BOUND ( 'NONE', #2778, .T. ) ;
#5181 = ORIENTED_EDGE ( 'NONE', *, *, #534, .T. ) ;
#5182 = EDGE_CURVE ( 'NONE', #7512, #8195, #9441, .T. ) ;
#5183 = EDGE_CURVE ( 'NONE', #2245, #7494, #9806, .T. ) ;
#5184 = DIRECTION ( 'NONE',  ( 0.000000000000000000, 0.000000000000000000, -1.000000000000000000 ) ) ;
#5185 = ORIENTED_EDGE ( 'NONE', *, *, #5631, .F. ) ;
#5186 = PLANE ( 'NONE',  #6639 ) ;
#5187 = CARTESIAN_POINT ( 'NONE',  ( 4.692944766983458749, -3.010000000000000231, 1.778406473543591160 ) ) ;
#5188 = DIRECTION ( 'NONE',  ( -3.384756321093094809E-14, 0.000000000000000000, 1.000000000000000000 ) ) ;
#5189 = PLANE ( 'NONE',  #8926 ) ;
#5190 = FILL_AREA_STYLE_COLOUR ( '', #7156 ) ;
#5191 = CARTESIAN_POINT ( 'NONE',  ( 4.836404980959234656, -3.000000000000000000, 2.288487000289468831 ) ) ;
#5192 = ORIENTED_EDGE ( 'NONE', *, *, #6935, .F. ) ;
#5193 = EDGE_CURVE ( 'NONE', #7741, #1807, #1840, .T. ) ;
#5194 = DIRECTION ( 'NONE',  ( -0.000000000000000000, 1.000000000000000000, -0.000000000000000000 ) ) ;
#5195 = ORIENTED_EDGE ( 'NONE', *, *, #1847, .F. ) ;
#5196 = CARTESIAN_POINT ( 'NONE',  ( 6.624432149231541445, -3.010000000000000231, 2.114604821135169566 ) ) ;
#5197 = ORIENTED_EDGE ( 'NONE', *, *, #1557, .T. ) ;
#5198 = CARTESIAN_POINT ( 'NONE',  ( 5.886168860597935648, -3.000000000000000000, 2.213341205978663684 ) ) ;
#5199 = PLANE ( 'NONE',  #9106 ) ;
#5200 = CARTESIAN_POINT ( 'NONE',  ( 4.802247803701580331, -3.000000000000000000, 1.962855369721081322 ) ) ;
#5201 = CARTESIAN_POINT ( 'NONE',  ( 9.624999999999998224, 2.799999999999999822, 9.999999999999998224 ) ) ;
#5202 = ORIENTED_EDGE ( 'NONE', *, *, #8037, .F. ) ;
#5203 = ORIENTED_EDGE ( 'NONE', *, *, #1671, .F. ) ;
#5204 = DIRECTION ( 'NONE',  ( -0.8863488427958599036, 0.000000000000000000, -0.4630180653866973750 ) ) ;
#5205 = ADVANCED_FACE ( 'NONE', ( #4891 ), #530, .F. ) ;
#5206 = FACE_OUTER_BOUND ( 'NONE', #7142, .T. ) ;
#5207 = EDGE_CURVE ( 'NONE', #6414, #2731, #3175, .T. ) ;
#5208 = CARTESIAN_POINT ( 'NONE',  ( 6.904839303829105823, -3.000000000000000000, 1.690023360187944190 ) ) ;
#5209 = EDGE_CURVE ( 'NONE', #4745, #7888, #8639, .T. ) ;
#5210 = LINE ( 'NONE', #9773, #6056 ) ;
#5211 = PRESENTATION_LAYER_ASSIGNMENT (  '', '', ( #3952 ) ) ;
#5212 = CARTESIAN_POINT ( 'NONE',  ( 6.602163318267076697, -3.000000000000000000, 2.383959430951392289 ) ) ;
#5213 = CARTESIAN_POINT ( 'NONE',  ( 9.824999999999999289, 2.799999999999999378, 0.000000000000000000 ) ) ;
#5214 = DIRECTION ( 'NONE',  ( 1.000000000000000000, 0.000000000000000000, 2.601421064473126292E-14 ) ) ;
#5215 = VERTEX_POINT ( 'NONE', #7801 ) ;
#5216 = VERTEX_POINT ( 'NONE', #3392 ) ;
#5217 = CARTESIAN_POINT ( 'NONE',  ( 6.082003308795217222, -3.000000000000000000, 1.757912219308944701 ) ) ;
#5218 = VECTOR ( 'NONE', #4756, 1000.000000000000000 ) ;
#5219 = CARTESIAN_POINT ( 'NONE',  ( 7.165000000000000924, 1.604999999999999982, 0.5000000000000000000 ) ) ;
#5220 = ORIENTED_EDGE ( 'NONE', *, *, #158, .T. ) ;
#5221 = LINE ( 'NONE', #4552, #6325 ) ;
#5222 = VERTEX_POINT ( 'NONE', #8539 ) ;
#5223 = ORIENTED_EDGE ( 'NONE', *, *, #5684, .F. ) ;
#5224 = CARTESIAN_POINT ( 'NONE',  ( 5.239459603105976804, -3.010000000000000231, 1.671380634096284235 ) ) ;
#5225 = ORIENTED_EDGE ( 'NONE', *, *, #2599, .T. ) ;
#5226 = FACE_OUTER_BOUND ( 'NONE', #1967, .T. ) ;
#5227 = ORIENTED_EDGE ( 'NONE', *, *, #2944, .F. ) ;
#5228 = PRESENTATION_STYLE_ASSIGNMENT (( #3903 ) ) ;
#5229 = CARTESIAN_POINT ( 'NONE',  ( 6.674700760303356795, -3.000000000000000000, 1.704923827965556082 ) ) ;
#5230 = DIRECTION ( 'NONE',  ( 0.1387416884823060581, 0.000000000000000000, -0.9903286039881301628 ) ) ;
#5231 = VERTEX_POINT ( 'NONE', #1001 ) ;
#5232 = LINE ( 'NONE', #8250, #9538 ) ;
#5233 = VECTOR ( 'NONE', #7825, 1000.000000000000000 ) ;
#5234 = EDGE_LOOP ( 'NONE', ( #8143, #1855, #3736, #8834 ) ) ;
#5235 = DIRECTION ( 'NONE',  ( -0.000000000000000000, 1.000000000000000000, -0.000000000000000000 ) ) ;
#5236 = ADVANCED_FACE ( 'NONE', ( #4103 ), #1234, .F. ) ;
#5237 = CARTESIAN_POINT ( 'NONE',  ( 7.447560187865060577, -3.010000000000000231, 2.193036953720469473 ) ) ;
#5238 = EDGE_CURVE ( 'NONE', #2021, #3804, #308, .T. ) ;
#5239 = CARTESIAN_POINT ( 'NONE',  ( 6.936032041318004104, -3.010000000000000231, 1.655637665317507334 ) ) ;
#5240 =( NAMED_UNIT ( * ) SI_UNIT ( $, .STERADIAN. ) SOLID_ANGLE_UNIT ( ) );
#5241 = CARTESIAN_POINT ( 'NONE',  ( 7.042955178224700852, -3.000000000000000000, 1.826092467031879885 ) ) ;
#5242 = PLANE ( 'NONE',  #1243 ) ;
#5243 = ORIENTED_EDGE ( 'NONE', *, *, #6530, .F. ) ;
#5244 = CARTESIAN_POINT ( 'NONE',  ( 6.569578778842364741, -3.010000000000000231, 2.172896761009635913 ) ) ;
#5245 = VECTOR ( 'NONE', #6728, 1000.000000000000000 ) ;
#5246 = ORIENTED_EDGE ( 'NONE', *, *, #209, .T. ) ;
#5247 = CARTESIAN_POINT ( 'NONE',  ( -8.053738883706529350, -3.000000000000000000, 2.308970715352191228 ) ) ;
#5248 = FACE_OUTER_BOUND ( 'NONE', #7294, .T. ) ;
#5249 = EDGE_CURVE ( 'NONE', #2655, #7153, #3786, .T. ) ;
#5250 = CARTESIAN_POINT ( 'NONE',  ( 6.684525244552819601, -3.000000000000000000, 2.393783915199771961 ) ) ;
#5251 = VECTOR ( 'NONE', #6161, 1000.000000000000000 ) ;
#5252 = PRESENTATION_STYLE_ASSIGNMENT (( #6730 ) ) ;
#5253 = AXIS2_PLACEMENT_3D ( 'NONE', #6586, #1378, #5846 ) ;
#5254 = ORIENTED_EDGE ( 'NONE', *, *, #9629, .T. ) ;
#5255 = ORIENTED_EDGE ( 'NONE', *, *, #2099, .T. ) ;
#5256 = ORIENTED_EDGE ( 'NONE', *, *, #4627, .T. ) ;
#5257 = DIRECTION ( 'NONE',  ( 0.8840949502478780975, 0.000000000000000000, 0.4673073067545617243 ) ) ;
#5258 = VECTOR ( 'NONE', #9124, 999.9999999999998863 ) ;
#5259 = SURFACE_STYLE_FILL_AREA ( #3776 ) ;
#5260 = CARTESIAN_POINT ( 'NONE',  ( 6.699671324435295006, -3.000000000000000000, 1.631076454695453481 ) ) ;
#5261 = CARTESIAN_POINT ( 'NONE',  ( 6.901155122235682171, -3.010000000000000231, 2.249691479553174833 ) ) ;
#5262 = AXIS2_PLACEMENT_3D ( 'NONE', #3679, #2032, #8734 ) ;
#5263 = VECTOR ( 'NONE', #9668, 1000.000000000000000 ) ;
#5264 = EDGE_CURVE ( 'NONE', #7514, #2921, #3287, .T. ) ;
#5265 =( LENGTH_UNIT ( ) NAMED_UNIT ( * ) SI_UNIT ( .MILLI., .METRE. ) );
#5266 = DIRECTION ( 'NONE',  ( 1.000000000000000000, 0.000000000000000000, -0.000000000000000000 ) ) ;
#5267 = ORIENTED_EDGE ( 'NONE', *, *, #1733, .F. ) ;
#5268 = VERTEX_POINT ( 'NONE', #1572 ) ;
#5269 = CARTESIAN_POINT ( 'NONE',  ( 5.703997161691265028, -3.010000000000000231, 1.735140767804566053 ) ) ;
#5270 = AXIS2_PLACEMENT_3D ( 'NONE', #1805, #2611, #7815 ) ;
#5271 = CARTESIAN_POINT ( 'NONE',  ( 6.542807059265798308, -3.010000000000000231, 2.141949635626684056 ) ) ;
#5272 = EDGE_LOOP ( 'NONE', ( #8122, #1524, #3356, #7760 ) ) ;
#5273 = CARTESIAN_POINT ( 'NONE',  ( 6.602163318267076697, -3.010000000000000231, 2.383959430951392289 ) ) ;
#5274 = ORIENTED_EDGE ( 'NONE', *, *, #1242, .T. ) ;
#5275 = ORIENTED_EDGE ( 'NONE', *, *, #8809, .T. ) ;
#5276 = CARTESIAN_POINT ( 'NONE',  ( 6.657098559358238354, -3.000000000000000000, 1.591942259105878055 ) ) ;
#5277 = EDGE_LOOP ( 'NONE', ( #2214, #5195, #2794, #9116 ) ) ;
#5278 = VECTOR ( 'NONE', #3187, 1000.000000000000000 ) ;
#5279 = VECTOR ( 'NONE', #1953, 1000.000000000000000 ) ;
#5280 = CARTESIAN_POINT ( 'NONE',  ( 6.901155122235682171, -3.010000000000000231, 2.249691479553174833 ) ) ;
#5281 = ORIENTED_EDGE ( 'NONE', *, *, #31, .F. ) ;
#5282 = EDGE_CURVE ( 'NONE', #3238, #5696, #2827, .T. ) ;
#5283 = CARTESIAN_POINT ( 'NONE',  ( 5.380642619812027405, -3.010000000000000231, 1.696429369738771786 ) ) ;
#5284 = CARTESIAN_POINT ( 'NONE',  ( 6.111606178378534260, -3.000000000000000000, 1.835335189172929482 ) ) ;
#5285 = VERTEX_POINT ( 'NONE', #780 ) ;
#5286 = DIRECTION ( 'NONE',  ( -1.000000000000000000, -0.000000000000000000, -0.000000000000000000 ) ) ;
#5287 = VECTOR ( 'NONE', #8863, 1000.000000000000000 ) ;
#5288 = DIRECTION ( 'NONE',  ( -1.000000000000000000, 0.000000000000000000, -0.000000000000000000 ) ) ;
#5289 = CARTESIAN_POINT ( 'NONE',  ( 6.864313306302610052, -3.000000000000000000, 1.767964268561359242 ) ) ;
#5290 = DIRECTION ( 'NONE',  ( 0.3315284183504363935, 0.000000000000000000, 0.9434452330824815158 ) ) ;
#5291 = FILL_AREA_STYLE ('',( #9198 ) ) ;
#5292 = B_SPLINE_SURFACE_WITH_KNOTS ( 'NONE', 3, 1, ( 
 ( #5269, #8291 ),
 ( #4548, #9372 ),
 ( #7787, #5554 ),
 ( #6148, #7637 ) ),
 .UNSPECIFIED., .F., .F., .F.,
 ( 4, 4 ),
 ( 2, 2 ),
 ( 26.00000000000000000, 27.00000000000000000 ),
 ( 0.000000000000000000, 1.000000000000000000 ),
 .UNSPECIFIED. ) ;
#5293 = FACE_OUTER_BOUND ( 'NONE', #3122, .T. ) ;
#5294 = DIRECTION ( 'NONE',  ( 1.624890687905883349E-14, -0.000000000000000000, -1.000000000000000000 ) ) ;
#5295 = VERTEX_POINT ( 'NONE', #3067 ) ;
#5296 = EDGE_CURVE ( 'NONE', #5490, #9237, #1485, .T. ) ;
#5297 = CARTESIAN_POINT ( 'NONE',  ( 6.606911818987320828, -3.010000000000000231, 1.771075355238739935 ) ) ;
#5298 = DIRECTION ( 'NONE',  ( 1.000000000000000000, 0.000000000000000000, -0.000000000000000000 ) ) ;
#5299 = ORIENTED_EDGE ( 'NONE', *, *, #3272, .F. ) ;
#5300 = MECHANICAL_DESIGN_GEOMETRIC_PRESENTATION_REPRESENTATION (  '', ( #1323 ), #1647 ) ;
#5301 = CARTESIAN_POINT ( 'NONE',  ( 7.894164867668626684, -3.010000000000000231, 1.917623911949080551 ) ) ;
#5302 = DIRECTION ( 'NONE',  ( -1.000000000000000000, 0.000000000000000000, 0.000000000000000000 ) ) ;
#5303 = CARTESIAN_POINT ( 'NONE',  ( 5.685780104726330997, -3.000000000000000000, 1.596234948368240092 ) ) ;
#5304 =( LENGTH_UNIT ( ) NAMED_UNIT ( * ) SI_UNIT ( .MILLI., .METRE. ) );
#5305 = VERTEX_POINT ( 'NONE', #3220 ) ;
#5306 = ORIENTED_EDGE ( 'NONE', *, *, #6051, .F. ) ;
#5307 = AXIS2_PLACEMENT_3D ( 'NONE', #6679, #2919, #2457 ) ;
#5308 = EDGE_CURVE ( 'NONE', #5216, #6602, #9120, .T. ) ;
#5309 = CARTESIAN_POINT ( 'NONE',  ( 4.625000000000002665, 1.604999999999999982, 0.5000000000000000000 ) ) ;
#5310 = DIRECTION ( 'NONE',  ( -0.3559357243643160862, 0.000000000000000000, 0.9345104387438641913 ) ) ;
#5311 = CARTESIAN_POINT ( 'NONE',  ( 6.728244199458690566, -3.010000000000000231, 1.690187101591904328 ) ) ;
#5312 =( LENGTH_UNIT ( ) NAMED_UNIT ( * ) SI_UNIT ( .MILLI., .METRE. ) );
#5313 = CARTESIAN_POINT ( 'NONE',  ( 7.221105825933812561, -3.010000000000000231, 2.141949635626684056 ) ) ;
#5314 = SURFACE_STYLE_FILL_AREA ( #2973 ) ;
#5315 = ORIENTED_EDGE ( 'NONE', *, *, #2770, .T. ) ;
#5316 = ORIENTED_EDGE ( 'NONE', *, *, #4106, .F. ) ;
#5317 = CARTESIAN_POINT ( 'NONE',  ( 7.433150944301497809, -3.000000000000000000, 1.633860058567115470 ) ) ;
#5318 = CARTESIAN_POINT ( 'NONE',  ( 7.305023295558240370, -3.000000000000000000, 2.383304465335559286 ) ) ;
#5319 = EDGE_CURVE ( 'NONE', #913, #4981, #919, .T. ) ;
#5320 = ORIENTED_EDGE ( 'NONE', *, *, #2962, .F. ) ;
#5321 = B_SPLINE_CURVE_WITH_KNOTS ( 'NONE', 3,
 ( #8580, #5612, #2485, #6346 ),
 .UNSPECIFIED., .F., .F.,
 ( 4, 4 ),
 ( 7.000000000000000000, 8.000000000000000000 ),
 .UNSPECIFIED. ) ;
#5322 = DIRECTION ( 'NONE',  ( -0.000000000000000000, 1.000000000000000000, -0.000000000000000000 ) ) ;
#5323 = ORIENTED_EDGE ( 'NONE', *, *, #5026, .F. ) ;
#5324 = EDGE_LOOP ( 'NONE', ( #588, #6309, #3655, #2484 ) ) ;
#5325 = CARTESIAN_POINT ( 'NONE',  ( 7.913322611953525154, -3.000000000000000000, 1.867027818067175104 ) ) ;
#5326 = EDGE_LOOP ( 'NONE', ( #9715, #1619, #152, #8609, #6814, #9283, #2019, #1978, #2011, #6752, #3743, #3195, #7505, #7131 ) ) ;
#5327 = DIRECTION ( 'NONE',  ( 1.000000000000000000, 0.000000000000000000, -0.000000000000000000 ) ) ;
#5328 = EDGE_LOOP ( 'NONE', ( #7389, #2528, #2984, #1735 ) ) ;
#5329 = DIRECTION ( 'NONE',  ( -0.000000000000000000, 0.000000000000000000, 1.000000000000000000 ) ) ;
#5330 = DIRECTION ( 'NONE',  ( -0.000000000000000000, 1.000000000000000000, -0.000000000000000000 ) ) ;
#5331 = CARTESIAN_POINT ( 'NONE',  ( -5.534999999999998366, 1.855000000000000204, 0.5000000000000000000 ) ) ;
#5332 = ORIENTED_EDGE ( 'NONE', *, *, #79, .T. ) ;
#5333 = LINE ( 'NONE', #3800, #4009 ) ;
#5334 = EDGE_CURVE ( 'NONE', #8584, #9426, #736, .T. ) ;
#5335 = ADVANCED_FACE ( 'NONE', ( #3777 ), #6097, .F. ) ;
#5336 = CARTESIAN_POINT ( 'NONE',  ( 5.619742860615633440, -3.010000000000000231, 1.666826413289248077 ) ) ;
#5337 = EDGE_CURVE ( 'NONE', #4050, #8968, #579, .T. ) ;
#5338 = DIRECTION ( 'NONE',  ( 0.000000000000000000, 0.000000000000000000, -1.000000000000000000 ) ) ;
#5339 = DIRECTION ( 'NONE',  ( 0.9345104387417462188, 0.000000000000000000, -0.3559357243698768603 ) ) ;
#5340 =( LENGTH_UNIT ( ) NAMED_UNIT ( * ) SI_UNIT ( .MILLI., .METRE. ) );
#5341 = CARTESIAN_POINT ( 'NONE',  ( 7.070218122014234829, -3.000000000000000000, 1.556246633001599822 ) ) ;
#5342 = CARTESIAN_POINT ( 'NONE',  ( 6.681905382086232414, -3.000000000000000000, 1.798747652540360065 ) ) ;
#5343 = ORIENTED_EDGE ( 'NONE', *, *, #3231, .F. ) ;
#5344 = CARTESIAN_POINT ( 'NONE',  ( 7.433150944301497809, -3.010000000000000231, 1.633860058567115470 ) ) ;
#5345 = ORIENTED_EDGE ( 'NONE', *, *, #6355, .F. ) ;
#5346 = FACE_OUTER_BOUND ( 'NONE', #2584, .T. ) ;
#5347 = DIRECTION ( 'NONE',  ( -1.000000000000000000, -0.000000000000000000, -0.000000000000000000 ) ) ;
#5348 = CARTESIAN_POINT ( 'NONE',  ( 6.720220870656011591, -3.000000000000000000, 2.393783915199771961 ) ) ;
#5349 = ORIENTED_EDGE ( 'NONE', *, *, #8778, .F. ) ;
#5350 = ORIENTED_EDGE ( 'NONE', *, *, #9049, .F. ) ;
#5351 = B_SPLINE_CURVE_WITH_KNOTS ( 'NONE', 3,
 ( #7349, #5962, #3492, #4406 ),
 .UNSPECIFIED., .F., .F.,
 ( 4, 4 ),
 ( 5.000000000000000000, 6.000000000000000000 ),
 .UNSPECIFIED. ) ;
#5352 = ORIENTED_EDGE ( 'NONE', *, *, #4807, .T. ) ;
#5353 = CARTESIAN_POINT ( 'NONE',  ( 0.000000000000000000, 0.000000000000000000, 0.000000000000000000 ) ) ;
#5354 = DIRECTION ( 'NONE',  ( -0.000000000000000000, -0.000000000000000000, -1.000000000000000000 ) ) ;
#5355 = UNCERTAINTY_MEASURE_WITH_UNIT (LENGTH_MEASURE( 1.000000000000000082E-05 ), #3870, 'distance_accuracy_value', 'NONE');
#5356 = CARTESIAN_POINT ( 'NONE',  ( 6.972710115846025403, -3.010000000000000231, 1.687239756318483552 ) ) ;
#5357 = SURFACE_SIDE_STYLE ('',( #4640 ) ) ;
#5358 = CARTESIAN_POINT ( 'NONE',  ( 6.644572341941286986, -3.010000000000000231, 1.628292850825985960 ) ) ;
#5359 = ADVANCED_FACE ( 'NONE', ( #8477 ), #6881, .F. ) ;
#5360 = ADVANCED_FACE ( 'NONE', ( #2473 ), #367, .F. ) ;
#5361 = ORIENTED_EDGE ( 'NONE', *, *, #2447, .F. ) ;
#5362 = CARTESIAN_POINT ( 'NONE',  ( 6.728244199458690566, -3.010000000000000231, 1.690187101591904328 ) ) ;
#5363 = DIRECTION ( 'NONE',  ( -1.000000000000000000, -0.000000000000000000, -0.000000000000000000 ) ) ;
#5364 = AXIS2_PLACEMENT_3D ( 'NONE', #3258, #6318, #4765 ) ;
#5365 = ORIENTED_EDGE ( 'NONE', *, *, #8059, .T. ) ;
#5366 = CARTESIAN_POINT ( 'NONE',  ( 6.602163318267076697, -3.000000000000000000, 2.383959430951392289 ) ) ;
#5367 = VERTEX_POINT ( 'NONE', #2422 ) ;
#5368 = VERTEX_POINT ( 'NONE', #1678 ) ;
#5369 = CARTESIAN_POINT ( 'NONE',  ( 5.150650950922908144, -3.010000000000000231, 1.582571938480119567 ) ) ;
#5370 = B_SPLINE_SURFACE_WITH_KNOTS ( 'NONE', 3, 1, ( 
 ( #4876, #3367 ),
 ( #4460, #1072 ),
 ( #8710, #5053 ),
 ( #2773, #5640 ) ),
 .UNSPECIFIED., .F., .F., .F.,
 ( 4, 4 ),
 ( 2, 2 ),
 ( 12.00000000000000000, 13.00000000000000000 ),
 ( 0.000000000000000000, 1.000000000000000000 ),
 .UNSPECIFIED. ) ;
#5371 = ORIENTED_EDGE ( 'NONE', *, *, #5115, .T. ) ;
#5372 = CARTESIAN_POINT ( 'NONE',  ( 6.728244199458690566, -3.000000000000000000, 1.780081132467331573 ) ) ;
#5373 = ORIENTED_EDGE ( 'NONE', *, *, #2233, .F. ) ;
#5374 = B_SPLINE_CURVE_WITH_KNOTS ( 'NONE', 3,
 ( #1060, #9339, #226, #7008 ),
 .UNSPECIFIED., .F., .F.,
 ( 4, 4 ),
 ( 17.00000000000000000, 18.00000000000000000 ),
 .UNSPECIFIED. ) ;
#5375 = EDGE_CURVE ( 'NONE', #7346, #2603, #5403, .T. ) ;
#5376 = DIRECTION ( 'NONE',  ( 1.000000000000000000, 0.000000000000000000, 0.000000000000000000 ) ) ;
#5377 = CARTESIAN_POINT ( 'NONE',  ( 5.619742860615633440, -3.010000000000000231, 1.630392125626989319 ) ) ;
#5378 = ORIENTED_EDGE ( 'NONE', *, *, #5511, .T. ) ;
#5379 = B_SPLINE_CURVE_WITH_KNOTS ( 'NONE', 3,
 ( #8783, #8086, #5806, #5527 ),
 .UNSPECIFIED., .F., .F.,
 ( 4, 4 ),
 ( 11.00000000000000000, 12.00000000000000000 ),
 .UNSPECIFIED. ) ;
#5380 = DIRECTION ( 'NONE',  ( 1.000000000000000000, -0.000000000000000000, -0.000000000000000000 ) ) ;
#5381 = LINE ( 'NONE', #8395, #7124 ) ;
#5382 = DIRECTION ( 'NONE',  ( -0.000000000000000000, 1.000000000000000000, -0.000000000000000000 ) ) ;
#5383 = EDGE_CURVE ( 'NONE', #7858, #4885, #2279, .T. ) ;
#5384 = CARTESIAN_POINT ( 'NONE',  ( 6.884780981821356782, -3.010000000000000231, 1.591942259105878055 ) ) ;
#5385 = CARTESIAN_POINT ( 'NONE',  ( 6.685671434381626810, -3.010000000000000231, 1.831332191965078904 ) ) ;
#5386 = ADVANCED_FACE ( 'NONE', ( #135, #885 ), #3162, .F. ) ;
#5387 = EDGE_CURVE ( 'NONE', #6057, #8388, #801, .T. ) ;
#5388 = AXIS2_PLACEMENT_3D ( 'NONE', #2006, #5048, #1263 ) ;
#5389 = PLANE ( 'NONE',  #3054 ) ;
#5390 = CARTESIAN_POINT ( 'NONE',  ( 7.302239691688777512, -3.010000000000000231, 1.880782096017092897 ) ) ;
#5391 = ORIENTED_EDGE ( 'NONE', *, *, #2719, .T. ) ;
#5392 = LINE ( 'NONE', #9157, #2430 ) ;
#5393 = DIRECTION ( 'NONE',  ( -0.000000000000000000, -0.000000000000000000, 1.000000000000000000 ) ) ;
#5394 = STYLED_ITEM ( 'NONE', ( #698 ), #7597 ) ;
#5395 = CARTESIAN_POINT ( 'NONE',  ( -9.824999999999999289, -3.000000000000000000, 10.19999999999999929 ) ) ;
#5396 = CARTESIAN_POINT ( 'NONE',  ( 7.514776034266136051, -3.000000000000000000, 2.384778137973367684 ) ) ;
#5397 = CARTESIAN_POINT ( 'NONE',  ( 7.102720790736975154, -3.000000000000000000, 1.654163992679707595 ) ) ;
#5398 = ORIENTED_EDGE ( 'NONE', *, *, #1484, .F. ) ;
#5399 = ORIENTED_EDGE ( 'NONE', *, *, #5282, .F. ) ;
#5400 = COLOUR_RGB ( '',0.2980392156862745057, 0.2980392156862745057, 0.2980392156862745057 ) ;
#5401 = DIRECTION ( 'NONE',  ( -0.000000000000000000, 1.000000000000000000, -0.000000000000000000 ) ) ;
#5402 = VECTOR ( 'NONE', #1963, 1000.000000000000114 ) ;
#5403 = LINE ( 'NONE', #8423, #7164 ) ;
#5404 = SURFACE_STYLE_USAGE ( .BOTH. , #88 ) ;
#5405 = DIRECTION ( 'NONE',  ( -0.000000000000000000, 1.000000000000000000, -0.000000000000000000 ) ) ;
#5406 = DIRECTION ( 'NONE',  ( 0.000000000000000000, -0.000000000000000000, -1.000000000000000000 ) ) ;
#5407 = VECTOR ( 'NONE', #1085, 1000.000000000000000 ) ;
#5408 = CARTESIAN_POINT ( 'NONE',  ( 8.014678541121291744, -3.010000000000000231, 1.597345725443044095 ) ) ;
#5409 = VECTOR ( 'NONE', #7219, 1000.000000000000000 ) ;
#5410 = ORIENTED_EDGE ( 'NONE', *, *, #4234, .F. ) ;
#5411 = CARTESIAN_POINT ( 'NONE',  ( 7.113855206219201754, -3.010000000000000231, 1.562796289168643771 ) ) ;
#5412 =( LENGTH_UNIT ( ) NAMED_UNIT ( * ) SI_UNIT ( .MILLI., .METRE. ) );
#5413 = VECTOR ( 'NONE', #5707, 1000.000000000000000 ) ;
#5414 = AXIS2_PLACEMENT_3D ( 'NONE', #9228, #293, #2431 ) ;
#5415 = ORIENTED_EDGE ( 'NONE', *, *, #1660, .T. ) ;
#5416 = ADVANCED_FACE ( 'NONE', ( #1525 ), #35, .T. ) ;
#5417 = EDGE_CURVE ( 'NONE', #5285, #9743, #7030, .T. ) ;
#5418 = CARTESIAN_POINT ( 'NONE',  ( 7.022160019898039174, -3.000000000000000000, 1.489603881514363959 ) ) ;
#5419 = ORIENTED_EDGE ( 'NONE', *, *, #8522, .T. ) ;
#5420 = VERTEX_POINT ( 'NONE', #8619 ) ;
#5421 = CARTESIAN_POINT ( 'NONE',  ( 7.047458066839002555, -3.000000000000000000, 1.523989576384800815 ) ) ;
#5422 = ORIENTED_EDGE ( 'NONE', *, *, #9294, .T. ) ;
#5423 = CARTESIAN_POINT ( 'NONE',  ( 6.630736193290477587, -3.010000000000000231, 2.170604381352050360 ) ) ;
#5424 = ORIENTED_EDGE ( 'NONE', *, *, #7972, .F. ) ;
#5425 = STYLED_ITEM ( 'NONE', ( #8115 ), #4685 ) ;
#5426 = PLANE ( 'NONE',  #4331 ) ;
#5427 = CARTESIAN_POINT ( 'NONE',  ( 6.111606178378534260, -3.010000000000000231, 1.835335189172929482 ) ) ;
#5428 = CARTESIAN_POINT ( 'NONE',  ( 5.619742860615633440, -3.010000000000000231, 1.666826413289248077 ) ) ;
#5429 = EDGE_CURVE ( 'NONE', #685, #8534, #2345, .T. ) ;
#5430 = EDGE_CURVE ( 'NONE', #8773, #6084, #332, .T. ) ;
#5431 = CARTESIAN_POINT ( 'NONE',  ( 5.619742860615633440, -3.010000000000000231, 1.630392125626989319 ) ) ;
#5432 = AXIS2_PLACEMENT_3D ( 'NONE', #7802, #7096, #6361 ) ;
#5433 = VECTOR ( 'NONE', #5294, 1000.000000000000000 ) ;
#5434 = CARTESIAN_POINT ( 'NONE',  ( 7.969240301470609467, -3.000000000000000000, 1.721134226974865067 ) ) ;
#5435 = EDGE_LOOP ( 'NONE', ( #4362, #6071, #1442, #6458 ) ) ;
#5436 = SURFACE_STYLE_FILL_AREA ( #1658 ) ;
#5437 = CARTESIAN_POINT ( 'NONE',  ( 4.625000000000002665, 1.604999999999999982, -4.099999999999999645 ) ) ;
#5438 = PRESENTATION_STYLE_ASSIGNMENT (( #9152 ) ) ;
#5439 = CARTESIAN_POINT ( 'NONE',  ( 5.455788392405196419, -3.010000000000000231, 2.375018520350290263 ) ) ;
#5440 =( LENGTH_UNIT ( ) NAMED_UNIT ( * ) SI_UNIT ( .MILLI., .METRE. ) );
#5441 = CARTESIAN_POINT ( 'NONE',  ( 6.908114131911542444, -3.000000000000000000, 1.798747652540360065 ) ) ;
#5442 = EDGE_CURVE ( 'NONE', #3229, #2203, #6534, .T. ) ;
#5443 = DIRECTION ( 'NONE',  ( -1.000000000000000000, 0.000000000000000000, -0.000000000000000000 ) ) ;
#5444 = VERTEX_POINT ( 'NONE', #6479 ) ;
#5445 = CARTESIAN_POINT ( 'NONE',  ( 6.667496138521578075, -3.010000000000000231, 1.624854281338506512 ) ) ;
#5446 = LINE ( 'NONE', #2131, #9342 ) ;
#5447 = CARTESIAN_POINT ( 'NONE',  ( 6.925716332856650226, -3.010000000000000231, 1.677415272067907859 ) ) ;
#5448 = AXIS2_PLACEMENT_3D ( 'NONE', #7571, #4434, #5310 ) ;
#5449 = DIRECTION ( 'NONE',  ( 0.000000000000000000, 0.000000000000000000, 1.000000000000000000 ) ) ;
#5450 = DIRECTION ( 'NONE',  ( -0.000000000000000000, 0.000000000000000000, 1.000000000000000000 ) ) ;
#5451 = ORIENTED_EDGE ( 'NONE', *, *, #5981, .T. ) ;
#5452 = EDGE_LOOP ( 'NONE', ( #4459, #3791, #5082, #23 ) ) ;
#5453 = VECTOR ( 'NONE', #4039, 1000.000000000000000 ) ;
#5454 = B_SPLINE_SURFACE_WITH_KNOTS ( 'NONE', 3, 1, ( 
 ( #9, #2205 ),
 ( #2997, #9043 ),
 ( #8312, #3095 ),
 ( #3044, #6121 ) ),
 .UNSPECIFIED., .F., .F., .F.,
 ( 4, 4 ),
 ( 2, 2 ),
 ( 0.000000000000000000, 1.000000000000000000 ),
 ( 0.000000000000000000, 1.000000000000000000 ),
 .UNSPECIFIED. ) ;
#5455 = CARTESIAN_POINT ( 'NONE',  ( 6.998090033488951534, -3.010000000000000231, 1.826092467031879885 ) ) ;
#5456 = EDGE_CURVE ( 'NONE', #5959, #5884, #6253, .T. ) ;
#5457 = CARTESIAN_POINT ( 'NONE',  ( 7.309853666981540599, -3.010000000000000231, 2.228568838418608866 ) ) ;
#5458 = UNCERTAINTY_MEASURE_WITH_UNIT (LENGTH_MEASURE( 1.000000000000000082E-05 ), #8245, 'distance_accuracy_value', 'NONE');
#5459 = ADVANCED_FACE ( 'NONE', ( #6390 ), #5990, .F. ) ;
#5460 = CARTESIAN_POINT ( 'NONE',  ( 6.901155122235682171, -3.010000000000000231, 2.141949635626684056 ) ) ;
#5461 =( LENGTH_UNIT ( ) NAMED_UNIT ( * ) SI_UNIT ( .MILLI., .METRE. ) );
#5462 = DIRECTION ( 'NONE',  ( -0.000000000000000000, 0.000000000000000000, 1.000000000000000000 ) ) ;
#5463 = CARTESIAN_POINT ( 'NONE',  ( 5.150650950922908144, -3.000000000000000000, 1.582571938480119567 ) ) ;
#5464 = ORIENTED_EDGE ( 'NONE', *, *, #7378, .F. ) ;
#5465 = APPLICATION_CONTEXT ( 'automotive_design' ) ;
#5466 = CARTESIAN_POINT ( 'NONE',  ( 7.032230116253447960, -3.010000000000000231, 1.489603881514363959 ) ) ;
#5467 = CARTESIAN_POINT ( 'NONE',  ( 6.599297843695637766, -3.010000000000000231, 2.223656596295500165 ) ) ;
#5468 = VECTOR ( 'NONE', #3375, 1000.000000000000000 ) ;
#5469 = CARTESIAN_POINT ( 'NONE',  ( 6.728244199458690566, -3.010000000000000231, 1.690187101591904328 ) ) ;
#5470 = ORIENTED_EDGE ( 'NONE', *, *, #6204, .T. ) ;
#5471 = EDGE_LOOP ( 'NONE', ( #7731, #8930, #7439, #4954 ) ) ;
#5472 = LINE ( 'NONE', #8486, #2226 ) ;
#5473 = VERTEX_POINT ( 'NONE', #7776 ) ;
#5474 = CARTESIAN_POINT ( 'NONE',  ( 6.660455258142648383, -3.010000000000000231, 1.733251090883014545 ) ) ;
#5475 = VERTEX_POINT ( 'NONE', #977 ) ;
#5476 = DIRECTION ( 'NONE',  ( -0.000000000000000000, 1.000000000000000000, -0.000000000000000000 ) ) ;
#5477 = CARTESIAN_POINT ( 'NONE',  ( 6.864313306302610052, -3.010000000000000231, 1.758794749928798806 ) ) ;
#5478 = CARTESIAN_POINT ( 'NONE',  ( 5.820131616487237203, -3.010000000000000231, 1.596234948368240092 ) ) ;
#5479 = LINE ( 'NONE', #1898, #3008 ) ;
#5480 = ORIENTED_EDGE ( 'NONE', *, *, #694, .F. ) ;
#5481 = LINE ( 'NONE', #7006, #2862 ) ;
#5482 = DIRECTION ( 'NONE',  ( 1.000000000000000000, 0.000000000000000000, 0.000000000000000000 ) ) ;
#5483 = EDGE_CURVE ( 'NONE', #654, #3936, #7076, .T. ) ;
#5484 = ADVANCED_FACE ( 'NONE', ( #3317 ), #2983, .F. ) ;
#5485 = CARTESIAN_POINT ( 'NONE',  ( 7.015692234434061092, -3.010000000000000231, 2.286369554081201017 ) ) ;
#5486 = CARTESIAN_POINT ( 'NONE',  ( 5.619742860615633440, -3.010000000000000231, 1.666826413289248077 ) ) ;
#5487 = FACE_OUTER_BOUND ( 'NONE', #8278, .T. ) ;
#5488 = ORIENTED_EDGE ( 'NONE', *, *, #1064, .T. ) ;
#5489 = DIRECTION ( 'NONE',  ( -1.000000000000000000, 0.000000000000000000, -0.000000000000000000 ) ) ;
#5490 = VERTEX_POINT ( 'NONE', #7267 ) ;
#5491 = LINE ( 'NONE', #3151, #6005 ) ;
#5492 = SURFACE_STYLE_USAGE ( .BOTH. , #969 ) ;
#5493 = CARTESIAN_POINT ( 'NONE',  ( 7.514776034266136051, -3.010000000000000231, 2.384778137973367684 ) ) ;
#5494 = PLANE ( 'NONE',  #7946 ) ;
#5495 = EDGE_CURVE ( 'NONE', #658, #9326, #2015, .T. ) ;
#5496 = CARTESIAN_POINT ( 'NONE',  ( 7.913322611953525154, -3.010000000000000231, 1.867027818067175104 ) ) ;
#5497 = VERTEX_POINT ( 'NONE', #5931 ) ;
#5498 = ORIENTED_EDGE ( 'NONE', *, *, #6802, .F. ) ;
#5499 = EDGE_LOOP ( 'NONE', ( #5132, #6672, #1159, #9180 ) ) ;
#5500 = CARTESIAN_POINT ( 'NONE',  ( 7.371092952131627740, -3.000000000000000000, 2.105435302502622896 ) ) ;
#5501 =( LENGTH_UNIT ( ) NAMED_UNIT ( * ) SI_UNIT ( .MILLI., .METRE. ) );
#5502 = CARTESIAN_POINT ( 'NONE',  ( 0.000000000000000000, -3.009999999999999343, 0.000000000000000000 ) ) ;
#5503 = FACE_OUTER_BOUND ( 'NONE', #8764, .T. ) ;
#5504 = DIRECTION ( 'NONE',  ( -0.000000000000000000, 1.000000000000000000, -0.000000000000000000 ) ) ;
#5505 = FACE_OUTER_BOUND ( 'NONE', #6731, .T. ) ;
#5506 = LINE ( 'NONE', #3829, #4848 ) ;
#5507 = CARTESIAN_POINT ( 'NONE',  ( 5.239459603105976804, -3.010000000000000231, 1.671380634096284235 ) ) ;
#5508 = ORIENTED_EDGE ( 'NONE', *, *, #4244, .F. ) ;
#5509 = FACE_OUTER_BOUND ( 'NONE', #2981, .T. ) ;
#5510 = EDGE_CURVE ( 'NONE', #4024, #1997, #476, .T. ) ;
#5511 = EDGE_CURVE ( 'NONE', #6877, #4223, #3514, .T. ) ;
#5512 = CARTESIAN_POINT ( 'NONE',  ( -9.824999999999999289, -3.000000000000000000, 10.19999999999999929 ) ) ;
#5513 = ORIENTED_EDGE ( 'NONE', *, *, #5264, .F. ) ;
#5514 = CARTESIAN_POINT ( 'NONE',  ( 5.970423161673574342, -3.000000000000000000, 1.912758072170702039 ) ) ;
#5515 = VERTEX_POINT ( 'NONE', #8212 ) ;
#5516 = CARTESIAN_POINT ( 'NONE',  ( 5.703997161691265028, -3.010000000000000231, 1.735140767804566053 ) ) ;
#5517 = EDGE_LOOP ( 'NONE', ( #7545, #1511, #4579, #509 ) ) ;
#5518 = LINE ( 'NONE', #8537, #501 ) ;
#5519 = CARTESIAN_POINT ( 'NONE',  ( 5.073228067926217832, -3.000000000000000000, 2.190569884771403686 ) ) ;
#5520 = CARTESIAN_POINT ( 'NONE',  ( 7.252871658338731820, -3.000000000000000000, 2.153084051108916874 ) ) ;
#5521 = FACE_OUTER_BOUND ( 'NONE', #6681, .T. ) ;
#5522 = PLANE ( 'NONE',  #2996 ) ;
#5523 = PLANE ( 'NONE',  #8550 ) ;
#5524 = B_SPLINE_CURVE_WITH_KNOTS ( 'NONE', 3,
 ( #1238, #8822, #6637, #6494 ),
 .UNSPECIFIED., .F., .F.,
 ( 4, 4 ),
 ( 1.000000000000000000, 2.000000000000000000 ),
 .UNSPECIFIED. ) ;
#5525 = COLOUR_RGB ( '',0.2980392156862745057, 0.2980392156862745057, 0.2980392156862745057 ) ;
#5526 = ORIENTED_EDGE ( 'NONE', *, *, #5628, .F. ) ;
#5527 = CARTESIAN_POINT ( 'NONE',  ( 6.630736193290477587, -3.010000000000000231, 2.170604381352050360 ) ) ;
#5528 =( NAMED_UNIT ( * ) PLANE_ANGLE_UNIT ( ) SI_UNIT ( $, .RADIAN. ) );
#5529 = CARTESIAN_POINT ( 'NONE',  ( 7.613593971668200844, -3.000000000000000000, 2.105435302502622896 ) ) ;
#5530 = DIRECTION ( 'NONE',  ( -0.000000000000000000, -0.000000000000000000, 1.000000000000000000 ) ) ;
#5531 = CARTESIAN_POINT ( 'NONE',  ( 7.676716282965974969, -3.010000000000000231, 1.667263305011618790 ) ) ;
#5532 = MECHANICAL_DESIGN_GEOMETRIC_PRESENTATION_REPRESENTATION (  '', ( #8372 ), #930 ) ;
#5533 = FILL_AREA_STYLE ('',( #7759 ) ) ;
#5534 = VERTEX_POINT ( 'NONE', #2911 ) ;
#5535 = VERTEX_POINT ( 'NONE', #1412 ) ;
#5536 = ADVANCED_FACE ( 'NONE', ( #9712, #5101, #535, #2115, #4468, #1368 ), #8900, .F. ) ;
#5537 = ADVANCED_FACE ( 'NONE', ( #8767 ), #6385, .T. ) ;
#5538 = CARTESIAN_POINT ( 'NONE',  ( 6.727179880331868311, -3.010000000000000231, 1.632713868737213359 ) ) ;
#5539 = PLANE ( 'NONE',  #2065 ) ;
#5540 = AXIS2_PLACEMENT_3D ( 'NONE', #1198, #1880, #2738 ) ;
#5541 = CARTESIAN_POINT ( 'NONE',  ( 7.353327009780375789, -3.000000000000000000, 2.269667930860042926 ) ) ;
#5542 = PLANE ( 'NONE',  #7147 ) ;
#5543 = ORIENTED_EDGE ( 'NONE', *, *, #6204, .F. ) ;
#5544 = DIRECTION ( 'NONE',  ( 0.000000000000000000, 0.000000000000000000, -1.000000000000000000 ) ) ;
#5545 =( NAMED_UNIT ( * ) PLANE_ANGLE_UNIT ( ) SI_UNIT ( $, .RADIAN. ) );
#5546 = AXIS2_PLACEMENT_3D ( 'NONE', #222, #1056, #3248 ) ;
#5547 = UNCERTAINTY_MEASURE_WITH_UNIT (LENGTH_MEASURE( 1.000000000000000082E-05 ), #1146, 'distance_accuracy_value', 'NONE');
#5548 = CARTESIAN_POINT ( 'NONE',  ( 7.251316114996774864, -3.000000000000000000, 2.378883447424333664 ) ) ;
#5549 = EDGE_CURVE ( 'NONE', #1445, #3423, #5054, .T. ) ;
#5550 = DIRECTION ( 'NONE',  ( -0.000000000000000000, 1.000000000000000000, -0.000000000000000000 ) ) ;
#5551 = LINE ( 'NONE', #5602, #7678 ) ;
#5552 = FACE_OUTER_BOUND ( 'NONE', #7668, .T. ) ;
#5553 = EDGE_LOOP ( 'NONE', ( #6300, #942, #103, #2644 ) ) ;
#5554 = CARTESIAN_POINT ( 'NONE',  ( 5.694888546342596669, -3.000000000000000000, 1.737417878208080690 ) ) ;
#5555 = VECTOR ( 'NONE', #9338, 1000.000000000000000 ) ;
#5556 = CARTESIAN_POINT ( 'NONE',  ( 7.416776803886063973, -3.010000000000000231, 1.741601902493590925 ) ) ;
#5557 = VERTEX_POINT ( 'NONE', #8069 ) ;
#5558 = ADVANCED_FACE ( 'NONE', ( #7316 ), #3567, .T. ) ;
#5559 = CARTESIAN_POINT ( 'NONE',  ( 6.529789617635866961, -3.010000000000000231, 1.778279977021613556 ) ) ;
#5560 = STYLED_ITEM ( 'NONE', ( #80 ), #7998 ) ;
#5561 = ORIENTED_EDGE ( 'NONE', *, *, #8024, .T. ) ;
#5562 = ORIENTED_EDGE ( 'NONE', *, *, #4662, .F. ) ;
#5563 = CARTESIAN_POINT ( 'NONE',  ( 7.353327009780375789, -3.000000000000000000, 2.269667930860042926 ) ) ;
#5564 = EDGE_CURVE ( 'NONE', #6876, #399, #9332, .T. ) ;
#5565 = VECTOR ( 'NONE', #4081, 1000.000000000000000 ) ;
#5566 = CARTESIAN_POINT ( 'NONE',  ( 7.353327009780375789, -3.010000000000000231, 2.317152938060202061 ) ) ;
#5567 = CARTESIAN_POINT ( 'NONE',  ( 6.901155122235682171, -3.010000000000000231, 2.286369554081201017 ) ) ;
#5568 = CARTESIAN_POINT ( 'NONE',  ( 7.108697351987983026, -3.010000000000000231, 1.635333731202734731 ) ) ;
#5569 = AXIS2_PLACEMENT_3D ( 'NONE', #8886, #9601, #2799 ) ;
#5570 = CARTESIAN_POINT ( 'NONE',  ( 6.538877265565354868, -3.000000000000000000, 1.917623911949075444 ) ) ;
#5571 = DIRECTION ( 'NONE',  ( 0.000000000000000000, 0.000000000000000000, -1.000000000000000000 ) ) ;
#5572 = EDGE_CURVE ( 'NONE', #6418, #2762, #8263, .T. ) ;
#5573 = SURFACE_SIDE_STYLE ('',( #6306 ) ) ;
#5574 = DIRECTION ( 'NONE',  ( -0.000000000000000000, 1.000000000000000000, -0.000000000000000000 ) ) ;
#5575 = EDGE_CURVE ( 'NONE', #7691, #1621, #6083, .T. ) ;
#5576 = STYLED_ITEM ( 'NONE', ( #6800 ), #9305 ) ;
#5577 = ORIENTED_EDGE ( 'NONE', *, *, #6591, .F. ) ;
#5578 = CARTESIAN_POINT ( 'NONE',  ( -9.624999999999998224, -3.000000000000000000, 9.999999999999998224 ) ) ;
#5579 = LINE ( 'NONE', #8747, #8123 ) ;
#5580 = DIRECTION ( 'NONE',  ( -0.000000000000000000, -0.000000000000000000, 1.000000000000000000 ) ) ;
#5581 = CARTESIAN_POINT ( 'NONE',  ( 7.305023295558240370, -3.010000000000000231, 2.150300447237265544 ) ) ;
#5582 = CARTESIAN_POINT ( 'NONE',  ( 5.029962318751897143, -3.010000000000000231, 2.190569884771403686 ) ) ;
#5583 = ORIENTED_EDGE ( 'NONE', *, *, #2870, .F. ) ;
#5584 = VECTOR ( 'NONE', #5629, 1000.000000000000000 ) ;
#5585 = VECTOR ( 'NONE', #4646, 1000.000000000000000 ) ;
#5586 = VECTOR ( 'NONE', #1680, 1000.000000000000000 ) ;
#5587 = FACE_OUTER_BOUND ( 'NONE', #5739, .T. ) ;
#5588 = ORIENTED_EDGE ( 'NONE', *, *, #1585, .F. ) ;
#5589 = ORIENTED_EDGE ( 'NONE', *, *, #4000, .F. ) ;
#5590 = FACE_OUTER_BOUND ( 'NONE', #5499, .T. ) ;
#5591 = VECTOR ( 'NONE', #8057, 1000.000000000000000 ) ;
#5592 = LINE ( 'NONE', #1219, #6197 ) ;
#5593 = CIRCLE ( 'NONE', #7649, 0.4655872561384367669 ) ;
#5594 = DIRECTION ( 'NONE',  ( -0.000000000000000000, 1.000000000000000000, -0.000000000000000000 ) ) ;
#5595 = ORIENTED_EDGE ( 'NONE', *, *, #5115, .F. ) ;
#5596 = CARTESIAN_POINT ( 'NONE',  ( 5.699442940883132636, -3.000000000000000000, 1.864938102189350744 ) ) ;
#5597 = SURFACE_STYLE_USAGE ( .BOTH. , #1822 ) ;
#5598 = STYLED_ITEM ( 'NONE', ( #5438 ), #1325 ) ;
#5599 = VECTOR ( 'NONE', #1144, 1000.000000000000000 ) ;
#5600 = CARTESIAN_POINT ( 'NONE',  ( 5.200748118173984302, -3.000000000000000000, 1.582571938480119567 ) ) ;
#5601 = PRESENTATION_STYLE_ASSIGNMENT (( #3374 ) ) ;
#5602 = CARTESIAN_POINT ( 'NONE',  ( 7.583383682603050957, -3.000000000000000000, 1.880782096017092897 ) ) ;
#5603 = CARTESIAN_POINT ( 'NONE',  ( 6.711051352023470251, -3.000000000000000000, 1.643520801411535004 ) ) ;
#5604 = ORIENTED_EDGE ( 'NONE', *, *, #9398, .F. ) ;
#5605 = AXIS2_PLACEMENT_3D ( 'NONE', #3349, #9400, #7061 ) ;
#5606 = EDGE_CURVE ( 'NONE', #3637, #6177, #6176, .T. ) ;
#5607 = LINE ( 'NONE', #893, #11 ) ;
#5608 = EDGE_CURVE ( 'NONE', #7691, #3989, #8528, .T. ) ;
#5609 =( NAMED_UNIT ( * ) SI_UNIT ( $, .STERADIAN. ) SOLID_ANGLE_UNIT ( ) );
#5610 = B_SPLINE_CURVE_WITH_KNOTS ( 'NONE', 3,
 ( #8810, #9466, #1972, #4329 ),
 .UNSPECIFIED., .F., .F.,
 ( 4, 4 ),
 ( 2.000000000000000000, 3.000000000000000000 ),
 .UNSPECIFIED. ) ;
#5611 = VERTEX_POINT ( 'NONE', #4718 ) ;
#5612 = CARTESIAN_POINT ( 'NONE',  ( 4.658787589726895106, -3.000000000000000000, 1.867215169159764487 ) ) ;
#5613 = ORIENTED_EDGE ( 'NONE', *, *, #2281, .T. ) ;
#5614 = CIRCLE ( 'NONE', #2126, 0.2000000000000005107 ) ;
#5615 = CARTESIAN_POINT ( 'NONE',  ( 7.353327009780375789, -3.010000000000000231, 2.220054285404065908 ) ) ;
#5616 = B_SPLINE_SURFACE_WITH_KNOTS ( 'NONE', 3, 1, ( 
 ( #5657, #2593 ),
 ( #7046, #6205 ),
 ( #5615, #9238 ),
 ( #6941, #5563 ) ),
 .UNSPECIFIED., .F., .F., .F.,
 ( 4, 4 ),
 ( 2, 2 ),
 ( 4.000000000000000000, 5.000000000000000000 ),
 ( 0.000000000000000000, 1.000000000000000000 ),
 .UNSPECIFIED. ) ;
#5617 = EDGE_LOOP ( 'NONE', ( #3613, #5316, #582, #5872 ) ) ;
#5618 = CARTESIAN_POINT ( 'NONE',  ( 7.581746268563485991, -3.000000000000000000, 1.597345725443044095 ) ) ;
#5619 = DIRECTION ( 'NONE',  ( -4.028246116041384116E-14, 0.000000000000000000, 1.000000000000000000 ) ) ;
#5620 = EDGE_CURVE ( 'NONE', #8844, #3024, #2958, .T. ) ;
#5621 = CARTESIAN_POINT ( 'NONE',  ( 6.929809867961053804, -3.010000000000000231, 1.798747652540360065 ) ) ;
#5622 = CARTESIAN_POINT ( 'NONE',  ( 7.221105825933812561, -3.010000000000000231, 2.141949635626684056 ) ) ;
#5623 = ORIENTED_EDGE ( 'NONE', *, *, #3501, .T. ) ;
#5624 = CARTESIAN_POINT ( 'NONE',  ( 6.635894047521696315, -3.010000000000000231, 1.690842067207737331 ) ) ;
#5625 = VERTEX_POINT ( 'NONE', #2310 ) ;
#5626 = LINE ( 'NONE', #417, #9556 ) ;
#5627 = FACE_OUTER_BOUND ( 'NONE', #2765, .T. ) ;
#5628 = EDGE_CURVE ( 'NONE', #9081, #6319, #8850, .T. ) ;
#5629 = DIRECTION ( 'NONE',  ( -1.000000000000000000, -0.000000000000000000, -0.000000000000000000 ) ) ;
#5630 = ORIENTED_EDGE ( 'NONE', *, *, #7535, .T. ) ;
#5631 = EDGE_CURVE ( 'NONE', #5093, #7636, #9809, .T. ) ;
#5632 = ADVANCED_FACE ( 'NONE', ( #2213 ), #5242, .F. ) ;
#5633 = SURFACE_STYLE_FILL_AREA ( #5533 ) ;
#5634 = ORIENTED_EDGE ( 'NONE', *, *, #3003, .F. ) ;
#5635 =( LENGTH_UNIT ( ) NAMED_UNIT ( * ) SI_UNIT ( .MILLI., .METRE. ) );
#5636 = FACE_OUTER_BOUND ( 'NONE', #6777, .T. ) ;
#5637 = CARTESIAN_POINT ( 'NONE',  ( 7.029119029573883459, -3.000000000000000000, 1.523989576384800815 ) ) ;
#5638 = CARTESIAN_POINT ( 'NONE',  ( 6.628853167142777281, -3.000000000000000000, 1.683964928234958913 ) ) ;
#5639 = EDGE_LOOP ( 'NONE', ( #6241, #5361, #6291, #3435 ) ) ;
#5640 = CARTESIAN_POINT ( 'NONE',  ( 6.713016248873132419, -3.000000000000000000, 2.136873652097444509 ) ) ;
#5641 = DIRECTION ( 'NONE',  ( 1.000000000000000000, 0.000000000000000000, -0.000000000000000000 ) ) ;
#5642 = CARTESIAN_POINT ( 'NONE',  ( 5.221242502709028344, -3.010000000000000231, 1.903649587121335918 ) ) ;
#5643 = DIRECTION ( 'NONE',  ( 0.000000000000000000, 0.000000000000000000, -1.000000000000000000 ) ) ;
#5644 = SURFACE_SIDE_STYLE ('',( #5748 ) ) ;
#5645 = CARTESIAN_POINT ( 'NONE',  ( 7.659277823424813114, -3.010000000000000231, 2.105435302502622896 ) ) ;
#5646 = B_SPLINE_CURVE_WITH_KNOTS ( 'NONE', 3,
 ( #1564, #9726, #5945, #8964 ),
 .UNSPECIFIED., .F., .F.,
 ( 4, 4 ),
 ( 3.000000000000000000, 4.000000000000000000 ),
 .UNSPECIFIED. ) ;
#5647 = CARTESIAN_POINT ( 'NONE',  ( 7.353327009780375789, -3.010000000000000231, 2.317152938060202061 ) ) ;
#5648 = ORIENTED_EDGE ( 'NONE', *, *, #5976, .T. ) ;
#5649 = ORIENTED_EDGE ( 'NONE', *, *, #4950, .F. ) ;
#5650 = B_SPLINE_CURVE_WITH_KNOTS ( 'NONE', 3,
 ( #7937, #4194, #7279, #3525 ),
 .UNSPECIFIED., .F., .F.,
 ( 4, 4 ),
 ( 8.000000000000000000, 9.000000000000000000 ),
 .UNSPECIFIED. ) ;
#5651 = CARTESIAN_POINT ( 'NONE',  ( 7.512238042502613844, -3.010000000000000231, 2.375117395128941045 ) ) ;
#5652 = CARTESIAN_POINT ( 'NONE',  ( 7.920854716544316609, -3.010000000000000231, 1.854255988545373102 ) ) ;
#5653 = DIRECTION ( 'NONE',  ( -0.000000000000000000, 1.000000000000000000, -0.000000000000000000 ) ) ;
#5654 = CARTESIAN_POINT ( 'NONE',  ( 7.920854716544316609, -3.000000000000000000, 1.854255988545373102 ) ) ;
#5655 = ORIENTED_EDGE ( 'NONE', *, *, #1258, .F. ) ;
#5656 = ADVANCED_FACE ( 'NONE', ( #4676 ), #8674, .F. ) ;
#5657 = CARTESIAN_POINT ( 'NONE',  ( 7.305023295558240370, -3.010000000000000231, 2.150300447237265544 ) ) ;
#5658 = ORIENTED_EDGE ( 'NONE', *, *, #9147, .F. ) ;
#5659 = EDGE_CURVE ( 'NONE', #6876, #2766, #9110, .T. ) ;
#5660 = CARTESIAN_POINT ( 'NONE',  ( 5.886168860597935648, -3.000000000000000000, 2.213341205978663684 ) ) ;
#5661 = CARTESIAN_POINT ( 'NONE',  ( 5.806468693464239550, -3.010000000000000231, 1.735140767804566053 ) ) ;
#5662 = CARTESIAN_POINT ( 'NONE',  ( 4.754427681705468700, -3.000000000000000000, 1.710092205894480077 ) ) ;
#5663 = CARTESIAN_POINT ( 'NONE',  ( 6.864313306302610052, -3.000000000000000000, 1.767964268561359242 ) ) ;
#5664 = CARTESIAN_POINT ( 'NONE',  ( 6.795705657966789381, -3.000000000000000000, 2.418017643013904205 ) ) ;
#5665 = ORIENTED_EDGE ( 'NONE', *, *, #9234, .T. ) ;
#5666 = CARTESIAN_POINT ( 'NONE',  ( 6.848676002207185753, -3.010000000000000231, 1.813156896103925275 ) ) ;
#5667 = VERTEX_POINT ( 'NONE', #821 ) ;
#5668 = CARTESIAN_POINT ( 'NONE',  ( 7.706107865009146352, -3.010000000000000231, 1.642210870177697180 ) ) ;
#5669 = B_SPLINE_SURFACE_WITH_KNOTS ( 'NONE', 3, 1, ( 
 ( #6573, #5827 ),
 ( #9704, #2159 ),
 ( #5187, #8204 ),
 ( #5143, #1406 ) ),
 .UNSPECIFIED., .F., .F., .F.,
 ( 4, 4 ),
 ( 2, 2 ),
 ( 7.000000000000000000, 8.000000000000000000 ),
 ( 0.000000000000000000, 1.000000000000000000 ),
 .UNSPECIFIED. ) ;
#5670 = VERTEX_POINT ( 'NONE', #3865 ) ;
#5671 = EDGE_CURVE ( 'NONE', #9371, #6329, #6868, .T. ) ;
#5672 = ORIENTED_EDGE ( 'NONE', *, *, #7750, .T. ) ;
#5673 = CARTESIAN_POINT ( 'NONE',  ( 6.606911818987320828, -3.010000000000000231, 1.771075355238739935 ) ) ;
#5674 = FILL_AREA_STYLE_COLOUR ( '', #4365 ) ;
#5675 = CARTESIAN_POINT ( 'NONE',  ( 6.415252505436413344, -3.000000000000000000, 1.633860058567110363 ) ) ;
#5676 = ORIENTED_EDGE ( 'NONE', *, *, #7323, .F. ) ;
#5677 = DIRECTION ( 'NONE',  ( 0.000000000000000000, 0.000000000000000000, -1.000000000000000000 ) ) ;
#5678 = ORIENTED_EDGE ( 'NONE', *, *, #8627, .T. ) ;
#5679 = VECTOR ( 'NONE', #1359, 1000.000000000000000 ) ;
#5680 = ORIENTED_EDGE ( 'NONE', *, *, #7462, .T. ) ;
#5681 = LINE ( 'NONE', #4769, #5233 ) ;
#5682 = EDGE_CURVE ( 'NONE', #4719, #4997, #1019, .T. ) ;
#5683 = EDGE_CURVE ( 'NONE', #7209, #6725, #4072, .T. ) ;
#5684 = EDGE_CURVE ( 'NONE', #3817, #6778, #6128, .T. ) ;
#5685 = DIRECTION ( 'NONE',  ( -0.000000000000000000, 1.000000000000000000, -0.000000000000000000 ) ) ;
#5686 = CARTESIAN_POINT ( 'NONE',  ( 4.625000000000002665, 1.855000000000000204, 0.5000000000000000000 ) ) ;
#5687 = ORIENTED_EDGE ( 'NONE', *, *, #866, .T. ) ;
#5688 = ORIENTED_EDGE ( 'NONE', *, *, #8636, .F. ) ;
#5689 = CARTESIAN_POINT ( 'NONE',  ( 6.728244199458692343, -3.000000000000000000, 1.597345725443038988 ) ) ;
#5690 = FACE_OUTER_BOUND ( 'NONE', #6185, .T. ) ;
#5691 = DIRECTION ( 'NONE',  ( -1.000000000000000000, 0.000000000000000000, -0.000000000000000000 ) ) ;
#5692 = CARTESIAN_POINT ( 'NONE',  ( 6.657098559358238354, -3.000000000000000000, 1.591942259105878055 ) ) ;
#5693 =( LENGTH_UNIT ( ) NAMED_UNIT ( * ) SI_UNIT ( .MILLI., .METRE. ) );
#5694 = CARTESIAN_POINT ( 'NONE',  ( 7.015692234434061092, -3.010000000000000231, 2.286369554081201017 ) ) ;
#5695 = CARTESIAN_POINT ( 'NONE',  ( 7.337198481473063971, -3.000000000000000000, 2.354977202418114590 ) ) ;
#5696 = VERTEX_POINT ( 'NONE', #3409 ) ;
#5697 = ORIENTED_EDGE ( 'NONE', *, *, #1509, .T. ) ;
#5698 = CARTESIAN_POINT ( 'NONE',  ( 5.703997161691265028, -3.010000000000000231, 1.735140767804566053 ) ) ;
#5699 =( GEOMETRIC_REPRESENTATION_CONTEXT ( 3 ) GLOBAL_UNCERTAINTY_ASSIGNED_CONTEXT ( ( #6599 ) ) GLOBAL_UNIT_ASSIGNED_CONTEXT ( ( #4214, #7154, #7056 ) ) REPRESENTATION_CONTEXT ( 'NONE', 'WORKASPACE' ) );
#5700 = CARTESIAN_POINT ( 'NONE',  ( 7.113609594113256662, -3.000000000000000000, 1.653836509871792870 ) ) ;
#5701 = CARTESIAN_POINT ( 'NONE',  ( 6.538877265565354868, -3.000000000000000000, 1.880782096017082461 ) ) ;
#5702 = ORIENTED_EDGE ( 'NONE', *, *, #2954, .T. ) ;
#5703 = ORIENTED_EDGE ( 'NONE', *, *, #2900, .T. ) ;
#5704 = LINE ( 'NONE', #4197, #1259 ) ;
#5705 = ORIENTED_EDGE ( 'NONE', *, *, #2111, .T. ) ;
#5706 = CARTESIAN_POINT ( 'NONE',  ( 7.021750666388148154, -3.000000000000000000, 1.523989576384800815 ) ) ;
#5707 = DIRECTION ( 'NONE',  ( -0.000000000000000000, 1.000000000000000000, -0.000000000000000000 ) ) ;
#5708 = DIRECTION ( 'NONE',  ( 1.000000000000000000, -0.000000000000000000, -0.000000000000000000 ) ) ;
#5709 = CARTESIAN_POINT ( 'NONE',  ( 6.632946702247178195, -3.000000000000000000, 2.358252030501634344 ) ) ;
#5710 = EDGE_CURVE ( 'NONE', #8968, #8775, #2505, .T. ) ;
#5711 = LINE ( 'NONE', #1942, #9089 ) ;
#5712 = EDGE_CURVE ( 'NONE', #8171, #1958, #2664, .T. ) ;
#5713 = VECTOR ( 'NONE', #2170, 1000.000000000000000 ) ;
#5714 = UNCERTAINTY_MEASURE_WITH_UNIT (LENGTH_MEASURE( 1.000000000000000082E-05 ), #5693, 'distance_accuracy_value', 'NONE');
#5715 = ORIENTED_EDGE ( 'NONE', *, *, #9553, .F. ) ;
#5716 = AXIS2_PLACEMENT_3D ( 'NONE', #7600, #1512, #7515 ) ;
#5717 = CARTESIAN_POINT ( 'NONE',  ( 7.275631713515077870, -3.010000000000000231, 2.175352882071195815 ) ) ;
#5718 = CARTESIAN_POINT ( 'NONE',  ( 6.936032041318004104, -3.010000000000000231, 1.655637665317507334 ) ) ;
#5719 = ORIENTED_EDGE ( 'NONE', *, *, #8355, .F. ) ;
#5720 = ORIENTED_EDGE ( 'NONE', *, *, #2238, .F. ) ;
#5721 = AXIS2_PLACEMENT_3D ( 'NONE', #799, #7546, #1543 ) ;
#5722 = CARTESIAN_POINT ( 'NONE',  ( 5.125000000000002665, 1.855000000000000204, -4.099999999999999645 ) ) ;
#5723 = SURFACE_SIDE_STYLE ('',( #418 ) ) ;
#5724 =( GEOMETRIC_REPRESENTATION_CONTEXT ( 3 ) GLOBAL_UNCERTAINTY_ASSIGNED_CONTEXT ( ( #3538 ) ) GLOBAL_UNIT_ASSIGNED_CONTEXT ( ( #1421, #3772, #1274 ) ) REPRESENTATION_CONTEXT ( 'NONE', 'WORKASPACE' ) );
#5725 = LINE ( 'NONE', #8549, #347 ) ;
#5726 = ORIENTED_EDGE ( 'NONE', *, *, #6827, .T. ) ;
#5727 = ADVANCED_FACE ( 'NONE', ( #3302 ), #7910, .F. ) ;
#5728 = ADVANCED_FACE ( 'NONE', ( #5587 ), #4221, .F. ) ;
#5729 = AXIS2_PLACEMENT_3D ( 'NONE', #9262, #7024, #3217 ) ;
#5730 = DIRECTION ( 'NONE',  ( 1.000000000000000000, 0.000000000000000000, 0.000000000000000000 ) ) ;
#5731 = VERTEX_POINT ( 'NONE', #9455 ) ;
#5732 = AXIS2_PLACEMENT_3D ( 'NONE', #3013, #2871, #5257 ) ;
#5733 = ORIENTED_EDGE ( 'NONE', *, *, #7938, .F. ) ;
#5734 = CARTESIAN_POINT ( 'NONE',  ( 7.180661699110388874, -3.000000000000000000, 2.105435302502622896 ) ) ;
#5735 = CARTESIAN_POINT ( 'NONE',  ( 4.802247803701580331, -3.000000000000000000, 1.869492409862588689 ) ) ;
#5736 = CARTESIAN_POINT ( 'NONE',  ( 5.180253863939324077, -3.000000000000000000, 2.422838566338476163 ) ) ;
#5737 = PRESENTATION_LAYER_ASSIGNMENT (  '', '', ( #8585 ) ) ;
#5738 = CARTESIAN_POINT ( 'NONE',  ( 7.673932679096507670, -3.000000000000000000, 1.903542151191246257 ) ) ;
#5739 = EDGE_LOOP ( 'NONE', ( #4394, #6541, #257, #5860 ) ) ;
#5740 = CARTESIAN_POINT ( 'NONE',  ( 5.278171088037972858, -3.000000000000000000, 1.445943403181894071 ) ) ;
#5741 = EDGE_CURVE ( 'NONE', #6443, #6702, #1759, .T. ) ;
#5742 = DIRECTION ( 'NONE',  ( 0.000000000000000000, -0.000000000000000000, 1.000000000000000000 ) ) ;
#5743 = CARTESIAN_POINT ( 'NONE',  ( 6.912043925610888095, -3.010000000000000231, 1.727028917523886875 ) ) ;
#5744 = DIRECTION ( 'NONE',  ( -0.000000000000000000, -0.000000000000000000, 1.000000000000000000 ) ) ;
#5745 = VECTOR ( 'NONE', #7723, 1000.000000000000000 ) ;
#5746 = COLOUR_RGB ( '',0.6666666666666666297, 0.6666666666666666297, 0.6666666666666666297 ) ;
#5747 = VECTOR ( 'NONE', #2322, 1000.000000000000000 ) ;
#5748 = SURFACE_STYLE_FILL_AREA ( #9421 ) ;
#5749 = CARTESIAN_POINT ( 'NONE',  ( 6.685671434381626810, -3.000000000000000000, 1.831332191965078904 ) ) ;
#5750 = CARTESIAN_POINT ( 'NONE',  ( 7.302239691688777512, -3.010000000000000231, 1.778279977021620439 ) ) ;
#5751 = VERTEX_POINT ( 'NONE', #1114 ) ;
#5752 = ORIENTED_EDGE ( 'NONE', *, *, #1545, .T. ) ;
#5753 = CARTESIAN_POINT ( 'NONE',  ( 7.583383682603050957, -3.010000000000000231, 1.880782096017092897 ) ) ;
#5754 = EDGE_CURVE ( 'NONE', #2364, #6600, #9695, .T. ) ;
#5755 = VECTOR ( 'NONE', #3846, 1000.000000000000000 ) ;
#5756 = B_SPLINE_SURFACE_WITH_KNOTS ( 'NONE', 3, 1, ( 
 ( #6076, #13 ),
 ( #7703, #4571 ),
 ( #724, #7554 ),
 ( #3760, #3855 ) ),
 .UNSPECIFIED., .F., .F., .F.,
 ( 4, 4 ),
 ( 2, 2 ),
 ( 4.000000000000000000, 5.000000000000000000 ),
 ( 0.000000000000000000, 1.000000000000000000 ),
 .UNSPECIFIED. ) ;
#5757 = EDGE_CURVE ( 'NONE', #4074, #8644, #9299, .T. ) ;
#5758 = CARTESIAN_POINT ( 'NONE',  ( 6.719811517145025448, -3.000000000000000000, 2.431116955345815178 ) ) ;
#5759 = CARTESIAN_POINT ( 'NONE',  ( 5.150650950922908144, -3.010000000000000231, 1.760189329712459338 ) ) ;
#5760 = PLANE ( 'NONE',  #162 ) ;
#5761 = DIRECTION ( 'NONE',  ( -0.000000000000000000, -0.000000000000000000, -1.000000000000000000 ) ) ;
#5762 = VECTOR ( 'NONE', #178, 1000.000000000000000 ) ;
#5763 = DIRECTION ( 'NONE',  ( -0.000000000000000000, 1.000000000000000000, -0.000000000000000000 ) ) ;
#5764 = SURFACE_SIDE_STYLE ('',( #2744 ) ) ;
#5765 = FILL_AREA_STYLE_COLOUR ( '', #2562 ) ;
#5766 = LINE ( 'NONE', #6455, #2414 ) ;
#5767 = CARTESIAN_POINT ( 'NONE',  ( 2.085000000000001741, 1.604999999999999982, -4.099999999999999645 ) ) ;
#5768 = VECTOR ( 'NONE', #269, 1000.000000000000000 ) ;
#5769 = ORIENTED_EDGE ( 'NONE', *, *, #1288, .T. ) ;
#5770 = VERTEX_POINT ( 'NONE', #322 ) ;
#5771 = ORIENTED_EDGE ( 'NONE', *, *, #4712, .F. ) ;
#5772 = ORIENTED_EDGE ( 'NONE', *, *, #7285, .T. ) ;
#5773 = ORIENTED_EDGE ( 'NONE', *, *, #3598, .F. ) ;
#5774 = LINE ( 'NONE', #1354, #1285 ) ;
#5775 = AXIS2_PLACEMENT_3D ( 'NONE', #1892, #9439, #3935 ) ;
#5776 = CARTESIAN_POINT ( 'NONE',  ( 2.585000000000002185, 1.604999999999999982, -4.099999999999999645 ) ) ;
#5777 = ORIENTED_EDGE ( 'NONE', *, *, #575, .T. ) ;
#5778 =( NAMED_UNIT ( * ) PLANE_ANGLE_UNIT ( ) SI_UNIT ( $, .RADIAN. ) );
#5779 = ORIENTED_EDGE ( 'NONE', *, *, #7715, .F. ) ;
#5780 = ORIENTED_EDGE ( 'NONE', *, *, #1232, .T. ) ;
#5781 = VECTOR ( 'NONE', #3871, 1000.000000000000000 ) ;
#5782 = CARTESIAN_POINT ( 'NONE',  ( 6.569578778842364741, -3.000000000000000000, 2.172896761009635913 ) ) ;
#5783 = ADVANCED_FACE ( 'NONE', ( #5487 ), #2560, .F. ) ;
#5784 = LINE ( 'NONE', #2057, #9527 ) ;
#5785 = EDGE_CURVE ( 'NONE', #1807, #8127, #9405, .T. ) ;
#5786 = FACE_OUTER_BOUND ( 'NONE', #5997, .T. ) ;
#5787 = CARTESIAN_POINT ( 'NONE',  ( 6.901155122235683947, -3.000000000000000000, 2.249691479553174833 ) ) ;
#5788 = ORIENTED_EDGE ( 'NONE', *, *, #3859, .F. ) ;
#5789 = LINE ( 'NONE', #7449, #6200 ) ;
#5790 = CARTESIAN_POINT ( 'NONE',  ( 6.629098779249808615, -3.000000000000000000, 1.642047128773723275 ) ) ;
#5791 = CARTESIAN_POINT ( 'NONE',  ( 6.840407061297499425, -3.000000000000000000, 1.596527018421072253 ) ) ;
#5792 = PLANE ( 'NONE',  #4545 ) ;
#5793 = EDGE_CURVE ( 'NONE', #5052, #2594, #2004, .T. ) ;
#5794 = LINE ( 'NONE', #291, #182 ) ;
#5795 = ORIENTED_EDGE ( 'NONE', *, *, #4807, .F. ) ;
#5796 = EDGE_LOOP ( 'NONE', ( #3109, #6060, #8076, #8118, #4448, #9033 ) ) ;
#5797 = ORIENTED_EDGE ( 'NONE', *, *, #9555, .T. ) ;
#5798 = CARTESIAN_POINT ( 'NONE',  ( 7.706107865009146352, -3.010000000000000231, 1.642210870177697180 ) ) ;
#5799 = CARTESIAN_POINT ( 'NONE',  ( 7.848644757315960341, -3.010000000000000231, 1.684947376658705087 ) ) ;
#5800 = DIRECTION ( 'NONE',  ( 0.000000000000000000, 0.000000000000000000, -1.000000000000000000 ) ) ;
#5801 = CARTESIAN_POINT ( 'NONE',  ( 6.632946702247178195, -3.010000000000000231, 2.358252030501634344 ) ) ;
#5802 = CARTESIAN_POINT ( 'NONE',  ( 7.583383682603050957, -3.010000000000000231, 1.880782096017092897 ) ) ;
#5803 = CARTESIAN_POINT ( 'NONE',  ( 2.585000000000002185, 1.604999999999999982, 0.5000000000000000000 ) ) ;
#5804 = DIRECTION ( 'NONE',  ( -0.000000000000000000, 1.000000000000000000, -0.000000000000000000 ) ) ;
#5805 = EDGE_CURVE ( 'NONE', #4198, #2537, #3596, .T. ) ;
#5806 = CARTESIAN_POINT ( 'NONE',  ( 6.651695093021087857, -3.010000000000000231, 2.148171808983630804 ) ) ;
#5807 = ADVANCED_FACE ( 'NONE', ( #4269 ), #7173, .F. ) ;
#5808 = EDGE_CURVE ( 'NONE', #208, #8344, #1957, .T. ) ;
#5809 = FILL_AREA_STYLE ('',( #1384 ) ) ;
#5810 = FACE_OUTER_BOUND ( 'NONE', #6769, .T. ) ;
#5811 = CARTESIAN_POINT ( 'NONE',  ( 7.275631713515077870, -3.010000000000000231, 2.175352882071195815 ) ) ;
#5812 = UNCERTAINTY_MEASURE_WITH_UNIT (LENGTH_MEASURE( 1.000000000000000082E-05 ), #4385, 'distance_accuracy_value', 'NONE');
#5813 = VERTEX_POINT ( 'NONE', #2103 ) ;
#5814 = CARTESIAN_POINT ( 'NONE',  ( 5.861120298688951458, -3.010000000000000231, 2.281655560491790524 ) ) ;
#5815 = ORIENTED_EDGE ( 'NONE', *, *, #5442, .F. ) ;
#5816 = VERTEX_POINT ( 'NONE', #5045 ) ;
#5817 = CARTESIAN_POINT ( 'NONE',  ( 6.886991490776961378, -3.000000000000000000, 1.831332191965078904 ) ) ;
#5818 = ORIENTED_EDGE ( 'NONE', *, *, #8268, .F. ) ;
#5819 = LINE ( 'NONE', #8100, #3665 ) ;
#5820 = ORIENTED_EDGE ( 'NONE', *, *, #5628, .T. ) ;
#5821 = CARTESIAN_POINT ( 'NONE',  ( 6.795705657966789381, -3.010000000000000231, 2.418017643013904205 ) ) ;
#5822 = DIRECTION ( 'NONE',  ( 1.624890687905864416E-14, -0.000000000000000000, -1.000000000000000000 ) ) ;
#5823 = VERTEX_POINT ( 'NONE', #3647 ) ;
#5824 = FACE_OUTER_BOUND ( 'NONE', #6667, .T. ) ;
#5825 = ORIENTED_EDGE ( 'NONE', *, *, #2107, .F. ) ;
#5826 = CARTESIAN_POINT ( 'NONE',  ( 6.597005464036952205, -3.000000000000000000, 2.143750791072403405 ) ) ;
#5827 = CARTESIAN_POINT ( 'NONE',  ( 4.658787589726895106, -3.000000000000000000, 1.958300975181634707 ) ) ;
#5828 = CARTESIAN_POINT ( 'NONE',  ( 6.687963814039212807, -3.010000000000000231, 1.591942259105878055 ) ) ;
#5829 = B_SPLINE_SURFACE_WITH_KNOTS ( 'NONE', 3, 1, ( 
 ( #8019, #9650 ),
 ( #2853, #3707 ),
 ( #8943, #1362 ),
 ( #6522, #6720 ) ),
 .UNSPECIFIED., .F., .F., .F.,
 ( 4, 4 ),
 ( 2, 2 ),
 ( 9.000000000000000000, 10.00000000000000000 ),
 ( 0.000000000000000000, 1.000000000000000000 ),
 .UNSPECIFIED. ) ;
#5830 = LINE ( 'NONE', #532, #6537 ) ;
#5831 = ORIENTED_EDGE ( 'NONE', *, *, #9610, .T. ) ;
#5832 = STYLED_ITEM ( 'NONE', ( #7865 ), #5727 ) ;
#5833 = EDGE_CURVE ( 'NONE', #4956, #5611, #422, .T. ) ;
#5834 = EDGE_CURVE ( 'NONE', #9524, #8643, #464, .T. ) ;
#5835 = SURFACE_SIDE_STYLE ('',( #3658 ) ) ;
#5836 = ORIENTED_EDGE ( 'NONE', *, *, #4602, .T. ) ;
#5837 = CARTESIAN_POINT ( 'NONE',  ( 6.949540707159803432, -3.000000000000000000, 1.828057363881550934 ) ) ;
#5838 = CARTESIAN_POINT ( 'NONE',  ( 6.606911818987320828, -3.010000000000000231, 1.771075355238739935 ) ) ;
#5839 = VERTEX_POINT ( 'NONE', #5138 ) ;
#5840 = ORIENTED_EDGE ( 'NONE', *, *, #6238, .T. ) ;
#5841 = ORIENTED_EDGE ( 'NONE', *, *, #6682, .T. ) ;
#5842 = LINE ( 'NONE', #5798, #2387 ) ;
#5843 = CARTESIAN_POINT ( 'NONE',  ( 6.373907800890115993, -3.010000000000000231, 2.425713489008655799 ) ) ;
#5844 = DIRECTION ( 'NONE',  ( 1.000000000000000000, -0.000000000000000000, -0.000000000000000000 ) ) ;
#5845 = ADVANCED_FACE ( 'NONE', ( #5824, #4313 ), #8016, .T. ) ;
#5846 = DIRECTION ( 'NONE',  ( -1.000000000000000000, 0.000000000000000000, 0.000000000000000000 ) ) ;
#5847 = COLOUR_RGB ( '',0.2980392156862745057, 0.2980392156862745057, 0.2980392156862745057 ) ;
#5848 = DIRECTION ( 'NONE',  ( 0.000000000000000000, 0.000000000000000000, -1.000000000000000000 ) ) ;
#5849 = CARTESIAN_POINT ( 'NONE',  ( 5.150650950922908144, -3.000000000000000000, 1.760189329712459338 ) ) ;
#5850 = CARTESIAN_POINT ( 'NONE',  ( 4.802247803701580331, -3.010000000000000231, 1.962855369721081322 ) ) ;
#5851 = FILL_AREA_STYLE ('',( #3022 ) ) ;
#5852 = DIRECTION ( 'NONE',  ( -1.000000000000000000, 0.000000000000000000, 0.000000000000000000 ) ) ;
#5853 = ORIENTED_EDGE ( 'NONE', *, *, #6322, .T. ) ;
#5854 = CARTESIAN_POINT ( 'NONE',  ( 4.802247803701580331, -3.010000000000000231, 1.962855369721081322 ) ) ;
#5855 = CARTESIAN_POINT ( 'NONE',  ( 7.534998097678949236, -3.010000000000000231, 1.633860058567119022 ) ) ;
#5856 = ADVANCED_FACE ( 'NONE', ( #3497 ), #2804, .F. ) ;
#5857 = VERTEX_POINT ( 'NONE', #5092 ) ;
#5858 = B_SPLINE_CURVE_WITH_KNOTS ( 'NONE', 3,
 ( #6765, #4574, #1558, #6127 ),
 .UNSPECIFIED., .F., .F.,
 ( 4, 4 ),
 ( 5.000000000000000000, 6.000000000000000000 ),
 .UNSPECIFIED. ) ;
#5859 = PRODUCT_DEFINITION ( 'н╢ж╙', '', #1900, #4379 ) ;
#5860 = ORIENTED_EDGE ( 'NONE', *, *, #1054, .T. ) ;
#5861 = CARTESIAN_POINT ( 'NONE',  ( 6.625250856252422160, -3.000000000000000000, 1.674304185390523836 ) ) ;
#5862 = ORIENTED_EDGE ( 'NONE', *, *, #5009, .T. ) ;
#5863 = CARTESIAN_POINT ( 'NONE',  ( 5.763202987724107551, -3.010000000000000231, 2.393235675038607013 ) ) ;
#5864 = VERTEX_POINT ( 'NONE', #1402 ) ;
#5865 = CARTESIAN_POINT ( 'NONE',  ( -9.324999999999999289, 3.000000000000000000, 0.5000000000000000000 ) ) ;
#5866 = CARTESIAN_POINT ( 'NONE',  ( 6.629590003461671266, -3.010000000000000231, 1.824291311586151432 ) ) ;
#5867 = VECTOR ( 'NONE', #7544, 1000.000000000000000 ) ;
#5868 = VECTOR ( 'NONE', #6018, 1000.000000000000000 ) ;
#5869 = ADVANCED_FACE ( 'NONE', ( #8107 ), #4193, .F. ) ;
#5870 = ADVANCED_FACE ( 'NONE', ( #7511 ), #9796, .F. ) ;
#5871 = FILL_AREA_STYLE_COLOUR ( '', #2680 ) ;
#5872 = ORIENTED_EDGE ( 'NONE', *, *, #9493, .T. ) ;
#5873 = SURFACE_SIDE_STYLE ('',( #9753 ) ) ;
#5874 = VECTOR ( 'NONE', #686, 1000.000000000000000 ) ;
#5875 = FACE_OUTER_BOUND ( 'NONE', #1090, .T. ) ;
#5876 = VECTOR ( 'NONE', #7673, 1000.000000000000000 ) ;
#5877 = CARTESIAN_POINT ( 'NONE',  ( 6.920230995818609010, -3.010000000000000231, 1.624690539934555256 ) ) ;
#5878 =( NAMED_UNIT ( * ) PLANE_ANGLE_UNIT ( ) SI_UNIT ( $, .RADIAN. ) );
#5879 = ORIENTED_EDGE ( 'NONE', *, *, #761, .T. ) ;
#5880 = VECTOR ( 'NONE', #126, 1000.000000000000000 ) ;
#5881 = SURFACE_STYLE_USAGE ( .BOTH. , #8948 ) ;
#5882 = CARTESIAN_POINT ( 'NONE',  ( 6.667496138521578075, -3.010000000000000231, 1.624854281338506512 ) ) ;
#5883 = ORIENTED_EDGE ( 'NONE', *, *, #2052, .T. ) ;
#5884 = VERTEX_POINT ( 'NONE', #3802 ) ;
#5885 = CARTESIAN_POINT ( 'NONE',  ( 7.032066374848402468, -3.010000000000000231, 2.141949635626684056 ) ) ;
#5886 = MECHANICAL_DESIGN_GEOMETRIC_PRESENTATION_REPRESENTATION (  '', ( #3526 ), #28 ) ;
#5887 = CIRCLE ( 'NONE', #1921, 0.2000000000000005107 ) ;
#5888 = FACE_OUTER_BOUND ( 'NONE', #851, .T. ) ;
#5889 = DIRECTION ( 'NONE',  ( -0.9910683662997763488, 0.000000000000000000, -0.1333547648938435970 ) ) ;
#5890 = EDGE_LOOP ( 'NONE', ( #6623, #7068, #6049, #5488 ) ) ;
#5891 = ORIENTED_EDGE ( 'NONE', *, *, #6950, .F. ) ;
#5892 = ORIENTED_EDGE ( 'NONE', *, *, #2383, .T. ) ;
#5893 = CARTESIAN_POINT ( 'NONE',  ( 6.937587584657789463, -3.010000000000000231, 1.717531916083413490 ) ) ;
#5894 =( NAMED_UNIT ( * ) SI_UNIT ( $, .STERADIAN. ) SOLID_ANGLE_UNIT ( ) );
#5895 = CARTESIAN_POINT ( 'NONE',  ( 6.546163758050211889, -3.010000000000000231, 1.597345725443035436 ) ) ;
#5896 = VECTOR ( 'NONE', #5363, 1000.000000000000000 ) ;
#5897 = CARTESIAN_POINT ( 'NONE',  ( 5.970423161673574342, -3.000000000000000000, 2.010675296269340606 ) ) ;
#5898 = LINE ( 'NONE', #4722, #9015 ) ;
#5899 = FACE_OUTER_BOUND ( 'NONE', #7169, .T. ) ;
#5900 = ADVANCED_FACE ( 'NONE', ( #8252 ), #2994, .F. ) ;
#5901 = ADVANCED_FACE ( 'NONE', ( #4520 ), #9564, .F. ) ;
#5902 = ORIENTED_EDGE ( 'NONE', *, *, #3670, .F. ) ;
#5903 = CARTESIAN_POINT ( 'NONE',  ( 6.629590003461671266, -3.000000000000000000, 1.824291311586151432 ) ) ;
#5904 = DIRECTION ( 'NONE',  ( -0.000000000000000000, 1.000000000000000000, -0.000000000000000000 ) ) ;
#5905 = UNCERTAINTY_MEASURE_WITH_UNIT (LENGTH_MEASURE( 1.000000000000000082E-05 ), #8166, 'distance_accuracy_value', 'NONE');
#5906 = VERTEX_POINT ( 'NONE', #9191 ) ;
#5907 = CARTESIAN_POINT ( 'NONE',  ( 6.632946702247178195, -3.010000000000000231, 2.358252030501634344 ) ) ;
#5908 = ORIENTED_EDGE ( 'NONE', *, *, #3272, .T. ) ;
#5909 = VECTOR ( 'NONE', #4619, 1000.000000000000000 ) ;
#5910 =( NAMED_UNIT ( * ) SI_UNIT ( $, .STERADIAN. ) SOLID_ANGLE_UNIT ( ) );
#5911 = B_SPLINE_SURFACE_WITH_KNOTS ( 'NONE', 3, 1, ( 
 ( #115, #3142 ),
 ( #2454, #8499 ),
 ( #1703, #4760 ),
 ( #6370, #8696 ) ),
 .UNSPECIFIED., .F., .F., .F.,
 ( 4, 4 ),
 ( 2, 2 ),
 ( 33.00000000000000000, 34.00000000000000000 ),
 ( 0.000000000000000000, 1.000000000000000000 ),
 .UNSPECIFIED. ) ;
#5912 = ORIENTED_EDGE ( 'NONE', *, *, #6388, .T. ) ;
#5913 = DIRECTION ( 'NONE',  ( 0.000000000000000000, 0.000000000000000000, 1.000000000000000000 ) ) ;
#5914 = ORIENTED_EDGE ( 'NONE', *, *, #6935, .T. ) ;
#5915 = EDGE_CURVE ( 'NONE', #794, #1048, #6369, .T. ) ;
#5916 = DIRECTION ( 'NONE',  ( -0.000000000000000000, -0.000000000000000000, 1.000000000000000000 ) ) ;
#5917 = FACE_OUTER_BOUND ( 'NONE', #4984, .T. ) ;
#5918 = LINE ( 'NONE', #8200, #8744 ) ;
#5919 = ORIENTED_EDGE ( 'NONE', *, *, #7136, .T. ) ;
#5920 = VECTOR ( 'NONE', #8519, 1000.000000000000000 ) ;
#5921 = EDGE_LOOP ( 'NONE', ( #6854, #6351, #9819, #1221 ) ) ;
#5922 =( NAMED_UNIT ( * ) PLANE_ANGLE_UNIT ( ) SI_UNIT ( $, .RADIAN. ) );
#5923 = MECHANICAL_DESIGN_GEOMETRIC_PRESENTATION_REPRESENTATION (  '', ( #3074 ), #4370 ) ;
#5924 = CARTESIAN_POINT ( 'NONE',  ( 6.768360843474201083, -3.000000000000000000, 1.744549247767018363 ) ) ;
#5925 = ADVANCED_FACE ( 'NONE', ( #8450 ), #3756, .F. ) ;
#5926 = CARTESIAN_POINT ( 'NONE',  ( 6.936032041318004104, -3.000000000000000000, 1.655637665317507334 ) ) ;
#5927 = ADVANCED_FACE ( 'NONE', ( #6759 ), #8833, .F. ) ;
#5928 = EDGE_CURVE ( 'NONE', #5052, #3666, #7598, .T. ) ;
#5929 = CARTESIAN_POINT ( 'NONE',  ( 4.765813472607303147, -3.000000000000000000, 2.217895491935343966 ) ) ;
#5930 = VECTOR ( 'NONE', #4836, 1000.000000000000000 ) ;
#5931 = CARTESIAN_POINT ( 'NONE',  ( -5.534999999999998366, 1.604999999999999982, -4.099999999999999645 ) ) ;
#5932 = CARTESIAN_POINT ( 'NONE',  ( 5.152928104760619910, -3.000000000000000000, 1.445943403181894071 ) ) ;
#5933 = ORIENTED_EDGE ( 'NONE', *, *, #4174, .T. ) ;
#5934 = B_SPLINE_CURVE_WITH_KNOTS ( 'NONE', 3,
 ( #2970, #549, #5991, #9013 ),
 .UNSPECIFIED., .F., .F.,
 ( 4, 4 ),
 ( 2.000000000000000000, 3.000000000000000000 ),
 .UNSPECIFIED. ) ;
#5935 = CARTESIAN_POINT ( 'NONE',  ( 6.822722989650397807, -3.010000000000000231, 1.605369054245710858 ) ) ;
#5936 = DIRECTION ( 'NONE',  ( 4.451381212076075797E-14, 0.000000000000000000, -1.000000000000000000 ) ) ;
#5937 = DIRECTION ( 'NONE',  ( -1.000000000000000000, 0.000000000000000000, -0.000000000000000000 ) ) ;
#5938 = CARTESIAN_POINT ( 'NONE',  ( 6.883716662694541633, -3.000000000000000000, 1.697882947586647484 ) ) ;
#5939 = ORIENTED_EDGE ( 'NONE', *, *, #4792, .T. ) ;
#5940 = ORIENTED_EDGE ( 'NONE', *, *, #7355, .F. ) ;
#5941 = LINE ( 'NONE', #5160, #6669 ) ;
#5942 = CARTESIAN_POINT ( 'NONE',  ( 6.936032041318004104, -3.010000000000000231, 1.655637665317507334 ) ) ;
#5943 = CARTESIAN_POINT ( 'NONE',  ( 7.710938236430269654, -3.010000000000000231, 1.720479261359030287 ) ) ;
#5944 = CARTESIAN_POINT ( 'NONE',  ( 6.722513250313609134, -3.010000000000000231, 1.655801406721455260 ) ) ;
#5945 = CARTESIAN_POINT ( 'NONE',  ( 7.510518757758879005, -3.010000000000000231, 2.367585290538150922 ) ) ;
#5946 = DIRECTION ( 'NONE',  ( -0.000000000000000000, -0.000000000000000000, 1.000000000000000000 ) ) ;
#5947 = CARTESIAN_POINT ( 'NONE',  ( 6.840407061297499425, -3.010000000000000231, 1.596527018421072253 ) ) ;
#5948 = DIRECTION ( 'NONE',  ( -0.3416038306902356436, 0.000000000000000000, 0.9398440417738236352 ) ) ;
#5949 = ORIENTED_EDGE ( 'NONE', *, *, #7508, .T. ) ;
#5950 = ORIENTED_EDGE ( 'NONE', *, *, #3985, .F. ) ;
#5951 = DIRECTION ( 'NONE',  ( 1.000000000000000000, 0.000000000000000000, 0.000000000000000000 ) ) ;
#5952 = FACE_OUTER_BOUND ( 'NONE', #9056, .T. ) ;
#5953 = EDGE_CURVE ( 'NONE', #7961, #3442, #363, .T. ) ;
#5954 = ADVANCED_FACE ( 'NONE', ( #266 ), #6544, .F. ) ;
#5955 = CARTESIAN_POINT ( 'NONE',  ( 6.895178560984680516, -3.000000000000000000, 1.798747652540360065 ) ) ;
#5956 = ORIENTED_EDGE ( 'NONE', *, *, #5671, .F. ) ;
#5957 = EDGE_LOOP ( 'NONE', ( #7275, #8018, #4314, #7370 ) ) ;
#5958 = FACE_OUTER_BOUND ( 'NONE', #3334, .T. ) ;
#5959 = VERTEX_POINT ( 'NONE', #7855 ) ;
#5960 = LINE ( 'NONE', #327, #9369 ) ;
#5961 = ORIENTED_EDGE ( 'NONE', *, *, #9320, .F. ) ;
#5962 = CARTESIAN_POINT ( 'NONE',  ( 7.251316114996774864, -3.000000000000000000, 2.378883447424333664 ) ) ;
#5963 = DIRECTION ( 'NONE',  ( 0.000000000000000000, -1.000000000000000000, 0.000000000000000000 ) ) ;
#5964 = PLANE ( 'NONE',  #513 ) ;
#5965 = ORIENTED_EDGE ( 'NONE', *, *, #409, .T. ) ;
#5966 = CARTESIAN_POINT ( 'NONE',  ( 6.415252505436413344, -3.010000000000000231, 1.633860058567110363 ) ) ;
#5967 = EDGE_CURVE ( 'NONE', #9667, #5047, #4857, .T. ) ;
#5968 = CARTESIAN_POINT ( 'NONE',  ( 6.822968601756333129, -3.000000000000000000, 1.784665891782520664 ) ) ;
#5969 = ORIENTED_EDGE ( 'NONE', *, *, #7244, .T. ) ;
#5970 = FACE_OUTER_BOUND ( 'NONE', #9087, .T. ) ;
#5971 = LINE ( 'NONE', #4318, #5402 ) ;
#5972 = CARTESIAN_POINT ( 'NONE',  ( 5.080059486004070202, -3.000000000000000000, 2.322644177546035582 ) ) ;
#5973 = CARTESIAN_POINT ( 'NONE',  ( 7.275631713515077870, -3.000000000000000000, 2.175352882071195815 ) ) ;
#5974 = DIRECTION ( 'NONE',  ( -0.000000000000000000, 0.000000000000000000, -1.000000000000000000 ) ) ;
#5975 = ORIENTED_EDGE ( 'NONE', *, *, #2352, .T. ) ;
#5976 = EDGE_CURVE ( 'NONE', #9136, #9407, #8642, .T. ) ;
#5977 = CARTESIAN_POINT ( 'NONE',  ( 5.055010880661979122, -3.010000000000000231, 1.903649587121335918 ) ) ;
#5978 = ORIENTED_EDGE ( 'NONE', *, *, #952, .T. ) ;
#5979 = DIRECTION ( 'NONE',  ( -0.3416038306815700754, 0.000000000000000000, 0.9398440417769733379 ) ) ;
#5980 = ORIENTED_EDGE ( 'NONE', *, *, #284, .T. ) ;
#5981 = EDGE_CURVE ( 'NONE', #8660, #25, #3398, .T. ) ;
#5982 = DIRECTION ( 'NONE',  ( -0.000000000000000000, 1.000000000000000000, -0.000000000000000000 ) ) ;
#5983 = CARTESIAN_POINT ( 'NONE',  ( 5.619742860615626334, -3.000000000000000000, 2.375018520350290263 ) ) ;
#5984 = CARTESIAN_POINT ( 'NONE',  ( 6.625250856252422160, -3.010000000000000231, 1.661859838674450973 ) ) ;
#5985 = ORIENTED_EDGE ( 'NONE', *, *, #3931, .T. ) ;
#5986 = ORIENTED_EDGE ( 'NONE', *, *, #5785, .F. ) ;
#5987 = ORIENTED_EDGE ( 'NONE', *, *, #9450, .F. ) ;
#5988 = SURFACE_SIDE_STYLE ('',( #6734 ) ) ;
#5989 = DIRECTION ( 'NONE',  ( 1.000000000000000000, 0.000000000000000000, 0.000000000000000000 ) ) ;
#5990 = B_SPLINE_SURFACE_WITH_KNOTS ( 'NONE', 3, 1, ( 
 ( #6285, #4831 ),
 ( #1033, #4781 ),
 ( #386, #3369 ),
 ( #9310, #8518 ) ),
 .UNSPECIFIED., .F., .F., .F.,
 ( 4, 4 ),
 ( 2, 2 ),
 ( 4.000000000000000000, 5.000000000000000000 ),
 ( 0.000000000000000000, 1.000000000000000000 ),
 .UNSPECIFIED. ) ;
#5991 = CARTESIAN_POINT ( 'NONE',  ( 5.259953944207918397, -3.010000000000000231, 2.479767197816991064 ) ) ;
#5992 = CARTESIAN_POINT ( 'NONE',  ( 7.665000000000001812, 1.604999999999999982, -4.099999999999999645 ) ) ;
#5993 = ADVANCED_FACE ( 'NONE', ( #1100 ), #5522, .T. ) ;
#5994 = DIRECTION ( 'NONE',  ( 0.000000000000000000, -0.000000000000000000, -1.000000000000000000 ) ) ;
#5995 = CARTESIAN_POINT ( 'NONE',  ( 7.024779882364643235, -3.010000000000000231, 2.388871673076673474 ) ) ;
#5996 = ORIENTED_EDGE ( 'NONE', *, *, #2052, .F. ) ;
#5997 = EDGE_LOOP ( 'NONE', ( #2489, #5788, #3499, #3366 ) ) ;
#5998 = DIRECTION ( 'NONE',  ( -0.000000000000000000, -0.000000000000000000, 1.000000000000000000 ) ) ;
#5999 = CARTESIAN_POINT ( 'NONE',  ( 6.606911818987319052, -3.010000000000000231, 1.810045809426548136 ) ) ;
#6000 = ORIENTED_EDGE ( 'NONE', *, *, #3578, .F. ) ;
#6001 = CARTESIAN_POINT ( 'NONE',  ( 6.876512040911660684, -3.000000000000000000, 1.790233099523641513 ) ) ;
#6002 = ORIENTED_EDGE ( 'NONE', *, *, #9172, .T. ) ;
#6003 = CARTESIAN_POINT ( 'NONE',  ( 7.914878155293300743, -3.000000000000000000, 1.876688560911603298 ) ) ;
#6004 = VERTEX_POINT ( 'NONE', #7749 ) ;
#6005 = VECTOR ( 'NONE', #3868, 1000.000000000000000 ) ;
#6006 = CARTESIAN_POINT ( 'NONE',  ( 7.665000000000001812, 1.855000000000000204, 0.5000000000000000000 ) ) ;
#6007 = EDGE_LOOP ( 'NONE', ( #292, #2995, #7817, #6659 ) ) ;
#6008 =( LENGTH_UNIT ( ) NAMED_UNIT ( * ) SI_UNIT ( .MILLI., .METRE. ) );
#6009 = CARTESIAN_POINT ( 'NONE',  ( 6.632946702247178195, -3.000000000000000000, 2.358252030501634344 ) ) ;
#6010 = ADVANCED_FACE ( 'NONE', ( #8542 ), #2548, .F. ) ;
#6011 = EDGE_CURVE ( 'NONE', #6702, #8998, #4006, .T. ) ;
#6012 = PRESENTATION_STYLE_ASSIGNMENT (( #856 ) ) ;
#6013 = VERTEX_POINT ( 'NONE', #4107 ) ;
#6014 = CARTESIAN_POINT ( 'NONE',  ( 7.754411579233464025, -3.000000000000000000, 1.761578353798287200 ) ) ;
#6015 = CIRCLE ( 'NONE', #9183, 0.2000000000000005107 ) ;
#6016 = FACE_OUTER_BOUND ( 'NONE', #3132, .T. ) ;
#6017 = CARTESIAN_POINT ( 'NONE',  ( 6.883716662694541633, -3.010000000000000231, 1.697882947586647484 ) ) ;
#6018 = DIRECTION ( 'NONE',  ( -0.000000000000000000, 1.000000000000000000, -0.000000000000000000 ) ) ;
#6019 = VECTOR ( 'NONE', #552, 1000.000000000000000 ) ;
#6020 = CARTESIAN_POINT ( 'NONE',  ( 7.353327009780375789, -3.000000000000000000, 2.269667930860042926 ) ) ;
#6021 = EDGE_CURVE ( 'NONE', #4981, #9414, #8262, .T. ) ;
#6022 = VECTOR ( 'NONE', #6590, 1000.000000000000227 ) ;
#6023 = ADVANCED_FACE ( 'NONE', ( #8596 ), #310, .F. ) ;
#6024 = LINE ( 'NONE', #3861, #7960 ) ;
#6025 = EDGE_LOOP ( 'NONE', ( #6823, #2860, #74, #2418 ) ) ;
#6026 = DIRECTION ( 'NONE',  ( -0.000000000000000000, -1.000000000000000000, -0.000000000000000000 ) ) ;
#6027 = ORIENTED_EDGE ( 'NONE', *, *, #4540, .T. ) ;
#6028 = CARTESIAN_POINT ( 'NONE',  ( -5.034999999999997478, 1.604999999999999982, -4.099999999999999645 ) ) ;
#6029 = MECHANICAL_DESIGN_GEOMETRIC_PRESENTATION_REPRESENTATION (  '', ( #7292 ), #9359 ) ;
#6030 = ORIENTED_EDGE ( 'NONE', *, *, #8787, .F. ) ;
#6031 = STYLED_ITEM ( 'NONE', ( #1475 ), #3327 ) ;
#6032 = LINE ( 'NONE', #5154, #9676 ) ;
#6033 = CARTESIAN_POINT ( 'NONE',  ( 7.108697351987983026, -3.010000000000000231, 1.635333731202734731 ) ) ;
#6034 = CARTESIAN_POINT ( 'NONE',  ( 6.720220870656011591, -3.010000000000000231, 2.393783915199771961 ) ) ;
#6035 = ADVANCED_FACE ( 'NONE', ( #9247 ), #4710, .T. ) ;
#6036 = AXIS2_PLACEMENT_3D ( 'NONE', #8654, #8976, #6653 ) ;
#6037 = VERTEX_POINT ( 'NONE', #163 ) ;
#6038 = CARTESIAN_POINT ( 'NONE',  ( 5.453511282000583549, -3.000000000000000000, 2.511647229380917778 ) ) ;
#6039 = SURFACE_STYLE_USAGE ( .BOTH. , #7476 ) ;
#6040 = CARTESIAN_POINT ( 'NONE',  ( 5.886168860597935648, -3.000000000000000000, 2.213341205978663684 ) ) ;
#6041 = CARTESIAN_POINT ( 'NONE',  ( 6.728244199458690566, -3.010000000000000231, 1.671356840114924358 ) ) ;
#6042 = STYLED_ITEM ( 'NONE', ( #5228 ), #4203 ) ;
#6043 = VECTOR ( 'NONE', #1030, 1000.000000000000000 ) ;
#6044 = SURFACE_STYLE_FILL_AREA ( #9123 ) ;
#6045 = FACE_OUTER_BOUND ( 'NONE', #9544, .T. ) ;
#6046 = LINE ( 'NONE', #2284, #798 ) ;
#6047 = ADVANCED_FACE ( 'NONE', ( #8493 ), #7002, .T. ) ;
#6048 = VERTEX_POINT ( 'NONE', #4355 ) ;
#6049 = ORIENTED_EDGE ( 'NONE', *, *, #3610, .F. ) ;
#6050 = FACE_OUTER_BOUND ( 'NONE', #2798, .T. ) ;
#6051 = EDGE_CURVE ( 'NONE', #2469, #3597, #1996, .T. ) ;
#6052 = VECTOR ( 'NONE', #8015, 1000.000000000000000 ) ;
#6053 = EDGE_CURVE ( 'NONE', #6177, #5864, #4943, .T. ) ;
#6054 = VECTOR ( 'NONE', #3584, 1000.000000000000000 ) ;
#6055 = DIRECTION ( 'NONE',  ( 0.000000000000000000, -1.000000000000000000, 0.000000000000000000 ) ) ;
#6056 = VECTOR ( 'NONE', #8226, 1000.000000000000000 ) ;
#6057 = VERTEX_POINT ( 'NONE', #5717 ) ;
#6058 = CARTESIAN_POINT ( 'NONE',  ( 5.180253863939324077, -3.010000000000000231, 2.422838566338476163 ) ) ;
#6059 = ORIENTED_EDGE ( 'NONE', *, *, #1367, .F. ) ;
#6060 = ORIENTED_EDGE ( 'NONE', *, *, #7042, .T. ) ;
#6061 = CARTESIAN_POINT ( 'NONE',  ( 6.901155122235682171, -3.000000000000000000, 2.249691479553174833 ) ) ;
#6062 = ORIENTED_EDGE ( 'NONE', *, *, #6388, .F. ) ;
#6063 = MECHANICAL_DESIGN_GEOMETRIC_PRESENTATION_REPRESENTATION (  '', ( #4182 ), #2412 ) ;
#6064 = AXIS2_PLACEMENT_3D ( 'NONE', #6512, #2100, #2152 ) ;
#6065 = CARTESIAN_POINT ( 'NONE',  ( 5.152928104760619910, -3.000000000000000000, 1.445943403181894071 ) ) ;
#6066 = ORIENTED_EDGE ( 'NONE', *, *, #5833, .T. ) ;
#6067 = VECTOR ( 'NONE', #230, 1000.000000000000000 ) ;
#6068 = PLANE ( 'NONE',  #3511 ) ;
#6069 = CARTESIAN_POINT ( 'NONE',  ( 5.150650950922908144, -3.010000000000000231, 1.760189329712459338 ) ) ;
#6070 = CARTESIAN_POINT ( 'NONE',  ( 7.092568823680667656, -3.000000000000000000, 2.105435302502622896 ) ) ;
#6071 = ORIENTED_EDGE ( 'NONE', *, *, #6233, .F. ) ;
#6072 = AXIS2_PLACEMENT_3D ( 'NONE', #9205, #3867, #2405 ) ;
#6073 = CARTESIAN_POINT ( 'NONE',  ( 6.624432149231541445, -3.010000000000000231, 2.114604821135169566 ) ) ;
#6074 = CARTESIAN_POINT ( 'NONE',  ( -9.824999999999999289, 2.799999999999999378, 10.19999999999999929 ) ) ;
#6075 = ORIENTED_EDGE ( 'NONE', *, *, #2498, .T. ) ;
#6076 = CARTESIAN_POINT ( 'NONE',  ( 7.710938236430269654, -3.010000000000000231, 1.760432163970577779 ) ) ;
#6077 = CARTESIAN_POINT ( 'NONE',  ( 7.353327009780375789, -3.000000000000000000, 2.220054285404065908 ) ) ;
#6078 = VECTOR ( 'NONE', #358, 1000.000000000000000 ) ;
#6079 = B_SPLINE_SURFACE_WITH_KNOTS ( 'NONE', 3, 1, ( 
 ( #5071, #8867 ),
 ( #8041, #5706 ),
 ( #403, #2879 ),
 ( #3622, #2691 ) ),
 .UNSPECIFIED., .F., .F., .F.,
 ( 4, 4 ),
 ( 2, 2 ),
 ( 4.000000000000000000, 5.000000000000000000 ),
 ( 0.000000000000000000, 1.000000000000000000 ),
 .UNSPECIFIED. ) ;
#6080 = CARTESIAN_POINT ( 'NONE',  ( 6.599297843695637766, -3.000000000000000000, 2.223656596295500165 ) ) ;
#6081 = CARTESIAN_POINT ( 'NONE',  ( 7.047458066839002555, -3.000000000000000000, 1.523989576384800815 ) ) ;
#6082 = B_SPLINE_CURVE_WITH_KNOTS ( 'NONE', 3,
 ( #2150, #565, #2896, #4454 ),
 .UNSPECIFIED., .F., .F.,
 ( 4, 4 ),
 ( 1.000000000000000000, 2.000000000000000000 ),
 .UNSPECIFIED. ) ;
#6083 = LINE ( 'NONE', #8403, #2987 ) ;
#6084 = VERTEX_POINT ( 'NONE', #560 ) ;
#6085 = DIRECTION ( 'NONE',  ( 4.451381212076075166E-14, -0.000000000000000000, -1.000000000000000000 ) ) ;
#6086 = VERTEX_POINT ( 'NONE', #9635 ) ;
#6087 = COLOUR_RGB ( '',0.6666666666666666297, 0.6666666666666666297, 0.6666666666666666297 ) ;
#6088 = EDGE_CURVE ( 'NONE', #8195, #5152, #6601, .T. ) ;
#6089 = ADVANCED_FACE ( 'NONE', ( #2838 ), #3443, .F. ) ;
#6090 = DIRECTION ( 'NONE',  ( 0.000000000000000000, -0.000000000000000000, 1.000000000000000000 ) ) ;
#6091 = DIRECTION ( 'NONE',  ( -1.000000000000000000, -0.000000000000000000, -0.000000000000000000 ) ) ;
#6092 = CARTESIAN_POINT ( 'NONE',  ( 6.888710775520707763, -3.010000000000000231, 1.624690539934555256 ) ) ;
#6093 = VERTEX_POINT ( 'NONE', #3540 ) ;
#6094 = ORIENTED_EDGE ( 'NONE', *, *, #7258, .F. ) ;
#6095 = VECTOR ( 'NONE', #3771, 1000.000000000000000 ) ;
#6096 = LINE ( 'NONE', #4633, #3039 ) ;
#6097 = PLANE ( 'NONE',  #7966 ) ;
#6098 = CARTESIAN_POINT ( 'NONE',  ( 5.970423161673574342, -3.000000000000000000, 1.912758072170702039 ) ) ;
#6099 = EDGE_CURVE ( 'NONE', #9640, #5534, #2795, .T. ) ;
#6100 = CARTESIAN_POINT ( 'NONE',  ( 4.658787589726895106, -3.000000000000000000, 1.958300975181634707 ) ) ;
#6101 = LINE ( 'NONE', #9075, #6564 ) ;
#6102 = CARTESIAN_POINT ( 'NONE',  ( 7.938375046789632350, -3.000000000000000000, 1.917623911949080551 ) ) ;
#6103 = CARTESIAN_POINT ( 'NONE',  ( 5.152928104760619910, -3.000000000000000000, 1.445943403181894071 ) ) ;
#6104 = FACE_OUTER_BOUND ( 'NONE', #6605, .T. ) ;
#6105 = ORIENTED_EDGE ( 'NONE', *, *, #7312, .T. ) ;
#6106 = EDGE_CURVE ( 'NONE', #4553, #61, #607, .T. ) ;
#6107 = CARTESIAN_POINT ( 'NONE',  ( 5.676671489377659086, -3.000000000000000000, 2.468381472064804516 ) ) ;
#6108 = EDGE_LOOP ( 'NONE', ( #4429, #5815, #5255, #3962 ) ) ;
#6109 = VERTEX_POINT ( 'NONE', #454 ) ;
#6110 = DIRECTION ( 'NONE',  ( 1.000000000000000000, 0.000000000000000000, 0.000000000000000000 ) ) ;
#6111 = ORIENTED_EDGE ( 'NONE', *, *, #1740, .T. ) ;
#6112 = ADVANCED_FACE ( 'NONE', ( #3636 ), #2023, .F. ) ;
#6113 = CARTESIAN_POINT ( 'NONE',  ( 7.305023295558240370, -3.010000000000000231, 2.150300447237265544 ) ) ;
#6114 = ORIENTED_EDGE ( 'NONE', *, *, #8712, .F. ) ;
#6115 = DIRECTION ( 'NONE',  ( 0.000000000000000000, 1.000000000000000000, 0.000000000000000000 ) ) ;
#6116 = CARTESIAN_POINT ( 'NONE',  ( 6.859810417689404360, -3.010000000000000231, 2.105435302502615791 ) ) ;
#6117 = CARTESIAN_POINT ( 'NONE',  ( 6.542807059265798308, -3.010000000000000231, 2.105435302502615791 ) ) ;
#6118 = ORIENTED_EDGE ( 'NONE', *, *, #7319, .T. ) ;
#6119 = CARTESIAN_POINT ( 'NONE',  ( 6.617309398150648114, -3.000000000000000000, 1.598000691058870215 ) ) ;
#6120 = CARTESIAN_POINT ( 'NONE',  ( 5.619742860615633440, -3.000000000000000000, 1.666826413289248077 ) ) ;
#6121 = CARTESIAN_POINT ( 'NONE',  ( 6.795705657966789381, -3.000000000000000000, 2.118698356238478464 ) ) ;
#6122 = B_SPLINE_CURVE_WITH_KNOTS ( 'NONE', 3,
 ( #2797, #1949, #5081, #8884 ),
 .UNSPECIFIED., .F., .F.,
 ( 4, 4 ),
 ( 11.00000000000000000, 12.00000000000000000 ),
 .UNSPECIFIED. ) ;
#6123 = ORIENTED_EDGE ( 'NONE', *, *, #6400, .T. ) ;
#6124 = CARTESIAN_POINT ( 'NONE',  ( 7.337198481473060419, -3.000000000000000000, 2.180265124196474780 ) ) ;
#6125 = CARTESIAN_POINT ( 'NONE',  ( 6.768360843474201083, -3.000000000000000000, 1.802513704835750907 ) ) ;
#6126 = CARTESIAN_POINT ( 'NONE',  ( 6.415252505436406238, -3.010000000000000231, 2.141949635626684056 ) ) ;
#6127 = CARTESIAN_POINT ( 'NONE',  ( 6.834348629344503934, -3.000000000000000000, 1.728175107353765005 ) ) ;
#6128 = B_SPLINE_CURVE_WITH_KNOTS ( 'NONE', 3,
 ( #1707, #4021, #9345, #7015 ),
 .UNSPECIFIED., .F., .F.,
 ( 4, 4 ),
 ( 3.000000000000000000, 4.000000000000000000 ),
 .UNSPECIFIED. ) ;
#6129 = DIRECTION ( 'NONE',  ( 0.000000000000000000, 0.000000000000000000, -1.000000000000000000 ) ) ;
#6130 = EDGE_LOOP ( 'NONE', ( #7720, #3063, #7044, #8752, #2585, #7089, #751, #8420, #5150, #4577, #7324, #3900, #5398, #6850, #1206, #8022, #1229, #2592, #8927, #1811, #5399 ) ) ;
#6131 = LINE ( 'NONE', #965, #373 ) ;
#6132 = ORIENTED_EDGE ( 'NONE', *, *, #1989, .T. ) ;
#6133 = DIRECTION ( 'NONE',  ( 0.000000000000000000, -0.000000000000000000, 1.000000000000000000 ) ) ;
#6134 = CARTESIAN_POINT ( 'NONE',  ( 6.977213004460321777, -3.000000000000000000, 1.674631668198443890 ) ) ;
#6135 = CARTESIAN_POINT ( 'NONE',  ( 4.866007807109460792, -3.010000000000000231, 1.619006399874787006 ) ) ;
#6136 = ORIENTED_EDGE ( 'NONE', *, *, #9377, .F. ) ;
#6137 = ADVANCED_FACE ( 'NONE', ( #2980 ), #3544, .F. ) ;
#6138 = EDGE_CURVE ( 'NONE', #9280, #9679, #7642, .T. ) ;
#6139 = CARTESIAN_POINT ( 'NONE',  ( 5.628851475963204898, -3.000000000000000000, 1.985626821225459970 ) ) ;
#6140 = CARTESIAN_POINT ( 'NONE',  ( 6.865868849642400740, -3.010000000000000231, 1.825273760012084967 ) ) ;
#6141 = UNCERTAINTY_MEASURE_WITH_UNIT (LENGTH_MEASURE( 1.000000000000000082E-05 ), #4928, 'distance_accuracy_value', 'NONE');
#6142 = CARTESIAN_POINT ( 'NONE',  ( 6.591110773487929286, -3.010000000000000231, 1.621906936062908811 ) ) ;
#6143 = B_SPLINE_CURVE_WITH_KNOTS ( 'NONE', 3,
 ( #6336, #5600, #4879, #1439, #4500, #2036, #5034 ),
 .UNSPECIFIED., .F., .F.,
 ( 4, 3, 4 ),
 ( 0.000000000000000000, 1.000000000000000000, 2.000000000000000000 ),
 .UNSPECIFIED. ) ;
#6144 = FACE_OUTER_BOUND ( 'NONE', #710, .T. ) ;
#6145 = B_SPLINE_CURVE_WITH_KNOTS ( 'NONE', 3,
 ( #380, #5738, #3311, #6327 ),
 .UNSPECIFIED., .F., .F.,
 ( 4, 4 ),
 ( 2.000000000000000000, 3.000000000000000000 ),
 .UNSPECIFIED. ) ;
#6146 = PLANE ( 'NONE',  #3351 ) ;
#6147 = ORIENTED_EDGE ( 'NONE', *, *, #1617, .T. ) ;
#6148 = CARTESIAN_POINT ( 'NONE',  ( 5.690334325534464277, -3.010000000000000231, 1.737417878208080690 ) ) ;
#6149 = EDGE_CURVE ( 'NONE', #6582, #3848, #5221, .T. ) ;
#6150 = CARTESIAN_POINT ( 'NONE',  ( 6.542807059265798308, -3.000000000000000000, 2.105435302502615791 ) ) ;
#6151 = VECTOR ( 'NONE', #4411, 1000.000000000000000 ) ;
#6152 = VERTEX_POINT ( 'NONE', #5907 ) ;
#6153 = FACE_OUTER_BOUND ( 'NONE', #7719, .T. ) ;
#6154 = ORIENTED_EDGE ( 'NONE', *, *, #105, .T. ) ;
#6155 = EDGE_LOOP ( 'NONE', ( #3325, #3640, #8902, #3546 ) ) ;
#6156 = DIRECTION ( 'NONE',  ( -0.000000000000000000, 1.000000000000000000, -0.000000000000000000 ) ) ;
#6157 = B_SPLINE_SURFACE_WITH_KNOTS ( 'NONE', 3, 1, ( 
 ( #1067, #4120 ),
 ( #2047, #3694 ),
 ( #3642, #9742 ),
 ( #4306, #7442 ) ),
 .UNSPECIFIED., .F., .F., .F.,
 ( 4, 4 ),
 ( 2, 2 ),
 ( 20.00000000000000000, 21.00000000000000000 ),
 ( 0.000000000000000000, 1.000000000000000000 ),
 .UNSPECIFIED. ) ;
#6158 = DIRECTION ( 'NONE',  ( -1.222652889225965627E-14, 0.000000000000000000, 1.000000000000000000 ) ) ;
#6159 = ORIENTED_EDGE ( 'NONE', *, *, #3328, .T. ) ;
#6160 = MECHANICAL_DESIGN_GEOMETRIC_PRESENTATION_REPRESENTATION (  '', ( #4911 ), #7269 ) ;
#6161 = DIRECTION ( 'NONE',  ( 0.000000000000000000, 1.000000000000000000, 0.000000000000000000 ) ) ;
#6162 = EDGE_CURVE ( 'NONE', #1923, #4165, #7436, .T. ) ;
#6163 = ORIENTED_EDGE ( 'NONE', *, *, #8597, .F. ) ;
#6164 = CARTESIAN_POINT ( 'NONE',  ( 6.630736193290477587, -3.010000000000000231, 2.170604381352050360 ) ) ;
#6165 = CARTESIAN_POINT ( 'NONE',  ( 5.649345730197858906, -3.000000000000000000, 1.598512058771758060 ) ) ;
#6166 =( GEOMETRIC_REPRESENTATION_CONTEXT ( 3 ) GLOBAL_UNCERTAINTY_ASSIGNED_CONTEXT ( ( #5547 ) ) GLOBAL_UNIT_ASSIGNED_CONTEXT ( ( #1146, #8678, #7332 ) ) REPRESENTATION_CONTEXT ( 'NONE', 'WORKASPACE' ) );
#6167 = CARTESIAN_POINT ( 'NONE',  ( 6.555906371596618598, -3.000000000000000000, 2.311094506107202573 ) ) ;
#6168 = FACE_OUTER_BOUND ( 'NONE', #6629, .T. ) ;
#6169 = CARTESIAN_POINT ( 'NONE',  ( 7.915860603719233168, -3.000000000000000000, 1.876688560911603298 ) ) ;
#6170 = LINE ( 'NONE', #6808, #8449 ) ;
#6171 = ADVANCED_FACE ( 'NONE', ( #8236 ), #3956, .F. ) ;
#6172 = CARTESIAN_POINT ( 'NONE',  ( 7.305023295558240370, -3.000000000000000000, 2.383304465335559286 ) ) ;
#6173 = CARTESIAN_POINT ( 'NONE',  ( 7.029119029573883459, -3.000000000000000000, 1.523989576384800815 ) ) ;
#6174 = ADVANCED_FACE ( 'NONE', ( #6745 ), #59, .F. ) ;
#6175 = MECHANICAL_DESIGN_GEOMETRIC_PRESENTATION_REPRESENTATION (  '', ( #7919 ), #4628 ) ;
#6176 = LINE ( 'NONE', #9055, #3796 ) ;
#6177 = VERTEX_POINT ( 'NONE', #9131 ) ;
#6178 = CARTESIAN_POINT ( 'NONE',  ( 6.634911599096860790, -3.000000000000000000, 1.591942259105878055 ) ) ;
#6179 = ORIENTED_EDGE ( 'NONE', *, *, #4076, .T. ) ;
#6180 = CARTESIAN_POINT ( 'NONE',  ( 6.728244199458690566, -3.000000000000000000, 1.690187101591904328 ) ) ;
#6181 = CARTESIAN_POINT ( 'NONE',  ( 6.546163758050211889, -3.000000000000000000, 1.633860058567110363 ) ) ;
#6182 = CARTESIAN_POINT ( 'NONE',  ( 7.416776803886060421, -3.010000000000000231, 1.778279977021620439 ) ) ;
#6183 = CARTESIAN_POINT ( 'NONE',  ( 6.679121778215677097, -3.010000000000000231, 2.136873652097444509 ) ) ;
#6184 = ORIENTED_EDGE ( 'NONE', *, *, #9481, .T. ) ;
#6185 = EDGE_LOOP ( 'NONE', ( #4704, #1581, #6179, #1209, #5726, #1063 ) ) ;
#6186 = FACE_OUTER_BOUND ( 'NONE', #1164, .T. ) ;
#6187 = PRESENTATION_LAYER_ASSIGNMENT (  '', '', ( #1118 ) ) ;
#6188 = CARTESIAN_POINT ( 'NONE',  ( 5.150650994356001711, -3.010000000000000231, 2.156412707512648907 ) ) ;
#6189 = VECTOR ( 'NONE', #5382, 1000.000000000000000 ) ;
#6190 = CARTESIAN_POINT ( 'NONE',  ( 7.298473639393380452, -3.010000000000000231, 2.197457971631696871 ) ) ;
#6191 =( NAMED_UNIT ( * ) PLANE_ANGLE_UNIT ( ) SI_UNIT ( $, .RADIAN. ) );
#6192 = LINE ( 'NONE', #196, #377 ) ;
#6193 = SURFACE_STYLE_FILL_AREA ( #197 ) ;
#6194 = CARTESIAN_POINT ( 'NONE',  ( 5.323714034482007307, -3.000000000000000000, 1.826226660690460912 ) ) ;
#6195 = VECTOR ( 'NONE', #2138, 1000.000000000000000 ) ;
#6196 = CARTESIAN_POINT ( 'NONE',  ( 7.537290477336535233, -3.010000000000000231, 2.425713489008664681 ) ) ;
#6197 = VECTOR ( 'NONE', #7975, 1000.000000000000000 ) ;
#6198 = ORIENTED_EDGE ( 'NONE', *, *, #2014, .T. ) ;
#6199 = DIRECTION ( 'NONE',  ( 1.000000000000000000, 0.000000000000000000, 1.083260458603921549E-14 ) ) ;
#6200 = VECTOR ( 'NONE', #4231, 1000.000000000000000 ) ;
#6201 = CARTESIAN_POINT ( 'NONE',  ( 5.690334325534464277, -3.000000000000000000, 1.737417878208080690 ) ) ;
#6202 = ORIENTED_EDGE ( 'NONE', *, *, #5156, .T. ) ;
#6203 = ORIENTED_EDGE ( 'NONE', *, *, #2574, .T. ) ;
#6204 = EDGE_CURVE ( 'NONE', #8830, #1496, #2530, .T. ) ;
#6205 = CARTESIAN_POINT ( 'NONE',  ( 7.337198481473060419, -3.000000000000000000, 2.180265124196474780 ) ) ;
#6206 = VERTEX_POINT ( 'NONE', #9026 ) ;
#6207 = ADVANCED_FACE ( 'NONE', ( #2241 ), #9091, .F. ) ;
#6208 = VECTOR ( 'NONE', #9748, 1000.000000000000000 ) ;
#6209 = CIRCLE ( 'NONE', #5432, 0.2000000000000005107 ) ;
#6210 = SURFACE_STYLE_FILL_AREA ( #4658 ) ;
#6211 = VERTEX_POINT ( 'NONE', #3031 ) ;
#6212 = DIRECTION ( 'NONE',  ( -0.000000000000000000, 1.000000000000000000, -0.000000000000000000 ) ) ;
#6213 = DIRECTION ( 'NONE',  ( 0.000000000000000000, 1.000000000000000000, -0.000000000000000000 ) ) ;
#6214 = PRESENTATION_STYLE_ASSIGNMENT (( #3289 ) ) ;
#6215 = STYLED_ITEM ( 'NONE', ( #4878 ), #5416 ) ;
#6216 = DIRECTION ( 'NONE',  ( 1.000000000000000000, 0.000000000000000000, -0.000000000000000000 ) ) ;
#6217 = PRESENTATION_LAYER_ASSIGNMENT (  '', '', ( #9231 ) ) ;
#6218 = CARTESIAN_POINT ( 'NONE',  ( 5.774588713476296320, -3.000000000000000000, 2.090375376536846908 ) ) ;
#6219 = EDGE_CURVE ( 'NONE', #376, #4140, #2292, .T. ) ;
#6220 = EDGE_LOOP ( 'NONE', ( #3612, #3292, #995, #5705 ) ) ;
#6221 = CARTESIAN_POINT ( 'NONE',  ( 5.970423161673574342, -3.000000000000000000, 1.912758072170702039 ) ) ;
#6222 = FACE_OUTER_BOUND ( 'NONE', #3284, .T. ) ;
#6223 = CARTESIAN_POINT ( 'NONE',  ( 7.217667256446336665, -3.010000000000000231, 1.826092467031883215 ) ) ;
#6224 = PLANE ( 'NONE',  #5307 ) ;
#6225 = CARTESIAN_POINT ( 'NONE',  ( 6.858418615753585357, -3.010000000000000231, 1.708034914642950541 ) ) ;
#6226 = CARTESIAN_POINT ( 'NONE',  ( 7.622190395384715877, -3.000000000000000000, 1.633860058567119022 ) ) ;
#6227 = VECTOR ( 'NONE', #8345, 1000.000000000000000 ) ;
#6228 = CARTESIAN_POINT ( 'NONE',  ( 6.415252505436406238, -3.010000000000000231, 1.778279977021613556 ) ) ;
#6229 = EDGE_LOOP ( 'NONE', ( #7443, #9133, #1645, #2374 ) ) ;
#6230 = DIRECTION ( 'NONE',  ( -0.3385350343141436680, 0.000000000000000000, -0.9409537876760587505 ) ) ;
#6231 = ORIENTED_EDGE ( 'NONE', *, *, #3016, .T. ) ;
#6232 = FACE_OUTER_BOUND ( 'NONE', #6914, .T. ) ;
#6233 = EDGE_CURVE ( 'NONE', #2104, #2417, #4651, .T. ) ;
#6234 = VECTOR ( 'NONE', #337, 1000.000000000000000 ) ;
#6235 = DIRECTION ( 'NONE',  ( 0.000000000000000000, -0.000000000000000000, 1.000000000000000000 ) ) ;
#6236 = CARTESIAN_POINT ( 'NONE',  ( 7.518214603753619052, -3.010000000000000231, 2.366766583516173750 ) ) ;
#6237 = ADVANCED_FACE ( 'NONE', ( #3896 ), #6243, .F. ) ;
#6238 = EDGE_CURVE ( 'NONE', #1864, #8431, #3549, .T. ) ;
#6239 = FACE_OUTER_BOUND ( 'NONE', #5277, .T. ) ;
#6240 = CARTESIAN_POINT ( 'NONE',  ( 7.969240301470609467, -3.010000000000000231, 1.721134226974865067 ) ) ;
#6241 = ORIENTED_EDGE ( 'NONE', *, *, #1633, .F. ) ;
#6242 = CARTESIAN_POINT ( 'NONE',  ( 6.912043925610888095, -3.000000000000000000, 1.831332191965078904 ) ) ;
#6243 = B_SPLINE_SURFACE_WITH_KNOTS ( 'NONE', 3, 1, ( 
 ( #2145, #7584 ),
 ( #99, #7692 ),
 ( #1644, #7792 ),
 ( #1044, #9235 ) ),
 .UNSPECIFIED., .F., .F., .F.,
 ( 4, 4 ),
 ( 2, 2 ),
 ( 16.00000000000000000, 17.00000000000000000 ),
 ( 0.000000000000000000, 1.000000000000000000 ),
 .UNSPECIFIED. ) ;
#6244 = CARTESIAN_POINT ( 'NONE',  ( 6.728244199458690566, -3.010000000000000231, 1.780081132467331573 ) ) ;
#6245 = UNCERTAINTY_MEASURE_WITH_UNIT (LENGTH_MEASURE( 1.000000000000000082E-05 ), #5340, 'distance_accuracy_value', 'NONE');
#6246 = CARTESIAN_POINT ( 'NONE',  ( 6.604210085819834930, -3.000000000000000000, 1.609953813560887737 ) ) ;
#6247 = LINE ( 'NONE', #7183, #1174 ) ;
#6248 = DIRECTION ( 'NONE',  ( -0.000000000000000000, 1.000000000000000000, -0.000000000000000000 ) ) ;
#6249 = DIRECTION ( 'NONE',  ( -0.000000000000000000, 1.000000000000000000, -0.000000000000000000 ) ) ;
#6250 = CARTESIAN_POINT ( 'NONE',  ( 7.633570422972892011, -3.010000000000000231, 1.917623911949080551 ) ) ;
#6251 = ORIENTED_EDGE ( 'NONE', *, *, #5483, .T. ) ;
#6252 = CARTESIAN_POINT ( 'NONE',  ( 9.624999999999996447, 3.000000000000000000, 0.000000000000000000 ) ) ;
#6253 = B_SPLINE_CURVE_WITH_KNOTS ( 'NONE', 3,
 ( #2720, #339, #3269, #1722 ),
 .UNSPECIFIED., .F., .F.,
 ( 4, 4 ),
 ( 4.000000000000000000, 5.000000000000000000 ),
 .UNSPECIFIED. ) ;
#6254 = ORIENTED_EDGE ( 'NONE', *, *, #507, .F. ) ;
#6255 = CARTESIAN_POINT ( 'NONE',  ( 5.029962318751897143, -3.000000000000000000, 2.190569884771403686 ) ) ;
#6256 = CARTESIAN_POINT ( 'NONE',  ( 6.712770636767210419, -3.000000000000000000, 1.798747652540360065 ) ) ;
#6257 = VERTEX_POINT ( 'NONE', #4702 ) ;
#6258 = CARTESIAN_POINT ( 'NONE',  ( 7.092568823680662327, -3.010000000000000231, 2.425713489008659351 ) ) ;
#6259 = PLANE ( 'NONE',  #8139 ) ;
#6260 = CARTESIAN_POINT ( 'NONE',  ( 6.908114131911542444, -3.010000000000000231, 1.798747652540360065 ) ) ;
#6261 = CARTESIAN_POINT ( 'NONE',  ( 7.180416087004449111, -3.000000000000000000, 2.141949635626684056 ) ) ;
#6262 = EDGE_CURVE ( 'NONE', #2688, #5173, #5321, .T. ) ;
#6263 = EDGE_CURVE ( 'NONE', #3866, #4140, #1290, .T. ) ;
#6264 = CARTESIAN_POINT ( 'NONE',  ( 6.415252505436406238, -3.010000000000000231, 2.141949635626684056 ) ) ;
#6265 = CARTESIAN_POINT ( 'NONE',  ( 9.624999999999998224, -2.799999999999999822, 9.999999999999998224 ) ) ;
#6266 = ORIENTED_EDGE ( 'NONE', *, *, #4052, .F. ) ;
#6267 = LINE ( 'NONE', #6496, #5555 ) ;
#6268 = B_SPLINE_CURVE_WITH_KNOTS ( 'NONE', 3,
 ( #3998, #2490, #1696, #3438 ),
 .UNSPECIFIED., .F., .F.,
 ( 4, 4 ),
 ( 0.000000000000000000, 1.000000000000000000 ),
 .UNSPECIFIED. ) ;
#6269 = CARTESIAN_POINT ( 'NONE',  ( -5.534999999999998366, 1.604999999999999982, -4.099999999999999645 ) ) ;
#6270 = DIRECTION ( 'NONE',  ( 0.3493954794691319088, -0.000000000000000000, -0.9369753459544895025 ) ) ;
#6271 = DIRECTION ( 'NONE',  ( 0.000000000000000000, 1.000000000000000000, 0.000000000000000000 ) ) ;
#6272 = EDGE_LOOP ( 'NONE', ( #562, #2151, #7188, #4795 ) ) ;
#6273 = EDGE_CURVE ( 'NONE', #6257, #8472, #3064, .T. ) ;
#6274 = ORIENTED_EDGE ( 'NONE', *, *, #4894, .T. ) ;
#6275 = LINE ( 'NONE', #1562, #5909 ) ;
#6276 = ORIENTED_EDGE ( 'NONE', *, *, #9118, .F. ) ;
#6277 =( NAMED_UNIT ( * ) PLANE_ANGLE_UNIT ( ) SI_UNIT ( $, .RADIAN. ) );
#6278 = CARTESIAN_POINT ( 'NONE',  ( 4.625000000000002665, 1.855000000000000204, -4.099999999999999645 ) ) ;
#6279 = DIRECTION ( 'NONE',  ( 1.000000000000000000, 0.000000000000000000, 0.000000000000000000 ) ) ;
#6280 = CARTESIAN_POINT ( 'NONE',  ( 6.713016248873132419, -3.000000000000000000, 2.136873652097444509 ) ) ;
#6281 = ORIENTED_EDGE ( 'NONE', *, *, #704, .T. ) ;
#6282 = PLANE ( 'NONE',  #4489 ) ;
#6283 = ADVANCED_FACE ( 'NONE', ( #895 ), #1012, .F. ) ;
#6284 =( NAMED_UNIT ( * ) SI_UNIT ( $, .STERADIAN. ) SOLID_ANGLE_UNIT ( ) );
#6285 = CARTESIAN_POINT ( 'NONE',  ( 7.706107865009146352, -3.010000000000000231, 1.642210870177697180 ) ) ;
#6286 = CARTESIAN_POINT ( 'NONE',  ( 5.045902308746413212, -3.010000000000000231, 2.327198463502726522 ) ) ;
#6287 = LINE ( 'NONE', #7778, #4051 ) ;
#6288 = CARTESIAN_POINT ( 'NONE',  ( 6.768360843474201083, -3.010000000000000231, 1.744549247767018363 ) ) ;
#6289 = LINE ( 'NONE', #9315, #8937 ) ;
#6290 = CARTESIAN_POINT ( 'NONE',  ( 7.274731135791117076, -3.000000000000000000, 2.358743254713512538 ) ) ;
#6291 = ORIENTED_EDGE ( 'NONE', *, *, #6053, .F. ) ;
#6292 = PLANE ( 'NONE',  #5414 ) ;
#6293 = FACE_OUTER_BOUND ( 'NONE', #5328, .T. ) ;
#6294 = ADVANCED_FACE ( 'NONE', ( #7887 ), #8299, .F. ) ;
#6295 = B_SPLINE_CURVE_WITH_KNOTS ( 'NONE', 3,
 ( #4464, #2907, #9609, #4415 ),
 .UNSPECIFIED., .F., .F.,
 ( 4, 4 ),
 ( 2.000000000000000000, 3.000000000000000000 ),
 .UNSPECIFIED. ) ;
#6296 = CARTESIAN_POINT ( 'NONE',  ( 7.032230116253447960, -3.010000000000000231, 1.489603881514363959 ) ) ;
#6297 = ORIENTED_EDGE ( 'NONE', *, *, #235, .F. ) ;
#6298 = ORIENTED_EDGE ( 'NONE', *, *, #5710, .F. ) ;
#6299 = LINE ( 'NONE', #1694, #8237 ) ;
#6300 = ORIENTED_EDGE ( 'NONE', *, *, #8447, .T. ) ;
#6301 = PRESENTATION_STYLE_ASSIGNMENT (( #4936 ) ) ;
#6302 = CARTESIAN_POINT ( 'NONE',  ( -7.574999999999998401, 1.855000000000000204, -4.099999999999999645 ) ) ;
#6303 = CARTESIAN_POINT ( 'NONE',  ( 7.113609594113256662, -3.010000000000000231, 1.653836509871792870 ) ) ;
#6304 = PLANE ( 'NONE',  #3684 ) ;
#6305 = PLANE ( 'NONE',  #64 ) ;
#6306 = SURFACE_STYLE_FILL_AREA ( #9289 ) ;
#6307 = SURFACE_STYLE_USAGE ( .BOTH. , #3291 ) ;
#6308 = VECTOR ( 'NONE', #6425, 1000.000000000000000 ) ;
#6309 = ORIENTED_EDGE ( 'NONE', *, *, #6219, .F. ) ;
#6310 = ADVANCED_FACE ( 'NONE', ( #6153 ), #939, .F. ) ;
#6311 = DIRECTION ( 'NONE',  ( -0.5048830486499521486, 0.000000000000000000, 0.8631877589411992568 ) ) ;
#6312 = SURFACE_STYLE_USAGE ( .BOTH. , #4900 ) ;
#6313 = DIRECTION ( 'NONE',  ( -0.000000000000000000, 1.000000000000000000, -0.000000000000000000 ) ) ;
#6314 = DIRECTION ( 'NONE',  ( -0.000000000000000000, -0.000000000000000000, -1.000000000000000000 ) ) ;
#6315 = LINE ( 'NONE', #960, #521 ) ;
#6316 = EDGE_LOOP ( 'NONE', ( #4010, #1691, #805, #3491 ) ) ;
#6317 =( GEOMETRIC_REPRESENTATION_CONTEXT ( 3 ) GLOBAL_UNCERTAINTY_ASSIGNED_CONTEXT ( ( #3634 ) ) GLOBAL_UNIT_ASSIGNED_CONTEXT ( ( #2343, #3906, #810 ) ) REPRESENTATION_CONTEXT ( 'NONE', 'WORKASPACE' ) );
#6318 = DIRECTION ( 'NONE',  ( -0.000000000000000000, -1.000000000000000000, -0.000000000000000000 ) ) ;
#6319 = VERTEX_POINT ( 'NONE', #1734 ) ;
#6320 = ORIENTED_EDGE ( 'NONE', *, *, #7479, .T. ) ;
#6321 = CARTESIAN_POINT ( 'NONE',  ( 6.968616580742715172, -3.000000000000000000, 1.622070677469045874 ) ) ;
#6322 = EDGE_CURVE ( 'NONE', #6897, #8704, #6608, .T. ) ;
#6323 = CARTESIAN_POINT ( 'NONE',  ( 6.977213004460321777, -3.010000000000000231, 1.659567459016854762 ) ) ;
#6324 = EDGE_CURVE ( 'NONE', #2417, #3866, #3123, .T. ) ;
#6325 = VECTOR ( 'NONE', #5171, 1000.000000000000000 ) ;
#6326 = CARTESIAN_POINT ( 'NONE',  ( -5.534999999999998366, 1.855000000000000204, -4.099999999999999645 ) ) ;
#6327 = CARTESIAN_POINT ( 'NONE',  ( 7.585021096644815941, -3.000000000000000000, 1.917623911949080773 ) ) ;
#6328 = VERTEX_POINT ( 'NONE', #2378 ) ;
#6329 = VERTEX_POINT ( 'NONE', #6201 ) ;
#6330 = CARTESIAN_POINT ( 'NONE',  ( 6.685671434381626810, -3.000000000000000000, 1.831332191965078904 ) ) ;
#6331 = CARTESIAN_POINT ( 'NONE',  ( 6.998090033488951534, -3.010000000000000231, 1.826092467031879885 ) ) ;
#6332 = B_SPLINE_CURVE_WITH_KNOTS ( 'NONE', 3,
 ( #5145, #3654, #5191, #5929 ),
 .UNSPECIFIED., .F., .F.,
 ( 4, 4 ),
 ( 5.000000000000000000, 6.000000000000000000 ),
 .UNSPECIFIED. ) ;
#6333 = CARTESIAN_POINT ( 'NONE',  ( 5.323714034482007307, -3.000000000000000000, 1.826226660690460912 ) ) ;
#6334 = VECTOR ( 'NONE', #6471, 1000.000000000000000 ) ;
#6335 = CARTESIAN_POINT ( 'NONE',  ( 7.274731135791117076, -3.010000000000000231, 2.358743254713512538 ) ) ;
#6336 = CARTESIAN_POINT ( 'NONE',  ( 5.150650950922908144, -3.000000000000000000, 1.582571938480119567 ) ) ;
#6337 = CARTESIAN_POINT ( 'NONE',  ( 5.150650950922908144, -3.000000000000000000, 1.582571938480119567 ) ) ;
#6338 = CARTESIAN_POINT ( 'NONE',  ( 6.685671434381626810, -3.010000000000000231, 1.831332191965078904 ) ) ;
#6339 = EDGE_CURVE ( 'NONE', #5515, #7090, #7043, .T. ) ;
#6340 = CARTESIAN_POINT ( 'NONE',  ( 7.920854716544316609, -3.000000000000000000, 1.854255988545373102 ) ) ;
#6341 = ORIENTED_EDGE ( 'NONE', *, *, #436, .T. ) ;
#6342 = CARTESIAN_POINT ( 'NONE',  ( 5.061842342172936604, -3.000000000000000000, 2.324921331382652667 ) ) ;
#6343 = COLOUR_RGB ( '',0.6666666666666666297, 0.6666666666666666297, 0.6666666666666666297 ) ;
#6344 = CARTESIAN_POINT ( 'NONE',  ( 7.260894987141404577, -3.000000000000000000, 1.917623911949078996 ) ) ;
#6345 = B_SPLINE_CURVE_WITH_KNOTS ( 'NONE', 3,
 ( #7440, #3126, #3839, #8383 ),
 .UNSPECIFIED., .F., .F.,
 ( 4, 4 ),
 ( 3.000000000000000000, 4.000000000000000000 ),
 .UNSPECIFIED. ) ;
#6346 = CARTESIAN_POINT ( 'NONE',  ( 4.754427681705468700, -3.000000000000000000, 1.710092205894480077 ) ) ;
#6347 = AXIS2_PLACEMENT_3D ( 'NONE', #8216, #6818, #3608 ) ;
#6348 = ORIENTED_EDGE ( 'NONE', *, *, #7477, .F. ) ;
#6349 = ORIENTED_EDGE ( 'NONE', *, *, #7312, .F. ) ;
#6350 = CARTESIAN_POINT ( 'NONE',  ( 7.032066374848402468, -3.010000000000000231, 2.105435302502622896 ) ) ;
#6351 = ORIENTED_EDGE ( 'NONE', *, *, #6451, .F. ) ;
#6352 = AXIS2_PLACEMENT_3D ( 'NONE', #8966, #8374, #9275 ) ;
#6353 = ADVANCED_FACE ( 'NONE', ( #6989 ), #3280, .F. ) ;
#6354 = EDGE_CURVE ( 'NONE', #7553, #8830, #1984, .T. ) ;
#6355 = EDGE_CURVE ( 'NONE', #658, #6048, #5704, .T. ) ;
#6356 = CARTESIAN_POINT ( 'NONE',  ( 7.165000000000000924, 1.855000000000000204, -4.099999999999999645 ) ) ;
#6357 = CARTESIAN_POINT ( 'NONE',  ( 6.599297843695637766, -3.000000000000000000, 2.223656596295500165 ) ) ;
#6358 =( GEOMETRIC_REPRESENTATION_CONTEXT ( 3 ) GLOBAL_UNCERTAINTY_ASSIGNED_CONTEXT ( ( #5458 ) ) GLOBAL_UNIT_ASSIGNED_CONTEXT ( ( #8245, #3, #6851 ) ) REPRESENTATION_CONTEXT ( 'NONE', 'WORKASPACE' ) );
#6359 = CARTESIAN_POINT ( 'NONE',  ( 7.133913528228045031, -3.010000000000000231, 2.388871673076673474 ) ) ;
#6360 = AXIS2_PLACEMENT_3D ( 'NONE', #5395, #876, #6235 ) ;
#6361 = DIRECTION ( 'NONE',  ( 1.000000000000000000, 0.000000000000000000, 0.000000000000000000 ) ) ;
#6362 = CARTESIAN_POINT ( 'NONE',  ( 6.719811517145025448, -3.000000000000000000, 2.431116955345815178 ) ) ;
#6363 = DIRECTION ( 'NONE',  ( -1.000000000000000000, 0.000000000000000000, 0.000000000000000000 ) ) ;
#6364 = VERTEX_POINT ( 'NONE', #3385 ) ;
#6365 = DIRECTION ( 'NONE',  ( -0.000000000000000000, 1.000000000000000000, -0.000000000000000000 ) ) ;
#6366 = ORIENTED_EDGE ( 'NONE', *, *, #4259, .T. ) ;
#6367 = VECTOR ( 'NONE', #8491, 1000.000000000000000 ) ;
#6368 = ORIENTED_EDGE ( 'NONE', *, *, #2408, .T. ) ;
#6369 = B_SPLINE_CURVE_WITH_KNOTS ( 'NONE', 3,
 ( #1456, #9751, #5968, #8986 ),
 .UNSPECIFIED., .F., .F.,
 ( 4, 4 ),
 ( 6.000000000000000000, 7.000000000000000000 ),
 .UNSPECIFIED. ) ;
#6370 = CARTESIAN_POINT ( 'NONE',  ( 6.027351790435611534, -3.010000000000000231, 1.698706480142302189 ) ) ;
#6371 = CARTESIAN_POINT ( 'NONE',  ( 7.659277823424813114, -3.010000000000000231, 2.105435302502622896 ) ) ;
#6372 = CARTESIAN_POINT ( 'NONE',  ( 7.710938236430269654, -3.010000000000000231, 1.760432163970577779 ) ) ;
#6373 = ORIENTED_EDGE ( 'NONE', *, *, #5041, .F. ) ;
#6374 = COLOUR_RGB ( '',0.2980392156862745057, 0.2980392156862745057, 0.2980392156862745057 ) ;
#6375 = VECTOR ( 'NONE', #4498, 1000.000000000000000 ) ;
#6377 = B_SPLINE_CURVE_WITH_KNOTS ( 'NONE', 3,
 ( #6372, #4863, #1016, #3407 ),
 .UNSPECIFIED., .F., .F.,
 ( 4, 4 ),
 ( 4.000000000000000000, 5.000000000000000000 ),
 .UNSPECIFIED. ) ;
#6376 = CARTESIAN_POINT ( 'NONE',  ( 5.453511282000583549, -3.010000000000000231, 2.511647229380917778 ) ) ;
#6378 = ORIENTED_EDGE ( 'NONE', *, *, #2962, .T. ) ;
#6379 = ORIENTED_EDGE ( 'NONE', *, *, #6162, .F. ) ;
#6380 = CARTESIAN_POINT ( 'NONE',  ( 6.555906371596618598, -3.010000000000000231, 2.259515963801552729 ) ) ;
#6381 = PLANE ( 'NONE',  #4002 ) ;
#6382 = CARTESIAN_POINT ( 'NONE',  ( 9.824999999999999289, -2.799999999999999822, 0.000000000000000000 ) ) ;
#6383 = LINE ( 'NONE', #1120, #4951 ) ;
#6384 = VECTOR ( 'NONE', #3204, 1000.000000000000000 ) ;
#6385 = B_SPLINE_SURFACE_WITH_KNOTS ( 'NONE', 3, 1, ( 
 ( #8808, #3604 ),
 ( #4421, #1969 ),
 ( #8119, #5790 ),
 ( #5014, #1223 ) ),
 .UNSPECIFIED., .F., .F., .F.,
 ( 4, 4 ),
 ( 2, 2 ),
 ( 2.000000000000000000, 3.000000000000000000 ),
 ( 0.000000000000000000, 1.000000000000000000 ),
 .UNSPECIFIED. ) ;
#6386 = ORIENTED_EDGE ( 'NONE', *, *, #4105, .F. ) ;
#6387 = CARTESIAN_POINT ( 'NONE',  ( 6.720220870656011591, -3.000000000000000000, 2.393783915199771961 ) ) ;
#6388 = EDGE_CURVE ( 'NONE', #9435, #9136, #1286, .T. ) ;
#6389 = EDGE_CURVE ( 'NONE', #7013, #9111, #9193, .T. ) ;
#6390 = FACE_OUTER_BOUND ( 'NONE', #4847, .T. ) ;
#6391 = VECTOR ( 'NONE', #8476, 1000.000000000000000 ) ;
#6392 = PLANE ( 'NONE',  #4686 ) ;
#6393 = CARTESIAN_POINT ( 'NONE',  ( 6.912043925610888095, -3.010000000000000231, 1.831332191965078904 ) ) ;
#6394 = DIRECTION ( 'NONE',  ( -0.000000000000000000, 1.000000000000000000, -0.000000000000000000 ) ) ;
#6395 = CARTESIAN_POINT ( 'NONE',  ( 5.380642619812027405, -3.000000000000000000, 1.696429369738773563 ) ) ;
#6396 = ORIENTED_EDGE ( 'NONE', *, *, #7353, .F. ) ;
#6397 = ORIENTED_EDGE ( 'NONE', *, *, #3085, .T. ) ;
#6398 = CARTESIAN_POINT ( 'NONE',  ( 7.519770147093407076, -3.010000000000000231, 2.362345565604948572 ) ) ;
#6399 = DIRECTION ( 'NONE',  ( -0.3409177962187363020, -0.000000000000000000, -0.9400931103999007332 ) ) ;
#6400 = EDGE_CURVE ( 'NONE', #6602, #6997, #551, .T. ) ;
#6401 = CARTESIAN_POINT ( 'NONE',  ( 6.415252505436406238, -3.000000000000000000, 1.778279977021613556 ) ) ;
#6402 = ORIENTED_EDGE ( 'NONE', *, *, #9245, .F. ) ;
#6403 = ORIENTED_EDGE ( 'NONE', *, *, #7897, .F. ) ;
#6404 = VERTEX_POINT ( 'NONE', #2077 ) ;
#6405 = PRESENTATION_LAYER_ASSIGNMENT (  '', '', ( #3074 ) ) ;
#6406 = CARTESIAN_POINT ( 'NONE',  ( 7.029119029573883459, -3.010000000000000231, 1.523989576384800815 ) ) ;
#6407 = B_SPLINE_SURFACE_WITH_KNOTS ( 'NONE', 3, 1, ( 
 ( #4152, #7700 ),
 ( #1841, #1002 ),
 ( #6412, #9442 ),
 ( #1051, #218 ) ),
 .UNSPECIFIED., .F., .F., .F.,
 ( 4, 4 ),
 ( 2, 2 ),
 ( 7.000000000000000000, 8.000000000000000000 ),
 ( 0.000000000000000000, 1.000000000000000000 ),
 .UNSPECIFIED. ) ;
#6408 = VERTEX_POINT ( 'NONE', #5654 ) ;
#6409 = CARTESIAN_POINT ( 'NONE',  ( 7.032066374848402468, -3.000000000000000000, 2.141949635626684056 ) ) ;
#6410 = SURFACE_STYLE_USAGE ( .BOTH. , #9485 ) ;
#6411 = CARTESIAN_POINT ( 'NONE',  ( 6.873073471424190117, -3.010000000000000231, 1.746677886022836912 ) ) ;
#6412 = CARTESIAN_POINT ( 'NONE',  ( 6.772781861386510727, -3.010000000000000231, 2.387561741842824770 ) ) ;
#6413 = ADVANCED_FACE ( 'NONE', ( #9626 ), #7740, .T. ) ;
#6414 = VERTEX_POINT ( 'NONE', #7282 ) ;
#6415 = B_SPLINE_CURVE_WITH_KNOTS ( 'NONE', 3,
 ( #6642, #8187, #8335, #9735 ),
 .UNSPECIFIED., .F., .F.,
 ( 4, 4 ),
 ( 2.000000000000000000, 3.000000000000000000 ),
 .UNSPECIFIED. ) ;
#6416 = EDGE_CURVE ( 'NONE', #3804, #2165, #7995, .T. ) ;
#6417 = DIRECTION ( 'NONE',  ( 1.000000000000000000, -0.000000000000000000, -0.000000000000000000 ) ) ;
#6418 = VERTEX_POINT ( 'NONE', #8039 ) ;
#6419 = FILL_AREA_STYLE_COLOUR ( '', #7915 ) ;
#6420 = VERTEX_POINT ( 'NONE', #1237 ) ;
#6421 = VERTEX_POINT ( 'NONE', #494 ) ;
#6422 =( NAMED_UNIT ( * ) SI_UNIT ( $, .STERADIAN. ) SOLID_ANGLE_UNIT ( ) );
#6423 = FACE_OUTER_BOUND ( 'NONE', #1416, .T. ) ;
#6424 = VERTEX_POINT ( 'NONE', #9585 ) ;
#6425 = DIRECTION ( 'NONE',  ( 1.000000000000000000, -0.000000000000000000, -0.000000000000000000 ) ) ;
#6426 = VERTEX_POINT ( 'NONE', #2786 ) ;
#6427 = VERTEX_POINT ( 'NONE', #8821 ) ;
#6428 = CARTESIAN_POINT ( 'NONE',  ( 5.380642619812027405, -3.000000000000000000, 1.696429369738771786 ) ) ;
#6429 = DIRECTION ( 'NONE',  ( 0.000000000000000000, -1.000000000000000000, 0.000000000000000000 ) ) ;
#6430 = CARTESIAN_POINT ( 'NONE',  ( 7.673932679096507670, -3.010000000000000231, 1.612246193218492829 ) ) ;
#6431 = CARTESIAN_POINT ( 'NONE',  ( 5.886168860597935648, -3.010000000000000231, 2.213341205978663684 ) ) ;
#6432 = VERTEX_POINT ( 'NONE', #2028 ) ;
#6433 = CARTESIAN_POINT ( 'NONE',  ( 6.747647555849503931, -3.000000000000000000, 2.393783915199771961 ) ) ;
#6434 = CARTESIAN_POINT ( 'NONE',  ( 9.624999999999998224, -2.799999999999999822, 0.000000000000000000 ) ) ;
#6435 = DIRECTION ( 'NONE',  ( 0.000000000000000000, 0.000000000000000000, -1.000000000000000000 ) ) ;
#6436 = LINE ( 'NONE', #4383, #8876 ) ;
#6437 = PLANE ( 'NONE',  #8625 ) ;
#6438 = FACE_OUTER_BOUND ( 'NONE', #4677, .T. ) ;
#6439 = EDGE_CURVE ( 'NONE', #2772, #5216, #5070, .T. ) ;
#6440 = EDGE_CURVE ( 'NONE', #8968, #8607, #5163, .T. ) ;
#6441 = ORIENTED_EDGE ( 'NONE', *, *, #6535, .T. ) ;
#6442 = VERTEX_POINT ( 'NONE', #7714 ) ;
#6443 = VERTEX_POINT ( 'NONE', #4435 ) ;
#6444 = CARTESIAN_POINT ( 'NONE',  ( 7.510518757758879005, -3.010000000000000231, 2.367585290538150922 ) ) ;
#6445 = CARTESIAN_POINT ( 'NONE',  ( 6.908114131911542444, -3.000000000000000000, 1.798747652540360065 ) ) ;
#6446 = CARTESIAN_POINT ( 'NONE',  ( 6.822968601756339346, -3.010000000000000231, 1.750280196912090691 ) ) ;
#6447 = CARTESIAN_POINT ( 'NONE',  ( 5.061842298739836821, -3.010000000000000231, 1.621283423412113844 ) ) ;
#6448 = VERTEX_POINT ( 'NONE', #3211 ) ;
#6449 = ORIENTED_EDGE ( 'NONE', *, *, #3216, .F. ) ;
#6450 = DIRECTION ( 'NONE',  ( -0.3385350343141436125, 0.000000000000000000, -0.9409537876760588615 ) ) ;
#6451 = EDGE_CURVE ( 'NONE', #9081, #3259, #1381, .T. ) ;
#6452 = EDGE_CURVE ( 'NONE', #9667, #1517, #8839, .T. ) ;
#6453 = CARTESIAN_POINT ( 'NONE',  ( -8.053738883706529350, -3.000000000000000000, 1.843383459213754350 ) ) ;
#6454 = CARTESIAN_POINT ( 'NONE',  ( 4.904719335474551301, -3.000000000000000000, 2.190569884771403686 ) ) ;
#6455 = CARTESIAN_POINT ( 'NONE',  ( 6.728244199458690566, -3.010000000000000231, 1.632713868737213359 ) ) ;
#6456 = ORIENTED_EDGE ( 'NONE', *, *, #413, .F. ) ;
#6457 = CARTESIAN_POINT ( 'NONE',  ( -7.574999999999998401, 1.604999999999999982, -4.099999999999999645 ) ) ;
#6458 = ORIENTED_EDGE ( 'NONE', *, *, #8037, .T. ) ;
#6459 = CARTESIAN_POINT ( 'NONE',  ( 6.848676002207185753, -3.000000000000000000, 1.813156896103925275 ) ) ;
#6460 = B_SPLINE_SURFACE_WITH_KNOTS ( 'NONE', 3, 1, ( 
 ( #7603, #4814 ),
 ( #15, #9199 ),
 ( #6864, #9251 ),
 ( #7812, #9108 ) ),
 .UNSPECIFIED., .F., .F., .F.,
 ( 4, 4 ),
 ( 2, 2 ),
 ( 9.000000000000000000, 10.00000000000000000 ),
 ( 0.000000000000000000, 1.000000000000000000 ),
 .UNSPECIFIED. ) ;
#6461 = EDGE_LOOP ( 'NONE', ( #9263, #8838, #300, #7163 ) ) ;
#6462 = ADVANCED_FACE ( 'NONE', ( #6232 ), #875, .T. ) ;
#6463 = CARTESIAN_POINT ( 'NONE',  ( 10.16000000000000014, 0.000000000000000000, -4.099999999999999645 ) ) ;
#6464 = CARTESIAN_POINT ( 'NONE',  ( 5.152928104760619910, -3.010000000000000231, 1.445943403181894071 ) ) ;
#6465 = CARTESIAN_POINT ( 'NONE',  ( 5.323714034482007307, -3.000000000000000000, 1.826226660690460912 ) ) ;
#6466 = ORIENTED_EDGE ( 'NONE', *, *, #1684, .T. ) ;
#6467 = DIRECTION ( 'NONE',  ( 1.000000000000000000, -0.000000000000000000, -0.000000000000000000 ) ) ;
#6468 = ORIENTED_EDGE ( 'NONE', *, *, #4839, .F. ) ;
#6469 =( GEOMETRIC_REPRESENTATION_CONTEXT ( 3 ) GLOBAL_UNCERTAINTY_ASSIGNED_CONTEXT ( ( #7031 ) ) GLOBAL_UNIT_ASSIGNED_CONTEXT ( ( #8702, #3207, #275 ) ) REPRESENTATION_CONTEXT ( 'NONE', 'WORKASPACE' ) );
#6470 = EDGE_LOOP ( 'NONE', ( #6889, #9232, #8677 ) ) ;
#6471 = DIRECTION ( 'NONE',  ( -0.000000000000000000, 1.000000000000000000, -0.000000000000000000 ) ) ;
#6472 = SURFACE_STYLE_FILL_AREA ( #4078 ) ;
#6473 = ADVANCED_FACE ( 'NONE', ( #8465 ), #181, .F. ) ;
#6474 = FACE_OUTER_BOUND ( 'NONE', #3303, .T. ) ;
#6475 = EDGE_CURVE ( 'NONE', #1178, #7891, #5898, .T. ) ;
#6476 = SURFACE_SIDE_STYLE ('',( #8021 ) ) ;
#6477 = ORIENTED_EDGE ( 'NONE', *, *, #6898, .F. ) ;
#6478 = CARTESIAN_POINT ( 'NONE',  ( 6.864313306302610052, -3.000000000000000000, 1.767964268561359242 ) ) ;
#6479 = CARTESIAN_POINT ( 'NONE',  ( 9.624999999999998224, -2.799999999999999822, 10.19999999999999929 ) ) ;
#6480 = CARTESIAN_POINT ( 'NONE',  ( 6.963786209320504739, -3.010000000000000231, 1.697391723374784833 ) ) ;
#6481 = LINE ( 'NONE', #1271, #857 ) ;
#6482 = DIRECTION ( 'NONE',  ( -0.000000000000000000, 1.000000000000000000, -0.000000000000000000 ) ) ;
#6483 = CARTESIAN_POINT ( 'NONE',  ( 7.165000000000000924, 1.604999999999999982, 0.5000000000000000000 ) ) ;
#6484 = CARTESIAN_POINT ( 'NONE',  ( 7.092568823680665879, -3.010000000000000231, 2.105435302502622896 ) ) ;
#6485 = ORIENTED_EDGE ( 'NONE', *, *, #7415, .T. ) ;
#6486 = ORIENTED_EDGE ( 'NONE', *, *, #642, .F. ) ;
#6487 = CARTESIAN_POINT ( 'NONE',  ( 6.728244199458690566, -3.010000000000000231, 1.690187101591904328 ) ) ;
#6488 = VECTOR ( 'NONE', #2105, 1000.000000000000000 ) ;
#6489 = CARTESIAN_POINT ( 'NONE',  ( 7.917661759162775148, -3.010000000000000231, 1.866045369643430707 ) ) ;
#6490 = CARTESIAN_POINT ( 'NONE',  ( 6.949131353649899978, -3.000000000000000000, 1.793180444799247875 ) ) ;
#6491 = LINE ( 'NONE', #9529, #8134 ) ;
#6492 = ORIENTED_EDGE ( 'NONE', *, *, #3061, .T. ) ;
#6493 = B_SPLINE_CURVE_WITH_KNOTS ( 'NONE', 3,
 ( #1166, #8751, #372, #1954 ),
 .UNSPECIFIED., .F., .F.,
 ( 4, 4 ),
 ( 27.00000000000000000, 28.00000000000000000 ),
 .UNSPECIFIED. ) ;
#6494 = CARTESIAN_POINT ( 'NONE',  ( 6.685671434381626810, -3.000000000000000000, 1.831332191965078904 ) ) ;
#6495 = COLOUR_RGB ( '',0.6666666666666666297, 0.6666666666666666297, 0.6666666666666666297 ) ;
#6496 = CARTESIAN_POINT ( 'NONE',  ( 7.861744069650050015, -3.010000000000000231, 1.721134226974865067 ) ) ;
#6497 = PLANE ( 'NONE',  #5262 ) ;
#6498 = FILL_AREA_STYLE_COLOUR ( '', #7826 ) ;
#6499 = CARTESIAN_POINT ( 'NONE',  ( 6.963786209320504739, -3.000000000000000000, 1.697391723374784833 ) ) ;
#6500 = MECHANICAL_DESIGN_GEOMETRIC_PRESENTATION_REPRESENTATION (  '', ( #3991 ), #483 ) ;
#6501 = UNCERTAINTY_MEASURE_WITH_UNIT (LENGTH_MEASURE( 1.000000000000000082E-05 ), #5501, 'distance_accuracy_value', 'NONE');
#6502 = VERTEX_POINT ( 'NONE', #9674 ) ;
#6503 = EDGE_CURVE ( 'NONE', #3159, #5231, #7380, .T. ) ;
#6504 = VECTOR ( 'NONE', #498, 1000.000000000000000 ) ;
#6505 = EDGE_CURVE ( 'NONE', #2663, #1758, #5491, .T. ) ;
#6506 = CARTESIAN_POINT ( 'NONE',  ( 5.861120298688951458, -3.000000000000000000, 2.281655560491790524 ) ) ;
#6507 = ORIENTED_EDGE ( 'NONE', *, *, #3184, .F. ) ;
#6508 = VERTEX_POINT ( 'NONE', #8507 ) ;
#6509 = ORIENTED_EDGE ( 'NONE', *, *, #1197, .T. ) ;
#6510 = COLOUR_RGB ( '',0.6666666666666666297, 0.6666666666666666297, 0.6666666666666666297 ) ;
#6511 = PRESENTATION_LAYER_ASSIGNMENT (  '', '', ( #7453 ) ) ;
#6512 = CARTESIAN_POINT ( 'NONE',  ( 7.042955178224702628, -3.010000000000000231, 1.826092467031879885 ) ) ;
#6513 = VECTOR ( 'NONE', #5144, 1000.000000000000000 ) ;
#6514 = LINE ( 'NONE', #7256, #8114 ) ;
#6515 = ORIENTED_EDGE ( 'NONE', *, *, #4234, .T. ) ;
#6516 = EDGE_CURVE ( 'NONE', #2039, #2265, #1154, .T. ) ;
#6517 = CARTESIAN_POINT ( 'NONE',  ( 6.966242330383139780, -3.000000000000000000, 1.782209770720978304 ) ) ;
#6518 = ORIENTED_EDGE ( 'NONE', *, *, #9093, .T. ) ;
#6519 = VECTOR ( 'NONE', #9415, 1000.000000000000114 ) ;
#6520 = ORIENTED_EDGE ( 'NONE', *, *, #9781, .F. ) ;
#6521 =( LENGTH_UNIT ( ) NAMED_UNIT ( * ) SI_UNIT ( .MILLI., .METRE. ) );
#6522 = CARTESIAN_POINT ( 'NONE',  ( 6.584561117321979573, -3.010000000000000231, 1.658585010593108588 ) ) ;
#6523 = CARTESIAN_POINT ( 'NONE',  ( 5.045902308746413212, -3.010000000000000231, 2.327198463502726522 ) ) ;
#6524 = VECTOR ( 'NONE', #5822, 1000.000000000000000 ) ;
#6525 = FILL_AREA_STYLE ('',( #8708 ) ) ;
#6526 = VECTOR ( 'NONE', #6399, 1000.000000000000227 ) ;
#6527 = LINE ( 'NONE', #2010, #365 ) ;
#6528 = ORIENTED_EDGE ( 'NONE', *, *, #1379, .T. ) ;
#6529 = CARTESIAN_POINT ( 'NONE',  ( 7.513793585842387657, -3.000000000000000000, 2.384778137973367684 ) ) ;
#6530 = EDGE_CURVE ( 'NONE', #649, #1874, #5446, .T. ) ;
#6531 = CARTESIAN_POINT ( 'NONE',  ( 7.508553860909193745, -3.000000000000000000, 2.362345565604948572 ) ) ;
#6532 = UNCERTAINTY_MEASURE_WITH_UNIT (LENGTH_MEASURE( 1.000000000000000082E-05 ), #3669, 'distance_accuracy_value', 'NONE');
#6533 = EDGE_CURVE ( 'NONE', #6836, #6954, #595, .T. ) ;
#6534 = CIRCLE ( 'NONE', #4664, 0.4655872561384367669 ) ;
#6535 = EDGE_CURVE ( 'NONE', #4866, #786, #5646, .T. ) ;
#6536 = VECTOR ( 'NONE', #957, 1000.000000000000000 ) ;
#6537 = VECTOR ( 'NONE', #8848, 1000.000000000000000 ) ;
#6538 = CARTESIAN_POINT ( 'NONE',  ( 5.152928104760619910, -3.010000000000000231, 1.445943403181894071 ) ) ;
#6539 = CARTESIAN_POINT ( 'NONE',  ( 5.813300198408295039, -3.010000000000000231, 1.596234948368240092 ) ) ;
#6540 = EDGE_LOOP ( 'NONE', ( #216, #9006, #941, #3992, #637, #4276 ) ) ;
#6541 = ORIENTED_EDGE ( 'NONE', *, *, #6635, .F. ) ;
#6542 = CARTESIAN_POINT ( 'NONE',  ( -9.624999999999998224, 2.799999999999999822, 10.19999999999999929 ) ) ;
#6543 = LINE ( 'NONE', #5799, #2255 ) ;
#6544 = B_SPLINE_SURFACE_WITH_KNOTS ( 'NONE', 3, 1, ( 
 ( #3247, #4896 ),
 ( #1004, #4156 ),
 ( #4808, #953 ),
 ( #7152, #1747 ) ),
 .UNSPECIFIED., .F., .F., .F.,
 ( 4, 4 ),
 ( 2, 2 ),
 ( 14.00000000000000000, 15.00000000000000000 ),
 ( 0.000000000000000000, 1.000000000000000000 ),
 .UNSPECIFIED. ) ;
#6545 = FACE_OUTER_BOUND ( 'NONE', #2396, .T. ) ;
#6546 = CARTESIAN_POINT ( 'NONE',  ( 7.710938236430269654, -3.010000000000000231, 1.760432163970577779 ) ) ;
#6547 = CARTESIAN_POINT ( 'NONE',  ( 6.768360843474201083, -3.010000000000000231, 1.744549247767018363 ) ) ;
#6548 = LINE ( 'NONE', #5803, #2600 ) ;
#6549 = LINE ( 'NONE', #7997, #7286 ) ;
#6550 = LINE ( 'NONE', #9588, #4155 ) ;
#6551 = FACE_OUTER_BOUND ( 'NONE', #1352, .T. ) ;
#6552 = CARTESIAN_POINT ( 'NONE',  ( 5.890723081406068040, -3.010000000000000231, 2.090375376536846908 ) ) ;
#6553 = LINE ( 'NONE', #2649, #6979 ) ;
#6554 = FACE_OUTER_BOUND ( 'NONE', #8170, .T. ) ;
#6555 = CARTESIAN_POINT ( 'NONE',  ( 6.772290637173537853, -3.000000000000000000, 2.144078273880318353 ) ) ;
#6556 = EDGE_LOOP ( 'NONE', ( #2404, #7795, #4239, #7918 ) ) ;
#6557 =( NAMED_UNIT ( * ) SI_UNIT ( $, .STERADIAN. ) SOLID_ANGLE_UNIT ( ) );
#6558 = ORIENTED_EDGE ( 'NONE', *, *, #4627, .F. ) ;
#6559 = VERTEX_POINT ( 'NONE', #2179 ) ;
#6560 = DIRECTION ( 'NONE',  ( -0.000000000000000000, -0.000000000000000000, 1.000000000000000000 ) ) ;
#6561 = PLANE ( 'NONE',  #5569 ) ;
#6562 = ORIENTED_EDGE ( 'NONE', *, *, #8475, .F. ) ;
#6563 = CARTESIAN_POINT ( 'NONE',  ( 5.102830894076442192, -3.010000000000000231, 1.582571938480119567 ) ) ;
#6564 = VECTOR ( 'NONE', #3885, 1000.000000000000000 ) ;
#6565 = EDGE_CURVE ( 'NONE', #5146, #6109, #4727, .T. ) ;
#6566 = ADVANCED_FACE ( 'NONE', ( #5346 ), #2359, .F. ) ;
#6567 = CARTESIAN_POINT ( 'NONE',  ( 7.006358974398651185, -3.000000000000000000, 1.492878709597895703 ) ) ;
#6568 = ORIENTED_EDGE ( 'NONE', *, *, #3088, .F. ) ;
#6569 = SURFACE_STYLE_USAGE ( .BOTH. , #9501 ) ;
#6570 = EDGE_LOOP ( 'NONE', ( #9182, #5060, #4604, #6991, #8407, #2347 ) ) ;
#6571 = ORIENTED_EDGE ( 'NONE', *, *, #3328, .F. ) ;
#6572 = DIRECTION ( 'NONE',  ( 1.000000000000000000, 0.000000000000000000, 0.000000000000000000 ) ) ;
#6573 = CARTESIAN_POINT ( 'NONE',  ( 4.658787589726895106, -3.010000000000000231, 1.958300975181634707 ) ) ;
#6574 = CARTESIAN_POINT ( 'NONE',  ( 6.936032041318004104, -3.000000000000000000, 1.635006248394814676 ) ) ;
#6575 = EDGE_CURVE ( 'NONE', #2603, #2469, #1622, .T. ) ;
#6576 = CARTESIAN_POINT ( 'NONE',  ( 6.859810417689404360, -3.010000000000000231, 2.105435302502615791 ) ) ;
#6577 = ORIENTED_EDGE ( 'NONE', *, *, #3974, .F. ) ;
#6578 = SURFACE_STYLE_USAGE ( .BOTH. , #8954 ) ;
#6579 = DIRECTION ( 'NONE',  ( 0.000000000000000000, 1.000000000000000000, 0.000000000000000000 ) ) ;
#6580 = EDGE_CURVE ( 'NONE', #3445, #7492, #3919, .T. ) ;
#6581 = VERTEX_POINT ( 'NONE', #8705 ) ;
#6582 = VERTEX_POINT ( 'NONE', #4225 ) ;
#6583 = CARTESIAN_POINT ( 'NONE',  ( 4.836404980959234656, -3.010000000000000231, 2.288487000289468831 ) ) ;
#6584 = SURFACE_STYLE_USAGE ( .BOTH. , #1876 ) ;
#6585 = CARTESIAN_POINT ( 'NONE',  ( 6.888710775520707763, -3.000000000000000000, 1.624690539934555256 ) ) ;
#6586 = CARTESIAN_POINT ( 'NONE',  ( 5.806468693464239550, -3.010000000000000231, 1.735140767804566053 ) ) ;
#6587 = CARTESIAN_POINT ( 'NONE',  ( 9.324999999999995737, 0.000000000000000000, 0.000000000000000000 ) ) ;
#6588 = PRESENTATION_STYLE_ASSIGNMENT (( #2826 ) ) ;
#6589 = DIRECTION ( 'NONE',  ( -0.000000000000000000, 1.000000000000000000, -0.000000000000000000 ) ) ;
#6590 = DIRECTION ( 'NONE',  ( 0.3315284183504363380, -0.000000000000000000, 0.9434452330824815158 ) ) ;
#6591 = EDGE_CURVE ( 'NONE', #7084, #8017, #5681, .T. ) ;
#6592 = CARTESIAN_POINT ( 'NONE',  ( 6.888710775520707763, -3.010000000000000231, 1.624690539934555256 ) ) ;
#6593 = PRESENTATION_STYLE_ASSIGNMENT (( #555 ) ) ;
#6594 = VERTEX_POINT ( 'NONE', #9408 ) ;
#6595 = CARTESIAN_POINT ( 'NONE',  ( 7.309853666981539710, -3.010000000000000231, 2.268521741030156580 ) ) ;
#6596 = ADVANCED_FACE ( 'NONE', ( #3455 ), #1909, .F. ) ;
#6597 = PLANE ( 'NONE',  #2578 ) ;
#6598 = CARTESIAN_POINT ( 'NONE',  ( 7.183936527193902855, -3.000000000000000000, 2.425713489008659351 ) ) ;
#6599 = UNCERTAINTY_MEASURE_WITH_UNIT (LENGTH_MEASURE( 1.000000000000000082E-05 ), #4214, 'distance_accuracy_value', 'NONE');
#6600 = VERTEX_POINT ( 'NONE', #967 ) ;
#6601 = LINE ( 'NONE', #1158, #2204 ) ;
#6602 = VERTEX_POINT ( 'NONE', #4822 ) ;
#6603 = ORIENTED_EDGE ( 'NONE', *, *, #7208, .T. ) ;
#6604 =( LENGTH_UNIT ( ) NAMED_UNIT ( * ) SI_UNIT ( .MILLI., .METRE. ) );
#6605 = EDGE_LOOP ( 'NONE', ( #9021, #6349, #2443, #3261 ) ) ;
#6606 = CARTESIAN_POINT ( 'NONE',  ( 7.706107865009146352, -3.000000000000000000, 1.875214888275975378 ) ) ;
#6607 = LINE ( 'NONE', #7396, #6821 ) ;
#6608 = B_SPLINE_CURVE_WITH_KNOTS ( 'NONE', 3,
 ( #3332, #4142, #7139, #7737 ),
 .UNSPECIFIED., .F., .F.,
 ( 4, 4 ),
 ( 3.000000000000000000, 4.000000000000000000 ),
 .UNSPECIFIED. ) ;
#6609 = CARTESIAN_POINT ( 'NONE',  ( 6.951423733307501074, -3.000000000000000000, 1.610117554964842546 ) ) ;
#6610 = B_SPLINE_CURVE_WITH_KNOTS ( 'NONE', 3,
 ( #7748, #7803, #9288, #4004 ),
 .UNSPECIFIED., .F., .F.,
 ( 4, 4 ),
 ( 11.00000000000000000, 12.00000000000000000 ),
 .UNSPECIFIED. ) ;
#6611 = CARTESIAN_POINT ( 'NONE',  ( 7.416776803886056868, -3.000000000000000000, 2.105435302502622896 ) ) ;
#6612 = ORIENTED_EDGE ( 'NONE', *, *, #2297, .T. ) ;
#6613 = FACE_OUTER_BOUND ( 'NONE', #6556, .T. ) ;
#6614 = FACE_OUTER_BOUND ( 'NONE', #7315, .T. ) ;
#6615 = CARTESIAN_POINT ( 'NONE',  ( 4.904719335474551301, -3.010000000000000231, 2.190569884771403686 ) ) ;
#6616 = B_SPLINE_SURFACE_WITH_KNOTS ( 'NONE', 3, 1, ( 
 ( #8901, #5932 ),
 ( #2215, #9658 ),
 ( #7410, #729 ),
 ( #8214, #2166 ) ),
 .UNSPECIFIED., .F., .F., .F.,
 ( 4, 4 ),
 ( 2, 2 ),
 ( 10.00000000000000000, 11.00000000000000000 ),
 ( 0.000000000000000000, 1.000000000000000000 ),
 .UNSPECIFIED. ) ;
#6617 = PRESENTATION_STYLE_ASSIGNMENT (( #9759 ) ) ;
#6618 = ORIENTED_EDGE ( 'NONE', *, *, #2672, .T. ) ;
#6619 = SURFACE_STYLE_USAGE ( .BOTH. , #5835 ) ;
#6620 = CARTESIAN_POINT ( 'NONE',  ( 6.602163318267076697, -3.000000000000000000, 2.383959430951392289 ) ) ;
#6621 = EDGE_CURVE ( 'NONE', #1102, #5152, #7971, .T. ) ;
#6622 = EDGE_CURVE ( 'NONE', #3586, #649, #7868, .T. ) ;
#6623 = ORIENTED_EDGE ( 'NONE', *, *, #9296, .T. ) ;
#6624 = LINE ( 'NONE', #2218, #8248 ) ;
#6625 = CARTESIAN_POINT ( 'NONE',  ( 6.373907800890124875, -3.010000000000000231, 1.597345725443035436 ) ) ;
#6626 = SURFACE_SIDE_STYLE ('',( #9664 ) ) ;
#6627 = CARTESIAN_POINT ( 'NONE',  ( 6.728244199458690566, -3.000000000000000000, 1.712128449748436587 ) ) ;
#6628 = ORIENTED_EDGE ( 'NONE', *, *, #7065, .F. ) ;
#6629 = EDGE_LOOP ( 'NONE', ( #259, #5771, #4307, #8974 ) ) ;
#6630 = ORIENTED_EDGE ( 'NONE', *, *, #5429, .T. ) ;
#6631 = CARTESIAN_POINT ( 'NONE',  ( 6.954780432093002673, -3.000000000000000000, 1.707543690431075678 ) ) ;
#6632 = APPLICATION_PROTOCOL_DEFINITION ( 'draft international standard', 'automotive_design', 1998, #7344 ) ;
#6633 = CARTESIAN_POINT ( 'NONE',  ( 7.710938236430269654, -3.000000000000000000, 1.760432163970577779 ) ) ;
#6634 = CARTESIAN_POINT ( 'NONE',  ( 6.415252505436413344, -3.000000000000000000, 1.633860058567110363 ) ) ;
#6635 = EDGE_CURVE ( 'NONE', #2603, #84, #424, .T. ) ;
#6636 = CARTESIAN_POINT ( 'NONE',  ( 6.674700760303356795, -3.010000000000000231, 1.704923827965556082 ) ) ;
#6637 = CARTESIAN_POINT ( 'NONE',  ( 6.740770416875643711, -3.000000000000000000, 1.831332191965075573 ) ) ;
#6638 = SURFACE_STYLE_FILL_AREA ( #5851 ) ;
#6639 = AXIS2_PLACEMENT_3D ( 'NONE', #2852, #2056, #5140 ) ;
#6640 = EDGE_LOOP ( 'NONE', ( #5419, #8438, #9434, #5879 ) ) ;
#6641 = ORIENTED_EDGE ( 'NONE', *, *, #9049, .T. ) ;
#6642 = CARTESIAN_POINT ( 'NONE',  ( 7.305023295558240370, -3.010000000000000231, 2.383304465335559286 ) ) ;
#6643 = LINE ( 'NONE', #7953, #4962 ) ;
#6644 = EDGE_CURVE ( 'NONE', #7492, #8101, #2702, .T. ) ;
#6645 = DIRECTION ( 'NONE',  ( 1.000000000000000000, 0.000000000000000000, 0.000000000000000000 ) ) ;
#6646 = VECTOR ( 'NONE', #2739, 1000.000000000000114 ) ;
#6647 = ORIENTED_EDGE ( 'NONE', *, *, #3371, .T. ) ;
#6648 = VERTEX_POINT ( 'NONE', #1022 ) ;
#6649 = DIRECTION ( 'NONE',  ( -1.222652889225965312E-14, -0.000000000000000000, 1.000000000000000000 ) ) ;
#6650 = B_SPLINE_CURVE_WITH_KNOTS ( 'NONE', 3,
 ( #360, #1343, #4252, #5854 ),
 .UNSPECIFIED., .F., .F.,
 ( 4, 4 ),
 ( 17.00000000000000000, 18.00000000000000000 ),
 .UNSPECIFIED. ) ;
#6651 = ADVANCED_FACE ( 'NONE', ( #9349 ), #4762, .F. ) ;
#6652 = EDGE_CURVE ( 'NONE', #6426, #8481, #1814, .T. ) ;
#6653 = DIRECTION ( 'NONE',  ( -0.000000000000000000, 0.000000000000000000, -1.000000000000000000 ) ) ;
#6654 = ORIENTED_EDGE ( 'NONE', *, *, #3801, .T. ) ;
#6655 = CARTESIAN_POINT ( 'NONE',  ( 7.581746268563485991, -3.000000000000000000, 1.597345725443044095 ) ) ;
#6656 = CARTESIAN_POINT ( 'NONE',  ( -5.034999999999997478, 1.604999999999999982, -4.099999999999999645 ) ) ;
#6657 = VECTOR ( 'NONE', #2016, 1000.000000000000000 ) ;
#6658 = CARTESIAN_POINT ( 'NONE',  ( 7.070218122014234829, -3.010000000000000231, 1.556246633001599822 ) ) ;
#6659 = ORIENTED_EDGE ( 'NONE', *, *, #1783, .T. ) ;
#6660 = CARTESIAN_POINT ( 'NONE',  ( 7.585021096644815941, -3.010000000000000231, 1.917623911949080551 ) ) ;
#6661 = VECTOR ( 'NONE', #1279, 1000.000000000000000 ) ;
#6662 = CARTESIAN_POINT ( 'NONE',  ( 7.133913528228045031, -3.000000000000000000, 2.141949635626684056 ) ) ;
#6663 = VECTOR ( 'NONE', #8524, 999.9999999999998863 ) ;
#6664 = CARTESIAN_POINT ( 'NONE',  ( 6.966242330383139780, -3.010000000000000231, 1.821180224906592038 ) ) ;
#6665 =( NAMED_UNIT ( * ) PLANE_ANGLE_UNIT ( ) SI_UNIT ( $, .RADIAN. ) );
#6666 = DIRECTION ( 'NONE',  ( 0.000000000000000000, -0.000000000000000000, -1.000000000000000000 ) ) ;
#6667 = EDGE_LOOP ( 'NONE', ( #1933, #3564, #3468, #6612, #9477, #1342, #8831 ) ) ;
#6668 = VECTOR ( 'NONE', #1000, 1000.000000000000000 ) ;
#6669 = VECTOR ( 'NONE', #2276, 1000.000000000000000 ) ;
#6670 = CARTESIAN_POINT ( 'NONE',  ( 6.538877265565354868, -3.010000000000000231, 1.917623911949075222 ) ) ;
#6671 = CARTESIAN_POINT ( 'NONE',  ( 6.597005464036952205, -3.010000000000000231, 2.143750791072403405 ) ) ;
#6672 = ORIENTED_EDGE ( 'NONE', *, *, #9096, .F. ) ;
#6673 = ORIENTED_EDGE ( 'NONE', *, *, #7170, .F. ) ;
#6674 = DIRECTION ( 'NONE',  ( 1.000000000000000000, 0.000000000000000000, 0.000000000000000000 ) ) ;
#6675 = FACE_OUTER_BOUND ( 'NONE', #1262, .T. ) ;
#6676 = AXIS2_PLACEMENT_3D ( 'NONE', #1863, #472, #3507 ) ;
#6677 =( GEOMETRIC_REPRESENTATION_CONTEXT ( 3 ) GLOBAL_UNCERTAINTY_ASSIGNED_CONTEXT ( ( #1574 ) ) GLOBAL_UNIT_ASSIGNED_CONTEXT ( ( #4034, #245, #8560 ) ) REPRESENTATION_CONTEXT ( 'NONE', 'WORKASPACE' ) );
#6678 = DIRECTION ( 'NONE',  ( 0.000000000000000000, -0.000000000000000000, 1.000000000000000000 ) ) ;
#6679 = CARTESIAN_POINT ( 'NONE',  ( -9.324999999999999289, 3.000000000000000000, -0.5000000000000000000 ) ) ;
#6680 = EDGE_LOOP ( 'NONE', ( #6984, #7067, #5719, #4199 ) ) ;
#6681 = EDGE_LOOP ( 'NONE', ( #8223, #4098, #8495, #5039 ) ) ;
#6682 = EDGE_CURVE ( 'NONE', #4246, #733, #7114, .T. ) ;
#6683 = CARTESIAN_POINT ( 'NONE',  ( 6.963786209320504739, -3.010000000000000231, 1.697391723374784833 ) ) ;
#6684 = ADVANCED_FACE ( 'NONE', ( #3358 ), #6942, .F. ) ;
#6685 = DIRECTION ( 'NONE',  ( 0.000000000000000000, 0.000000000000000000, 1.000000000000000000 ) ) ;
#6686 = COLOUR_RGB ( '',0.2980392156862745057, 0.2980392156862745057, 0.2980392156862745057 ) ;
#6687 = LINE ( 'NONE', #737, #5747 ) ;
#6688 = CARTESIAN_POINT ( 'NONE',  ( 6.584561117321979573, -3.010000000000000231, 1.658585010593108588 ) ) ;
#6689 = CARTESIAN_POINT ( 'NONE',  ( 5.029962318751897143, -3.010000000000000231, 2.190569884771403686 ) ) ;
#6690 = CARTESIAN_POINT ( 'NONE',  ( 7.583383682603050957, -3.000000000000000000, 1.880782096017092897 ) ) ;
#6691 = CARTESIAN_POINT ( 'NONE',  ( 7.909638430360106831, -3.010000000000000231, 1.854255988545373102 ) ) ;
#6692 = ORIENTED_EDGE ( 'NONE', *, *, #3826, .T. ) ;
#6693 = ORIENTED_EDGE ( 'NONE', *, *, #7772, .F. ) ;
#6694 = VECTOR ( 'NONE', #2925, 1000.000000000000000 ) ;
#6695 = CARTESIAN_POINT ( 'NONE',  ( 7.534998097678949236, -3.010000000000000231, 1.880782096017092897 ) ) ;
#6696 = ADVANCED_FACE ( 'NONE', ( #6613 ), #3706, .F. ) ;
#6697 = DIRECTION ( 'NONE',  ( -0.000000000000000000, -0.000000000000000000, 1.000000000000000000 ) ) ;
#6698 = UNCERTAINTY_MEASURE_WITH_UNIT (LENGTH_MEASURE( 1.000000000000000082E-05 ), #633, 'distance_accuracy_value', 'NONE');
#6699 = ORIENTED_EDGE ( 'NONE', *, *, #1713, .F. ) ;
#6700 = CARTESIAN_POINT ( 'NONE',  ( 5.763202987724107551, -3.000000000000000000, 2.393235675038607013 ) ) ;
#6701 = EDGE_LOOP ( 'NONE', ( #9788, #7501, #922, #2752 ) ) ;
#6702 = VERTEX_POINT ( 'NONE', #4413 ) ;
#6703 = MECHANICAL_DESIGN_GEOMETRIC_PRESENTATION_REPRESENTATION (  '', ( #841 ), #2270 ) ;
#6704 = CARTESIAN_POINT ( 'NONE',  ( 7.029119029573883459, -3.000000000000000000, 1.523989576384800815 ) ) ;
#6705 = B_SPLINE_SURFACE_WITH_KNOTS ( 'NONE', 3, 1, ( 
 ( #3911, #229 ),
 ( #3099, #2353 ),
 ( #6225, #8502 ),
 ( #3145, #2458 ) ),
 .UNSPECIFIED., .F., .F., .F.,
 ( 4, 4 ),
 ( 2, 2 ),
 ( 4.000000000000000000, 5.000000000000000000 ),
 ( 0.000000000000000000, 1.000000000000000000 ),
 .UNSPECIFIED. ) ;
#6706 = CARTESIAN_POINT ( 'NONE',  ( 7.416776803886056868, -3.010000000000000231, 2.105435302502622896 ) ) ;
#6707 = ORIENTED_EDGE ( 'NONE', *, *, #2037, .T. ) ;
#6708 = DIRECTION ( 'NONE',  ( -0.000000000000000000, 1.000000000000000000, -0.000000000000000000 ) ) ;
#6709 = CARTESIAN_POINT ( 'NONE',  ( 7.015692234434061092, -3.000000000000000000, 2.249691479553174833 ) ) ;
#6710 = EDGE_CURVE ( 'NONE', #2200, #6408, #7358, .T. ) ;
#6711 = CARTESIAN_POINT ( 'NONE',  ( 7.909638430360106831, -3.010000000000000231, 1.854255988545373102 ) ) ;
#6712 = EDGE_LOOP ( 'NONE', ( #944, #3812, #6507, #4788 ) ) ;
#6713 = VECTOR ( 'NONE', #8047, 1000.000000000000000 ) ;
#6714 = ADVANCED_FACE ( 'NONE', ( #4316 ), #5186, .F. ) ;
#6715 = EDGE_CURVE ( 'NONE', #2869, #5670, #9799, .T. ) ;
#6716 = CARTESIAN_POINT ( 'NONE',  ( 5.619742860615633440, -3.000000000000000000, 1.630392125626989319 ) ) ;
#6717 = EDGE_LOOP ( 'NONE', ( #5908, #7495, #1390, #6962 ) ) ;
#6718 = FILL_AREA_STYLE ('',( #675 ) ) ;
#6719 = PRESENTATION_LAYER_ASSIGNMENT (  '', '', ( #1331 ) ) ;
#6720 = CARTESIAN_POINT ( 'NONE',  ( 6.584561117321979573, -3.000000000000000000, 1.658585010593108588 ) ) ;
#6721 = DIRECTION ( 'NONE',  ( 1.000000000000000000, 0.000000000000000000, -0.000000000000000000 ) ) ;
#6722 = PRESENTATION_STYLE_ASSIGNMENT (( #4417 ) ) ;
#6723 = SURFACE_SIDE_STYLE ('',( #3602 ) ) ;
#6724 = EDGE_CURVE ( 'NONE', #6648, #8795, #3558, .T. ) ;
#6725 = VERTEX_POINT ( 'NONE', #1361 ) ;
#6726 = CARTESIAN_POINT ( 'NONE',  ( 7.568155732017515902, -3.000000000000000000, 2.229223804036626344 ) ) ;
#6727 = ORIENTED_EDGE ( 'NONE', *, *, #598, .T. ) ;
#6728 = DIRECTION ( 'NONE',  ( 0.000000000000000000, 0.000000000000000000, -1.000000000000000000 ) ) ;
#6729 = CARTESIAN_POINT ( 'NONE',  ( 7.915860603719233168, -3.000000000000000000, 1.876688560911603298 ) ) ;
#6730 = SURFACE_STYLE_USAGE ( .BOTH. , #3722 ) ;
#6731 = EDGE_LOOP ( 'NONE', ( #4905, #353, #7969, #7041 ) ) ;
#6732 = VERTEX_POINT ( 'NONE', #4463 ) ;
#6733 = ORIENTED_EDGE ( 'NONE', *, *, #5296, .T. ) ;
#6734 = SURFACE_STYLE_FILL_AREA ( #7475 ) ;
#6735 = CARTESIAN_POINT ( 'NONE',  ( 6.934312756574261272, -3.010000000000000231, 1.598000691058870215 ) ) ;
#6736 = CARTESIAN_POINT ( 'NONE',  ( 7.710938236430269654, -3.010000000000000231, 1.720479261359030287 ) ) ;
#6737 = ADVANCED_FACE ( 'NONE', ( #5970 ), #9560, .T. ) ;
#6738 = ADVANCED_FACE ( 'NONE', ( #7452 ), #525, .T. ) ;
#6739 = LINE ( 'NONE', #3732, #3504 ) ;
#6740 = DIRECTION ( 'NONE',  ( -1.000000000000000000, 0.000000000000000000, 0.000000000000000000 ) ) ;
#6741 = VERTEX_POINT ( 'NONE', #5094 ) ;
#6742 = ORIENTED_EDGE ( 'NONE', *, *, #8496, .F. ) ;
#6743 = CARTESIAN_POINT ( 'NONE',  ( 7.070218122014234829, -3.010000000000000231, 1.556246633001599822 ) ) ;
#6744 = LINE ( 'NONE', #3078, #9708 ) ;
#6745 = FACE_OUTER_BOUND ( 'NONE', #2224, .T. ) ;
#6746 = ORIENTED_EDGE ( 'NONE', *, *, #8396, .F. ) ;
#6747 = ORIENTED_EDGE ( 'NONE', *, *, #6580, .T. ) ;
#6748 = EDGE_CURVE ( 'NONE', #4165, #4246, #8109, .T. ) ;
#6749 = LINE ( 'NONE', #8298, #8713 ) ;
#6750 = EDGE_CURVE ( 'NONE', #7864, #2055, #3649, .T. ) ;
#6751 = CARTESIAN_POINT ( 'NONE',  ( 6.681905382086232414, -3.000000000000000000, 1.798747652540360065 ) ) ;
#6752 = ORIENTED_EDGE ( 'NONE', *, *, #79, .F. ) ;
#6753 = DIRECTION ( 'NONE',  ( -1.000000000000000000, 0.000000000000000000, -0.000000000000000000 ) ) ;
#6754 = DIRECTION ( 'NONE',  ( -0.000000000000000000, 1.000000000000000000, -0.000000000000000000 ) ) ;
#6755 = CARTESIAN_POINT ( 'NONE',  ( -9.324999999999999289, 0.000000000000000000, 0.000000000000000000 ) ) ;
#6756 = FILL_AREA_STYLE ('',( #1506 ) ) ;
#6757 = B_SPLINE_CURVE_WITH_KNOTS ( 'NONE', 3,
 ( #8875, #3441, #3633, #9592 ),
 .UNSPECIFIED., .F., .F.,
 ( 4, 4 ),
 ( 33.00000000000000000, 34.00000000000000000 ),
 .UNSPECIFIED. ) ;
#6758 = FILL_AREA_STYLE ('',( #9794 ) ) ;
#6759 = FACE_OUTER_BOUND ( 'NONE', #7537, .T. ) ;
#6760 = ORIENTED_EDGE ( 'NONE', *, *, #5337, .T. ) ;
#6761 = DIRECTION ( 'NONE',  ( -1.000000000000000000, -0.000000000000000000, -0.000000000000000000 ) ) ;
#6762 = ADVANCED_FACE ( 'NONE', ( #2305 ), #4522, .F. ) ;
#6763 = CARTESIAN_POINT ( 'NONE',  ( 7.653956227789643130, -3.000000000000000000, 1.644994474047154265 ) ) ;
#6764 = CARTESIAN_POINT ( 'NONE',  ( 7.309853666981540599, -3.000000000000000000, 2.228568838418608866 ) ) ;
#6765 = CARTESIAN_POINT ( 'NONE',  ( 6.822968601756339346, -3.000000000000000000, 1.764361957669924985 ) ) ;
#6766 = ORIENTED_EDGE ( 'NONE', *, *, #8984, .F. ) ;
#6767 = B_SPLINE_CURVE_WITH_KNOTS ( 'NONE', 3,
 ( #1460, #166, #6763, #1552 ),
 .UNSPECIFIED., .F., .F.,
 ( 4, 4 ),
 ( 2.000000000000000000, 3.000000000000000000 ),
 .UNSPECIFIED. ) ;
#6768 = CARTESIAN_POINT ( 'NONE',  ( 8.060362392875726201, -3.010000000000000231, 1.597345725443044095 ) ) ;
#6769 = EDGE_LOOP ( 'NONE', ( #974, #1424, #2694, #8266 ) ) ;
#6770 = LINE ( 'NONE', #8319, #8769 ) ;
#6771 = EDGE_LOOP ( 'NONE', ( #4123, #997, #5243, #5424, #4260, #1071, #8882, #4213, #7438, #5373, #8361, #8099, #1309, #2989, #4302 ) ) ;
#6772 = EDGE_CURVE ( 'NONE', #1830, #6508, #7540, .T. ) ;
#6773 = CARTESIAN_POINT ( 'NONE',  ( 6.111606178378534260, -3.010000000000000231, 1.915035269440425347 ) ) ;
#6774 = B_SPLINE_CURVE_WITH_KNOTS ( 'NONE', 3,
 ( #5198, #9002, #8269, #4534 ),
 .UNSPECIFIED., .F., .F.,
 ( 4, 4 ),
 ( 0.000000000000000000, 1.000000000000000000 ),
 .UNSPECIFIED. ) ;
#6775 = CARTESIAN_POINT ( 'NONE',  ( 6.977213004460321777, -3.000000000000000000, 1.659567459016854762 ) ) ;
#6776 = EDGE_CURVE ( 'NONE', #9710, #4165, #164, .T. ) ;
#6777 = EDGE_LOOP ( 'NONE', ( #7064, #8894, #3765, #7486 ) ) ;
#6778 = VERTEX_POINT ( 'NONE', #1605 ) ;
#6779 = CARTESIAN_POINT ( 'NONE',  ( 5.774588713476296320, -3.010000000000000231, 2.090375376536846908 ) ) ;
#6780 = B_SPLINE_SURFACE_WITH_KNOTS ( 'NONE', 3, 1, ( 
 ( #9724, #8962 ),
 ( #491, #5068 ),
 ( #5943, #7330 ),
 ( #6546, #6633 ) ),
 .UNSPECIFIED., .F., .F., .F.,
 ( 4, 4 ),
 ( 2, 2 ),
 ( 3.000000000000000000, 4.000000000000000000 ),
 ( 0.000000000000000000, 1.000000000000000000 ),
 .UNSPECIFIED. ) ;
#6781 = CARTESIAN_POINT ( 'NONE',  ( 6.886991490776961378, -3.010000000000000231, 1.831332191965078904 ) ) ;
#6782 = CARTESIAN_POINT ( 'NONE',  ( 7.673932679096507670, -3.000000000000000000, 1.612246193218492829 ) ) ;
#6783 = AXIS2_PLACEMENT_3D ( 'NONE', #2164, #580, #2061 ) ;
#6784 = DIRECTION ( 'NONE',  ( -0.000000000000000000, 1.000000000000000000, -0.000000000000000000 ) ) ;
#6785 = ORIENTED_EDGE ( 'NONE', *, *, #5209, .F. ) ;
#6786 = ORIENTED_EDGE ( 'NONE', *, *, #2903, .F. ) ;
#6787 = CARTESIAN_POINT ( 'NONE',  ( 5.052733683391168462, -3.000000000000000000, 1.445943403181894071 ) ) ;
#6788 = CARTESIAN_POINT ( 'NONE',  ( 4.658787589726895106, -3.010000000000000231, 1.958300975181634707 ) ) ;
#6789 = EDGE_LOOP ( 'NONE', ( #4211, #9344, #3705, #1196 ) ) ;
#6790 = CARTESIAN_POINT ( 'NONE',  ( 6.555906371596618598, -3.000000000000000000, 2.259515963801552729 ) ) ;
#6791 = ORIENTED_EDGE ( 'NONE', *, *, #3451, .F. ) ;
#6792 = EDGE_LOOP ( 'NONE', ( #9022, #8056, #2377, #4071 ) ) ;
#6793 = CARTESIAN_POINT ( 'NONE',  ( 7.061130474084758468, -3.010000000000000231, 1.534632767655154106 ) ) ;
#6794 = PLANE ( 'NONE',  #8146 ) ;
#6795 = AXIS2_PLACEMENT_3D ( 'NONE', #6457, #8881, #7390 ) ;
#6796 = DIRECTION ( 'NONE',  ( 0.000000000000000000, 1.000000000000000000, 0.000000000000000000 ) ) ;
#6797 = ORIENTED_EDGE ( 'NONE', *, *, #284, .F. ) ;
#6798 =( NAMED_UNIT ( * ) PLANE_ANGLE_UNIT ( ) SI_UNIT ( $, .RADIAN. ) );
#6799 = CARTESIAN_POINT ( 'NONE',  ( 6.655952369529446244, -3.000000000000000000, 1.702303965497876659 ) ) ;
#6800 = PRESENTATION_STYLE_ASSIGNMENT (( #1548 ) ) ;
#6801 = EDGE_CURVE ( 'NONE', #1496, #7691, #3138, .T. ) ;
#6802 = EDGE_CURVE ( 'NONE', #840, #2641, #7702, .T. ) ;
#6803 =( GEOMETRIC_REPRESENTATION_CONTEXT ( 3 ) GLOBAL_UNCERTAINTY_ASSIGNED_CONTEXT ( ( #9488 ) ) GLOBAL_UNIT_ASSIGNED_CONTEXT ( ( #5635, #6277, #3413 ) ) REPRESENTATION_CONTEXT ( 'NONE', 'WORKASPACE' ) );
#6804 = DIRECTION ( 'NONE',  ( 0.000000000000000000, 0.000000000000000000, 1.000000000000000000 ) ) ;
#6805 = CARTESIAN_POINT ( 'NONE',  ( 6.864313306302610052, -3.000000000000000000, 1.777133787191730319 ) ) ;
#6806 = AXIS2_PLACEMENT_3D ( 'NONE', #796, #709, #6110 ) ;
#6807 = CARTESIAN_POINT ( 'NONE',  ( 6.651695093021087857, -3.000000000000000000, 2.148171808983630804 ) ) ;
#6808 = CARTESIAN_POINT ( 'NONE',  ( 7.613593971668197291, -3.000000000000000000, 2.105435302502622896 ) ) ;
#6809 = STYLED_ITEM ( 'NONE', ( #1487 ), #3046 ) ;
#6810 = LINE ( 'NONE', #1215, #2577 ) ;
#6811 = CARTESIAN_POINT ( 'NONE',  ( 5.080059486004070202, -3.010000000000000231, 2.322644177546035582 ) ) ;
#6812 = ADVANCED_FACE ( 'NONE', ( #7599 ), #7105, .F. ) ;
#6813 = DIRECTION ( 'NONE',  ( -0.000000000000000000, 1.000000000000000000, -0.000000000000000000 ) ) ;
#6814 = ORIENTED_EDGE ( 'NONE', *, *, #1357, .F. ) ;
#6815 = CARTESIAN_POINT ( 'NONE',  ( 6.529789617635866961, -3.010000000000000231, 1.778279977021613556 ) ) ;
#6816 = VECTOR ( 'NONE', #5982, 1000.000000000000000 ) ;
#6817 = AXIS2_PLACEMENT_3D ( 'NONE', #4427, #7416, #4477 ) ;
#6818 = DIRECTION ( 'NONE',  ( 0.000000000000000000, 0.000000000000000000, -1.000000000000000000 ) ) ;
#6819 = DIRECTION ( 'NONE',  ( 1.624890687905883980E-14, 0.000000000000000000, -1.000000000000000000 ) ) ;
#6820 = FACE_OUTER_BOUND ( 'NONE', #6717, .T. ) ;
#6821 = VECTOR ( 'NONE', #6708, 1000.000000000000000 ) ;
#6822 = AXIS2_PLACEMENT_3D ( 'NONE', #5032, #4349, #8092 ) ;
#6823 = ORIENTED_EDGE ( 'NONE', *, *, #2873, .T. ) ;
#6824 = ORIENTED_EDGE ( 'NONE', *, *, #3168, .F. ) ;
#6825 = DIRECTION ( 'NONE',  ( -0.000000000000000000, -1.000000000000000000, -0.000000000000000000 ) ) ;
#6826 = EDGE_CURVE ( 'NONE', #3171, #1488, #3758, .T. ) ;
#6827 = EDGE_CURVE ( 'NONE', #8689, #6408, #1655, .T. ) ;
#6828 = CARTESIAN_POINT ( 'NONE',  ( 7.309853666981539710, -3.010000000000000231, 2.268521741030156580 ) ) ;
#6829 = EDGE_CURVE ( 'NONE', #3509, #6211, #9148, .T. ) ;
#6830 = CARTESIAN_POINT ( 'NONE',  ( 5.792805857307428141, -3.000000000000000000, 2.090375376536846908 ) ) ;
#6831 = COLOUR_RGB ( '',0.2980392156862745057, 0.2980392156862745057, 0.2980392156862745057 ) ;
#6832 = PRESENTATION_LAYER_ASSIGNMENT (  '', '', ( #2569 ) ) ;
#6833 = DIRECTION ( 'NONE',  ( -1.000000000000000000, 0.000000000000000000, -0.000000000000000000 ) ) ;
#6834 = CARTESIAN_POINT ( 'NONE',  ( 2.085000000000001741, 1.855000000000000204, -4.099999999999999645 ) ) ;
#6835 = CARTESIAN_POINT ( 'NONE',  ( 7.302239691688777512, -3.010000000000000231, 1.633860058567115470 ) ) ;
#6836 = VERTEX_POINT ( 'NONE', #4711 ) ;
#6837 = EDGE_LOOP ( 'NONE', ( #466, #2296, #2357, #6066 ) ) ;
#6838 = CARTESIAN_POINT ( 'NONE',  ( 4.936599293744844630, -3.000000000000000000, 1.600789256043651632 ) ) ;
#6839 = AXIS2_PLACEMENT_3D ( 'NONE', #2502, #7605, #8401 ) ;
#6840 = VECTOR ( 'NONE', #2239, 1000.000000000000114 ) ;
#6841 = LINE ( 'NONE', #7434, #8273 ) ;
#6842 = STYLED_ITEM ( 'NONE', ( #887 ), #343 ) ;
#6843 = CARTESIAN_POINT ( 'NONE',  ( 5.763202987724107551, -3.000000000000000000, 2.393235675038607013 ) ) ;
#6844 = ORIENTED_EDGE ( 'NONE', *, *, #1671, .T. ) ;
#6845 = ORIENTED_EDGE ( 'NONE', *, *, #8658, .F. ) ;
#6846 = DIRECTION ( 'NONE',  ( -1.000000000000000000, -0.000000000000000000, -0.000000000000000000 ) ) ;
#6847 = EDGE_LOOP ( 'NONE', ( #1116, #6477, #1276, #3076, #8727, #2263 ) ) ;
#6848 = VECTOR ( 'NONE', #7516, 1000.000000000000000 ) ;
#6849 = LINE ( 'NONE', #2299, #495 ) ;
#6850 = ORIENTED_EDGE ( 'NONE', *, *, #938, .F. ) ;
#6851 =( NAMED_UNIT ( * ) SI_UNIT ( $, .STERADIAN. ) SOLID_ANGLE_UNIT ( ) );
#6852 = DIRECTION ( 'NONE',  ( -0.000000000000000000, -0.000000000000000000, -1.000000000000000000 ) ) ;
#6853 = CARTESIAN_POINT ( 'NONE',  ( -9.824999999999999289, -3.000000000000000000, 10.19999999999999929 ) ) ;
#6854 = ORIENTED_EDGE ( 'NONE', *, *, #4838, .T. ) ;
#6855 = CARTESIAN_POINT ( 'NONE',  ( 6.657098559358238354, -3.000000000000000000, 1.591942259105878055 ) ) ;
#6856 = CIRCLE ( 'NONE', #2109, 0.2000000000000005107 ) ;
#6857 = CARTESIAN_POINT ( 'NONE',  ( 6.624432149231541445, -3.000000000000000000, 2.114604821135169566 ) ) ;
#6858 = CARTESIAN_POINT ( 'NONE',  ( 6.858418615753585357, -3.010000000000000231, 1.708034914642950541 ) ) ;
#6859 = ORIENTED_EDGE ( 'NONE', *, *, #1793, .F. ) ;
#6860 = EDGE_CURVE ( 'NONE', #5816, #7521, #4141, .T. ) ;
#6861 = CARTESIAN_POINT ( 'NONE',  ( 7.260894987141405466, -3.010000000000000231, 1.917623911949078774 ) ) ;
#6862 = EDGE_CURVE ( 'NONE', #129, #7215, #4667, .T. ) ;
#6863 = CARTESIAN_POINT ( 'NONE',  ( 6.630736193290477587, -3.000000000000000000, 2.170604381352050360 ) ) ;
#6864 = CARTESIAN_POINT ( 'NONE',  ( 5.052733683391168462, -3.010000000000000231, 1.445943403181894071 ) ) ;
#6865 = VECTOR ( 'NONE', #261, 1000.000000000000000 ) ;
#6866 = B_SPLINE_SURFACE_WITH_KNOTS ( 'NONE', 3, 1, ( 
 ( #6683, #33 ),
 ( #3065, #6631 ),
 ( #5893, #8912 ),
 ( #1375, #638 ) ),
 .UNSPECIFIED., .F., .F., .F.,
 ( 4, 4 ),
 ( 2, 2 ),
 ( 15.00000000000000000, 16.00000000000000000 ),
 ( 0.000000000000000000, 1.000000000000000000 ),
 .UNSPECIFIED. ) ;
#6867 = CARTESIAN_POINT ( 'NONE',  ( 6.772781861386510727, -3.010000000000000231, 2.387561741842824770 ) ) ;
#6868 = LINE ( 'NONE', #73, #8062 ) ;
#6869 = ORIENTED_EDGE ( 'NONE', *, *, #4918, .F. ) ;
#6870 = DIRECTION ( 'NONE',  ( -0.000000000000000000, 1.000000000000000000, -0.000000000000000000 ) ) ;
#6871 = CARTESIAN_POINT ( 'NONE',  ( 6.722513250313609134, -3.000000000000000000, 1.655801406721455260 ) ) ;
#6872 = FACE_OUTER_BOUND ( 'NONE', #7751, .T. ) ;
#6873 = CARTESIAN_POINT ( 'NONE',  ( 7.516577189711863838, -3.010000000000000231, 2.374134946703011284 ) ) ;
#6874 = EDGE_CURVE ( 'NONE', #9111, #2497, #8244, .T. ) ;
#6875 = LINE ( 'NONE', #2362, #1602 ) ;
#6876 = VERTEX_POINT ( 'NONE', #861 ) ;
#6877 = VERTEX_POINT ( 'NONE', #9104 ) ;
#6878 = AXIS2_PLACEMENT_3D ( 'NONE', #731, #8467, #6819 ) ;
#6879 = CARTESIAN_POINT ( 'NONE',  ( 7.817861373336976172, -3.000000000000000000, 1.597345725443044540 ) ) ;
#6880 = CARTESIAN_POINT ( 'NONE',  ( 7.302239691688779288, -3.000000000000000000, 1.778279977021620439 ) ) ;
#6881 = PLANE ( 'NONE',  #9229 ) ;
#6882 = CARTESIAN_POINT ( 'NONE',  ( 6.963786209320504739, -3.000000000000000000, 1.697391723374784833 ) ) ;
#6883 = CARTESIAN_POINT ( 'NONE',  ( 4.802247803701578555, -3.000000000000000000, 2.088098352999518514 ) ) ;
#6884 = FILL_AREA_STYLE ('',( #6978 ) ) ;
#6885 = CARTESIAN_POINT ( 'NONE',  ( 7.309853666981539710, -3.010000000000000231, 2.268521741030156580 ) ) ;
#6886 = ORIENTED_EDGE ( 'NONE', *, *, #3610, .T. ) ;
#6887 = DIRECTION ( 'NONE',  ( 1.000000000000000000, 0.000000000000000000, -8.673617379884013384E-15 ) ) ;
#6888 = CARTESIAN_POINT ( 'NONE',  ( 7.260894987141410795, -3.010000000000000231, 1.597345725443038988 ) ) ;
#6889 = ORIENTED_EDGE ( 'NONE', *, *, #7231, .T. ) ;
#6890 = CARTESIAN_POINT ( 'NONE',  ( 6.908114131911542444, -3.010000000000000231, 1.798747652540360065 ) ) ;
#6891 = ORIENTED_EDGE ( 'NONE', *, *, #4257, .T. ) ;
#6892 = ORIENTED_EDGE ( 'NONE', *, *, #6565, .T. ) ;
#6893 = CARTESIAN_POINT ( 'NONE',  ( 7.676716282965974969, -3.010000000000000231, 1.667263305011618790 ) ) ;
#6894 = ORIENTED_EDGE ( 'NONE', *, *, #5183, .F. ) ;
#6895 = ADVANCED_FACE ( 'NONE', ( #6953 ), #5454, .F. ) ;
#6896 = CARTESIAN_POINT ( 'NONE',  ( 6.936032041318004104, -3.000000000000000000, 1.664479701142153045 ) ) ;
#6897 = VERTEX_POINT ( 'NONE', #2344 ) ;
#6898 = EDGE_CURVE ( 'NONE', #2104, #2274, #5381, .T. ) ;
#6899 = LINE ( 'NONE', #1546, #680 ) ;
#6900 = CARTESIAN_POINT ( 'NONE',  ( 7.416776803886056868, -3.010000000000000231, 2.105435302502622896 ) ) ;
#6901 = ORIENTED_EDGE ( 'NONE', *, *, #5608, .F. ) ;
#6902 =( NAMED_UNIT ( * ) SI_UNIT ( $, .STERADIAN. ) SOLID_ANGLE_UNIT ( ) );
#6903 = CARTESIAN_POINT ( 'NONE',  ( 7.302239691688777512, -3.000000000000000000, 1.633860058567115470 ) ) ;
#6904 = ORIENTED_EDGE ( 'NONE', *, *, #2944, .T. ) ;
#6905 = DIRECTION ( 'NONE',  ( -0.9434452330824816269, 0.000000000000000000, 0.3315284183504364490 ) ) ;
#6906 = B_SPLINE_CURVE_WITH_KNOTS ( 'NONE', 3,
 ( #5029, #7287, #955, #9249 ),
 .UNSPECIFIED., .F., .F.,
 ( 4, 4 ),
 ( 2.000000000000000000, 3.000000000000000000 ),
 .UNSPECIFIED. ) ;
#6907 = FACE_OUTER_BOUND ( 'NONE', #4887, .T. ) ;
#6908 = LINE ( 'NONE', #3857, #8297 ) ;
#6909 = PLANE ( 'NONE',  #9700 ) ;
#6910 = DIRECTION ( 'NONE',  ( 1.000000000000000000, 0.000000000000000000, 0.000000000000000000 ) ) ;
#6911 = DIRECTION ( 'NONE',  ( -1.000000000000000000, 0.000000000000000000, 0.000000000000000000 ) ) ;
#6912 = ORIENTED_EDGE ( 'NONE', *, *, #7104, .F. ) ;
#6913 = PLANE ( 'NONE',  #6072 ) ;
#6914 = EDGE_LOOP ( 'NONE', ( #9300, #3127, #6727, #7352 ) ) ;
#6915 = CARTESIAN_POINT ( 'NONE',  ( 7.180661699110388874, -3.010000000000000231, 2.105435302502622896 ) ) ;
#6916 = LINE ( 'NONE', #1763, #1429 ) ;
#6917 = CARTESIAN_POINT ( 'NONE',  ( 6.415252505436406238, -3.010000000000000231, 1.778279977021613556 ) ) ;
#6918 = CARTESIAN_POINT ( 'NONE',  ( 6.713016248873132419, -3.010000000000000231, 2.136873652097444509 ) ) ;
#6919 = CARTESIAN_POINT ( 'NONE',  ( 7.676716282965974969, -3.010000000000000231, 1.667263305011618790 ) ) ;
#6920 = ORIENTED_EDGE ( 'NONE', *, *, #9047, .F. ) ;
#6921 = ORIENTED_EDGE ( 'NONE', *, *, #6516, .T. ) ;
#6922 = SURFACE_SIDE_STYLE ('',( #283 ) ) ;
#6923 = EDGE_CURVE ( 'NONE', #602, #462, #1798, .T. ) ;
#6924 = DIRECTION ( 'NONE',  ( 0.000000000000000000, 0.000000000000000000, -1.000000000000000000 ) ) ;
#6925 = B_SPLINE_CURVE_WITH_KNOTS ( 'NONE', 3,
 ( #3146, #4674, #7606, #2211 ),
 .UNSPECIFIED., .F., .F.,
 ( 4, 4 ),
 ( 0.000000000000000000, 1.000000000000000000 ),
 .UNSPECIFIED. ) ;
#6926 = EDGE_CURVE ( 'NONE', #6502, #351, #7666, .T. ) ;
#6927 = CARTESIAN_POINT ( 'NONE',  ( 6.951423733307501074, -3.000000000000000000, 1.610117554964842546 ) ) ;
#6928 = UNCERTAINTY_MEASURE_WITH_UNIT (LENGTH_MEASURE( 1.000000000000000082E-05 ), #2092, 'distance_accuracy_value', 'NONE');
#6929 = CARTESIAN_POINT ( 'NONE',  ( 6.727179880331868311, -3.010000000000000231, 1.632713868737213359 ) ) ;
#6930 = CARTESIAN_POINT ( 'NONE',  ( 5.061842298739836821, -3.000000000000000000, 1.721477844780471944 ) ) ;
#6931 = CARTESIAN_POINT ( 'NONE',  ( 7.275631713515077870, -3.000000000000000000, 2.175352882071195815 ) ) ;
#6932 = CARTESIAN_POINT ( 'NONE',  ( 7.298146156583281474, -3.000000000000000000, 2.338603062004871447 ) ) ;
#6933 = VERTEX_POINT ( 'NONE', #8693 ) ;
#6934 = PLANE ( 'NONE',  #2878 ) ;
#6935 = EDGE_CURVE ( 'NONE', #8515, #3387, #2656, .T. ) ;
#6936 = VECTOR ( 'NONE', #2764, 1000.000000000000000 ) ;
#6937 = ORIENTED_EDGE ( 'NONE', *, *, #7023, .F. ) ;
#6938 = DIRECTION ( 'NONE',  ( -1.000000000000000000, 0.000000000000000000, 0.000000000000000000 ) ) ;
#6939 = ORIENTED_EDGE ( 'NONE', *, *, #5981, .F. ) ;
#6940 = ORIENTED_EDGE ( 'NONE', *, *, #4232, .T. ) ;
#6941 = CARTESIAN_POINT ( 'NONE',  ( 7.353327009780375789, -3.010000000000000231, 2.269667930860042926 ) ) ;
#6942 = B_SPLINE_SURFACE_WITH_KNOTS ( 'NONE', 3, 1, ( 
 ( #6380, #4171 ),
 ( #2807, #3500 ),
 ( #1313, #5782 ),
 ( #8802, #5826 ) ),
 .UNSPECIFIED., .F., .F., .F.,
 ( 4, 4 ),
 ( 2, 2 ),
 ( 2.000000000000000000, 3.000000000000000000 ),
 ( 0.000000000000000000, 1.000000000000000000 ),
 .UNSPECIFIED. ) ;
#6943 = ORIENTED_EDGE ( 'NONE', *, *, #1367, .T. ) ;
#6944 = ORIENTED_EDGE ( 'NONE', *, *, #2991, .F. ) ;
#6945 = VECTOR ( 'NONE', #6951, 1000.000000000000000 ) ;
#6946 = CARTESIAN_POINT ( 'NONE',  ( 6.635894047521696315, -3.000000000000000000, 1.690842067207737331 ) ) ;
#6947 = LINE ( 'NONE', #6, #1782 ) ;
#6948 = CARTESIAN_POINT ( 'NONE',  ( 7.180416087004449111, -3.010000000000000231, 2.141949635626684056 ) ) ;
#6949 = EDGE_CURVE ( 'NONE', #660, #5444, #6015, .T. ) ;
#6950 = EDGE_CURVE ( 'NONE', #3186, #2190, #2221, .T. ) ;
#6951 = DIRECTION ( 'NONE',  ( -0.000000000000000000, 1.000000000000000000, -0.000000000000000000 ) ) ;
#6952 = EDGE_CURVE ( 'NONE', #6427, #7494, #5479, .T. ) ;
#6953 = FACE_OUTER_BOUND ( 'NONE', #6969, .T. ) ;
#6954 = VERTEX_POINT ( 'NONE', #312 ) ;
#6955 = CARTESIAN_POINT ( 'NONE',  ( 5.806468693464237774, -3.000000000000000000, 1.735140767804566053 ) ) ;
#6956 = CARTESIAN_POINT ( 'NONE',  ( 5.690334325534464277, -3.000000000000000000, 1.737417878208080690 ) ) ;
#6957 = SURFACE_STYLE_FILL_AREA ( #2223 ) ;
#6958 = DIRECTION ( 'NONE',  ( 0.000000000000000000, 0.000000000000000000, -1.000000000000000000 ) ) ;
#6959 = VECTOR ( 'NONE', #6649, 1000.000000000000000 ) ;
#6961 = B_SPLINE_CURVE_WITH_KNOTS ( 'NONE', 3,
 ( #1177, #5638, #2673, #4228 ),
 .UNSPECIFIED., .F., .F.,
 ( 4, 4 ),
 ( 1.000000000000000000, 2.000000000000000000 ),
 .UNSPECIFIED. ) ;
#6960 = CARTESIAN_POINT ( 'NONE',  ( 5.152928148193720581, -3.010000000000000231, 1.903649587121335918 ) ) ;
#6962 = ORIENTED_EDGE ( 'NONE', *, *, #4408, .T. ) ;
#6963 = LINE ( 'NONE', #3103, #5762 ) ;
#6964 = CARTESIAN_POINT ( 'NONE',  ( 4.625000000000002665, 1.604999999999999982, -4.099999999999999645 ) ) ;
#6965 = CARTESIAN_POINT ( 'NONE',  ( 6.977213004460321777, -3.000000000000000000, 1.659567459016854762 ) ) ;
#6966 = DIRECTION ( 'NONE',  ( 0.000000000000000000, 0.000000000000000000, -1.000000000000000000 ) ) ;
#6967 = CARTESIAN_POINT ( 'NONE',  ( 6.826734654051733742, -3.010000000000000231, 1.738163333006109701 ) ) ;
#6968 = LINE ( 'NONE', #6240, #7950 ) ;
#6969 = EDGE_LOOP ( 'NONE', ( #4481, #6766, #4222, #4796 ) ) ;
#6970 = EDGE_LOOP ( 'NONE', ( #4230, #9597, #2051, #7341 ) ) ;
#6971 = CARTESIAN_POINT ( 'NONE',  ( 4.625000000000002665, 1.855000000000000204, -4.099999999999999645 ) ) ;
#6972 = VECTOR ( 'NONE', #2119, 1000.000000000000000 ) ;
#6973 = VECTOR ( 'NONE', #5761, 1000.000000000000000 ) ;
#6974 = CARTESIAN_POINT ( 'NONE',  ( 7.260894987141410795, -3.010000000000000231, 1.597345725443038988 ) ) ;
#6975 = CARTESIAN_POINT ( 'NONE',  ( 6.963786209320504739, -3.010000000000000231, 1.697391723374784833 ) ) ;
#6976 = CARTESIAN_POINT ( 'NONE',  ( 6.998090033488955086, -3.000000000000000000, 1.826092467031878108 ) ) ;
#6977 = CARTESIAN_POINT ( 'NONE',  ( 6.966242330383139780, -3.010000000000000231, 1.821180224906592038 ) ) ;
#6978 = FILL_AREA_STYLE_COLOUR ( '', #6087 ) ;
#6979 = VECTOR ( 'NONE', #5708, 1000.000000000000000 ) ;
#6980 = CARTESIAN_POINT ( 'NONE',  ( 7.706107865009146352, -3.010000000000000231, 1.875214888275975378 ) ) ;
#6981 = EDGE_CURVE ( 'NONE', #6508, #2060, #4375, .T. ) ;
#6982 = VECTOR ( 'NONE', #4042, 1000.000000000000000 ) ;
#6983 = ADVANCED_FACE ( 'NONE', ( #7958 ), #8543, .T. ) ;
#6984 = ORIENTED_EDGE ( 'NONE', *, *, #2777, .T. ) ;
#6985 = DIRECTION ( 'NONE',  ( 0.000000000000000000, 0.000000000000000000, 1.000000000000000000 ) ) ;
#6986 =( NAMED_UNIT ( * ) PLANE_ANGLE_UNIT ( ) SI_UNIT ( $, .RADIAN. ) );
#6987 = AXIS2_PLACEMENT_3D ( 'NONE', #3667, #3726, #5204 ) ;
#6988 = ORIENTED_EDGE ( 'NONE', *, *, #5785, .T. ) ;
#6989 = FACE_OUTER_BOUND ( 'NONE', #8743, .T. ) ;
#6990 = ORIENTED_EDGE ( 'NONE', *, *, #45, .T. ) ;
#6991 = ORIENTED_EDGE ( 'NONE', *, *, #598, .F. ) ;
#6992 = CARTESIAN_POINT ( 'NONE',  ( 6.681905382086232414, -3.000000000000000000, 1.798747652540360065 ) ) ;
#6993 = ORIENTED_EDGE ( 'NONE', *, *, #879, .T. ) ;
#6994 = ADVANCED_FACE ( 'NONE', ( #4007 ), #5523, .F. ) ;
#6995 = VECTOR ( 'NONE', #3893, 1000.000000000000000 ) ;
#6996 = DIRECTION ( 'NONE',  ( -0.3559357243698769158, -0.000000000000000000, -0.9345104387417462188 ) ) ;
#6997 = VERTEX_POINT ( 'NONE', #366 ) ;
#6998 = CARTESIAN_POINT ( 'NONE',  ( 7.309853666981539710, -3.000000000000000000, 2.268521741030156580 ) ) ;
#6999 = DIRECTION ( 'NONE',  ( 0.000000000000000000, -1.000000000000000000, 0.000000000000000000 ) ) ;
#7000 = CARTESIAN_POINT ( 'NONE',  ( 6.775729206661017301, -3.000000000000000000, 2.426695937434582451 ) ) ;
#7001 = VECTOR ( 'NONE', #7680, 1000.000000000000000 ) ;
#7002 = CYLINDRICAL_SURFACE ( 'NONE', #297, 0.2000000000000005107 ) ;
#7003 = STYLED_ITEM ( 'NONE', ( #2554 ), #3891 ) ;
#7004 = CARTESIAN_POINT ( 'NONE',  ( 5.619742860615626334, -3.000000000000000000, 2.375018520350290263 ) ) ;
#7005 = ORIENTED_EDGE ( 'NONE', *, *, #9255, .F. ) ;
#7006 = CARTESIAN_POINT ( 'NONE',  ( 7.982012130992417021, -3.010000000000000231, 1.684947376658705087 ) ) ;
#7007 = EDGE_CURVE ( 'NONE', #3087, #1305, #4108, .T. ) ;
#7008 = CARTESIAN_POINT ( 'NONE',  ( 4.802247803701580331, -3.000000000000000000, 1.962855369721081322 ) ) ;
#7009 = SURFACE_SIDE_STYLE ('',( #2399 ) ) ;
#7010 = SURFACE_STYLE_FILL_AREA ( #3051 ) ;
#7011 = ADVANCED_FACE ( 'NONE', ( #2604 ), #7569, .T. ) ;
#7012 = CARTESIAN_POINT ( 'NONE',  ( 6.921909345210537801, -3.010000000000000231, 1.596486083070620676 ) ) ;
#7013 = VERTEX_POINT ( 'NONE', #8742 ) ;
#7014 =( GEOMETRIC_REPRESENTATION_CONTEXT ( 3 ) GLOBAL_UNCERTAINTY_ASSIGNED_CONTEXT ( ( #6501 ) ) GLOBAL_UNIT_ASSIGNED_CONTEXT ( ( #5501, #246, #6284 ) ) REPRESENTATION_CONTEXT ( 'NONE', 'WORKASPACE' ) );
#7015 = CARTESIAN_POINT ( 'NONE',  ( 7.706107865009146352, -3.010000000000000231, 1.875214888275975378 ) ) ;
#7016 = ORIENTED_EDGE ( 'NONE', *, *, #1545, .F. ) ;
#7017 = DIRECTION ( 'NONE',  ( -0.000000000000000000, 1.000000000000000000, -0.000000000000000000 ) ) ;
#7018 = EDGE_LOOP ( 'NONE', ( #8193, #8679, #6373, #5933 ) ) ;
#7019 = VECTOR ( 'NONE', #6870, 1000.000000000000000 ) ;
#7020 = FACE_OUTER_BOUND ( 'NONE', #8635, .T. ) ;
#7021 = CARTESIAN_POINT ( 'NONE',  ( 4.859176432464708206, -3.000000000000000000, 1.789792329595085718 ) ) ;
#7022 = LINE ( 'NONE', #7564, #5876 ) ;
#7023 = EDGE_CURVE ( 'NONE', #5670, #6414, #6122, .T. ) ;
#7024 = DIRECTION ( 'NONE',  ( -1.000000000000000000, 0.000000000000000000, -0.000000000000000000 ) ) ;
#7025 = EDGE_LOOP ( 'NONE', ( #6844, #3411, #5526, #1434 ) ) ;
#7026 = ORIENTED_EDGE ( 'NONE', *, *, #4950, .T. ) ;
#7027 = CARTESIAN_POINT ( 'NONE',  ( 5.806468693464237774, -3.000000000000000000, 1.735140767804566053 ) ) ;
#7028 = VECTOR ( 'NONE', #4852, 1000.000000000000000 ) ;
#7029 = CARTESIAN_POINT ( 'NONE',  ( 6.848676002207185753, -3.000000000000000000, 1.813156896103925275 ) ) ;
#7030 = LINE ( 'NONE', #4086, #3050 ) ;
#7031 = UNCERTAINTY_MEASURE_WITH_UNIT (LENGTH_MEASURE( 1.000000000000000082E-05 ), #8702, 'distance_accuracy_value', 'NONE');
#7032 = CARTESIAN_POINT ( 'NONE',  ( 6.604210085819834930, -3.010000000000000231, 1.609953813560887737 ) ) ;
#7033 = DIRECTION ( 'NONE',  ( -1.000000000000000000, -0.000000000000000000, -0.000000000000000000 ) ) ;
#7034 = CARTESIAN_POINT ( 'NONE',  ( 6.555906371596618598, -3.010000000000000231, 2.259515963801552729 ) ) ;
#7035 = CARTESIAN_POINT ( 'NONE',  ( 6.584561117321979573, -3.010000000000000231, 1.658585010593108588 ) ) ;
#7036 = CARTESIAN_POINT ( 'NONE',  ( 7.298146156583281474, -3.010000000000000231, 2.338603062004871447 ) ) ;
#7037 = VECTOR ( 'NONE', #3462, 1000.000000000000000 ) ;
#7038 = ORIENTED_EDGE ( 'NONE', *, *, #5249, .T. ) ;
#7039 = LINE ( 'NONE', #1642, #8572 ) ;
#7040 = DIRECTION ( 'NONE',  ( 0.000000000000000000, 0.000000000000000000, -1.000000000000000000 ) ) ;
#7041 = ORIENTED_EDGE ( 'NONE', *, *, #7007, .T. ) ;
#7042 = EDGE_CURVE ( 'NONE', #6702, #97, #3639, .T. ) ;
#7043 = LINE ( 'NONE', #255, #3641 ) ;
#7044 = ORIENTED_EDGE ( 'NONE', *, *, #2873, .F. ) ;
#7045 = EDGE_LOOP ( 'NONE', ( #8290, #4420, #3336, #6571 ) ) ;
#7046 = CARTESIAN_POINT ( 'NONE',  ( 7.337198481473060419, -3.010000000000000231, 2.180265124196474780 ) ) ;
#7047 = EDGE_LOOP ( 'NONE', ( #4701, #1330, #3897, #896 ) ) ;
#7048 = CARTESIAN_POINT ( 'NONE',  ( 6.111606178378534260, -3.000000000000000000, 1.915035269440425347 ) ) ;
#7049 = CARTESIAN_POINT ( 'NONE',  ( 7.537290477336535233, -3.010000000000000231, 2.425713489008664681 ) ) ;
#7050 = CARTESIAN_POINT ( 'NONE',  ( 5.116493817099436292, -3.010000000000000231, 2.176907005182597832 ) ) ;
#7051 = CARTESIAN_POINT ( 'NONE',  ( 2.085000000000001741, 1.855000000000000204, -4.099999999999999645 ) ) ;
#7052 = SURFACE_STYLE_USAGE ( .BOTH. , #1842 ) ;
#7053 = EDGE_CURVE ( 'NONE', #6741, #794, #9432, .T. ) ;
#7054 = EDGE_CURVE ( 'NONE', #61, #4398, #4262, .T. ) ;
#7055 = DIRECTION ( 'NONE',  ( 0.000000000000000000, 0.000000000000000000, 1.000000000000000000 ) ) ;
#7056 =( NAMED_UNIT ( * ) SI_UNIT ( $, .STERADIAN. ) SOLID_ANGLE_UNIT ( ) );
#7057 = DIRECTION ( 'NONE',  ( -0.000000000000000000, -0.000000000000000000, 1.000000000000000000 ) ) ;
#7058 = EDGE_LOOP ( 'NONE', ( #8910, #7238, #5061, #1532 ) ) ;
#7059 = CARTESIAN_POINT ( 'NONE',  ( 6.604210085819834930, -3.000000000000000000, 1.609953813560887737 ) ) ;
#7060 = CARTESIAN_POINT ( 'NONE',  ( -9.624999999999998224, 3.000000000000000000, 10.19999999999999929 ) ) ;
#7061 = DIRECTION ( 'NONE',  ( -0.2524218971879677031, 0.000000000000000000, 0.9676172723861573566 ) ) ;
#7062 = CARTESIAN_POINT ( 'NONE',  ( 4.754427681705468700, -3.010000000000000231, 1.710092205894480077 ) ) ;
#7063 = CARTESIAN_POINT ( 'NONE',  ( 7.653956227789643130, -3.000000000000000000, 1.644994474047154265 ) ) ;
#7064 = ORIENTED_EDGE ( 'NONE', *, *, #2992, .T. ) ;
#7065 = EDGE_CURVE ( 'NONE', #4532, #7643, #9689, .T. ) ;
#7066 = CARTESIAN_POINT ( 'NONE',  ( 6.415252505436406238, -3.010000000000000231, 2.141949635626684056 ) ) ;
#7067 = ORIENTED_EDGE ( 'NONE', *, *, #98, .F. ) ;
#7068 = ORIENTED_EDGE ( 'NONE', *, *, #774, .F. ) ;
#7069 = CARTESIAN_POINT ( 'NONE',  ( 6.795705657966789381, -3.000000000000000000, 2.418017643013904205 ) ) ;
#7070 = PRESENTATION_STYLE_ASSIGNMENT (( #183 ) ) ;
#7071 = CARTESIAN_POINT ( 'NONE',  ( 7.217667256446336665, -3.010000000000000231, 1.826092467031883215 ) ) ;
#7072 = CARTESIAN_POINT ( 'NONE',  ( 5.861120298688951458, -3.010000000000000231, 2.281655560491790524 ) ) ;
#7073 = ORIENTED_EDGE ( 'NONE', *, *, #1258, .T. ) ;
#7074 = CARTESIAN_POINT ( 'NONE',  ( 5.970423161673574342, -3.000000000000000000, 1.912758072170702039 ) ) ;
#7075 = EDGE_CURVE ( 'NONE', #747, #1563, #8012, .T. ) ;
#7076 = LINE ( 'NONE', #4036, #4029 ) ;
#7077 = CARTESIAN_POINT ( 'NONE',  ( 6.584561117321979573, -3.010000000000000231, 1.658585010593108588 ) ) ;
#7078 = EDGE_CURVE ( 'NONE', #9164, #9479, #1300, .T. ) ;
#7079 = ADVANCED_FACE ( 'NONE', ( #510 ), #3543, .F. ) ;
#7080 = CARTESIAN_POINT ( 'NONE',  ( 6.373907800890121322, -3.010000000000000231, 2.105435302502615791 ) ) ;
#7081 = FILL_AREA_STYLE_COLOUR ( '', #4317 ) ;
#7082 = CARTESIAN_POINT ( 'NONE',  ( 4.802247803701580331, -3.010000000000000231, 1.962855369721081322 ) ) ;
#7083 = CARTESIAN_POINT ( 'NONE',  ( 6.699671324435295006, -3.000000000000000000, 1.631076454695453481 ) ) ;
#7084 = VERTEX_POINT ( 'NONE', #8054 ) ;
#7085 = CARTESIAN_POINT ( 'NONE',  ( 6.936032041318004104, -3.000000000000000000, 1.635006248394814676 ) ) ;
#7086 = DIRECTION ( 'NONE',  ( -0.000000000000000000, 1.000000000000000000, -0.000000000000000000 ) ) ;
#7087 = ORIENTED_EDGE ( 'NONE', *, *, #1121, .T. ) ;
#7088 = CARTESIAN_POINT ( 'NONE',  ( 5.806468693464239550, -3.010000000000000231, 1.735140767804566053 ) ) ;
#7089 = ORIENTED_EDGE ( 'NONE', *, *, #7736, .F. ) ;
#7090 = VERTEX_POINT ( 'NONE', #7345 ) ;
#7091 = CARTESIAN_POINT ( 'NONE',  ( 6.728244199458690566, -3.010000000000000231, 1.780081132467331573 ) ) ;
#7092 = ORIENTED_EDGE ( 'NONE', *, *, #1448, .F. ) ;
#7093 = CARTESIAN_POINT ( 'NONE',  ( 6.109329067973924943, -3.000000000000000000, 2.051663891604856182 ) ) ;
#7094 = CARTESIAN_POINT ( 'NONE',  ( 7.032066374848402468, -3.010000000000000231, 2.105435302502622896 ) ) ;
#7095 = CARTESIAN_POINT ( 'NONE',  ( 7.706107865009146352, -3.010000000000000231, 1.875214888275975378 ) ) ;
#7096 = DIRECTION ( 'NONE',  ( 0.000000000000000000, -0.000000000000000000, 1.000000000000000000 ) ) ;
#7097 =( NAMED_UNIT ( * ) PLANE_ANGLE_UNIT ( ) SI_UNIT ( $, .RADIAN. ) );
#7098 = PRESENTATION_STYLE_ASSIGNMENT (( #1797 ) ) ;
#7099 = CARTESIAN_POINT ( 'NONE',  ( 6.966242330383139780, -3.010000000000000231, 1.821180224906592038 ) ) ;
#7100 = EDGE_LOOP ( 'NONE', ( #5853, #7499, #6921, #4776, #3007, #6515, #9620, #6184 ) ) ;
#7101 = ORIENTED_EDGE ( 'NONE', *, *, #6533, .T. ) ;
#7102 = CARTESIAN_POINT ( 'NONE',  ( 5.619742860615633440, -3.000000000000000000, 1.666826413289248077 ) ) ;
#7103 = PRESENTATION_STYLE_ASSIGNMENT (( #9497 ) ) ;
#7104 = EDGE_CURVE ( 'NONE', #7348, #7084, #7174, .T. ) ;
#7105 = B_SPLINE_SURFACE_WITH_KNOTS ( 'NONE', 3, 1, ( 
 ( #9798, #8254 ),
 ( #9192, #1510 ),
 ( #3803, #3853 ),
 ( #1459, #7657 ) ),
 .UNSPECIFIED., .F., .F., .F.,
 ( 4, 4 ),
 ( 2, 2 ),
 ( 9.000000000000000000, 10.00000000000000000 ),
 ( 0.000000000000000000, 1.000000000000000000 ),
 .UNSPECIFIED. ) ;
#7106 = B_SPLINE_CURVE_WITH_KNOTS ( 'NONE', 3,
 ( #3160, #4777, #2516, #2470 ),
 .UNSPECIFIED., .F., .F.,
 ( 4, 4 ),
 ( 12.00000000000000000, 13.00000000000000000 ),
 .UNSPECIFIED. ) ;
#7107 =( NAMED_UNIT ( * ) SI_UNIT ( $, .STERADIAN. ) SOLID_ANGLE_UNIT ( ) );
#7108 = EDGE_CURVE ( 'NONE', #8795, #8222, #563, .T. ) ;
#7109 = CARTESIAN_POINT ( 'NONE',  ( 6.628853167142777281, -3.010000000000000231, 1.683964928234958913 ) ) ;
#7110 = ORIENTED_EDGE ( 'NONE', *, *, #5606, .T. ) ;
#7111 = VECTOR ( 'NONE', #7423, 1000.000000000000000 ) ;
#7112 = EDGE_LOOP ( 'NONE', ( #3723, #7694, #8013, #3225 ) ) ;
#7113 = VERTEX_POINT ( 'NONE', #9599 ) ;
#7114 = LINE ( 'NONE', #1117, #9661 ) ;
#7115 = DIRECTION ( 'NONE',  ( 0.000000000000000000, 0.000000000000000000, 1.000000000000000000 ) ) ;
#7116 = DIRECTION ( 'NONE',  ( -0.000000000000000000, -0.000000000000000000, 1.000000000000000000 ) ) ;
#7117 = VECTOR ( 'NONE', #8451, 1000.000000000000227 ) ;
#7118 = CARTESIAN_POINT ( 'NONE',  ( 7.309853666981539710, -3.010000000000000231, 2.308474643641707402 ) ) ;
#7119 = CARTESIAN_POINT ( 'NONE',  ( 6.681905382086232414, -3.000000000000000000, 1.798747652540360065 ) ) ;
#7120 = VERTEX_POINT ( 'NONE', #5174 ) ;
#7121 = CARTESIAN_POINT ( 'NONE',  ( 7.425864451816630130, -3.010000000000000231, 1.917623911949078774 ) ) ;
#7122 = CARTESIAN_POINT ( 'NONE',  ( 7.302239691688777512, -3.000000000000000000, 1.880782096017092897 ) ) ;
#7123 = CARTESIAN_POINT ( 'NONE',  ( 5.323714034482007307, -3.010000000000000231, 1.826226660690460912 ) ) ;
#7124 = VECTOR ( 'NONE', #3907, 1000.000000000000000 ) ;
#7125 = FACE_OUTER_BOUND ( 'NONE', #12, .T. ) ;
#7126 = LINE ( 'NONE', #4835, #7611 ) ;
#7127 = LINE ( 'NONE', #5694, #5930 ) ;
#7128 = FACE_OUTER_BOUND ( 'NONE', #9525, .T. ) ;
#7129 = EDGE_CURVE ( 'NONE', #3541, #4073, #6345, .T. ) ;
#7130 = VECTOR ( 'NONE', #8182, 1000.000000000000000 ) ;
#7131 = ORIENTED_EDGE ( 'NONE', *, *, #1531, .F. ) ;
#7132 = ORIENTED_EDGE ( 'NONE', *, *, #5141, .T. ) ;
#7133 = DIRECTION ( 'NONE',  ( -0.000000000000000000, 1.000000000000000000, -0.000000000000000000 ) ) ;
#7134 = ADVANCED_FACE ( 'NONE', ( #8192 ), #303, .T. ) ;
#7135 = STYLED_ITEM ( 'NONE', ( #2397 ), #2837 ) ;
#7136 = EDGE_CURVE ( 'NONE', #3171, #9280, #4654, .T. ) ;
#7137 = ORIENTED_EDGE ( 'NONE', *, *, #1661, .F. ) ;
#7138 = ORIENTED_EDGE ( 'NONE', *, *, #9079, .T. ) ;
#7139 = CARTESIAN_POINT ( 'NONE',  ( 6.654806179699561675, -3.000000000000000000, 1.624854281338506512 ) ) ;
#7140 = VECTOR ( 'NONE', #6248, 1000.000000000000000 ) ;
#7141 = ORIENTED_EDGE ( 'NONE', *, *, #5238, .T. ) ;
#7142 = EDGE_LOOP ( 'NONE', ( #681, #1788, #3635, #9606 ) ) ;
#7143 = CARTESIAN_POINT ( 'NONE',  ( 7.508553860909193745, -3.010000000000000231, 2.362345565604948572 ) ) ;
#7144 = ORIENTED_EDGE ( 'NONE', *, *, #130, .T. ) ;
#7145 = COLOUR_RGB ( '',0.2980392156862745057, 0.2980392156862745057, 0.2980392156862745057 ) ;
#7146 = LINE ( 'NONE', #9438, #2076 ) ;
#7147 = AXIS2_PLACEMENT_3D ( 'NONE', #5995, #1672, #5266 ) ;
#7148 = CARTESIAN_POINT ( 'NONE',  ( 7.298146156583281474, -3.000000000000000000, 2.338603062004871447 ) ) ;
#7149 = VECTOR ( 'NONE', #1, 1000.000000000000000 ) ;
#7150 = CARTESIAN_POINT ( 'NONE',  ( 6.655461145316478699, -3.000000000000000000, 2.381994534101711025 ) ) ;
#7151 = CARTESIAN_POINT ( 'NONE',  ( 6.082003308795217222, -3.010000000000000231, 1.757912219308944701 ) ) ;
#7152 = CARTESIAN_POINT ( 'NONE',  ( 6.873073471424190117, -3.010000000000000231, 1.746677886022836912 ) ) ;
#7153 = VERTEX_POINT ( 'NONE', #1498 ) ;
#7154 =( NAMED_UNIT ( * ) PLANE_ANGLE_UNIT ( ) SI_UNIT ( $, .RADIAN. ) );
#7155 = ORIENTED_EDGE ( 'NONE', *, *, #2722, .T. ) ;
#7156 = COLOUR_RGB ( '',0.6666666666666666297, 0.6666666666666666297, 0.6666666666666666297 ) ;
#7157 = VECTOR ( 'NONE', #346, 1000.000000000000000 ) ;
#7158 = VERTEX_POINT ( 'NONE', #9740 ) ;
#7159 = FACE_OUTER_BOUND ( 'NONE', #128, .T. ) ;
#7160 =( LENGTH_UNIT ( ) NAMED_UNIT ( * ) SI_UNIT ( .MILLI., .METRE. ) );
#7161 = CARTESIAN_POINT ( 'NONE',  ( 6.841880733935292724, -3.000000000000000000, 1.718186881701425417 ) ) ;
#7162 = LINE ( 'NONE', #7062, #3205 ) ;
#7163 = ORIENTED_EDGE ( 'NONE', *, *, #864, .T. ) ;
#7164 = VECTOR ( 'NONE', #4690, 1000.000000000000000 ) ;
#7165 = CIRCLE ( 'NONE', #29, 0.2000000000000005107 ) ;
#7166 = AXIS2_PLACEMENT_3D ( 'NONE', #7224, #5015, #1075 ) ;
#7167 = DIRECTION ( 'NONE',  ( -1.000000000000000000, 0.000000000000000000, -0.000000000000000000 ) ) ;
#7168 = ORIENTED_EDGE ( 'NONE', *, *, #7908, .T. ) ;
#7169 = EDGE_LOOP ( 'NONE', ( #5623, #5577, #6912, #1505 ) ) ;
#7170 = EDGE_CURVE ( 'NONE', #4597, #4591, #2333, .T. ) ;
#7171 = EDGE_CURVE ( 'NONE', #6093, #9237, #4706, .T. ) ;
#7172 = DIRECTION ( 'NONE',  ( 1.000000000000000000, 0.000000000000000000, 0.000000000000000000 ) ) ;
#7173 = B_SPLINE_SURFACE_WITH_KNOTS ( 'NONE', 3, 1, ( 
 ( #4367, #8756 ),
 ( #9647, #7399 ),
 ( #617, #2709 ),
 ( #8060, #6517 ) ),
 .UNSPECIFIED., .F., .F., .F.,
 ( 4, 4 ),
 ( 2, 2 ),
 ( 10.00000000000000000, 11.00000000000000000 ),
 ( 0.000000000000000000, 1.000000000000000000 ),
 .UNSPECIFIED. ) ;
#7174 = B_SPLINE_CURVE_WITH_KNOTS ( 'NONE', 3,
 ( #1249, #4452, #8153, #4304 ),
 .UNSPECIFIED., .F., .F.,
 ( 4, 4 ),
 ( 4.000000000000000000, 5.000000000000000000 ),
 .UNSPECIFIED. ) ;
#7175 = LINE ( 'NONE', #5686, #4496 ) ;
#7176 = ORIENTED_EDGE ( 'NONE', *, *, #3536, .F. ) ;
#7177 = CARTESIAN_POINT ( 'NONE',  ( 4.938876512732214508, -3.000000000000000000, 1.753357998501903214 ) ) ;
#7178 = CARTESIAN_POINT ( 'NONE',  ( -9.824999999999999289, -3.000000000000000000, 10.19999999999999929 ) ) ;
#7179 = CARTESIAN_POINT ( 'NONE',  ( 7.754411579233464025, -3.000000000000000000, 1.761578353798287200 ) ) ;
#7180 = AXIS2_PLACEMENT_3D ( 'NONE', #3575, #5800, #9623 ) ;
#7181 = EDGE_CURVE ( 'NONE', #5906, #9733, #7645, .T. ) ;
#7182 = EDGE_CURVE ( 'NONE', #9274, #654, #2803, .T. ) ;
#7183 = CARTESIAN_POINT ( 'NONE',  ( 6.602163318267076697, -3.010000000000000231, 2.383959430951392289 ) ) ;
#7184 = CARTESIAN_POINT ( 'NONE',  ( 5.567368539525743287, -3.000000000000000000, 2.511647229380917778 ) ) ;
#7185 = DIRECTION ( 'NONE',  ( 0.000000000000000000, 0.000000000000000000, -1.000000000000000000 ) ) ;
#7186 = ORIENTED_EDGE ( 'NONE', *, *, #9118, .T. ) ;
#7187 = ORIENTED_EDGE ( 'NONE', *, *, #3448, .T. ) ;
#7188 = ORIENTED_EDGE ( 'NONE', *, *, #4549, .T. ) ;
#7189 = VECTOR ( 'NONE', #4735, 1000.000000000000000 ) ;
#7190 = CARTESIAN_POINT ( 'NONE',  ( 7.675815705242024833, -3.010000000000000231, 1.850653677653930185 ) ) ;
#7191 = PLANE ( 'NONE',  #514 ) ;
#7192 = CARTESIAN_POINT ( 'NONE',  ( 6.963786209320504739, -3.010000000000000231, 1.697391723374784833 ) ) ;
#7193 = EDGE_LOOP ( 'NONE', ( #6341, #4775, #4902, #200 ) ) ;
#7194 = ADVANCED_FACE ( 'NONE', ( #1541 ), #850, .F. ) ;
#7195 = CARTESIAN_POINT ( 'NONE',  ( 5.061842298739836821, -3.010000000000000231, 1.721477844780471944 ) ) ;
#7196 = VERTEX_POINT ( 'NONE', #2942 ) ;
#7197 = CARTESIAN_POINT ( 'NONE',  ( 7.032066374848402468, -3.010000000000000231, 2.141949635626684056 ) ) ;
#7198 =( NAMED_UNIT ( * ) SI_UNIT ( $, .STERADIAN. ) SOLID_ANGLE_UNIT ( ) );
#7199 = DIRECTION ( 'NONE',  ( -0.000000000000000000, -1.000000000000000000, -0.000000000000000000 ) ) ;
#7200 = SURFACE_STYLE_FILL_AREA ( #1241 ) ;
#7201 = CARTESIAN_POINT ( 'NONE',  ( 7.706107865009146352, -3.000000000000000000, 1.875214888275975378 ) ) ;
#7202 = VECTOR ( 'NONE', #481, 1000.000000000000000 ) ;
#7203 = CARTESIAN_POINT ( 'NONE',  ( 6.912043925610888095, -3.000000000000000000, 1.727028917523886875 ) ) ;
#7204 = ORIENTED_EDGE ( 'NONE', *, *, #9233, .T. ) ;
#7205 = ADVANCED_FACE ( 'NONE', ( #5958 ), #4599, .F. ) ;
#7206 = EDGE_LOOP ( 'NONE', ( #6993, #8470, #7221, #9066 ) ) ;
#7207 = ORIENTED_EDGE ( 'NONE', *, *, #5757, .T. ) ;
#7208 = EDGE_CURVE ( 'NONE', #9136, #4493, #3997, .T. ) ;
#7209 = VERTEX_POINT ( 'NONE', #2244 ) ;
#7210 = LINE ( 'NONE', #3404, #5279 ) ;
#7211 = CARTESIAN_POINT ( 'NONE',  ( 5.380642619812027405, -3.010000000000000231, 1.548414934953779021 ) ) ;
#7212 = PLANE ( 'NONE',  #5270 ) ;
#7213 = ORIENTED_EDGE ( 'NONE', *, *, #1064, .F. ) ;
#7214 = CARTESIAN_POINT ( 'NONE',  ( 6.720220870656011591, -3.010000000000000231, 2.393783915199771961 ) ) ;
#7215 = VERTEX_POINT ( 'NONE', #4505 ) ;
#7216 = VERTEX_POINT ( 'NONE', #5276 ) ;
#7217 = PRESENTATION_STYLE_ASSIGNMENT (( #2617 ) ) ;
#7218 =( LENGTH_UNIT ( ) NAMED_UNIT ( * ) SI_UNIT ( .MILLI., .METRE. ) );
#7219 = DIRECTION ( 'NONE',  ( -0.000000000000000000, -1.000000000000000000, -0.000000000000000000 ) ) ;
#7220 = CARTESIAN_POINT ( 'NONE',  ( 7.433150944301497809, -3.010000000000000231, 1.597345725443038988 ) ) ;
#7221 = ORIENTED_EDGE ( 'NONE', *, *, #7108, .F. ) ;
#7222 = LINE ( 'NONE', #1968, #8737 ) ;
#7223 = CARTESIAN_POINT ( 'NONE',  ( 7.754411579233464025, -3.000000000000000000, 1.809063361000619707 ) ) ;
#7224 = CARTESIAN_POINT ( 'NONE',  ( 2.085000000000001741, 1.604999999999999982, -4.099999999999999645 ) ) ;
#7225 = CARTESIAN_POINT ( 'NONE',  ( 6.931529152703698848, -3.000000000000000000, 1.831332191965078904 ) ) ;
#7226 = CARTESIAN_POINT ( 'NONE',  ( 6.655870498827471948, -3.000000000000000000, 1.831332191965078904 ) ) ;
#7227 = CARTESIAN_POINT ( 'NONE',  ( 7.915860603719233168, -3.010000000000000231, 1.876688560911603298 ) ) ;
#7228 = ORIENTED_EDGE ( 'NONE', *, *, #3626, .T. ) ;
#7229 = ORIENTED_EDGE ( 'NONE', *, *, #2930, .T. ) ;
#7230 = ORIENTED_EDGE ( 'NONE', *, *, #1780, .T. ) ;
#7231 = EDGE_CURVE ( 'NONE', #5473, #660, #2706, .T. ) ;
#7232 = B_SPLINE_CURVE_WITH_KNOTS ( 'NONE', 3,
 ( #3461, #5740, #9567, #8765 ),
 .UNSPECIFIED., .F., .F.,
 ( 4, 4 ),
 ( 10.00000000000000000, 11.00000000000000000 ),
 .UNSPECIFIED. ) ;
#7233 = DIRECTION ( 'NONE',  ( -0.000000000000000000, 1.000000000000000000, -0.000000000000000000 ) ) ;
#7234 = EDGE_CURVE ( 'NONE', #9298, #9595, #6749, .T. ) ;
#7235 = LINE ( 'NONE', #5700, #6526 ) ;
#7236 = SURFACE_STYLE_USAGE ( .BOTH. , #1877 ) ;
#7237 = CARTESIAN_POINT ( 'NONE',  ( 7.220450860315797748, -3.010000000000000231, 2.388871673076673474 ) ) ;
#7238 = ORIENTED_EDGE ( 'NONE', *, *, #761, .F. ) ;
#7239 = CARTESIAN_POINT ( 'NONE',  ( 5.690334325534464277, -3.000000000000000000, 1.737417878208080690 ) ) ;
#7240 = CARTESIAN_POINT ( 'NONE',  ( 7.067352647441703439, -3.010000000000000231, 1.489603881514363959 ) ) ;
#7241 = FACE_OUTER_BOUND ( 'NONE', #5890, .T. ) ;
#7242 = CARTESIAN_POINT ( 'NONE',  ( 5.970423161673574342, -3.010000000000000231, 1.912758072170702039 ) ) ;
#7243 = LINE ( 'NONE', #1295, #7781 ) ;
#7244 = EDGE_CURVE ( 'NONE', #1999, #9733, #102, .T. ) ;
#7245 = CARTESIAN_POINT ( 'NONE',  ( 7.032066374848402468, -3.000000000000000000, 2.105435302502622896 ) ) ;
#7246 = LINE ( 'NONE', #5767, #1653 ) ;
#7247 = ORIENTED_EDGE ( 'NONE', *, *, #7428, .T. ) ;
#7248 = CARTESIAN_POINT ( 'NONE',  ( 6.373907800890115993, -3.010000000000000231, 2.425713489008655799 ) ) ;
#7249 = ORIENTED_EDGE ( 'NONE', *, *, #8836, .F. ) ;
#7250 = ORIENTED_EDGE ( 'NONE', *, *, #4283, .T. ) ;
#7251 = CARTESIAN_POINT ( 'NONE',  ( 6.912043925610888095, -3.000000000000000000, 1.831332191965078904 ) ) ;
#7252 = EDGE_LOOP ( 'NONE', ( #9491, #6630, #7230, #2892, #3218, #9156, #3630, #1979, #2591, #9445, #1147, #2125, #831, #795, #2003, #9634, #8911, #4017, #8552, #4143, #6492 ) ) ;
#7253 = VERTEX_POINT ( 'NONE', #58 ) ;
#7254 = CARTESIAN_POINT ( 'NONE',  ( 6.859810417689404360, -3.010000000000000231, 2.425713489008655799 ) ) ;
#7255 = EDGE_CURVE ( 'NONE', #8293, #4532, #5472, .T. ) ;
#7256 = CARTESIAN_POINT ( 'NONE',  ( 6.373907800890124875, -3.010000000000000231, 1.597345725443035436 ) ) ;
#7257 = EDGE_LOOP ( 'NONE', ( #8485, #8505, #1261, #8532 ) ) ;
#7258 = EDGE_CURVE ( 'NONE', #5215, #2753, #151, .T. ) ;
#7259 = EDGE_CURVE ( 'NONE', #5080, #7492, #6299, .T. ) ;
#7260 = ORIENTED_EDGE ( 'NONE', *, *, #1684, .F. ) ;
#7261 = AXIS2_PLACEMENT_3D ( 'NONE', #3555, #3453, #5184 ) ;
#7262 = DIRECTION ( 'NONE',  ( 2.103084324595235882E-14, 0.000000000000000000, -1.000000000000000000 ) ) ;
#7263 = CARTESIAN_POINT ( 'NONE',  ( 7.014218561797355811, -3.000000000000000000, 1.525463249022609213 ) ) ;
#7264 = PLANE ( 'NONE',  #6676 ) ;
#7265 = EDGE_LOOP ( 'NONE', ( #3417, #5227, #1665, #762 ) ) ;
#7266 = CARTESIAN_POINT ( 'NONE',  ( 5.890723081406068040, -3.000000000000000000, 2.090375376536846908 ) ) ;
#7267 = CARTESIAN_POINT ( 'NONE',  ( 6.373907800890124875, -3.000000000000000000, 1.917623911949075444 ) ) ;
#7268 = LINE ( 'NONE', #8768, #2897 ) ;
#7269 =( GEOMETRIC_REPRESENTATION_CONTEXT ( 3 ) GLOBAL_UNCERTAINTY_ASSIGNED_CONTEXT ( ( #9684 ) ) GLOBAL_UNIT_ASSIGNED_CONTEXT ( ( #1945, #1348, #412 ) ) REPRESENTATION_CONTEXT ( 'NONE', 'WORKASPACE' ) );
#7270 = LINE ( 'NONE', #585, #6657 ) ;
#7271 = CARTESIAN_POINT ( 'NONE',  ( 7.460659500196967109, -3.000000000000000000, 2.229223804036619239 ) ) ;
#7272 = CARTESIAN_POINT ( 'NONE',  ( 5.380642619812027405, -3.000000000000000000, 1.680489336311168369 ) ) ;
#7273 = ORIENTED_EDGE ( 'NONE', *, *, #9320, .T. ) ;
#7274 = EDGE_LOOP ( 'NONE', ( #2044, #401, #4424, #3172 ) ) ;
#7275 = ORIENTED_EDGE ( 'NONE', *, *, #1291, .F. ) ;
#7276 = LINE ( 'NONE', #4974, #3835 ) ;
#7277 = VECTOR ( 'NONE', #5235, 1000.000000000000000 ) ;
#7278 = CARTESIAN_POINT ( 'NONE',  ( 5.221242502709028344, -3.010000000000000231, 1.903649587121335918 ) ) ;
#7279 = CARTESIAN_POINT ( 'NONE',  ( 4.866007807109460792, -3.010000000000000231, 1.619006399874787006 ) ) ;
#7280 = CARTESIAN_POINT ( 'NONE',  ( 6.918839193882784677, -3.000000000000000000, 1.683146221212985294 ) ) ;
#7281 = ORIENTED_EDGE ( 'NONE', *, *, #6099, .F. ) ;
#7282 = CARTESIAN_POINT ( 'NONE',  ( 6.908114131911542444, -3.010000000000000231, 1.798747652540360065 ) ) ;
#7283 = EDGE_CURVE ( 'NONE', #1561, #5770, #210, .T. ) ;
#7284 = CARTESIAN_POINT ( 'NONE',  ( 6.936032041318004104, -3.010000000000000231, 1.635006248394814676 ) ) ;
#7285 = EDGE_CURVE ( 'NONE', #4558, #1874, #7890, .T. ) ;
#7286 = VECTOR ( 'NONE', #9587, 1000.000000000000000 ) ;
#7287 = CARTESIAN_POINT ( 'NONE',  ( 7.013481725478459161, -3.000000000000000000, 1.490750071344261185 ) ) ;
#7288 = VECTOR ( 'NONE', #5049, 1000.000000000000000 ) ;
#7289 =( NAMED_UNIT ( * ) SI_UNIT ( $, .STERADIAN. ) SOLID_ANGLE_UNIT ( ) );
#7290 = CARTESIAN_POINT ( 'NONE',  ( 7.029119029573883459, -3.000000000000000000, 1.523989576384800815 ) ) ;
#7291 = CARTESIAN_POINT ( 'NONE',  ( 6.912043925610888095, -3.010000000000000231, 1.831332191965078904 ) ) ;
#7292 = STYLED_ITEM ( 'NONE', ( #1130 ), #7742 ) ;
#7293 = UNCERTAINTY_MEASURE_WITH_UNIT (LENGTH_MEASURE( 1.000000000000000082E-05 ), #9390, 'distance_accuracy_value', 'NONE');
#7294 = EDGE_LOOP ( 'NONE', ( #6733, #2187, #5795, #3842 ) ) ;
#7295 = AXIS2_PLACEMENT_3D ( 'NONE', #635, #6579, #6678 ) ;
#7296 = CARTESIAN_POINT ( 'NONE',  ( 7.302239691688777512, -3.010000000000000231, 1.880782096017092897 ) ) ;
#7297 = ORIENTED_EDGE ( 'NONE', *, *, #2298, .F. ) ;
#7298 = EDGE_CURVE ( 'NONE', #4657, #3556, #996, .T. ) ;
#7299 = DIRECTION ( 'NONE',  ( -0.000000000000000000, 1.000000000000000000, -0.000000000000000000 ) ) ;
#7300 = ORIENTED_EDGE ( 'NONE', *, *, #3573, .T. ) ;
#7301 = VECTOR ( 'NONE', #4603, 1000.000000000000000 ) ;
#7302 = CARTESIAN_POINT ( 'NONE',  ( 5.453511282000583549, -3.000000000000000000, 2.511647229380917778 ) ) ;
#7303 = DIRECTION ( 'NONE',  ( -0.000000000000000000, -1.000000000000000000, -0.000000000000000000 ) ) ;
#7304 = AXIS2_PLACEMENT_3D ( 'NONE', #854, #2336, #5376 ) ;
#7305 =( NAMED_UNIT ( * ) SI_UNIT ( $, .STERADIAN. ) SOLID_ANGLE_UNIT ( ) );
#7306 = VERTEX_POINT ( 'NONE', #5516 ) ;
#7307 =( GEOMETRIC_REPRESENTATION_CONTEXT ( 3 ) GLOBAL_UNCERTAINTY_ASSIGNED_CONTEXT ( ( #5125 ) ) GLOBAL_UNIT_ASSIGNED_CONTEXT ( ( #4661, #3700, #6902 ) ) REPRESENTATION_CONTEXT ( 'NONE', 'WORKASPACE' ) );
#7308 = ORIENTED_EDGE ( 'NONE', *, *, #296, .T. ) ;
#7309 = ADVANCED_FACE ( 'NONE', ( #4145 ), #5616, .F. ) ;
#7310 = DIRECTION ( 'NONE',  ( -1.000000000000000000, 0.000000000000000000, -2.103084324595235882E-14 ) ) ;
#7311 = EDGE_CURVE ( 'NONE', #9323, #9503, #1737, .T. ) ;
#7312 = EDGE_CURVE ( 'NONE', #5557, #2688, #4099, .T. ) ;
#7313 = LINE ( 'NONE', #6664, #6848 ) ;
#7314 = VECTOR ( 'NONE', #8259, 1000.000000000000000 ) ;
#7315 = EDGE_LOOP ( 'NONE', ( #994, #8958, #5779, #3331 ) ) ;
#7316 = FACE_OUTER_BOUND ( 'NONE', #4523, .T. ) ;
#7317 = CARTESIAN_POINT ( 'NONE',  ( 5.141542379007333352, -3.000000000000000000, 2.395512818018039614 ) ) ;
#7318 = COLOUR_RGB ( '',0.2980392156862745057, 0.2980392156862745057, 0.2980392156862745057 ) ;
#7319 = EDGE_CURVE ( 'NONE', #786, #6877, #2643, .T. ) ;
#7320 = VECTOR ( 'NONE', #8257, 1000.000000000000000 ) ;
#7321 = AXIS2_PLACEMENT_3D ( 'NONE', #7012, #802, #715 ) ;
#7322 = DIRECTION ( 'NONE',  ( 1.000000000000000000, 0.000000000000000000, 4.451381212076075797E-14 ) ) ;
#7323 = EDGE_CURVE ( 'NONE', #2190, #5295, #1250, .T. ) ;
#7324 = ORIENTED_EDGE ( 'NONE', *, *, #7053, .F. ) ;
#7325 = ORIENTED_EDGE ( 'NONE', *, *, #4125, .F. ) ;
#7326 = CARTESIAN_POINT ( 'NONE',  ( 7.519770147093407076, -3.010000000000000231, 2.362345565604948572 ) ) ;
#7327 = SURFACE_STYLE_FILL_AREA ( #441 ) ;
#7328 = VECTOR ( 'NONE', #6085, 1000.000000000000000 ) ;
#7329 = DIRECTION ( 'NONE',  ( 0.000000000000000000, -1.000000000000000000, 0.000000000000000000 ) ) ;
#7330 = CARTESIAN_POINT ( 'NONE',  ( 7.710938236430269654, -3.000000000000000000, 1.720479261359030287 ) ) ;
#7331 = DIRECTION ( 'NONE',  ( 0.000000000000000000, -1.000000000000000000, 0.000000000000000000 ) ) ;
#7332 =( NAMED_UNIT ( * ) SI_UNIT ( $, .STERADIAN. ) SOLID_ANGLE_UNIT ( ) );
#7333 = CARTESIAN_POINT ( 'NONE',  ( 7.274731135791117076, -3.000000000000000000, 2.358743254713512538 ) ) ;
#7334 = CARTESIAN_POINT ( 'NONE',  ( 7.113855206219201754, -3.010000000000000231, 1.562796289168643771 ) ) ;
#7335 = CARTESIAN_POINT ( 'NONE',  ( 6.597005464036952205, -3.010000000000000231, 2.143750791072403405 ) ) ;
#7336 = CARTESIAN_POINT ( 'NONE',  ( 7.706107865009146352, -3.010000000000000231, 1.642210870177697180 ) ) ;
#7337 = DIRECTION ( 'NONE',  ( -0.3559357243643161417, -0.000000000000000000, 0.9345104387438643023 ) ) ;
#7338 = CARTESIAN_POINT ( 'NONE',  ( 7.659277823424813114, -3.000000000000000000, 2.105435302502622896 ) ) ;
#7339 = CARTESIAN_POINT ( 'NONE',  ( 6.713016248873132419, -3.000000000000000000, 2.136873652097444509 ) ) ;
#7340 = COLOUR_RGB ( '',0.6666666666666666297, 0.6666666666666666297, 0.6666666666666666297 ) ;
#7341 = ORIENTED_EDGE ( 'NONE', *, *, #655, .T. ) ;
#7342 = CARTESIAN_POINT ( 'NONE',  ( 2.085000000000001741, 1.604999999999999982, 0.5000000000000000000 ) ) ;
#7343 = ORIENTED_EDGE ( 'NONE', *, *, #6591, .T. ) ;
#7344 = APPLICATION_CONTEXT ( 'automotive_design' ) ;
#7345 = CARTESIAN_POINT ( 'NONE',  ( 7.613593971668197291, -3.010000000000000231, 2.105435302502622896 ) ) ;
#7346 = VERTEX_POINT ( 'NONE', #8681 ) ;
#7347 = CARTESIAN_POINT ( 'NONE',  ( 7.706107865009146352, -3.010000000000000231, 1.875214888275975378 ) ) ;
#7348 = VERTEX_POINT ( 'NONE', #6406 ) ;
#7349 = CARTESIAN_POINT ( 'NONE',  ( 7.274731135791117076, -3.000000000000000000, 2.358743254713512538 ) ) ;
#7350 = VECTOR ( 'NONE', #6249, 1000.000000000000000 ) ;
#7351 = LINE ( 'NONE', #8159, #3850 ) ;
#7352 = ORIENTED_EDGE ( 'NONE', *, *, #8712, .T. ) ;
#7353 = EDGE_CURVE ( 'NONE', #7648, #8628, #3283, .T. ) ;
#7354 = B_SPLINE_CURVE_WITH_KNOTS ( 'NONE', 3,
 ( #8482, #6342, #2586, #8629 ),
 .UNSPECIFIED., .F., .F.,
 ( 4, 4 ),
 ( 4.000000000000000000, 5.000000000000000000 ),
 .UNSPECIFIED. ) ;
#7355 = EDGE_CURVE ( 'NONE', #6778, #6084, #9327, .T. ) ;
#7356 = CARTESIAN_POINT ( 'NONE',  ( 6.597005464036952205, -3.010000000000000231, 2.143750791072403405 ) ) ;
#7357 = EDGE_LOOP ( 'NONE', ( #8878, #4864, #7849, #3102, #4609, #5323 ) ) ;
#7358 = LINE ( 'NONE', #9649, #6488 ) ;
#7359 = CARTESIAN_POINT ( 'NONE',  ( 6.966242330383139780, -3.010000000000000231, 1.782209770720978304 ) ) ;
#7360 = CARTESIAN_POINT ( 'NONE',  ( 4.802247803701578555, -3.010000000000000231, 2.088098352999518514 ) ) ;
#7361 = DIRECTION ( 'NONE',  ( 0.000000000000000000, 0.000000000000000000, 1.000000000000000000 ) ) ;
#7362 = ORIENTED_EDGE ( 'NONE', *, *, #1140, .T. ) ;
#7363 = ADVANCED_FACE ( 'NONE', ( #3181 ), #4600, .F. ) ;
#7364 = CARTESIAN_POINT ( 'NONE',  ( 6.602163318267076697, -3.010000000000000231, 2.383959430951392289 ) ) ;
#7365 = VERTEX_POINT ( 'NONE', #8583 ) ;
#7366 = DIRECTION ( 'NONE',  ( -1.000000000000000000, -0.000000000000000000, -0.000000000000000000 ) ) ;
#7367 = B_SPLINE_CURVE_WITH_KNOTS ( 'NONE', 3,
 ( #9032, #8343, #753, #6113 ),
 .UNSPECIFIED., .F., .F.,
 ( 4, 4 ),
 ( 5.000000000000000000, 6.000000000000000000 ),
 .UNSPECIFIED. ) ;
#7368 = FILL_AREA_STYLE_COLOUR ( '', #3729 ) ;
#7369 = PLANE ( 'NONE',  #5096 ) ;
#7370 = ORIENTED_EDGE ( 'NONE', *, *, #1254, .T. ) ;
#7371 = ORIENTED_EDGE ( 'NONE', *, *, #3014, .T. ) ;
#7372 = CARTESIAN_POINT ( 'NONE',  ( 2.585000000000002185, 1.604999999999999982, -4.099999999999999645 ) ) ;
#7373 = ADVANCED_FACE ( 'NONE', ( #1789 ), #7794, .T. ) ;
#7374 = FACE_BOUND ( 'NONE', #3266, .T. ) ;
#7375 = FILL_AREA_STYLE_COLOUR ( '', #1480 ) ;
#7376 = EDGE_CURVE ( 'NONE', #9503, #8253, #7381, .T. ) ;
#7377 = LINE ( 'NONE', #9772, #2078 ) ;
#7378 = EDGE_CURVE ( 'NONE', #747, #6004, #3506, .T. ) ;
#7379 = PLANE ( 'NONE',  #8755 ) ;
#7380 = LINE ( 'NONE', #6964, #463 ) ;
#7381 = LINE ( 'NONE', #8084, #4634 ) ;
#7382 = CARTESIAN_POINT ( 'NONE',  ( 5.792805857307428141, -3.010000000000000231, 2.090375376536846908 ) ) ;
#7383 = CARTESIAN_POINT ( 'NONE',  ( 6.373907800890124875, -3.000000000000000000, 2.105435302502615791 ) ) ;
#7384 = VERTEX_POINT ( 'NONE', #4933 ) ;
#7385 = ORIENTED_EDGE ( 'NONE', *, *, #2413, .F. ) ;
#7386 = CARTESIAN_POINT ( 'NONE',  ( 7.087820322960435959, -3.010000000000000231, 1.597836949654918959 ) ) ;
#7387 = CARTESIAN_POINT ( 'NONE',  ( 6.625250856252422160, -3.010000000000000231, 1.661859838674450973 ) ) ;
#7388 = UNCERTAINTY_MEASURE_WITH_UNIT (LENGTH_MEASURE( 1.000000000000000082E-05 ), #3364, 'distance_accuracy_value', 'NONE');
#7389 = ORIENTED_EDGE ( 'NONE', *, *, #6053, .T. ) ;
#7390 = DIRECTION ( 'NONE',  ( 0.000000000000000000, 0.000000000000000000, 1.000000000000000000 ) ) ;
#7391 = EDGE_LOOP ( 'NONE', ( #9447, #7132, #7362, #7168 ) ) ;
#7392 = SURFACE_SIDE_STYLE ('',( #3589 ) ) ;
#7393 = ORIENTED_EDGE ( 'NONE', *, *, #9540, .F. ) ;
#7394 = CARTESIAN_POINT ( 'NONE',  ( 7.585021096644815941, -3.000000000000000000, 1.917623911949080551 ) ) ;
#7395 = VERTEX_POINT ( 'NONE', #3437 ) ;
#7396 = CARTESIAN_POINT ( 'NONE',  ( 6.027351790435611534, -3.010000000000000231, 1.698706480142302189 ) ) ;
#7397 = CARTESIAN_POINT ( 'NONE',  ( 6.848676002207185753, -3.010000000000000231, 1.813156896103925275 ) ) ;
#7398 = B_SPLINE_CURVE_WITH_KNOTS ( 'NONE', 3,
 ( #9140, #3750, #7445, #6009 ),
 .UNSPECIFIED., .F., .F.,
 ( 4, 4 ),
 ( 9.000000000000000000, 10.00000000000000000 ),
 .UNSPECIFIED. ) ;
#7399 = CARTESIAN_POINT ( 'NONE',  ( 6.929809867961053804, -3.000000000000000000, 1.798747652540360065 ) ) ;
#7400 = ADVANCED_FACE ( 'NONE', ( #9532 ), #5760, .T. ) ;
#7401 = DIRECTION ( 'NONE',  ( -0.000000000000000000, 1.000000000000000000, -0.000000000000000000 ) ) ;
#7402 = EDGE_CURVE ( 'NONE', #7153, #9298, #4200, .T. ) ;
#7403 = DIRECTION ( 'NONE',  ( 0.000000000000000000, 0.000000000000000000, 1.000000000000000000 ) ) ;
#7404 = B_SPLINE_SURFACE_WITH_KNOTS ( 'NONE', 3, 1, ( 
 ( #2956, #725 ),
 ( #5828, #8847 ),
 ( #8315, #867 ),
 ( #8398, #7704 ) ),
 .UNSPECIFIED., .F., .F., .F.,
 ( 4, 4 ),
 ( 2, 2 ),
 ( 6.000000000000000000, 7.000000000000000000 ),
 ( 0.000000000000000000, 1.000000000000000000 ),
 .UNSPECIFIED. ) ;
#7405 = CARTESIAN_POINT ( 'NONE',  ( 7.165000000000000924, 1.855000000000000204, -4.099999999999999645 ) ) ;
#7406 = PLANE ( 'NONE',  #8904 ) ;
#7407 = ORIENTED_EDGE ( 'NONE', *, *, #5682, .T. ) ;
#7408 = AXIS2_PLACEMENT_3D ( 'NONE', #1664, #6129, #6911 ) ;
#7409 = DIRECTION ( 'NONE',  ( -0.000000000000000000, 1.000000000000000000, -0.000000000000000000 ) ) ;
#7410 = CARTESIAN_POINT ( 'NONE',  ( 5.380642619812027405, -3.010000000000000231, 1.548414934953779021 ) ) ;
#7411 = ORIENTED_EDGE ( 'NONE', *, *, #7259, .T. ) ;
#7412 = EDGE_LOOP ( 'NONE', ( #6891, #6449, #8276, #2666 ) ) ;
#7413 = FACE_OUTER_BOUND ( 'NONE', #3925, .T. ) ;
#7414 = DIRECTION ( 'NONE',  ( 0.3315284183504363380, -0.000000000000000000, 0.9434452330824815158 ) ) ;
#7415 = EDGE_CURVE ( 'NONE', #2165, #1995, #497, .T. ) ;
#7416 = DIRECTION ( 'NONE',  ( 0.000000000000000000, 1.000000000000000000, 0.000000000000000000 ) ) ;
#7417 = CARTESIAN_POINT ( 'NONE',  ( 7.108697351987979474, -3.000000000000000000, 1.635333731202734731 ) ) ;
#7418 = ORIENTED_EDGE ( 'NONE', *, *, #354, .T. ) ;
#7419 = ORIENTED_EDGE ( 'NONE', *, *, #8593, .F. ) ;
#7420 = CARTESIAN_POINT ( 'NONE',  ( 6.904839303829105823, -3.010000000000000231, 1.690023360187944190 ) ) ;
#7421 = VECTOR ( 'NONE', #4392, 1000.000000000000000 ) ;
#7422 = CARTESIAN_POINT ( 'NONE',  ( -9.624999999999998224, -2.799999999999999822, 10.19999999999999929 ) ) ;
#7423 = DIRECTION ( 'NONE',  ( -0.000000000000000000, 1.000000000000000000, -0.000000000000000000 ) ) ;
#7424 = CARTESIAN_POINT ( 'NONE',  ( 7.371092952131627740, -3.010000000000000231, 2.105435302502622896 ) ) ;
#7425 = EDGE_CURVE ( 'NONE', #4888, #5215, #1338, .T. ) ;
#7426 = PLANE ( 'NONE',  #9839 ) ;
#7427 = EDGE_CURVE ( 'NONE', #1084, #9524, #3476, .T. ) ;
#7428 = EDGE_CURVE ( 'NONE', #4570, #8806, #6549, .T. ) ;
#7429 = VECTOR ( 'NONE', #67, 1000.000000000000000 ) ;
#7430 = CARTESIAN_POINT ( 'NONE',  ( 6.634911599096860790, -3.010000000000000231, 1.591942259105878055 ) ) ;
#7431 = ORIENTED_EDGE ( 'NONE', *, *, #7663, .T. ) ;
#7432 = ORIENTED_EDGE ( 'NONE', *, *, #1377, .F. ) ;
#7433 = CARTESIAN_POINT ( 'NONE',  ( 7.583383682603050957, -3.000000000000000000, 1.880782096017092897 ) ) ;
#7434 = CARTESIAN_POINT ( 'NONE',  ( -9.624999999999998224, 0.000000000000000000, 10.19999999999999929 ) ) ;
#7435 = ORIENTED_EDGE ( 'NONE', *, *, #8349, .F. ) ;
#7436 = LINE ( 'NONE', #792, #9652 ) ;
#7437 = VECTOR ( 'NONE', #1047, 1000.000000000000000 ) ;
#7438 = ORIENTED_EDGE ( 'NONE', *, *, #409, .F. ) ;
#7439 = ORIENTED_EDGE ( 'NONE', *, *, #4991, .F. ) ;
#7440 = CARTESIAN_POINT ( 'NONE',  ( 7.353327009780375789, -3.000000000000000000, 2.269667930860042926 ) ) ;
#7441 = ORIENTED_EDGE ( 'NONE', *, *, #2082, .F. ) ;
#7442 = CARTESIAN_POINT ( 'NONE',  ( 5.455788392405196419, -3.000000000000000000, 2.375018520350290263 ) ) ;
#7443 = ORIENTED_EDGE ( 'NONE', *, *, #9618, .T. ) ;
#7444 = CARTESIAN_POINT ( 'NONE',  ( 6.415252505436406238, -3.000000000000000000, 1.778279977021613556 ) ) ;
#7445 = CARTESIAN_POINT ( 'NONE',  ( 6.610514129878762191, -3.000000000000000000, 2.334345785495415271 ) ) ;
#7446 = CARTESIAN_POINT ( 'NONE',  ( 6.685671434381626810, -3.010000000000000231, 1.831332191965078904 ) ) ;
#7448 = ORIENTED_EDGE ( 'NONE', *, *, #4079, .F. ) ;
#7447 = VECTOR ( 'NONE', #8953, 1000.000000000000000 ) ;
#7449 = CARTESIAN_POINT ( 'NONE',  ( 6.415252505436402686, -3.010000000000000231, 2.425713489008655799 ) ) ;
#7450 = VECTOR ( 'NONE', #7116, 1000.000000000000000 ) ;
#7451 = ORIENTED_EDGE ( 'NONE', *, *, #8763, .T. ) ;
#7452 = FACE_OUTER_BOUND ( 'NONE', #3037, .T. ) ;
#7453 = STYLED_ITEM ( 'NONE', ( #1993 ), #8453 ) ;
#7454 = B_SPLINE_CURVE_WITH_KNOTS ( 'NONE', 3,
 ( #6529, #335, #4124, #8068 ),
 .UNSPECIFIED., .F., .F.,
 ( 4, 4 ),
 ( 3.000000000000000000, 4.000000000000000000 ),
 .UNSPECIFIED. ) ;
#7455 = FACE_OUTER_BOUND ( 'NONE', #4547, .T. ) ;
#7456 = CARTESIAN_POINT ( 'NONE',  ( 7.087820322960435959, -3.000000000000000000, 1.597836949654918959 ) ) ;
#7457 = DIRECTION ( 'NONE',  ( 0.000000000000000000, -0.000000000000000000, -1.000000000000000000 ) ) ;
#7458 = CARTESIAN_POINT ( 'NONE',  ( 7.275631713515077870, -3.010000000000000231, 2.175352882071195815 ) ) ;
#7459 = EDGE_LOOP ( 'NONE', ( #657, #345, #8352, #6518 ) ) ;
#7460 = STYLED_ITEM ( 'NONE', ( #8184 ), #4382 ) ;
#7461 = VECTOR ( 'NONE', #9513, 1000.000000000000000 ) ;
#7462 = EDGE_CURVE ( 'NONE', #3378, #7365, #2787, .T. ) ;
#7463 = ADVANCED_FACE ( 'NONE', ( #5899 ), #6079, .F. ) ;
#7464 = FILL_AREA_STYLE ('',( #625 ) ) ;
#7465 = CARTESIAN_POINT ( 'NONE',  ( 5.380642619812027405, -3.000000000000000000, 1.696429369738773563 ) ) ;
#7466 = ORIENTED_EDGE ( 'NONE', *, *, #4749, .T. ) ;
#7467 = DIRECTION ( 'NONE',  ( 1.000000000000000000, -0.000000000000000000, -0.000000000000000000 ) ) ;
#7468 = CARTESIAN_POINT ( 'NONE',  ( 5.756371569645167163, -3.010000000000000231, 2.249775537071849740 ) ) ;
#7469 = MECHANICAL_DESIGN_GEOMETRIC_PRESENTATION_REPRESENTATION (  '', ( #5425 ), #7638 ) ;
#7470 = VECTOR ( 'NONE', #2329, 1000.000000000000000 ) ;
#7471 = DIRECTION ( 'NONE',  ( 1.000000000000000000, -0.000000000000000000, 0.000000000000000000 ) ) ;
#7472 = ORIENTED_EDGE ( 'NONE', *, *, #9553, .T. ) ;
#7473 = ORIENTED_EDGE ( 'NONE', *, *, #954, .F. ) ;
#7474 = ORIENTED_EDGE ( 'NONE', *, *, #9731, .T. ) ;
#7475 = FILL_AREA_STYLE ('',( #4541 ) ) ;
#7476 = SURFACE_SIDE_STYLE ('',( #5259 ) ) ;
#7477 = EDGE_CURVE ( 'NONE', #6581, #9162, #5524, .T. ) ;
#7478 = VECTOR ( 'NONE', #4150, 1000.000000000000000 ) ;
#7479 = EDGE_CURVE ( 'NONE', #9298, #3895, #9482, .T. ) ;
#7480 = FACE_OUTER_BOUND ( 'NONE', #9403, .T. ) ;
#7481 = CARTESIAN_POINT ( 'NONE',  ( 6.728244199458690566, -3.000000000000000000, 1.690187101591904328 ) ) ;
#7482 = FACE_OUTER_BOUND ( 'NONE', #8249, .T. ) ;
#7483 = CARTESIAN_POINT ( 'NONE',  ( 6.884780981821356782, -3.010000000000000231, 1.591942259105878055 ) ) ;
#7484 = CARTESIAN_POINT ( 'NONE',  ( 4.936599293744844630, -3.000000000000000000, 1.600789256043651632 ) ) ;
#7485 = EDGE_LOOP ( 'NONE', ( #2467, #5036, #2841, #1977 ) ) ;
#7486 = ORIENTED_EDGE ( 'NONE', *, *, #9505, .T. ) ;
#7487 = STYLED_ITEM ( 'NONE', ( #7722 ), #752 ) ;
#7488 = VECTOR ( 'NONE', #4340, 1000.000000000000000 ) ;
#7489 = FACE_OUTER_BOUND ( 'NONE', #277, .T. ) ;
#7490 = LINE ( 'NONE', #705, #4666 ) ;
#7491 = ADVANCED_FACE ( 'NONE', ( #1200 ), #3066, .F. ) ;
#7492 = VERTEX_POINT ( 'NONE', #5028 ) ;
#7493 = CARTESIAN_POINT ( 'NONE',  ( 5.567368539525743287, -3.000000000000000000, 2.511647229380917778 ) ) ;
#7494 = VERTEX_POINT ( 'NONE', #7333 ) ;
#7495 = ORIENTED_EDGE ( 'NONE', *, *, #655, .F. ) ;
#7496 = AXIS2_PLACEMENT_3D ( 'NONE', #2822, #5844, #5109 ) ;
#7497 = CARTESIAN_POINT ( 'NONE',  ( 6.373907800890124875, -3.010000000000000231, 1.597345725443035436 ) ) ;
#7498 = B_SPLINE_SURFACE_WITH_KNOTS ( 'NONE', 3, 1, ( 
 ( #803, #9099 ),
 ( #1504, #757 ),
 ( #5427, #5284 ),
 ( #8307, #1598 ) ),
 .UNSPECIFIED., .F., .F., .F.,
 ( 4, 4 ),
 ( 2, 2 ),
 ( 34.00000000000000000, 35.00000000000000000 ),
 ( 0.000000000000000000, 1.000000000000000000 ),
 .UNSPECIFIED. ) ;
#7499 = ORIENTED_EDGE ( 'NONE', *, *, #3201, .T. ) ;
#7500 = LINE ( 'NONE', #2985, #4648 ) ;
#7501 = ORIENTED_EDGE ( 'NONE', *, *, #7415, .F. ) ;
#7502 = SURFACE_STYLE_USAGE ( .BOTH. , #108 ) ;
#7503 = CARTESIAN_POINT ( 'NONE',  ( 6.884780981821356782, -3.000000000000000000, 1.591942259105878055 ) ) ;
#7504 = DIRECTION ( 'NONE',  ( -1.000000000000000000, 0.000000000000000000, -0.000000000000000000 ) ) ;
#7505 = ORIENTED_EDGE ( 'NONE', *, *, #575, .F. ) ;
#7506 = PRESENTATION_LAYER_ASSIGNMENT (  '', '', ( #4210 ) ) ;
#7507 = CARTESIAN_POINT ( 'NONE',  ( 7.107633032862255007, -3.010000000000000231, 1.635333731202734731 ) ) ;
#7508 = EDGE_CURVE ( 'NONE', #2267, #3354, #3580, .T. ) ;
#7509 = ADVANCED_FACE ( 'NONE', ( #9627 ), #2828, .F. ) ;
#7510 = DIRECTION ( 'NONE',  ( 1.000000000000000000, -0.000000000000000000, -0.000000000000000000 ) ) ;
#7511 = FACE_OUTER_BOUND ( 'NONE', #7391, .T. ) ;
#7512 = VERTEX_POINT ( 'NONE', #8331 ) ;
#7513 = DIRECTION ( 'NONE',  ( 0.000000000000000000, 0.000000000000000000, -1.000000000000000000 ) ) ;
#7514 = VERTEX_POINT ( 'NONE', #4639 ) ;
#7515 = DIRECTION ( 'NONE',  ( 0.000000000000000000, 0.000000000000000000, -1.000000000000000000 ) ) ;
#7516 = DIRECTION ( 'NONE',  ( -0.000000000000000000, -0.000000000000000000, 1.000000000000000000 ) ) ;
#7517 = LINE ( 'NONE', #7458, #2097 ) ;
#7518 = FILL_AREA_STYLE ('',( #19 ) ) ;
#7519 = AXIS2_PLACEMENT_3D ( 'NONE', #6834, #933, #5406 ) ;
#7520 =( NAMED_UNIT ( * ) SI_UNIT ( $, .STERADIAN. ) SOLID_ANGLE_UNIT ( ) );
#7521 = VERTEX_POINT ( 'NONE', #7573 ) ;
#7522 = CARTESIAN_POINT ( 'NONE',  ( -9.624999999999998224, 3.000000000000000000, 9.999999999999998224 ) ) ;
#7523 = ORIENTED_EDGE ( 'NONE', *, *, #9578, .F. ) ;
#7524 = LINE ( 'NONE', #730, #5713 ) ;
#7525 = LINE ( 'NONE', #3107, #6095 ) ;
#7526 = FACE_OUTER_BOUND ( 'NONE', #1539, .T. ) ;
#7527 = ORIENTED_EDGE ( 'NONE', *, *, #2599, .F. ) ;
#7528 = ORIENTED_EDGE ( 'NONE', *, *, #4723, .F. ) ;
#7529 = ORIENTED_EDGE ( 'NONE', *, *, #7685, .T. ) ;
#7530 = CARTESIAN_POINT ( 'NONE',  ( 2.085000000000001741, 1.604999999999999982, -4.099999999999999645 ) ) ;
#7531 = CARTESIAN_POINT ( 'NONE',  ( 6.795705657966789381, -3.000000000000000000, 2.374789912321017660 ) ) ;
#7532 = CARTESIAN_POINT ( 'NONE',  ( -9.624999999999998224, -2.799999999999999822, 10.19999999999999929 ) ) ;
#7533 = CARTESIAN_POINT ( 'NONE',  ( 5.785974439228489530, -3.010000000000000231, 2.090375376536846908 ) ) ;
#7534 = EDGE_CURVE ( 'NONE', #4024, #7253, #90, .T. ) ;
#7535 = EDGE_CURVE ( 'NONE', #3556, #3378, #2972, .T. ) ;
#7536 = ORIENTED_EDGE ( 'NONE', *, *, #6440, .F. ) ;
#7537 = EDGE_LOOP ( 'NONE', ( #8452, #2451, #758, #2891 ) ) ;
#7538 = CARTESIAN_POINT ( 'NONE',  ( 7.182299113149966274, -3.010000000000000231, 2.388871673076673474 ) ) ;
#7539 = CARTESIAN_POINT ( 'NONE',  ( 7.006358974398651185, -3.010000000000000231, 1.492878709597895703 ) ) ;
#7540 = B_SPLINE_CURVE_WITH_KNOTS ( 'NONE', 3,
 ( #760, #2392, #6167, #1550 ),
 .UNSPECIFIED., .F., .F.,
 ( 4, 4 ),
 ( 3.000000000000000000, 4.000000000000000000 ),
 .UNSPECIFIED. ) ;
#7541 = ORIENTED_EDGE ( 'NONE', *, *, #2825, .T. ) ;
#7542 = CARTESIAN_POINT ( 'NONE',  ( 5.453511282000583549, -3.000000000000000000, 2.511647229380917778 ) ) ;
#7543 = EDGE_LOOP ( 'NONE', ( #2487, #1852, #728, #5371 ) ) ;
#7544 = DIRECTION ( 'NONE',  ( -0.000000000000000000, -0.000000000000000000, 1.000000000000000000 ) ) ;
#7545 = ORIENTED_EDGE ( 'NONE', *, *, #132, .T. ) ;
#7546 = DIRECTION ( 'NONE',  ( 0.9369753459544896135, 0.000000000000000000, 0.3493954794691319088 ) ) ;
#7547 = ORIENTED_EDGE ( 'NONE', *, *, #8414, .T. ) ;
#7548 = EDGE_CURVE ( 'NONE', #9679, #208, #8287, .T. ) ;
#7549 = CARTESIAN_POINT ( 'NONE',  ( 7.568155732017515902, -3.010000000000000231, 2.229223804036626344 ) ) ;
#7550 = CARTESIAN_POINT ( 'NONE',  ( 7.706107865009146352, -3.000000000000000000, 1.642210870177697180 ) ) ;
#7551 = CARTESIAN_POINT ( 'NONE',  ( 4.836404980959234656, -3.010000000000000231, 2.288487000289468831 ) ) ;
#7552 = CARTESIAN_POINT ( 'NONE',  ( 6.834348629344503934, -3.010000000000000231, 1.728175107353765005 ) ) ;
#7553 = VERTEX_POINT ( 'NONE', #3678 ) ;
#7554 = CARTESIAN_POINT ( 'NONE',  ( 7.699230726034187455, -3.000000000000000000, 1.830513484943108837 ) ) ;
#7555 = EDGE_CURVE ( 'NONE', #5839, #6013, #9074, .T. ) ;
#7556 = CARTESIAN_POINT ( 'NONE',  ( 7.305023295558240370, -3.000000000000000000, 2.150300447237265544 ) ) ;
#7557 = ADVANCED_FACE ( 'NONE', ( #6144 ), #1649, .F. ) ;
#7558 = EDGE_CURVE ( 'NONE', #3571, #1496, #3730, .T. ) ;
#7559 = ORIENTED_EDGE ( 'NONE', *, *, #3088, .T. ) ;
#7560 = CARTESIAN_POINT ( 'NONE',  ( 6.661110223759573401, -3.010000000000000231, 2.100031836165462185 ) ) ;
#7561 = ORIENTED_EDGE ( 'NONE', *, *, #9744, .F. ) ;
#7562 = CARTESIAN_POINT ( 'NONE',  ( 6.728244199458690566, -3.010000000000000231, 1.597345725443038988 ) ) ;
#7563 = CARTESIAN_POINT ( 'NONE',  ( 7.165000000000000924, 1.604999999999999982, 0.5000000000000000000 ) ) ;
#7564 = CARTESIAN_POINT ( 'NONE',  ( 5.792805857307428141, -3.010000000000000231, 2.090375376536846908 ) ) ;
#7565 = PRESENTATION_LAYER_ASSIGNMENT (  '', '', ( #1396 ) ) ;
#7566 = ORIENTED_EDGE ( 'NONE', *, *, #7065, .T. ) ;
#7567 = VERTEX_POINT ( 'NONE', #1382 ) ;
#7568 = SURFACE_STYLE_USAGE ( .BOTH. , #5988 ) ;
#7569 = B_SPLINE_SURFACE_WITH_KNOTS ( 'NONE', 3, 1, ( 
 ( #5624, #3400 ),
 ( #4898, #7902 ),
 ( #609, #5861 ),
 ( #8832, #1351 ) ),
 .UNSPECIFIED., .F., .F., .F.,
 ( 4, 4 ),
 ( 2, 2 ),
 ( 1.000000000000000000, 2.000000000000000000 ),
 ( 0.000000000000000000, 1.000000000000000000 ),
 .UNSPECIFIED. ) ;
#7570 = DIRECTION ( 'NONE',  ( 0.000000000000000000, -0.000000000000000000, 1.000000000000000000 ) ) ;
#7571 = CARTESIAN_POINT ( 'NONE',  ( 7.938375046789632350, -3.010000000000000231, 1.917623911949080551 ) ) ;
#7572 = STYLED_ITEM ( 'NONE', ( #8851 ), #5536 ) ;
#7573 = CARTESIAN_POINT ( 'NONE',  ( 6.883716662694541633, -3.010000000000000231, 1.697882947586647484 ) ) ;
#7574 = PLANE ( 'NONE',  #7519 ) ;
#7575 = CARTESIAN_POINT ( 'NONE',  ( 7.070218122014234829, -3.000000000000000000, 1.556246633001599822 ) ) ;
#7576 = ORIENTED_EDGE ( 'NONE', *, *, #7244, .F. ) ;
#7577 = ORIENTED_EDGE ( 'NONE', *, *, #1509, .F. ) ;
#7578 = CARTESIAN_POINT ( 'NONE',  ( 7.621535429768891312, -3.000000000000000000, 1.880782096017092897 ) ) ;
#7579 = AXIS2_PLACEMENT_3D ( 'NONE', #906, #3290, #3949 ) ;
#7580 = LINE ( 'NONE', #651, #5896 ) ;
#7581 = ORIENTED_EDGE ( 'NONE', *, *, #5, .T. ) ;
#7582 = EDGE_CURVE ( 'NONE', #399, #2869, #4811, .T. ) ;
#7583 = EDGE_CURVE ( 'NONE', #110, #1830, #1454, .T. ) ;
#7584 = CARTESIAN_POINT ( 'NONE',  ( 5.152928148193720581, -3.000000000000000000, 1.903649587121335918 ) ) ;
#7585 = ORIENTED_EDGE ( 'NONE', *, *, #9795, .T. ) ;
#7586 = ORIENTED_EDGE ( 'NONE', *, *, #6644, .T. ) ;
#7587 = CARTESIAN_POINT ( 'NONE',  ( 7.653956227789643130, -3.010000000000000231, 1.644994474047154265 ) ) ;
#7588 = ORIENTED_EDGE ( 'NONE', *, *, #7674, .T. ) ;
#7589 = FACE_OUTER_BOUND ( 'NONE', #8348, .T. ) ;
#7590 = ORIENTED_EDGE ( 'NONE', *, *, #2083, .T. ) ;
#7591 = SURFACE_STYLE_FILL_AREA ( #7650 ) ;
#7592 = CARTESIAN_POINT ( 'NONE',  ( 6.672244639241795561, -3.010000000000000231, 2.431116955345815178 ) ) ;
#7593 = CARTESIAN_POINT ( 'NONE',  ( 7.006358974398651185, -3.010000000000000231, 1.492878709597895703 ) ) ;
#7594 = ORIENTED_EDGE ( 'NONE', *, *, #1530, .F. ) ;
#7595 = CARTESIAN_POINT ( 'NONE',  ( -8.074999999999999289, 1.604999999999999982, -4.099999999999999645 ) ) ;
#7596 = PRESENTATION_LAYER_ASSIGNMENT (  '', '', ( #1101 ) ) ;
#7597 = ADVANCED_FACE ( 'NONE', ( #7482 ), #8227, .T. ) ;
#7598 = LINE ( 'NONE', #2449, #6945 ) ;
#7599 = FACE_OUTER_BOUND ( 'NONE', #1738, .T. ) ;
#7600 = CARTESIAN_POINT ( 'NONE',  ( 0.000000000000000000, -2.799999999999999822, 9.999999999999998224 ) ) ;
#7601 = VECTOR ( 'NONE', #3941, 1000.000000000000000 ) ;
#7602 = PLANE ( 'NONE',  #4326 ) ;
#7603 = CARTESIAN_POINT ( 'NONE',  ( 4.936599293744844630, -3.010000000000000231, 1.600789256043651632 ) ) ;
#7604 = VECTOR ( 'NONE', #4870, 1000.000000000000000 ) ;
#7605 = DIRECTION ( 'NONE',  ( 0.000000000000000000, -1.000000000000000000, 0.000000000000000000 ) ) ;
#7606 = CARTESIAN_POINT ( 'NONE',  ( 6.772126895769586596, -3.010000000000000231, 2.106254009522402271 ) ) ;
#7607 = EDGE_CURVE ( 'NONE', #3874, #1879, #1527, .T. ) ;
#7608 = CARTESIAN_POINT ( 'NONE',  ( 6.873073471424190117, -3.010000000000000231, 1.746677886022836912 ) ) ;
#7609 = ORIENTED_EDGE ( 'NONE', *, *, #4915, .T. ) ;
#7610 = LINE ( 'NONE', #4678, #7019 ) ;
#7611 = VECTOR ( 'NONE', #5405, 1000.000000000000000 ) ;
#7612 = ORIENTED_EDGE ( 'NONE', *, *, #6439, .F. ) ;
#7613 = CARTESIAN_POINT ( 'NONE',  ( 6.635894047521696315, -3.010000000000000231, 1.690842067207737331 ) ) ;
#7614 = EDGE_CURVE ( 'NONE', #4981, #794, #1036, .T. ) ;
#7615 = VECTOR ( 'NONE', #1522, 1000.000000000000000 ) ;
#7616 = CARTESIAN_POINT ( 'NONE',  ( 7.534998097678949236, -3.010000000000000231, 1.880782096017092897 ) ) ;
#7617 = CARTESIAN_POINT ( 'NONE',  ( 7.113609594113256662, -3.000000000000000000, 1.653836509871792870 ) ) ;
#7618 = CARTESIAN_POINT ( 'NONE',  ( 4.754427681705468700, -3.010000000000000231, 1.710092205894480077 ) ) ;
#7619 = PRESENTATION_LAYER_ASSIGNMENT (  '', '', ( #6042 ) ) ;
#7620 = AXIS2_PLACEMENT_3D ( 'NONE', #5176, #5913, #1394 ) ;
#7621 = ORIENTED_EDGE ( 'NONE', *, *, #1212, .T. ) ;
#7622 = ORIENTED_EDGE ( 'NONE', *, *, #3135, .F. ) ;
#7623 = PLANE ( 'NONE',  #2403 ) ;
#7624 = DIRECTION ( 'NONE',  ( -0.000000000000000000, 1.000000000000000000, -0.000000000000000000 ) ) ;
#7625 = EDGE_CURVE ( 'NONE', #7888, #1443, #289, .T. ) ;
#7626 = CARTESIAN_POINT ( 'NONE',  ( 6.712770636767210419, -3.010000000000000231, 1.798747652540360065 ) ) ;
#7627 = UNCERTAINTY_MEASURE_WITH_UNIT (LENGTH_MEASURE( 1.000000000000000082E-05 ), #4843, 'distance_accuracy_value', 'NONE');
#7628 = PLANE ( 'NONE',  #7166 ) ;
#7629 = EDGE_CURVE ( 'NONE', #2189, #6559, #7126, .T. ) ;
#7630 = VECTOR ( 'NONE', #2260, 1000.000000000000000 ) ;
#7631 = VECTOR ( 'NONE', #6825, 1000.000000000000000 ) ;
#7632 = DIRECTION ( 'NONE',  ( 0.000000000000000000, 0.000000000000000000, 1.000000000000000000 ) ) ;
#7633 = CARTESIAN_POINT ( 'NONE',  ( 7.032066374848402468, -3.010000000000000231, 2.141949635626684056 ) ) ;
#7634 = PRESENTATION_STYLE_ASSIGNMENT (( #138 ) ) ;
#7635 = CARTESIAN_POINT ( 'NONE',  ( 7.274731135791117076, -3.010000000000000231, 2.358743254713512538 ) ) ;
#7636 = VERTEX_POINT ( 'NONE', #4089 ) ;
#7637 = CARTESIAN_POINT ( 'NONE',  ( 5.690334325534464277, -3.000000000000000000, 1.737417878208080690 ) ) ;
#7638 =( GEOMETRIC_REPRESENTATION_CONTEXT ( 3 ) GLOBAL_UNCERTAINTY_ASSIGNED_CONTEXT ( ( #5905 ) ) GLOBAL_UNIT_ASSIGNED_CONTEXT ( ( #8166, #5878, #5240 ) ) REPRESENTATION_CONTEXT ( 'NONE', 'WORKASPACE' ) );
#7639 = AXIS2_PLACEMENT_3D ( 'NONE', #5512, #1042, #3380 ) ;
#7640 = LINE ( 'NONE', #6150, #9223 ) ;
#7641 = EDGE_LOOP ( 'NONE', ( #5365, #3210, #2195, #2146 ) ) ;
#7642 = LINE ( 'NONE', #748, #7909 ) ;
#7643 = VERTEX_POINT ( 'NONE', #888 ) ;
#7644 = ORIENTED_EDGE ( 'NONE', *, *, #1027, .F. ) ;
#7645 = LINE ( 'NONE', #9837, #8085 ) ;
#7646 = VERTEX_POINT ( 'NONE', #7034 ) ;
#7647 = LINE ( 'NONE', #4656, #7149 ) ;
#7648 = VERTEX_POINT ( 'NONE', #2370 ) ;
#7649 = AXIS2_PLACEMENT_3D ( 'NONE', #4607, #5963, #9790 ) ;
#7650 = FILL_AREA_STYLE ('',( #9097 ) ) ;
#7651 = CARTESIAN_POINT ( 'NONE',  ( 7.217667256446334889, -3.000000000000000000, 1.826092467031883215 ) ) ;
#7652 = DIRECTION ( 'NONE',  ( -1.000000000000000000, 0.000000000000000000, -0.000000000000000000 ) ) ;
#7653 = DIRECTION ( 'NONE',  ( -0.000000000000000000, 1.000000000000000000, -0.000000000000000000 ) ) ;
#7654 = VECTOR ( 'NONE', #3811, 1000.000000000000000 ) ;
#7655 = VECTOR ( 'NONE', #1486, 1000.000000000000000 ) ;
#7656 = SURFACE_SIDE_STYLE ('',( #4461 ) ) ;
#7657 = CARTESIAN_POINT ( 'NONE',  ( 6.632946702247178195, -3.000000000000000000, 2.358252030501634344 ) ) ;
#7658 = CARTESIAN_POINT ( 'NONE',  ( 6.912043925610888095, -3.010000000000000231, 1.831332191965078904 ) ) ;
#7659 = CARTESIAN_POINT ( 'NONE',  ( 7.433150944301499585, -3.000000000000000000, 1.597345725443038988 ) ) ;
#7660 = CARTESIAN_POINT ( 'NONE',  ( 7.425864451816630130, -3.000000000000000000, 1.880782096017092897 ) ) ;
#7661 = VECTOR ( 'NONE', #8588, 1000.000000000000000 ) ;
#7662 = EDGE_CURVE ( 'NONE', #6206, #8525, #7726, .T. ) ;
#7663 = EDGE_CURVE ( 'NONE', #8171, #4591, #3932, .T. ) ;
#7664 = SURFACE_SIDE_STYLE ('',( #7010 ) ) ;
#7665 = CARTESIAN_POINT ( 'NONE',  ( 7.032230116253447960, -3.010000000000000231, 1.489603881514363959 ) ) ;
#7666 = B_SPLINE_CURVE_WITH_KNOTS ( 'NONE', 3,
 ( #9446, #8600, #9396, #5668 ),
 .UNSPECIFIED., .F., .F.,
 ( 4, 4 ),
 ( 5.000000000000000000, 6.000000000000000000 ),
 .UNSPECIFIED. ) ;
#7667 =( LENGTH_UNIT ( ) NAMED_UNIT ( * ) SI_UNIT ( .MILLI., .METRE. ) );
#7668 = EDGE_LOOP ( 'NONE', ( #1812, #4752, #7710, #3832, #1501, #1247, #791, #6274, #157, #5172, #4516, #6075 ) ) ;
#7669 = FACE_OUTER_BOUND ( 'NONE', #7058, .T. ) ;
#7670 = VECTOR ( 'NONE', #8957, 1000.000000000000000 ) ;
#7671 = DIRECTION ( 'NONE',  ( -0.000000000000000000, -0.000000000000000000, 1.000000000000000000 ) ) ;
#7672 = CARTESIAN_POINT ( 'NONE',  ( 6.932593471831609122, -3.010000000000000231, 1.671684322922846189 ) ) ;
#7673 = DIRECTION ( 'NONE',  ( -0.000000000000000000, 1.000000000000000000, -0.000000000000000000 ) ) ;
#7674 = EDGE_CURVE ( 'NONE', #7153, #2612, #4131, .T. ) ;
#7675 = FACE_OUTER_BOUND ( 'NONE', #6680, .T. ) ;
#7676 = ORIENTED_EDGE ( 'NONE', *, *, #6322, .F. ) ;
#7677 = ORIENTED_EDGE ( 'NONE', *, *, #9540, .T. ) ;
#7678 = VECTOR ( 'NONE', #434, 1000.000000000000000 ) ;
#7679 = CARTESIAN_POINT ( 'NONE',  ( 6.415252505436408015, -3.000000000000000000, 2.141949635626684056 ) ) ;
#7680 = DIRECTION ( 'NONE',  ( -1.000000000000000000, -0.000000000000000000, -0.000000000000000000 ) ) ;
#7681 = CARTESIAN_POINT ( 'NONE',  ( 6.925716332856650226, -3.010000000000000231, 1.677415272067907859 ) ) ;
#7682 = CARTESIAN_POINT ( 'NONE',  ( 6.768360843474201083, -3.010000000000000231, 1.802513704835750907 ) ) ;
#7683 = CARTESIAN_POINT ( 'NONE',  ( 6.538877265565354868, -3.010000000000000231, 1.917623911949075222 ) ) ;
#7684 = CARTESIAN_POINT ( 'NONE',  ( 0.000000000000000000, -3.010000000000000231, 0.000000000000000000 ) ) ;
#7685 = EDGE_CURVE ( 'NONE', #5557, #2950, #4567, .T. ) ;
#7686 = ORIENTED_EDGE ( 'NONE', *, *, #2721, .T. ) ;
#7687 = CARTESIAN_POINT ( 'NONE',  ( 7.015692234434061092, -3.010000000000000231, 2.249691479553174833 ) ) ;
#7688 = EDGE_CURVE ( 'NONE', #3936, #2966, #1701, .T. ) ;
#7689 = ADVANCED_FACE ( 'NONE', ( #3166 ), #9272, .F. ) ;
#7690 = CARTESIAN_POINT ( 'NONE',  ( 7.232485853521977148, -3.010000000000000231, 2.425713489008659351 ) ) ;
#7691 = VERTEX_POINT ( 'NONE', #932 ) ;
#7692 = CARTESIAN_POINT ( 'NONE',  ( 5.055010880661979122, -3.000000000000000000, 1.903649587121335918 ) ) ;
#7693 = VERTEX_POINT ( 'NONE', #3979 ) ;
#7694 = ORIENTED_EDGE ( 'NONE', *, *, #2197, .F. ) ;
#7695 = CARTESIAN_POINT ( 'NONE',  ( 4.658787589726895106, -3.010000000000000231, 1.958300975181634707 ) ) ;
#7696 = ORIENTED_EDGE ( 'NONE', *, *, #7548, .F. ) ;
#7697 = ORIENTED_EDGE ( 'NONE', *, *, #7736, .T. ) ;
#7698 = EDGE_LOOP ( 'NONE', ( #242, #9688, #1039, #5702 ) ) ;
#7699 = CARTESIAN_POINT ( 'NONE',  ( 6.674700760303356795, -3.010000000000000231, 1.704923827965556082 ) ) ;
#7700 = CARTESIAN_POINT ( 'NONE',  ( 6.720220870656011591, -3.000000000000000000, 2.393783915199771961 ) ) ;
#7701 = DIRECTION ( 'NONE',  ( -0.000000000000000000, 1.000000000000000000, -0.000000000000000000 ) ) ;
#7702 = LINE ( 'NONE', #723, #7277 ) ;
#7703 = CARTESIAN_POINT ( 'NONE',  ( 7.710938236430269654, -3.010000000000000231, 1.800385066582131932 ) ) ;
#7704 = CARTESIAN_POINT ( 'NONE',  ( 6.727179880331868311, -3.000000000000000000, 1.632713868737213359 ) ) ;
#7705 = CARTESIAN_POINT ( 'NONE',  ( 7.710938236430269654, -3.000000000000000000, 1.760432163970577779 ) ) ;
#7706 = B_SPLINE_CURVE_WITH_KNOTS ( 'NONE', 3,
 ( #3572, #7933, #6583, #9621 ),
 .UNSPECIFIED., .F., .F.,
 ( 4, 4 ),
 ( 5.000000000000000000, 6.000000000000000000 ),
 .UNSPECIFIED. ) ;
#7707 =( NAMED_UNIT ( * ) SI_UNIT ( $, .STERADIAN. ) SOLID_ANGLE_UNIT ( ) );
#7708 = LINE ( 'NONE', #818, #5433 ) ;
#7709 = CARTESIAN_POINT ( 'NONE',  ( 7.583383682603050957, -3.010000000000000231, 1.880782096017092897 ) ) ;
#7710 = ORIENTED_EDGE ( 'NONE', *, *, #2112, .T. ) ;
#7711 = CARTESIAN_POINT ( 'NONE',  ( 7.024779882364639683, -3.000000000000000000, 2.425713489008658907 ) ) ;
#7712 = ORIENTED_EDGE ( 'NONE', *, *, #5953, .T. ) ;
#7713 = ADVANCED_FACE ( 'NONE', ( #5505 ), #3793, .F. ) ;
#7714 = CARTESIAN_POINT ( 'NONE',  ( 6.707039687622128987, -3.010000000000000231, 2.100031836165462185 ) ) ;
#7715 = EDGE_CURVE ( 'NONE', #8775, #6836, #154, .T. ) ;
#7716 = CARTESIAN_POINT ( 'NONE',  ( 4.658787589726895106, -3.010000000000000231, 2.056218199278089021 ) ) ;
#7717 = CARTESIAN_POINT ( 'NONE',  ( 4.804524870672004511, -3.000000000000000000, 1.655440687534879052 ) ) ;
#7718 = LINE ( 'NONE', #3265, #186 ) ;
#7719 = EDGE_LOOP ( 'NONE', ( #1544, #9574, #7594, #6123 ) ) ;
#7720 = ORIENTED_EDGE ( 'NONE', *, *, #628, .F. ) ;
#7721 = DIRECTION ( 'NONE',  ( 0.000000000000000000, 1.000000000000000000, 0.000000000000000000 ) ) ;
#7722 = PRESENTATION_STYLE_ASSIGNMENT (( #3928 ) ) ;
#7723 = DIRECTION ( 'NONE',  ( 1.000000000000000000, -0.000000000000000000, -0.000000000000000000 ) ) ;
#7724 = UNCERTAINTY_MEASURE_WITH_UNIT (LENGTH_MEASURE( 1.000000000000000082E-05 ), #903, 'distance_accuracy_value', 'NONE');
#7725 = CARTESIAN_POINT ( 'NONE',  ( 5.080059486004070202, -3.000000000000000000, 2.322644177546035582 ) ) ;
#7726 = B_SPLINE_CURVE_WITH_KNOTS ( 'NONE', 3,
 ( #6288, #7682, #4040, #3321 ),
 .UNSPECIFIED., .F., .F.,
 ( 4, 4 ),
 ( 1.000000000000000000, 2.000000000000000000 ),
 .UNSPECIFIED. ) ;
#7727 = EDGE_CURVE ( 'NONE', #5475, #402, #538, .T. ) ;
#7728 = LINE ( 'NONE', #8479, #1796 ) ;
#7729 = DIRECTION ( 'NONE',  ( 0.000000000000000000, -0.000000000000000000, 1.000000000000000000 ) ) ;
#7730 = FACE_OUTER_BOUND ( 'NONE', #2000, .T. ) ;
#7731 = ORIENTED_EDGE ( 'NONE', *, *, #7054, .T. ) ;
#7732 = CARTESIAN_POINT ( 'NONE',  ( 7.067352647441703439, -3.000000000000000000, 1.489603881514363959 ) ) ;
#7733 = B_SPLINE_CURVE_WITH_KNOTS ( 'NONE', 3,
 ( #8936, #567, #9551, #1214, #460, #6563, #8014 ),
 .UNSPECIFIED., .F., .F.,
 ( 4, 3, 4 ),
 ( 2.000000000000000000, 3.000000000000000000, 4.000000000000000000 ),
 .UNSPECIFIED. ) ;
#7734 = PRESENTATION_STYLE_ASSIGNMENT (( #145 ) ) ;
#7735 = EDGE_LOOP ( 'NONE', ( #964, #5158, #992, #439 ) ) ;
#7736 = EDGE_CURVE ( 'NONE', #7113, #1563, #5610, .T. ) ;
#7737 = CARTESIAN_POINT ( 'NONE',  ( 6.667496138521578075, -3.000000000000000000, 1.624854281338506512 ) ) ;
#7738 = ORIENTED_EDGE ( 'NONE', *, *, #6748, .F. ) ;
#7739 = DIRECTION ( 'NONE',  ( 1.000000000000000000, -0.000000000000000000, 4.028246116041384116E-14 ) ) ;
#7740 = B_SPLINE_SURFACE_WITH_KNOTS ( 'NONE', 3, 1, ( 
 ( #5759, #5849 ),
 ( #8866, #3529 ),
 ( #7195, #5114 ),
 ( #400, #8728 ),
 ( #6447, #5027 ),
 ( #9478, #2689 ),
 ( #1934, #4983 ) ),
 .UNSPECIFIED., .F., .F., .F.,
 ( 4, 3, 4 ),
 ( 2, 2 ),
 ( 2.000000000000000000, 3.000000000000000000, 4.000000000000000000 ),
 ( 0.000000000000000000, 1.000000000000000000 ),
 .UNSPECIFIED. ) ;
#7741 = VERTEX_POINT ( 'NONE', #2678 ) ;
#7742 = ADVANCED_FACE ( 'NONE', ( #8853 ), #1187, .T. ) ;
#7743 = EDGE_CURVE ( 'NONE', #462, #8703, #6436, .T. ) ;
#7744 = DIRECTION ( 'NONE',  ( -1.000000000000000000, 0.000000000000000000, 0.000000000000000000 ) ) ;
#7745 = ORIENTED_EDGE ( 'NONE', *, *, #6801, .F. ) ;
#7746 = SURFACE_SIDE_STYLE ('',( #4001 ) ) ;
#7747 = CARTESIAN_POINT ( 'NONE',  ( 6.873073471424190117, -3.000000000000000000, 1.746677886022836912 ) ) ;
#7748 = CARTESIAN_POINT ( 'NONE',  ( 6.876512040911660684, -3.000000000000000000, 1.790233099523641513 ) ) ;
#7749 = CARTESIAN_POINT ( 'NONE',  ( 6.888710775520707763, -3.010000000000000231, 1.624690539934555256 ) ) ;
#7750 = EDGE_CURVE ( 'NONE', #7120, #3766, #511, .T. ) ;
#7751 = EDGE_LOOP ( 'NONE', ( #6203, #7186, #5378, #1907, #8289, #5672 ) ) ;
#7752 = LINE ( 'NONE', #3293, #5090 ) ;
#7753 = B_SPLINE_CURVE_WITH_KNOTS ( 'NONE', 3,
 ( #5050, #7360, #6615, #8066 ),
 .UNSPECIFIED., .F., .F.,
 ( 4, 4 ),
 ( 18.00000000000000000, 19.00000000000000000 ),
 .UNSPECIFIED. ) ;
#7754 = DIRECTION ( 'NONE',  ( 0.000000000000000000, 0.000000000000000000, 1.000000000000000000 ) ) ;
#7755 = CARTESIAN_POINT ( 'NONE',  ( 6.599297843695637766, -3.010000000000000231, 2.261972084865287780 ) ) ;
#7756 = VECTOR ( 'NONE', #2257, 1000.000000000000000 ) ;
#7757 = PLANE ( 'NONE',  #7321 ) ;
#7758 = EDGE_LOOP ( 'NONE', ( #9832, #7016, #5996, #314 ) ) ;
#7759 = FILL_AREA_STYLE_COLOUR ( '', #3304 ) ;
#7760 = ORIENTED_EDGE ( 'NONE', *, *, #7819, .T. ) ;
#7761 = CARTESIAN_POINT ( 'NONE',  ( 6.728244199458690566, -3.010000000000000231, 1.632713868737213359 ) ) ;
#7762 = DIRECTION ( 'NONE',  ( -0.000000000000000000, 1.000000000000000000, -0.000000000000000000 ) ) ;
#7763 = VECTOR ( 'NONE', #8634, 1000.000000000000000 ) ;
#7764 = FILL_AREA_STYLE_COLOUR ( '', #4154 ) ;
#7765 = CARTESIAN_POINT ( 'NONE',  ( 6.635894047521696315, -3.000000000000000000, 1.690842067207737331 ) ) ;
#7766 = DIRECTION ( 'NONE',  ( -1.000000000000000000, 0.000000000000000000, -9.459185076092910658E-14 ) ) ;
#7767 = CARTESIAN_POINT ( 'NONE',  ( 7.911603327211961911, -3.010000000000000231, 1.859495713476382983 ) ) ;
#7768 = ORIENTED_EDGE ( 'NONE', *, *, #2965, .T. ) ;
#7769 = ORIENTED_EDGE ( 'NONE', *, *, #8787, .T. ) ;
#7770 = ADVANCED_FACE ( 'NONE', ( #388 ), #2351, .F. ) ;
#7771 = LINE ( 'NONE', #975, #6043 ) ;
#7772 = EDGE_CURVE ( 'NONE', #564, #5080, #7270, .T. ) ;
#7773 =( GEOMETRIC_REPRESENTATION_CONTEXT ( 3 ) GLOBAL_UNCERTAINTY_ASSIGNED_CONTEXT ( ( #3977 ) ) GLOBAL_UNIT_ASSIGNED_CONTEXT ( ( #5312, #3071, #9017 ) ) REPRESENTATION_CONTEXT ( 'NONE', 'WORKASPACE' ) );
#7774 = PLANE ( 'NONE',  #4037 ) ;
#7775 =( GEOMETRIC_REPRESENTATION_CONTEXT ( 3 ) GLOBAL_UNCERTAINTY_ASSIGNED_CONTEXT ( ( #1245 ) ) GLOBAL_UNIT_ASSIGNED_CONTEXT ( ( #7218, #2510, #2668 ) ) REPRESENTATION_CONTEXT ( 'NONE', 'WORKASPACE' ) );
#7776 = CARTESIAN_POINT ( 'NONE',  ( 9.624999999999998224, -3.000000000000000000, 9.999999999999998224 ) ) ;
#7777 = CARTESIAN_POINT ( 'NONE',  ( 7.183936527193904631, -3.010000000000000231, 2.425713489008659351 ) ) ;
#7778 = CARTESIAN_POINT ( 'NONE',  ( 5.150650994356001711, -3.010000000000000231, 2.156412707512648907 ) ) ;
#7779 = PLANE ( 'NONE',  #9746 ) ;
#7780 = VECTOR ( 'NONE', #5916, 1000.000000000000000 ) ;
#7781 = VECTOR ( 'NONE', #450, 1000.000000000000000 ) ;
#7782 = ORIENTED_EDGE ( 'NONE', *, *, #7479, .F. ) ;
#7783 = CARTESIAN_POINT ( 'NONE',  ( 5.239459603105976804, -3.010000000000000231, 1.721477844780471944 ) ) ;
#7784 = AXIS2_PLACEMENT_3D ( 'NONE', #528, #7403, #2160 ) ;
#7785 = ORIENTED_EDGE ( 'NONE', *, *, #5387, .F. ) ;
#7786 = EDGE_CURVE ( 'NONE', #1136, #3509, #480, .T. ) ;
#7787 = CARTESIAN_POINT ( 'NONE',  ( 5.694888546342596669, -3.010000000000000231, 1.737417878208080690 ) ) ;
#7788 = EDGE_CURVE ( 'NONE', #1736, #9323, #8071, .T. ) ;
#7789 =( GEOMETRIC_REPRESENTATION_CONTEXT ( 3 ) GLOBAL_UNCERTAINTY_ASSIGNED_CONTEXT ( ( #7388 ) ) GLOBAL_UNIT_ASSIGNED_CONTEXT ( ( #3364, #2009, #4082 ) ) REPRESENTATION_CONTEXT ( 'NONE', 'WORKASPACE' ) );
#7790 = COLOUR_RGB ( '',0.6666666666666666297, 0.6666666666666666297, 0.6666666666666666297 ) ;
#7791 = ORIENTED_EDGE ( 'NONE', *, *, #1713, .T. ) ;
#7792 = CARTESIAN_POINT ( 'NONE',  ( 4.970756536153250416, -3.000000000000000000, 1.839889540281443692 ) ) ;
#7793 = ORIENTED_EDGE ( 'NONE', *, *, #7743, .T. ) ;
#7794 = PLANE ( 'NONE',  #2854 ) ;
#7795 = ORIENTED_EDGE ( 'NONE', *, *, #6400, .F. ) ;
#7796 = VECTOR ( 'NONE', #2568, 1000.000000000000000 ) ;
#7797 =( GEOMETRIC_REPRESENTATION_CONTEXT ( 3 ) GLOBAL_UNCERTAINTY_ASSIGNED_CONTEXT ( ( #3881 ) ) GLOBAL_UNIT_ASSIGNED_CONTEXT ( ( #5412, #6986, #5609 ) ) REPRESENTATION_CONTEXT ( 'NONE', 'WORKASPACE' ) );
#7798 = DIRECTION ( 'NONE',  ( 0.000000000000000000, 0.000000000000000000, -1.000000000000000000 ) ) ;
#7799 = DIRECTION ( 'NONE',  ( -0.000000000000000000, -1.000000000000000000, -0.000000000000000000 ) ) ;
#7800 = EDGE_CURVE ( 'NONE', #8959, #1621, #4471, .T. ) ;
#7801 = CARTESIAN_POINT ( 'NONE',  ( 7.133913528228045031, -3.000000000000000000, 2.388871673076673474 ) ) ;
#7802 = CARTESIAN_POINT ( 'NONE',  ( -9.624999999999998224, 2.799999999999999822, 9.999999999999998224 ) ) ;
#7803 = CARTESIAN_POINT ( 'NONE',  ( 6.884617240416298856, -3.000000000000000000, 1.795964048668708513 ) ) ;
#7804 = VECTOR ( 'NONE', #1889, 1000.000000000000000 ) ;
#7805 = CARTESIAN_POINT ( 'NONE',  ( 6.822968601756333129, -3.010000000000000231, 1.784665891782520664 ) ) ;
#7806 = VECTOR ( 'NONE', #9496, 1000.000000000000000 ) ;
#7807 = VECTOR ( 'NONE', #2517, 1000.000000000000000 ) ;
#7808 = DIRECTION ( 'NONE',  ( -0.000000000000000000, -0.000000000000000000, 1.000000000000000000 ) ) ;
#7809 = ORIENTED_EDGE ( 'NONE', *, *, #5631, .T. ) ;
#7810 = LINE ( 'NONE', #8497, #3996 ) ;
#7811 =( LENGTH_UNIT ( ) NAMED_UNIT ( * ) SI_UNIT ( .MILLI., .METRE. ) );
#7812 = CARTESIAN_POINT ( 'NONE',  ( 5.152928104760619910, -3.010000000000000231, 1.445943403181894071 ) ) ;
#7813 = DIRECTION ( 'NONE',  ( 0.000000000000000000, -0.000000000000000000, -1.000000000000000000 ) ) ;
#7814 = EDGE_CURVE ( 'NONE', #3387, #5047, #3814, .T. ) ;
#7815 = DIRECTION ( 'NONE',  ( -0.3416038306902356436, 0.000000000000000000, 0.9398440417738236352 ) ) ;
#7816 = CARTESIAN_POINT ( 'NONE',  ( 5.150650994356001711, -3.010000000000000231, 2.156412707512648907 ) ) ;
#7817 = ORIENTED_EDGE ( 'NONE', *, *, #9825, .F. ) ;
#7818 = AXIS2_PLACEMENT_3D ( 'NONE', #7178, #384, #5742 ) ;
#7819 = EDGE_CURVE ( 'NONE', #2762, #177, #6624, .T. ) ;
#7820 = EDGE_CURVE ( 'NONE', #8264, #2551, #9662, .T. ) ;
#7821 = DIRECTION ( 'NONE',  ( -0.000000000000000000, -0.000000000000000000, 1.000000000000000000 ) ) ;
#7822 = EDGE_LOOP ( 'NONE', ( #5975, #7213, #8061, #894 ) ) ;
#7823 = ORIENTED_EDGE ( 'NONE', *, *, #5430, .F. ) ;
#7824 = B_SPLINE_CURVE_WITH_KNOTS ( 'NONE', 3,
 ( #7074, #924, #85, #7027 ),
 .UNSPECIFIED., .F., .F.,
 ( 4, 4 ),
 ( 24.00000000000000000, 25.00000000000000000 ),
 .UNSPECIFIED. ) ;
#7825 = DIRECTION ( 'NONE',  ( -0.000000000000000000, 1.000000000000000000, -0.000000000000000000 ) ) ;
#7826 = COLOUR_RGB ( '',0.4980392156862745168, 0.4980392156862745168, 0.4980392156862745168 ) ;
#7827 = CARTESIAN_POINT ( 'NONE',  ( 6.977213004460321777, -3.010000000000000231, 1.659567459016854762 ) ) ;
#7828 = DIRECTION ( 'NONE',  ( 0.000000000000000000, -1.000000000000000000, 0.000000000000000000 ) ) ;
#7829 = CARTESIAN_POINT ( 'NONE',  ( -9.824999999999999289, -2.799999999999999822, 9.999999999999998224 ) ) ;
#7830 = DIRECTION ( 'NONE',  ( -0.000000000000000000, 1.000000000000000000, -0.000000000000000000 ) ) ;
#7831 = LINE ( 'NONE', #4731, #1297 ) ;
#7832 = PRESENTATION_LAYER_ASSIGNMENT (  '', '', ( #3725 ) ) ;
#7833 = B_SPLINE_SURFACE_WITH_KNOTS ( 'NONE', 3, 1, ( 
 ( #9472, #5064 ),
 ( #4242, #5023 ),
 ( #8672, #9526 ),
 ( #1875, #4335 ) ),
 .UNSPECIFIED., .F., .F., .F.,
 ( 4, 4 ),
 ( 2, 2 ),
 ( 12.00000000000000000, 13.00000000000000000 ),
 ( 0.000000000000000000, 1.000000000000000000 ),
 .UNSPECIFIED. ) ;
#7834 = UNCERTAINTY_MEASURE_WITH_UNIT (LENGTH_MEASURE( 1.000000000000000082E-05 ), #5129, 'distance_accuracy_value', 'NONE');
#7835 = CARTESIAN_POINT ( 'NONE',  ( 5.045902308746413212, -3.000000000000000000, 2.327198463502726522 ) ) ;
#7836 = FACE_OUTER_BOUND ( 'NONE', #5471, .T. ) ;
#7837 = CARTESIAN_POINT ( 'NONE',  ( 4.658787589726895106, -3.010000000000000231, 1.958300975181634707 ) ) ;
#7838 = DIRECTION ( 'NONE',  ( 1.000000000000000000, 0.000000000000000000, 6.455011293317516227E-14 ) ) ;
#7839 = DIRECTION ( 'NONE',  ( -0.000000000000000000, 1.000000000000000000, -0.000000000000000000 ) ) ;
#7840 = VECTOR ( 'NONE', #5889, 1000.000000000000227 ) ;
#7841 = ORIENTED_EDGE ( 'NONE', *, *, #8715, .F. ) ;
#7842 = LINE ( 'NONE', #8576, #1607 ) ;
#7843 = CARTESIAN_POINT ( 'NONE',  ( 7.581746268563485991, -3.010000000000000231, 1.597345725443044095 ) ) ;
#7844 = ORIENTED_EDGE ( 'NONE', *, *, #3536, .T. ) ;
#7845 = CARTESIAN_POINT ( 'NONE',  ( 7.913322611953525154, -3.000000000000000000, 1.867027818067175104 ) ) ;
#7846 = ORIENTED_EDGE ( 'NONE', *, *, #8087, .T. ) ;
#7847 = ADVANCED_FACE ( 'NONE', ( #3719 ), #1472, .F. ) ;
#7848 = DIRECTION ( 'NONE',  ( 1.000000000000000000, 0.000000000000000000, 0.000000000000000000 ) ) ;
#7849 = ORIENTED_EDGE ( 'NONE', *, *, #5575, .F. ) ;
#7850 = ADVANCED_FACE ( 'NONE', ( #7413, #9059 ), #26, .F. ) ;
#7851 = DIRECTION ( 'NONE',  ( -1.000000000000000000, -0.000000000000000000, -0.000000000000000000 ) ) ;
#7852 = LINE ( 'NONE', #1839, #6078 ) ;
#7853 = CARTESIAN_POINT ( 'NONE',  ( 6.966242330383139780, -3.010000000000000231, 1.782209770720978304 ) ) ;
#7854 = FACE_BOUND ( 'NONE', #3081, .T. ) ;
#7855 = CARTESIAN_POINT ( 'NONE',  ( 7.305023295558240370, -3.010000000000000231, 2.150300447237265544 ) ) ;
#7856 = CARTESIAN_POINT ( 'NONE',  ( 6.597005464036952205, -3.000000000000000000, 2.143750791072403405 ) ) ;
#7857 = CARTESIAN_POINT ( 'NONE',  ( 7.585021096644815941, -3.000000000000000000, 1.917623911949080773 ) ) ;
#7858 = VERTEX_POINT ( 'NONE', #1520 ) ;
#7859 = EDGE_CURVE ( 'NONE', #9654, #9479, #9814, .T. ) ;
#7860 = ORIENTED_EDGE ( 'NONE', *, *, #9172, .F. ) ;
#7861 = LINE ( 'NONE', #2704, #9409 ) ;
#7862 = CARTESIAN_POINT ( 'NONE',  ( 7.425864451816628353, -3.000000000000000000, 1.917623911949078996 ) ) ;
#7863 = CARTESIAN_POINT ( 'NONE',  ( 7.305023295558240370, -3.000000000000000000, 2.150300447237265544 ) ) ;
#7864 = VERTEX_POINT ( 'NONE', #8905 ) ;
#7865 = PRESENTATION_STYLE_ASSIGNMENT (( #1906 ) ) ;
#7866 = ORIENTED_EDGE ( 'NONE', *, *, #4663, .F. ) ;
#7867 = ORIENTED_EDGE ( 'NONE', *, *, #8858, .F. ) ;
#7868 = LINE ( 'NONE', #1172, #945 ) ;
#7869 = EDGE_CURVE ( 'NONE', #6421, #9600, #6032, .T. ) ;
#7870 = DIRECTION ( 'NONE',  ( -1.000000000000000000, -0.000000000000000000, -0.000000000000000000 ) ) ;
#7871 = PLANE ( 'NONE',  #1913 ) ;
#7872 = EDGE_CURVE ( 'NONE', #2805, #3186, #8173, .T. ) ;
#7873 = EDGE_CURVE ( 'NONE', #840, #6086, #4425, .T. ) ;
#7874 = CARTESIAN_POINT ( 'NONE',  ( 6.684525244552819601, -3.010000000000000231, 2.393783915199771961 ) ) ;
#7875 = CARTESIAN_POINT ( 'NONE',  ( 6.606911818987320828, -3.000000000000000000, 1.771075355238739935 ) ) ;
#7876 = ORIENTED_EDGE ( 'NONE', *, *, #8496, .T. ) ;
#7877 = EDGE_LOOP ( 'NONE', ( #2813, #8439, #3964, #364, #1400, #5079, #9605 ) ) ;
#7878 = CARTESIAN_POINT ( 'NONE',  ( 5.792805857307428141, -3.010000000000000231, 2.090375376536846908 ) ) ;
#7879 =( NAMED_UNIT ( * ) SI_UNIT ( $, .STERADIAN. ) SOLID_ANGLE_UNIT ( ) );
#7880 = CARTESIAN_POINT ( 'NONE',  ( 6.908114131911542444, -3.010000000000000231, 1.798747652540360065 ) ) ;
#7881 = FACE_OUTER_BOUND ( 'NONE', #9425, .T. ) ;
#7882 = ORIENTED_EDGE ( 'NONE', *, *, #5495, .T. ) ;
#7883 = VERTEX_POINT ( 'NONE', #5247 ) ;
#7884 = CARTESIAN_POINT ( 'NONE',  ( -7.574999999999998401, 1.604999999999999982, 0.5000000000000000000 ) ) ;
#7885 = CARTESIAN_POINT ( 'NONE',  ( 7.183936527193904631, -3.010000000000000231, 2.425713489008659351 ) ) ;
#7886 = ORIENTED_EDGE ( 'NONE', *, *, #2408, .F. ) ;
#7887 = FACE_OUTER_BOUND ( 'NONE', #2883, .T. ) ;
#7888 = VERTEX_POINT ( 'NONE', #8321 ) ;
#7889 = ORIENTED_EDGE ( 'NONE', *, *, #3942, .F. ) ;
#7890 = LINE ( 'NONE', #3994, #4935 ) ;
#7891 = VERTEX_POINT ( 'NONE', #7562 ) ;
#7892 = CYLINDRICAL_SURFACE ( 'NONE', #1920, 0.2000000000000005107 ) ;
#7893 = CARTESIAN_POINT ( 'NONE',  ( -8.053738883706529350, -2.979999999999999982, 1.843383459213754350 ) ) ;
#7894 = CARTESIAN_POINT ( 'NONE',  ( 6.901155122235682171, -3.010000000000000231, 2.286369554081201017 ) ) ;
#7895 = PRESENTATION_LAYER_ASSIGNMENT (  '', '', ( #7572 ) ) ;
#7896 = DIRECTION ( 'NONE',  ( 0.3493954794972894962, 0.000000000000000000, -0.9369753459439896792 ) ) ;
#7897 = EDGE_CURVE ( 'NONE', #2427, #9435, #9718, .T. ) ;
#7898 = CARTESIAN_POINT ( 'NONE',  ( 6.027351790435611534, -3.010000000000000231, 1.698706480142302189 ) ) ;
#7899 = EDGE_CURVE ( 'NONE', #9733, #6582, #9113, .T. ) ;
#7900 = CARTESIAN_POINT ( 'NONE',  ( 7.024779882364643235, -3.000000000000000000, 2.388871673076673474 ) ) ;
#7901 = ORIENTED_EDGE ( 'NONE', *, *, #5375, .T. ) ;
#7902 = CARTESIAN_POINT ( 'NONE',  ( 6.628853167142777281, -3.000000000000000000, 1.683964928234958913 ) ) ;
#7903 = LINE ( 'NONE', #4160, #989 ) ;
#7904 = CARTESIAN_POINT ( 'NONE',  ( 6.624432149231541445, -3.000000000000000000, 2.114604821135169566 ) ) ;
#7905 = B_SPLINE_SURFACE_WITH_KNOTS ( 'NONE', 3, 1, ( 
 ( #7878, #429 ),
 ( #7979, #7266 ),
 ( #4913, #7921 ),
 ( #1124, #4277 ) ),
 .UNSPECIFIED., .F., .F., .F.,
 ( 4, 4 ),
 ( 2, 2 ),
 ( 23.00000000000000000, 24.00000000000000000 ),
 ( 0.000000000000000000, 1.000000000000000000 ),
 .UNSPECIFIED. ) ;
#7906 = CARTESIAN_POINT ( 'NONE',  ( 7.513793585842387657, -3.010000000000000231, 2.384778137973367684 ) ) ;
#7907 = ORIENTED_EDGE ( 'NONE', *, *, #9173, .F. ) ;
#7908 = EDGE_CURVE ( 'NONE', #660, #2690, #2313, .T. ) ;
#7909 = VECTOR ( 'NONE', #2188, 1000.000000000000114 ) ;
#7910 = CYLINDRICAL_SURFACE ( 'NONE', #5364, 0.4655872561384367669 ) ;
#7911 = ORIENTED_EDGE ( 'NONE', *, *, #3310, .T. ) ;
#7912 = VERTEX_POINT ( 'NONE', #3662 ) ;
#7913 = CARTESIAN_POINT ( 'NONE',  ( 7.447560187865060577, -3.010000000000000231, 2.193036953720469473 ) ) ;
#7914 = DIRECTION ( 'NONE',  ( -0.000000000000000000, 0.000000000000000000, 1.000000000000000000 ) ) ;
#7915 = COLOUR_RGB ( '',0.2980392156862745057, 0.2980392156862745057, 0.2980392156862745057 ) ;
#7916 = DIRECTION ( 'NONE',  ( -0.000000000000000000, 0.000000000000000000, 1.000000000000000000 ) ) ;
#7917 = CARTESIAN_POINT ( 'NONE',  ( 7.894164867668626684, -3.010000000000000231, 1.917623911949080551 ) ) ;
#7918 = ORIENTED_EDGE ( 'NONE', *, *, #383, .T. ) ;
#7919 = STYLED_ITEM ( 'NONE', ( #4484 ), #2728 ) ;
#7920 = ORIENTED_EDGE ( 'NONE', *, *, #4613, .F. ) ;
#7921 = CARTESIAN_POINT ( 'NONE',  ( 5.970423161673574342, -3.000000000000000000, 2.010675296269340606 ) ) ;
#7922 = EDGE_CURVE ( 'NONE', #4657, #7215, #2916, .T. ) ;
#7923 = CARTESIAN_POINT ( 'NONE',  ( 6.968616580742715172, -3.010000000000000231, 1.622070677469045874 ) ) ;
#7924 = VECTOR ( 'NONE', #5804, 1000.000000000000000 ) ;
#7925 = CARTESIAN_POINT ( 'NONE',  ( 6.977213004460321777, -3.010000000000000231, 1.674631668198443890 ) ) ;
#7926 = CARTESIAN_POINT ( 'NONE',  ( 6.584561117321979573, -3.010000000000000231, 1.658585010593108588 ) ) ;
#7927 = CARTESIAN_POINT ( 'NONE',  ( 6.728244199458690566, -3.000000000000000000, 1.690187101591904328 ) ) ;
#7928 = PLANE ( 'NONE',  #1127 ) ;
#7929 = VECTOR ( 'NONE', #6674, 1000.000000000000000 ) ;
#7930 = ORIENTED_EDGE ( 'NONE', *, *, #1531, .T. ) ;
#7931 = ORIENTED_EDGE ( 'NONE', *, *, #7285, .F. ) ;
#7932 = EDGE_LOOP ( 'NONE', ( #1832, #4116, #2183, #4285 ) ) ;
#7933 = CARTESIAN_POINT ( 'NONE',  ( 4.929767919100087603, -3.010000000000000231, 2.327198463502726522 ) ) ;
#7934 = STYLED_ITEM ( 'NONE', ( #3781 ), #3075 ) ;
#7935 = EDGE_CURVE ( 'NONE', #7693, #5667, #6774, .T. ) ;
#7936 = DIRECTION ( 'NONE',  ( 0.000000000000000000, -0.000000000000000000, 1.000000000000000000 ) ) ;
#7937 = CARTESIAN_POINT ( 'NONE',  ( 4.754427681705468700, -3.010000000000000231, 1.710092205894480077 ) ) ;
#7938 = EDGE_CURVE ( 'NONE', #6432, #9326, #7524, .T. ) ;
#7939 = LINE ( 'NONE', #3579, #48 ) ;
#7940 = ORIENTED_EDGE ( 'NONE', *, *, #5834, .T. ) ;
#7941 = DIRECTION ( 'NONE',  ( -1.000000000000000000, 0.000000000000000000, 0.000000000000000000 ) ) ;
#7942 = AXIS2_PLACEMENT_3D ( 'NONE', #9094, #3841, #6158 ) ;
#7943 = ORIENTED_EDGE ( 'NONE', *, *, #5334, .T. ) ;
#7944 = VERTEX_POINT ( 'NONE', #3770 ) ;
#7945 = CARTESIAN_POINT ( 'NONE',  ( -9.824999999999999289, 3.000000000000000000, 9.999999999999998224 ) ) ;
#7946 = AXIS2_PLACEMENT_3D ( 'NONE', #1716, #4682, #5449 ) ;
#7947 = CARTESIAN_POINT ( 'NONE',  ( 7.416776803886056868, -3.000000000000000000, 1.778279977021620439 ) ) ;
#7948 = DIRECTION ( 'NONE',  ( 0.000000000000000000, 0.000000000000000000, -1.000000000000000000 ) ) ;
#7949 = CARTESIAN_POINT ( 'NONE',  ( 5.193916700096124828, -3.000000000000000000, 2.283932714330592084 ) ) ;
#7950 = VECTOR ( 'NONE', #5948, 1000.000000000000227 ) ;
#7951 = CARTESIAN_POINT ( 'NONE',  ( 7.754411579233464025, -3.010000000000000231, 1.761578353798287200 ) ) ;
#7952 = STYLED_ITEM ( 'NONE', ( #8327 ), #8933 ) ;
#7953 = CARTESIAN_POINT ( 'NONE',  ( 7.024779882364643235, -3.010000000000000231, 2.425713489008659351 ) ) ;
#7954 = CARTESIAN_POINT ( 'NONE',  ( 5.029962318751897143, -3.000000000000000000, 2.190569884771403686 ) ) ;
#7955 = ORIENTED_EDGE ( 'NONE', *, *, #9267, .F. ) ;
#7956 = DIRECTION ( 'NONE',  ( 0.000000000000000000, 1.000000000000000000, 0.000000000000000000 ) ) ;
#7957 = ORIENTED_EDGE ( 'NONE', *, *, #1140, .F. ) ;
#7958 = FACE_OUTER_BOUND ( 'NONE', #6470, .T. ) ;
#7959 = ORIENTED_EDGE ( 'NONE', *, *, #2541, .T. ) ;
#7960 = VECTOR ( 'NONE', #912, 1000.000000000000000 ) ;
#7961 = VERTEX_POINT ( 'NONE', #6773 ) ;
#7962 = DIRECTION ( 'NONE',  ( 0.000000000000000000, 0.000000000000000000, -1.000000000000000000 ) ) ;
#7963 = CARTESIAN_POINT ( 'NONE',  ( 5.278171088037972858, -3.010000000000000231, 1.445943403181894071 ) ) ;
#7964 = LINE ( 'NONE', #3449, #3683 ) ;
#7965 = EDGE_LOOP ( 'NONE', ( #777, #5498, #9812, #7609 ) ) ;
#7966 = AXIS2_PLACEMENT_3D ( 'NONE', #6974, #3018, #193 ) ;
#7967 = PRESENTATION_LAYER_ASSIGNMENT (  '', '', ( #829 ) ) ;
#7968 = DIRECTION ( 'NONE',  ( -1.000000000000000000, -0.000000000000000000, -0.000000000000000000 ) ) ;
#7969 = ORIENTED_EDGE ( 'NONE', *, *, #9453, .F. ) ;
#7970 = ORIENTED_EDGE ( 'NONE', *, *, #8382, .T. ) ;
#7971 = LINE ( 'NONE', #6428, #2698 ) ;
#7972 = EDGE_CURVE ( 'NONE', #6013, #649, #6916, .T. ) ;
#7973 = CARTESIAN_POINT ( 'NONE',  ( 7.108697351987979474, -3.000000000000000000, 1.635333731202734731 ) ) ;
#7974 = ADVANCED_FACE ( 'NONE', ( #9159 ), #4126, .F. ) ;
#7975 = DIRECTION ( 'NONE',  ( -1.000000000000000000, -0.000000000000000000, -0.000000000000000000 ) ) ;
#7976 = B_SPLINE_SURFACE_WITH_KNOTS ( 'NONE', 3, 1, ( 
 ( #1224, #1270 ),
 ( #4328, #7317 ),
 ( #3807, #2354 ),
 ( #6811, #3053 ) ),
 .UNSPECIFIED., .F., .F., .F.,
 ( 4, 4 ),
 ( 2, 2 ),
 ( 3.000000000000000000, 4.000000000000000000 ),
 ( 0.000000000000000000, 1.000000000000000000 ),
 .UNSPECIFIED. ) ;
#7977 = DIRECTION ( 'NONE',  ( 1.000000000000000000, 0.000000000000000000, -0.000000000000000000 ) ) ;
#7978 = VERTEX_POINT ( 'NONE', #5538 ) ;
#7979 = CARTESIAN_POINT ( 'NONE',  ( 5.890723081406068040, -3.010000000000000231, 2.090375376536846908 ) ) ;
#7980 =( NAMED_UNIT ( * ) SI_UNIT ( $, .STERADIAN. ) SOLID_ANGLE_UNIT ( ) );
#7981 =( NAMED_UNIT ( * ) SI_UNIT ( $, .STERADIAN. ) SOLID_ANGLE_UNIT ( ) );
#7982 = CARTESIAN_POINT ( 'NONE',  ( 6.711378834832464335, -3.000000000000000000, 1.605532795649662337 ) ) ;
#7983 = MECHANICAL_DESIGN_GEOMETRIC_PRESENTATION_REPRESENTATION (  '', ( #1167 ), #2909 ) ;
#7984 = CARTESIAN_POINT ( 'NONE',  ( 6.602163318267076697, -3.010000000000000231, 2.383959430951392289 ) ) ;
#7985 = ADVANCED_FACE ( 'NONE', ( #7020 ), #1815, .T. ) ;
#7986 = CARTESIAN_POINT ( 'NONE',  ( 7.305023295558240370, -3.000000000000000000, 2.383304465335559286 ) ) ;
#7987 = EDGE_LOOP ( 'NONE', ( #3661, #1569, #7943, #5797 ) ) ;
#7988 = EDGE_LOOP ( 'NONE', ( #2118, #1373, #1749, #8232 ) ) ;
#7989 = AXIS2_PLACEMENT_3D ( 'NONE', #7893, #7199, #7948 ) ;
#7990 = CARTESIAN_POINT ( 'NONE',  ( 7.513793585842387657, -3.010000000000000231, 2.384778137973367684 ) ) ;
#7991 = CARTESIAN_POINT ( 'NONE',  ( 5.703997161691265028, -3.000000000000000000, 1.735140767804566053 ) ) ;
#7992 = PRESENTATION_STYLE_ASSIGNMENT (( #7236 ) ) ;
#7993 = FACE_OUTER_BOUND ( 'NONE', #1729, .T. ) ;
#7994 = ORIENTED_EDGE ( 'NONE', *, *, #9377, .T. ) ;
#7995 = LINE ( 'NONE', #444, #8700 ) ;
#7996 = CARTESIAN_POINT ( 'NONE',  ( 5.180253863939324077, -3.010000000000000231, 2.422838566338476163 ) ) ;
#7997 = CARTESIAN_POINT ( 'NONE',  ( 7.982012130992417021, -3.000000000000000000, 1.684947376658705087 ) ) ;
#7998 = ADVANCED_FACE ( 'NONE', ( #6872 ), #1023, .F. ) ;
#7999 = CARTESIAN_POINT ( 'NONE',  ( 5.792805857307428141, -3.010000000000000231, 2.090375376536846908 ) ) ;
#8000 = ADVANCED_FACE ( 'NONE', ( #123 ), #9259, .T. ) ;
#8001 = EDGE_CURVE ( 'NONE', #8703, #8660, #5960, .T. ) ;
#8002 = CARTESIAN_POINT ( 'NONE',  ( 6.636876495946524734, -3.000000000000000000, 1.635169989798764378 ) ) ;
#8003 = LINE ( 'NONE', #1153, #8612 ) ;
#8004 = CARTESIAN_POINT ( 'NONE',  ( 4.936599293744844630, -3.000000000000000000, 1.600789256043651632 ) ) ;
#8005 = VECTOR ( 'NONE', #1521, 1000.000000000000000 ) ;
#8006 = FACE_OUTER_BOUND ( 'NONE', #1083, .T. ) ;
#8007 = CARTESIAN_POINT ( 'NONE',  ( 7.176076939795203558, -3.000000000000000000, 1.826092467031883215 ) ) ;
#8008 = UNCERTAINTY_MEASURE_WITH_UNIT (LENGTH_MEASURE( 1.000000000000000082E-05 ), #1714, 'distance_accuracy_value', 'NONE');
#8009 = ORIENTED_EDGE ( 'NONE', *, *, #864, .F. ) ;
#8010 =( NAMED_UNIT ( * ) PLANE_ANGLE_UNIT ( ) SI_UNIT ( $, .RADIAN. ) );
#8011 = ORIENTED_EDGE ( 'NONE', *, *, #9610, .F. ) ;
#8012 = LINE ( 'NONE', #5718, #2859 ) ;
#8013 = ORIENTED_EDGE ( 'NONE', *, *, #8199, .F. ) ;
#8014 = CARTESIAN_POINT ( 'NONE',  ( 5.150650950922908144, -3.010000000000000231, 1.582571938480119567 ) ) ;
#8015 = DIRECTION ( 'NONE',  ( -0.000000000000000000, 1.000000000000000000, -0.000000000000000000 ) ) ;
#8016 = PLANE ( 'NONE',  #7261 ) ;
#8017 = VERTEX_POINT ( 'NONE', #2618 ) ;
#8018 = ORIENTED_EDGE ( 'NONE', *, *, #4324, .F. ) ;
#8019 = CARTESIAN_POINT ( 'NONE',  ( 6.660455258142648383, -3.010000000000000231, 1.733251090883014545 ) ) ;
#8020 = CARTESIAN_POINT ( 'NONE',  ( 8.014678541121291744, -3.000000000000000000, 1.597345725443044095 ) ) ;
#8021 = SURFACE_STYLE_FILL_AREA ( #6525 ) ;
#8022 = ORIENTED_EDGE ( 'NONE', *, *, #6874, .F. ) ;
#8023 = CARTESIAN_POINT ( 'NONE',  ( 7.032066374848402468, -3.010000000000000231, 2.105435302502622896 ) ) ;
#8024 = EDGE_CURVE ( 'NONE', #7864, #3277, #8837, .T. ) ;
#8025 = ADVANCED_FACE ( 'NONE', ( #8934 ), #6157, .F. ) ;
#8026 =( LENGTH_UNIT ( ) NAMED_UNIT ( * ) SI_UNIT ( .MILLI., .METRE. ) );
#8027 = FACE_OUTER_BOUND ( 'NONE', #410, .T. ) ;
#8028 = CARTESIAN_POINT ( 'NONE',  ( 5.899831696753652821, -3.010000000000000231, 1.741972185883511326 ) ) ;
#8029 = CARTESIAN_POINT ( 'NONE',  ( 6.884780981821356782, -3.000000000000000000, 1.591942259105878055 ) ) ;
#8030 = CARTESIAN_POINT ( 'NONE',  ( 5.628851475963204898, -3.010000000000000231, 1.985626821225459970 ) ) ;
#8031 = CARTESIAN_POINT ( 'NONE',  ( 7.915860603719233168, -3.000000000000000000, 1.876688560911603298 ) ) ;
#8032 = ORIENTED_EDGE ( 'NONE', *, *, #1837, .F. ) ;
#8033 = ORIENTED_EDGE ( 'NONE', *, *, #158, .F. ) ;
#8034 = CARTESIAN_POINT ( 'NONE',  ( 7.512238042502613844, -3.000000000000000000, 2.375117395128941045 ) ) ;
#8035 = CARTESIAN_POINT ( 'NONE',  ( 5.455788392405196419, -3.010000000000000231, 2.375018520350290263 ) ) ;
#8036 = CARTESIAN_POINT ( 'NONE',  ( -8.074999999999999289, 1.855000000000000204, -4.099999999999999645 ) ) ;
#8037 = EDGE_CURVE ( 'NONE', #2274, #3866, #2945, .T. ) ;
#8038 = LINE ( 'NONE', #6587, #1474 ) ;
#8039 = CARTESIAN_POINT ( 'NONE',  ( 8.014678541121291744, -3.010000000000000231, 1.597345725443044095 ) ) ;
#8040 = CARTESIAN_POINT ( 'NONE',  ( 6.625250856252422160, -3.000000000000000000, 1.661859838674450973 ) ) ;
#8041 = CARTESIAN_POINT ( 'NONE',  ( 7.021750666388148154, -3.010000000000000231, 1.523989576384800815 ) ) ;
#8042 = LINE ( 'NONE', #3624, #6022 ) ;
#8043 = CARTESIAN_POINT ( 'NONE',  ( 5.380642619812027405, -3.010000000000000231, 1.673657918232209330 ) ) ;
#8044 =( LENGTH_UNIT ( ) NAMED_UNIT ( * ) SI_UNIT ( .MILLI., .METRE. ) );
#8045 = CARTESIAN_POINT ( 'NONE',  ( 4.754427681705468700, -3.000000000000000000, 1.710092205894480077 ) ) ;
#8046 = CARTESIAN_POINT ( 'NONE',  ( 7.371092952131627740, -3.010000000000000231, 2.105435302502622896 ) ) ;
#8047 = DIRECTION ( 'NONE',  ( -0.000000000000000000, 1.000000000000000000, -0.000000000000000000 ) ) ;
#8048 = ADVANCED_FACE ( 'NONE', ( #5636 ), #9410, .F. ) ;
#8049 = ORIENTED_EDGE ( 'NONE', *, *, #1962, .F. ) ;
#8050 = DIRECTION ( 'NONE',  ( -0.000000000000000000, 1.000000000000000000, -0.000000000000000000 ) ) ;
#8051 = ADVANCED_FACE ( 'NONE', ( #2194 ), #5083, .F. ) ;
#8052 = ORIENTED_EDGE ( 'NONE', *, *, #437, .T. ) ;
#8053 = EDGE_LOOP ( 'NONE', ( #9215, #9399, #9749, #4620 ) ) ;
#8054 = CARTESIAN_POINT ( 'NONE',  ( 7.006358974398651185, -3.010000000000000231, 1.528574335702177489 ) ) ;
#8055 = CARTESIAN_POINT ( 'NONE',  ( 6.109329067973924943, -3.010000000000000231, 2.051663891604856182 ) ) ;
#8056 = ORIENTED_EDGE ( 'NONE', *, *, #5953, .F. ) ;
#8057 = DIRECTION ( 'NONE',  ( -0.000000000000000000, 1.000000000000000000, -0.000000000000000000 ) ) ;
#8058 = CARTESIAN_POINT ( 'NONE',  ( 6.415252505436413344, -3.010000000000000231, 1.741601902493589149 ) ) ;
#8059 = EDGE_CURVE ( 'NONE', #6559, #6013, #6082, .T. ) ;
#8060 = CARTESIAN_POINT ( 'NONE',  ( 6.966242330383139780, -3.010000000000000231, 1.782209770720978304 ) ) ;
#8061 = ORIENTED_EDGE ( 'NONE', *, *, #4976, .F. ) ;
#8062 = VECTOR ( 'NONE', #3101, 1000.000000000000000 ) ;
#8063 = ORIENTED_EDGE ( 'NONE', *, *, #4622, .F. ) ;
#8064 = DIRECTION ( 'NONE',  ( 0.000000000000000000, 0.000000000000000000, 1.000000000000000000 ) ) ;
#8065 = CARTESIAN_POINT ( 'NONE',  ( 6.795705657966789381, -3.010000000000000231, 2.418017643013904205 ) ) ;
#8066 = CARTESIAN_POINT ( 'NONE',  ( 5.029962318751897143, -3.010000000000000231, 2.190569884771403686 ) ) ;
#8067 = CARTESIAN_POINT ( 'NONE',  ( 6.901155122235680395, -3.000000000000000000, 2.141949635626684056 ) ) ;
#8068 = CARTESIAN_POINT ( 'NONE',  ( 7.508553860909193745, -3.000000000000000000, 2.362345565604948572 ) ) ;
#8069 = CARTESIAN_POINT ( 'NONE',  ( 4.658787589726895106, -3.010000000000000231, 1.958300975181634707 ) ) ;
#8070 = STYLED_ITEM ( 'NONE', ( #6588 ), #6353 ) ;
#8071 = LINE ( 'NONE', #5301, #8719 ) ;
#8072 = CARTESIAN_POINT ( 'NONE',  ( 5.453511282000583549, -3.000000000000000000, 2.511647229380917778 ) ) ;
#8073 = CARTESIAN_POINT ( 'NONE',  ( 6.720220870656011591, -3.000000000000000000, 2.393783915199771961 ) ) ;
#8074 = ADVANCED_FACE ( 'NONE', ( #663 ), #6381, .F. ) ;
#8075 = ORIENTED_EDGE ( 'NONE', *, *, #7231, .F. ) ;
#8076 = ORIENTED_EDGE ( 'NONE', *, *, #9760, .T. ) ;
#8077 = LINE ( 'NONE', #6487, #1125 ) ;
#8078 = VECTOR ( 'NONE', #3620, 1000.000000000000000 ) ;
#8079 = DIRECTION ( 'NONE',  ( 0.000000000000000000, 1.000000000000000000, 0.000000000000000000 ) ) ;
#8080 = CARTESIAN_POINT ( 'NONE',  ( 6.604210085819834930, -3.010000000000000231, 1.609953813560887737 ) ) ;
#8081 = DIRECTION ( 'NONE',  ( 1.000000000000000000, 0.000000000000000000, -0.000000000000000000 ) ) ;
#8082 = LINE ( 'NONE', #5802, #7488 ) ;
#8083 = CARTESIAN_POINT ( 'NONE',  ( 6.415252505436413344, -3.010000000000000231, 1.741601902493589149 ) ) ;
#8084 = CARTESIAN_POINT ( 'NONE',  ( 7.772177521580349691, -3.000000000000000000, 1.597345725443044095 ) ) ;
#8085 = VECTOR ( 'NONE', #2380, 1000.000000000000000 ) ;
#8086 = CARTESIAN_POINT ( 'NONE',  ( 6.679121778215677097, -3.010000000000000231, 2.136873652097444509 ) ) ;
#8087 = EDGE_CURVE ( 'NONE', #7961, #7196, #1103, .T. ) ;
#8088 = PRESENTATION_LAYER_ASSIGNMENT (  '', '', ( #7135 ) ) ;
#8089 = EDGE_CURVE ( 'NONE', #2364, #5667, #3591, .T. ) ;
#8090 = CARTESIAN_POINT ( 'NONE',  ( 6.667496138521578075, -3.000000000000000000, 1.624854281338506512 ) ) ;
#8091 = CARTESIAN_POINT ( 'NONE',  ( 7.738283050923977058, -3.010000000000000231, 1.672175547136901530 ) ) ;
#8092 = DIRECTION ( 'NONE',  ( -0.000000000000000000, 0.000000000000000000, 1.000000000000000000 ) ) ;
#8093 = DIRECTION ( 'NONE',  ( 0.000000000000000000, 0.000000000000000000, -1.000000000000000000 ) ) ;
#8094 = CARTESIAN_POINT ( 'NONE',  ( 5.152928104760619910, -3.010000000000000231, 1.445943403181894071 ) ) ;
#8095 = UNCERTAINTY_MEASURE_WITH_UNIT (LENGTH_MEASURE( 1.000000000000000082E-05 ), #2856, 'distance_accuracy_value', 'NONE');
#8096 = EDGE_LOOP ( 'NONE', ( #9480, #5202, #512, #578 ) ) ;
#8097 = CARTESIAN_POINT ( 'NONE',  ( 5.817854506082627886, -3.000000000000000000, 2.343138475213796923 ) ) ;
#8098 = DIRECTION ( 'NONE',  ( -0.000000000000000000, -0.000000000000000000, 1.000000000000000000 ) ) ;
#8099 = ORIENTED_EDGE ( 'NONE', *, *, #834, .F. ) ;
#8100 = CARTESIAN_POINT ( 'NONE',  ( 6.373907800890124875, -3.000000000000000000, 1.917623911949075222 ) ) ;
#8101 = VERTEX_POINT ( 'NONE', #515 ) ;
#8102 = ADVANCED_FACE ( 'NONE', ( #3547 ), #6561, .F. ) ;
#8103 = CIRCLE ( 'NONE', #8418, 0.2000000000000005107 ) ;
#8104 = CARTESIAN_POINT ( 'NONE',  ( 5.180253863939324077, -3.000000000000000000, 2.422838566338476163 ) ) ;
#8105 = DIRECTION ( 'NONE',  ( 0.000000000000000000, 1.000000000000000000, 0.000000000000000000 ) ) ;
#8106 = COLOUR_RGB ( '',0.6666666666666666297, 0.6666666666666666297, 0.6666666666666666297 ) ;
#8107 = FACE_OUTER_BOUND ( 'NONE', #1497, .T. ) ;
#8108 = EDGE_LOOP ( 'NONE', ( #6132, #1447, #8378 ) ) ;
#8109 = LINE ( 'NONE', #4369, #2368 ) ;
#8110 = CARTESIAN_POINT ( 'NONE',  ( -5.034999999999997478, 1.855000000000000204, 0.5000000000000000000 ) ) ;
#8111 = EDGE_CURVE ( 'NONE', #9326, #5490, #5819, .T. ) ;
#8112 = CARTESIAN_POINT ( 'NONE',  ( 6.888710775520707763, -3.000000000000000000, 1.624690539934555256 ) ) ;
#8113 = ADVANCED_FACE ( 'NONE', ( #4361 ), #1093, .F. ) ;
#8114 = VECTOR ( 'NONE', #6314, 1000.000000000000000 ) ;
#8115 = PRESENTATION_STYLE_ASSIGNMENT (( #2162 ) ) ;
#8116 = ADVANCED_FACE ( 'NONE', ( #8242 ), #3237, .F. ) ;
#8117 = VECTOR ( 'NONE', #4992, 1000.000000000000000 ) ;
#8118 = ORIENTED_EDGE ( 'NONE', *, *, #4991, .T. ) ;
#8119 = CARTESIAN_POINT ( 'NONE',  ( 6.629098779249808615, -3.010000000000000231, 1.642047128773723275 ) ) ;
#8120 = ORIENTED_EDGE ( 'NONE', *, *, #6021, .F. ) ;
#8121 = CARTESIAN_POINT ( 'NONE',  ( 5.970423161673574342, -3.010000000000000231, 1.819395112312206075 ) ) ;
#8122 = ORIENTED_EDGE ( 'NONE', *, *, #3169, .T. ) ;
#8123 = VECTOR ( 'NONE', #1010, 1000.000000000000000 ) ;
#8124 = DIRECTION ( 'NONE',  ( 0.000000000000000000, 1.000000000000000000, 0.000000000000000000 ) ) ;
#8125 = LINE ( 'NONE', #9663, #4700 ) ;
#8126 = FILL_AREA_STYLE ('',( #3570 ) ) ;
#8127 = VERTEX_POINT ( 'NONE', #6006 ) ;
#8128 = ORIENTED_EDGE ( 'NONE', *, *, #45, .F. ) ;
#8129 = ORIENTED_EDGE ( 'NONE', *, *, #6776, .F. ) ;
#8130 =( NAMED_UNIT ( * ) PLANE_ANGLE_UNIT ( ) SI_UNIT ( $, .RADIAN. ) );
#8131 = CARTESIAN_POINT ( 'NONE',  ( -9.824999999999999289, -3.000000000000000000, 10.19999999999999929 ) ) ;
#8132 = B_SPLINE_SURFACE_WITH_KNOTS ( 'NONE', 3, 1, ( 
 ( #1034, #4087 ),
 ( #978, #4637 ),
 ( #5356, #3165 ),
 ( #6975, #6882 ) ),
 .UNSPECIFIED., .F., .F., .F.,
 ( 4, 4 ),
 ( 2, 2 ),
 ( 16.00000000000000000, 17.00000000000000000 ),
 ( 0.000000000000000000, 1.000000000000000000 ),
 .UNSPECIFIED. ) ;
#8133 = LINE ( 'NONE', #2073, #5287 ) ;
#8134 = VECTOR ( 'NONE', #2737, 1000.000000000000000 ) ;
#8135 = CARTESIAN_POINT ( 'NONE',  ( 6.711051352023470251, -3.000000000000000000, 1.643520801411535004 ) ) ;
#8136 = CARTESIAN_POINT ( 'NONE',  ( 7.699558208844286433, -3.010000000000000231, 1.689368394572111187 ) ) ;
#8137 = CARTESIAN_POINT ( 'NONE',  ( 6.936032041318004104, -3.010000000000000231, 1.655637665317507334 ) ) ;
#8138 =( NAMED_UNIT ( * ) SI_UNIT ( $, .STERADIAN. ) SOLID_ANGLE_UNIT ( ) );
#8139 = AXIS2_PLACEMENT_3D ( 'NONE', #7094, #5619, #4801 ) ;
#8140 = CARTESIAN_POINT ( 'NONE',  ( 6.865132013323492544, -3.010000000000000231, 1.624690539934553479 ) ) ;
#8141 = ORIENTED_EDGE ( 'NONE', *, *, #5319, .F. ) ;
#8142 = CARTESIAN_POINT ( 'NONE',  ( 6.542807059265798308, -3.010000000000000231, 2.105435302502615791 ) ) ;
#8143 = ORIENTED_EDGE ( 'NONE', *, *, #9267, .T. ) ;
#8144 = DIRECTION ( 'NONE',  ( -0.000000000000000000, 0.000000000000000000, 1.000000000000000000 ) ) ;
#8145 = CARTESIAN_POINT ( 'NONE',  ( 6.949540707159803432, -3.010000000000000231, 1.828057363881550934 ) ) ;
#8146 = AXIS2_PLACEMENT_3D ( 'NONE', #9786, #8501, #7457 ) ;
#8147 = ORIENTED_EDGE ( 'NONE', *, *, #8858, .T. ) ;
#8148 = EDGE_CURVE ( 'NONE', #3445, #5959, #7367, .T. ) ;
#8149 = EDGE_CURVE ( 'NONE', #9240, #7912, #2384, .T. ) ;
#8150 = FILL_AREA_STYLE ('',( #5078 ) ) ;
#8151 = EDGE_LOOP ( 'NONE', ( #2149, #1045, #6824, #4353 ) ) ;
#8152 = ORIENTED_EDGE ( 'NONE', *, *, #2298, .T. ) ;
#8153 = CARTESIAN_POINT ( 'NONE',  ( 7.014218561797355811, -3.010000000000000231, 1.525463249022609213 ) ) ;
#8154 = ORIENTED_EDGE ( 'NONE', *, *, #8149, .T. ) ;
#8155 = DIRECTION ( 'NONE',  ( -0.000000000000000000, 1.000000000000000000, -0.000000000000000000 ) ) ;
#8156 = ORIENTED_EDGE ( 'NONE', *, *, #1327, .T. ) ;
#8157 = LINE ( 'NONE', #5178, #9393 ) ;
#8158 = STYLED_ITEM ( 'NONE', ( #1764 ), #2633 ) ;
#8159 = CARTESIAN_POINT ( 'NONE',  ( 8.060362392875726201, -3.000000000000000000, 1.597345725443044095 ) ) ;
#8160 = ADVANCED_FACE ( 'NONE', ( #106 ), #8303, .F. ) ;
#8161 = CARTESIAN_POINT ( 'NONE',  ( 7.165000000000000924, 1.855000000000000204, 0.5000000000000000000 ) ) ;
#8162 = ORIENTED_EDGE ( 'NONE', *, *, #775, .F. ) ;
#8163 = CARTESIAN_POINT ( 'NONE',  ( 6.864313306302610052, -3.010000000000000231, 1.777133787191730319 ) ) ;
#8164 = PLANE ( 'NONE',  #3496 ) ;
#8165 = DIRECTION ( 'NONE',  ( -0.000000000000000000, 1.000000000000000000, -0.000000000000000000 ) ) ;
#8166 =( LENGTH_UNIT ( ) NAMED_UNIT ( * ) SI_UNIT ( .MILLI., .METRE. ) );
#8167 = VERTEX_POINT ( 'NONE', #711 ) ;
#8168 = ADVANCED_FACE ( 'NONE', ( #5226 ), #3128, .F. ) ;
#8169 = DIRECTION ( 'NONE',  ( -0.000000000000000000, -1.000000000000000000, -0.000000000000000000 ) ) ;
#8170 = EDGE_LOOP ( 'NONE', ( #902, #9761, #3256, #1656 ) ) ;
#8171 = VERTEX_POINT ( 'NONE', #5280 ) ;
#8172 = EDGE_CURVE ( 'NONE', #846, #8607, #2884, .T. ) ;
#8173 = LINE ( 'NONE', #1371, #7447 ) ;
#8174 = CARTESIAN_POINT ( 'NONE',  ( 5.756371569645167163, -3.000000000000000000, 2.249775537071849740 ) ) ;
#8175 = CARTESIAN_POINT ( 'NONE',  ( 6.822722989650397807, -3.000000000000000000, 1.646795629492870505 ) ) ;
#8176 = VERTEX_POINT ( 'NONE', #6065 ) ;
#8177 =( NAMED_UNIT ( * ) SI_UNIT ( $, .STERADIAN. ) SOLID_ANGLE_UNIT ( ) );
#8178 = CARTESIAN_POINT ( 'NONE',  ( 7.302239691688777512, -3.010000000000000231, 1.633860058567115470 ) ) ;
#8179 = LINE ( 'NONE', #2176, #4947 ) ;
#8180 = DIRECTION ( 'NONE',  ( 0.3315284183576328592, 0.000000000000000000, 0.9434452330799526498 ) ) ;
#8181 = CARTESIAN_POINT ( 'NONE',  ( 6.728244199458690566, -3.010000000000000231, 1.742748092323486153 ) ) ;
#8182 = DIRECTION ( 'NONE',  ( -0.000000000000000000, -1.000000000000000000, -0.000000000000000000 ) ) ;
#8183 = CARTESIAN_POINT ( 'NONE',  ( 8.014678541121293520, -3.000000000000000000, 1.597345725443044095 ) ) ;
#8184 = PRESENTATION_STYLE_ASSIGNMENT (( #4297 ) ) ;
#8185 = ORIENTED_EDGE ( 'NONE', *, *, #3672, .F. ) ;
#8186 = ORIENTED_EDGE ( 'NONE', *, *, #879, .F. ) ;
#8187 = CARTESIAN_POINT ( 'NONE',  ( 7.272848109643426540, -3.010000000000000231, 2.411631728253007534 ) ) ;
#8188 = CARTESIAN_POINT ( 'NONE',  ( 4.658787589726895106, -3.000000000000000000, 1.958300975181634707 ) ) ;
#8189 = DIRECTION ( 'NONE',  ( 1.000000000000000000, -0.000000000000000000, -0.000000000000000000 ) ) ;
#8190 = ORIENTED_EDGE ( 'NONE', *, *, #3003, .T. ) ;
#8191 = ORIENTED_EDGE ( 'NONE', *, *, #9144, .F. ) ;
#8192 = FACE_OUTER_BOUND ( 'NONE', #8096, .T. ) ;
#8193 = ORIENTED_EDGE ( 'NONE', *, *, #1633, .T. ) ;
#8194 = CARTESIAN_POINT ( 'NONE',  ( 7.493653393133759444, -3.010000000000000231, 1.917623911949080551 ) ) ;
#8195 = VERTEX_POINT ( 'NONE', #3901 ) ;
#8196 = DIRECTION ( 'NONE',  ( -0.3385350342956565117, 0.000000000000000000, -0.9409537876827102076 ) ) ;
#8197 = DIRECTION ( 'NONE',  ( -1.000000000000000000, -0.000000000000000000, 0.000000000000000000 ) ) ;
#8198 = EDGE_CURVE ( 'NONE', #4050, #846, #852, .T. ) ;
#8199 = EDGE_CURVE ( 'NONE', #5305, #5102, #7500, .T. ) ;
#8200 = CARTESIAN_POINT ( 'NONE',  ( -9.824999999999999289, -3.000000000000000000, 0.000000000000000000 ) ) ;
#8201 = DIRECTION ( 'NONE',  ( 0.000000000000000000, -0.000000000000000000, 1.000000000000000000 ) ) ;
#8202 = ORIENTED_EDGE ( 'NONE', *, *, #9555, .F. ) ;
#8203 = DIRECTION ( 'NONE',  ( 1.000000000000000000, 0.000000000000000000, -0.000000000000000000 ) ) ;
#8204 = CARTESIAN_POINT ( 'NONE',  ( 4.692944766983458749, -3.000000000000000000, 1.778406473543591160 ) ) ;
#8205 = PLANE ( 'NONE',  #4802 ) ;
#8206 = EDGE_CURVE ( 'NONE', #9640, #2286, #7647, .T. ) ;
#8207 = B_SPLINE_SURFACE_WITH_KNOTS ( 'NONE', 3, 1, ( 
 ( #4988, #8002 ),
 ( #599, #5073 ),
 ( #2743, #3532 ),
 ( #1293, #8090 ) ),
 .UNSPECIFIED., .F., .F., .F.,
 ( 4, 4 ),
 ( 2, 2 ),
 ( 3.000000000000000000, 4.000000000000000000 ),
 ( 0.000000000000000000, 1.000000000000000000 ),
 .UNSPECIFIED. ) ;
#8208 = ADVANCED_FACE ( 'NONE', ( #7589 ), #3036, .F. ) ;
#8209 = DIRECTION ( 'NONE',  ( -1.000000000000000000, 0.000000000000000000, 0.000000000000000000 ) ) ;
#8210 = ORIENTED_EDGE ( 'NONE', *, *, #2672, .F. ) ;
#8211 = COLOUR_RGB ( '',0.2980392156862745057, 0.2980392156862745057, 0.2980392156862745057 ) ;
#8212 = CARTESIAN_POINT ( 'NONE',  ( 7.580927561541505710, -3.010000000000000231, 2.193036953720473026 ) ) ;
#8213 = ORIENTED_EDGE ( 'NONE', *, *, #8148, .F. ) ;
#8214 = CARTESIAN_POINT ( 'NONE',  ( 5.380642619812027405, -3.010000000000000231, 1.673657918232209330 ) ) ;
#8215 = B_SPLINE_CURVE_WITH_KNOTS ( 'NONE', 3,
 ( #4739, #3073, #984, #3117 ),
 .UNSPECIFIED., .F., .F.,
 ( 4, 4 ),
 ( 14.00000000000000000, 15.00000000000000000 ),
 .UNSPECIFIED. ) ;
#8216 = CARTESIAN_POINT ( 'NONE',  ( -9.624999999999998224, -2.799999999999999822, 0.000000000000000000 ) ) ;
#8217 = DIRECTION ( 'NONE',  ( -0.000000000000000000, 0.000000000000000000, -1.000000000000000000 ) ) ;
#8218 = PRESENTATION_STYLE_ASSIGNMENT (( #8854 ) ) ;
#8219 = EDGE_CURVE ( 'NONE', #5816, #5823, #6849, .T. ) ;
#8220 = CARTESIAN_POINT ( 'NONE',  ( 7.109516059007777500, -3.000000000000000000, 1.639591007712180915 ) ) ;
#8221 = ORIENTED_EDGE ( 'NONE', *, *, #2197, .T. ) ;
#8222 = VERTEX_POINT ( 'NONE', #3086 ) ;
#8223 = ORIENTED_EDGE ( 'NONE', *, *, #5026, .T. ) ;
#8224 = CARTESIAN_POINT ( 'NONE',  ( 7.583383682603050957, -3.010000000000000231, 1.880782096017092897 ) ) ;
#8225 = CARTESIAN_POINT ( 'NONE',  ( 6.884780981821356782, -3.010000000000000231, 1.591942259105878055 ) ) ;
#8226 = DIRECTION ( 'NONE',  ( -0.000000000000000000, 1.000000000000000000, -0.000000000000000000 ) ) ;
#8227 = CYLINDRICAL_SURFACE ( 'NONE', #4941, 0.2000000000000005107 ) ;
#8228 = EDGE_CURVE ( 'NONE', #2905, #6152, #1928, .T. ) ;
#8229 = VECTOR ( 'NONE', #7808, 1000.000000000000000 ) ;
#8230 = DIRECTION ( 'NONE',  ( -1.000000000000000000, 0.000000000000000000, -0.000000000000000000 ) ) ;
#8231 = ORIENTED_EDGE ( 'NONE', *, *, #1804, .F. ) ;
#8232 = ORIENTED_EDGE ( 'NONE', *, *, #1585, .T. ) ;
#8233 = FACE_OUTER_BOUND ( 'NONE', #4334, .T. ) ;
#8234 = ADVANCED_FACE ( 'NONE', ( #9137 ), #8618, .F. ) ;
#8235 = CARTESIAN_POINT ( 'NONE',  ( 4.765813472607303147, -3.010000000000000231, 2.217895491935343966 ) ) ;
#8236 = FACE_OUTER_BOUND ( 'NONE', #1278, .T. ) ;
#8237 = VECTOR ( 'NONE', #302, 1000.000000000000000 ) ;
#8238 = ORIENTED_EDGE ( 'NONE', *, *, #223, .F. ) ;
#8239 = ORIENTED_EDGE ( 'NONE', *, *, #8955, .F. ) ;
#8240 = CARTESIAN_POINT ( 'NONE',  ( 5.239459603105976804, -3.010000000000000231, 1.623560620681831823 ) ) ;
#8241 = EDGE_LOOP ( 'NONE', ( #9125, #393, #3208, #6105 ) ) ;
#8242 = FACE_OUTER_BOUND ( 'NONE', #2857, .T. ) ;
#8243 = ORIENTED_EDGE ( 'NONE', *, *, #7629, .F. ) ;
#8244 = B_SPLINE_CURVE_WITH_KNOTS ( 'NONE', 3,
 ( #5289, #6805, #3950, #8988 ),
 .UNSPECIFIED., .F., .F.,
 ( 4, 4 ),
 ( 12.00000000000000000, 13.00000000000000000 ),
 .UNSPECIFIED. ) ;
#8245 =( LENGTH_UNIT ( ) NAMED_UNIT ( * ) SI_UNIT ( .MILLI., .METRE. ) );
#8246 = CARTESIAN_POINT ( 'NONE',  ( 6.655952369529446244, -3.010000000000000231, 1.702303965497876659 ) ) ;
#8247 = CARTESIAN_POINT ( 'NONE',  ( 6.859810417689404360, -3.010000000000000231, 2.425713489008655799 ) ) ;
#8249 = EDGE_LOOP ( 'NONE', ( #2912, #2615, #8185, #3759 ) ) ;
#8248 = VECTOR ( 'NONE', #4475, 1000.000000000000000 ) ;
#8250 = CARTESIAN_POINT ( 'NONE',  ( 4.938876512732214508, -3.010000000000000231, 1.753357998501903214 ) ) ;
#8251 = PRESENTATION_STYLE_ASSIGNMENT (( #2253 ) ) ;
#8252 = FACE_OUTER_BOUND ( 'NONE', #7485, .T. ) ;
#8253 = VERTEX_POINT ( 'NONE', #2074 ) ;
#8254 = CARTESIAN_POINT ( 'NONE',  ( 6.599297843695637766, -3.000000000000000000, 2.261972084865287780 ) ) ;
#8255 = VECTOR ( 'NONE', #4937, 1000.000000000000000 ) ;
#8256 = CARTESIAN_POINT ( 'NONE',  ( 7.302239691688777512, -3.010000000000000231, 1.741601902493590925 ) ) ;
#8257 = DIRECTION ( 'NONE',  ( 0.3658589216693949320, -0.000000000000000000, -0.9306703226357374570 ) ) ;
#8258 = DIRECTION ( 'NONE',  ( 1.000000000000000000, -0.000000000000000000, 0.000000000000000000 ) ) ;
#8259 = DIRECTION ( 'NONE',  ( -0.000000000000000000, -0.000000000000000000, 1.000000000000000000 ) ) ;
#8260 = VECTOR ( 'NONE', #404, 1000.000000000000000 ) ;
#8261 = VECTOR ( 'NONE', #7653, 1000.000000000000000 ) ;
#8262 = B_SPLINE_CURVE_WITH_KNOTS ( 'NONE', 3,
 ( #5666, #2601, #7805, #4061 ),
 .UNSPECIFIED., .F., .F.,
 ( 4, 4 ),
 ( 6.000000000000000000, 7.000000000000000000 ),
 .UNSPECIFIED. ) ;
#8263 = LINE ( 'NONE', #6768, #4281 ) ;
#8264 = VERTEX_POINT ( 'NONE', #2026 ) ;
#8265 = LINE ( 'NONE', #6815, #7654 ) ;
#8266 = ORIENTED_EDGE ( 'NONE', *, *, #5549, .T. ) ;
#8267 = ADVANCED_FACE ( 'NONE', ( #2823 ), #6780, .T. ) ;
#8268 = EDGE_CURVE ( 'NONE', #2839, #685, #9510, .T. ) ;
#8269 = CARTESIAN_POINT ( 'NONE',  ( 5.817854506082627886, -3.000000000000000000, 2.343138475213796923 ) ) ;
#8270 = DIRECTION ( 'NONE',  ( -1.000000000000000000, -0.000000000000000000, -0.000000000000000000 ) ) ;
#8271 = B_SPLINE_CURVE_WITH_KNOTS ( 'NONE', 3,
 ( #1199, #4248, #4587, #2282 ),
 .UNSPECIFIED., .F., .F.,
 ( 4, 4 ),
 ( 3.000000000000000000, 4.000000000000000000 ),
 .UNSPECIFIED. ) ;
#8272 = MECHANICAL_DESIGN_GEOMETRIC_PRESENTATION_REPRESENTATION (  '', ( #8585 ), #8426 ) ;
#8273 = VECTOR ( 'NONE', #6055, 1000.000000000000000 ) ;
#8274 = FACE_OUTER_BOUND ( 'NONE', #8682, .T. ) ;
#8275 = B_SPLINE_CURVE_WITH_KNOTS ( 'NONE', 3,
 ( #7446, #9604, #5866, #4310 ),
 .UNSPECIFIED., .F., .F.,
 ( 4, 4 ),
 ( 0.000000000000000000, 1.000000000000000000 ),
 .UNSPECIFIED. ) ;
#8276 = ORIENTED_EDGE ( 'NONE', *, *, #16, .F. ) ;
#8277 = VERTEX_POINT ( 'NONE', #9672 ) ;
#8278 = EDGE_LOOP ( 'NONE', ( #282, #5175, #5345, #7882 ) ) ;
#8279 = DIRECTION ( 'NONE',  ( -0.9910683662997763488, 0.000000000000000000, -0.1333547648938435970 ) ) ;
#8280 =( NAMED_UNIT ( * ) PLANE_ANGLE_UNIT ( ) SI_UNIT ( $, .RADIAN. ) );
#8281 = DIRECTION ( 'NONE',  ( -0.000000000000000000, 1.000000000000000000, -0.000000000000000000 ) ) ;
#8282 = AXIS2_PLACEMENT_3D ( 'NONE', #1074, #6435, #5691 ) ;
#8283 = CARTESIAN_POINT ( 'NONE',  ( 6.711051352023470251, -3.010000000000000231, 1.643520801411535004 ) ) ;
#8284 = MECHANICAL_DESIGN_GEOMETRIC_PRESENTATION_REPRESENTATION (  '', ( #7003 ), #4825 ) ;
#8285 = DIRECTION ( 'NONE',  ( -0.000000000000000000, -0.000000000000000000, 1.000000000000000000 ) ) ;
#8286 = EDGE_CURVE ( 'NONE', #9743, #4024, #8179, .T. ) ;
#8287 = LINE ( 'NONE', #7424, #4147 ) ;
#8288 = CARTESIAN_POINT ( 'NONE',  ( 6.546163758050211889, -3.000000000000000000, 1.597345725443035436 ) ) ;
#8289 = ORIENTED_EDGE ( 'NONE', *, *, #1108, .T. ) ;
#8290 = ORIENTED_EDGE ( 'NONE', *, *, #985, .T. ) ;
#8291 = CARTESIAN_POINT ( 'NONE',  ( 5.703997161691265028, -3.000000000000000000, 1.735140767804566053 ) ) ;
#8292 = LINE ( 'NONE', #3834, #6995 ) ;
#8293 = VERTEX_POINT ( 'NONE', #3673 ) ;
#8294 = ADVANCED_FACE ( 'NONE', ( #7480 ), #3727, .F. ) ;
#8295 = CARTESIAN_POINT ( 'NONE',  ( 6.571298063586104909, -3.010000000000000231, 2.352521081356561794 ) ) ;
#8296 = ORIENTED_EDGE ( 'NONE', *, *, #4295, .F. ) ;
#8297 = VECTOR ( 'NONE', #816, 1000.000000000000000 ) ;
#8298 = CARTESIAN_POINT ( 'NONE',  ( 7.107633032862255007, -3.010000000000000231, 1.635333731202734731 ) ) ;
#8299 = B_SPLINE_SURFACE_WITH_KNOTS ( 'NONE', 3, 1, ( 
 ( #9279, #5514 ),
 ( #4744, #9378 ),
 ( #8530, #1089 ),
 ( #7088, #4845 ) ),
 .UNSPECIFIED., .F., .F., .F.,
 ( 4, 4 ),
 ( 2, 2 ),
 ( 24.00000000000000000, 25.00000000000000000 ),
 ( 0.000000000000000000, 1.000000000000000000 ),
 .UNSPECIFIED. ) ;
#8300 = ORIENTED_EDGE ( 'NONE', *, *, #2719, .F. ) ;
#8301 = EDGE_CURVE ( 'NONE', #1844, #2184, #7377, .T. ) ;
#8302 = EDGE_CURVE ( 'NONE', #6600, #7648, #5934, .T. ) ;
#8303 = PLANE ( 'NONE',  #5721 ) ;
#8304 = ORIENTED_EDGE ( 'NONE', *, *, #2574, .F. ) ;
#8305 = DIRECTION ( 'NONE',  ( -0.000000000000000000, 1.000000000000000000, 0.000000000000000000 ) ) ;
#8306 = LINE ( 'NONE', #7549, #3381 ) ;
#8307 = CARTESIAN_POINT ( 'NONE',  ( 6.111606178378534260, -3.010000000000000231, 1.915035269440425347 ) ) ;
#8308 = ORIENTED_EDGE ( 'NONE', *, *, #5757, .F. ) ;
#8309 = AXIS2_PLACEMENT_3D ( 'NONE', #2579, #387, #5643 ) ;
#8310 = DIRECTION ( 'NONE',  ( 0.000000000000000000, 0.000000000000000000, -1.000000000000000000 ) ) ;
#8311 = DIRECTION ( 'NONE',  ( 0.000000000000000000, 0.000000000000000000, -1.000000000000000000 ) ) ;
#8312 = CARTESIAN_POINT ( 'NONE',  ( 6.772126895769586596, -3.010000000000000231, 2.106254009522402271 ) ) ;
#8313 = MECHANICAL_DESIGN_GEOMETRIC_PRESENTATION_REPRESENTATION (  '', ( #9586 ), #2922 ) ;
#8314 = FACE_OUTER_BOUND ( 'NONE', #3030, .T. ) ;
#8315 = CARTESIAN_POINT ( 'NONE',  ( 6.711378834832464335, -3.010000000000000231, 1.605532795649662337 ) ) ;
#8316 = CARTESIAN_POINT ( 'NONE',  ( 6.599297843695637766, -3.010000000000000231, 2.223656596295500165 ) ) ;
#8317 = CARTESIAN_POINT ( 'NONE',  ( 6.606911818987320828, -3.000000000000000000, 1.771075355238739935 ) ) ;
#8318 = ORIENTED_EDGE ( 'NONE', *, *, #3951, .F. ) ;
#8319 = CARTESIAN_POINT ( 'NONE',  ( 6.713016248873132419, -3.010000000000000231, 2.136873652097444509 ) ) ;
#8320 = ORIENTED_EDGE ( 'NONE', *, *, #9808, .T. ) ;
#8321 = CARTESIAN_POINT ( 'NONE',  ( 6.901155122235682171, -3.010000000000000231, 2.286369554081201017 ) ) ;
#8322 = FACE_OUTER_BOUND ( 'NONE', #7459, .T. ) ;
#8323 = LINE ( 'NONE', #3923, #4163 ) ;
#8324 = EDGE_LOOP ( 'NONE', ( #8994, #232, #6520, #9038 ) ) ;
#8325 = EDGE_LOOP ( 'NONE', ( #8721, #3926, #3056, #1350 ) ) ;
#8326 = ADVANCED_FACE ( 'NONE', ( #3577 ), #2784, .F. ) ;
#8327 = PRESENTATION_STYLE_ASSIGNMENT (( #7568 ) ) ;
#8328 = ADVANCED_FACE ( 'NONE', ( #1283 ), #2610, .T. ) ;
#8329 = DIRECTION ( 'NONE',  ( -0.000000000000000000, 1.000000000000000000, 0.000000000000000000 ) ) ;
#8330 = CARTESIAN_POINT ( 'NONE',  ( 7.302239691688777512, -3.010000000000000231, 1.741601902493590925 ) ) ;
#8331 = CARTESIAN_POINT ( 'NONE',  ( 5.380642619812027405, -3.010000000000000231, 1.696429369738771786 ) ) ;
#8332 = CARTESIAN_POINT ( 'NONE',  ( 7.252871658338731820, -3.010000000000000231, 2.153084051108916874 ) ) ;
#8333 = ORIENTED_EDGE ( 'NONE', *, *, #1905, .T. ) ;
#8334 = ORIENTED_EDGE ( 'NONE', *, *, #1110, .T. ) ;
#8335 = CARTESIAN_POINT ( 'NONE',  ( 7.232485853521977148, -3.010000000000000231, 2.425713489008659351 ) ) ;
#8336 = EDGE_CURVE ( 'NONE', #5475, #2212, #4390, .T. ) ;
#8337 = CARTESIAN_POINT ( 'NONE',  ( 7.272848109643426540, -3.010000000000000231, 2.411631728253007534 ) ) ;
#8338 = EDGE_LOOP ( 'NONE', ( #6988, #2935, #5005, #9337 ) ) ;
#8339 = CARTESIAN_POINT ( 'NONE',  ( 5.453511282000583549, -3.010000000000000231, 2.511647229380917778 ) ) ;
#8340 = EDGE_LOOP ( 'NONE', ( #3424, #9188, #6297, #5780 ) ) ;
#8341 = CARTESIAN_POINT ( 'NONE',  ( 7.909638430360106831, -3.010000000000000231, 1.854255988545373102 ) ) ;
#8342 = EDGE_LOOP ( 'NONE', ( #7841, #8191, #1686, #2952 ) ) ;
#8343 = CARTESIAN_POINT ( 'NONE',  ( 7.231339663692092579, -3.010000000000000231, 2.105435302502622896 ) ) ;
#8344 = VERTEX_POINT ( 'NONE', #2129 ) ;
#8345 = DIRECTION ( 'NONE',  ( -0.000000000000000000, 1.000000000000000000, -0.000000000000000000 ) ) ;
#8346 = ADVANCED_FACE ( 'NONE', ( #5161 ), #4433, .F. ) ;
#8347 = LINE ( 'NONE', #1547, #4508 ) ;
#8348 = EDGE_LOOP ( 'NONE', ( #524, #4469, #9598, #4462 ) ) ;
#8349 = EDGE_CURVE ( 'NONE', #9679, #6933, #6553, .T. ) ;
#8350 = CARTESIAN_POINT ( 'NONE',  ( 4.765813472607303147, -3.010000000000000231, 2.217895491935343966 ) ) ;
#8351 = CARTESIAN_POINT ( 'NONE',  ( 6.415252505436413344, -3.010000000000000231, 1.633860058567110363 ) ) ;
#8352 = ORIENTED_EDGE ( 'NONE', *, *, #5249, .F. ) ;
#8353 = CARTESIAN_POINT ( 'NONE',  ( 5.027685164915276061, -3.000000000000000000, 2.327198463502726522 ) ) ;
#8354 = DIRECTION ( 'NONE',  ( -0.000000000000000000, 1.000000000000000000, -0.000000000000000000 ) ) ;
#8355 = EDGE_CURVE ( 'NONE', #6404, #6206, #3583, .T. ) ;
#8356 = CARTESIAN_POINT ( 'NONE',  ( 5.380642619812027405, -3.010000000000000231, 1.673657918232209330 ) ) ;
#8357 = EDGE_CURVE ( 'NONE', #6319, #2267, #6650, .T. ) ;
#8358 = CARTESIAN_POINT ( 'NONE',  ( 6.912043925610888095, -3.010000000000000231, 1.727028917523886875 ) ) ;
#8359 = ORIENTED_EDGE ( 'NONE', *, *, #5976, .F. ) ;
#8360 = CARTESIAN_POINT ( 'NONE',  ( 6.617309398150648114, -3.010000000000000231, 1.598000691058870215 ) ) ;
#8361 = ORIENTED_EDGE ( 'NONE', *, *, #3748, .F. ) ;
#8362 = CARTESIAN_POINT ( 'NONE',  ( 6.655952369529446244, -3.010000000000000231, 1.702303965497876659 ) ) ;
#8363 = CARTESIAN_POINT ( 'NONE',  ( 5.813300198408295039, -3.000000000000000000, 1.596234948368240092 ) ) ;
#8364 = LINE ( 'NONE', #184, #8005 ) ;
#8365 = CARTESIAN_POINT ( 'NONE',  ( 7.032066374848402468, -3.010000000000000231, 2.141949635626684056 ) ) ;
#8366 = VECTOR ( 'NONE', #7968, 1000.000000000000000 ) ;
#8367 = EDGE_LOOP ( 'NONE', ( #9264, #9379 ) ) ;
#8368 = FILL_AREA_STYLE ('',( #3219 ) ) ;
#8369 = B_SPLINE_SURFACE_WITH_KNOTS ( 'NONE', 3, 1, ( 
 ( #5466, #4045 ),
 ( #8432, #7732 ),
 ( #4698, #3890 ),
 ( #5411, #936 ) ),
 .UNSPECIFIED., .F., .F., .F.,
 ( 4, 4 ),
 ( 2, 2 ),
 ( 1.000000000000000000, 2.000000000000000000 ),
 ( 0.000000000000000000, 1.000000000000000000 ),
 .UNSPECIFIED. ) ;
#8370 = CARTESIAN_POINT ( 'NONE',  ( 6.728244199458690566, -3.010000000000000231, 1.742748092323486153 ) ) ;
#8371 = FACE_OUTER_BOUND ( 'NONE', #1732, .T. ) ;
#8372 = STYLED_ITEM ( 'NONE', ( #7098 ), #6047 ) ;
#8373 = DIRECTION ( 'NONE',  ( -0.000000000000000000, -0.000000000000000000, 1.000000000000000000 ) ) ;
#8374 = DIRECTION ( 'NONE',  ( -1.000000000000000000, 0.000000000000000000, 0.000000000000000000 ) ) ;
#8375 = VERTEX_POINT ( 'NONE', #2746 ) ;
#8376 = CARTESIAN_POINT ( 'NONE',  ( 5.806468693464239550, -3.000000000000000000, 1.735140767804566053 ) ) ;
#8377 = DIRECTION ( 'NONE',  ( 0.000000000000000000, 1.000000000000000000, 0.000000000000000000 ) ) ;
#8378 = ORIENTED_EDGE ( 'NONE', *, *, #9507, .F. ) ;
#8379 = CARTESIAN_POINT ( 'NONE',  ( 6.555906371596618598, -3.000000000000000000, 2.311094506107202573 ) ) ;
#8380 = VERTEX_POINT ( 'NONE', #7290 ) ;
#8381 = ORIENTED_EDGE ( 'NONE', *, *, #4871, .T. ) ;
#8382 = EDGE_CURVE ( 'NONE', #3354, #1864, #4191, .T. ) ;
#8383 = CARTESIAN_POINT ( 'NONE',  ( 7.305023295558240370, -3.000000000000000000, 2.383304465335559286 ) ) ;
#8384 = ORIENTED_EDGE ( 'NONE', *, *, #1302, .T. ) ;
#8385 = EDGE_CURVE ( 'NONE', #1211, #129, #7243, .T. ) ;
#8386 = VECTOR ( 'NONE', #7762, 1000.000000000000000 ) ;
#8387 = CARTESIAN_POINT ( 'NONE',  ( 6.936032041318004104, -3.010000000000000231, 1.655637665317507334 ) ) ;
#8388 = VERTEX_POINT ( 'NONE', #6595 ) ;
#8389 = B_SPLINE_CURVE_WITH_KNOTS ( 'NONE', 3,
 ( #3144, #3858, #8399, #7705 ),
 .UNSPECIFIED., .F., .F.,
 ( 4, 4 ),
 ( 3.000000000000000000, 4.000000000000000000 ),
 .UNSPECIFIED. ) ;
#8390 = CARTESIAN_POINT ( 'NONE',  ( 7.353327009780375789, -3.010000000000000231, 2.269667930860042926 ) ) ;
#8391 = CARTESIAN_POINT ( 'NONE',  ( 6.934312756574261272, -3.000000000000000000, 1.598000691058870215 ) ) ;
#8392 = ORIENTED_EDGE ( 'NONE', *, *, #5133, .T. ) ;
#8393 = AXIS2_PLACEMENT_3D ( 'NONE', #9826, #6833, #2180 ) ;
#8394 = CARTESIAN_POINT ( 'NONE',  ( 7.581746268563485991, -3.010000000000000231, 1.597345725443044095 ) ) ;
#8395 = CARTESIAN_POINT ( 'NONE',  ( 7.915860603719233168, -3.010000000000000231, 1.876688560911603298 ) ) ;
#8396 = EDGE_CURVE ( 'NONE', #5420, #2881, #9591, .T. ) ;
#8397 = CARTESIAN_POINT ( 'NONE',  ( 6.822722989650397807, -3.000000000000000000, 1.605369054245710858 ) ) ;
#8398 = CARTESIAN_POINT ( 'NONE',  ( 6.727179880331868311, -3.010000000000000231, 1.632713868737213359 ) ) ;
#8399 = CARTESIAN_POINT ( 'NONE',  ( 7.710938236430269654, -3.000000000000000000, 1.720479261359030287 ) ) ;
#8400 = COLOUR_RGB ( '',0.6666666666666666297, 0.6666666666666666297, 0.6666666666666666297 ) ;
#8401 = DIRECTION ( 'NONE',  ( 0.000000000000000000, 0.000000000000000000, -1.000000000000000000 ) ) ;
#8402 =( LENGTH_UNIT ( ) NAMED_UNIT ( * ) SI_UNIT ( .MILLI., .METRE. ) );
#8403 = CARTESIAN_POINT ( 'NONE',  ( -9.824999999999999289, -3.000000000000000000, 0.000000000000000000 ) ) ;
#8404 = ORIENTED_EDGE ( 'NONE', *, *, #925, .T. ) ;
#8405 = FACE_OUTER_BOUND ( 'NONE', #8340, .T. ) ;
#8406 = VECTOR ( 'NONE', #2774, 1000.000000000000000 ) ;
#8407 = ORIENTED_EDGE ( 'NONE', *, *, #8931, .F. ) ;
#8408 = B_SPLINE_CURVE_WITH_KNOTS ( 'NONE', 3,
 ( #6387, #6433, #2623, #8662 ),
 .UNSPECIFIED., .F., .F.,
 ( 4, 4 ),
 ( 7.000000000000000000, 8.000000000000000000 ),
 .UNSPECIFIED. ) ;
#8409 = DIRECTION ( 'NONE',  ( 0.000000000000000000, -0.000000000000000000, 1.000000000000000000 ) ) ;
#8410 = VECTOR ( 'NONE', #3886, 1000.000000000000000 ) ;
#8411 = ADVANCED_FACE ( 'NONE', ( #5810 ), #8685, .F. ) ;
#8412 =( NAMED_UNIT ( * ) PLANE_ANGLE_UNIT ( ) SI_UNIT ( $, .RADIAN. ) );
#8413 = CARTESIAN_POINT ( 'NONE',  ( 7.817861373336972619, -3.010000000000000231, 1.597345725443044095 ) ) ;
#8414 = EDGE_CURVE ( 'NONE', #2762, #1736, #1888, .T. ) ;
#8415 = EDGE_CURVE ( 'NONE', #4532, #5093, #3440, .T. ) ;
#8416 = FACE_OUTER_BOUND ( 'NONE', #7193, .T. ) ;
#8417 = VECTOR ( 'NONE', #3969, 1000.000000000000000 ) ;
#8418 = AXIS2_PLACEMENT_3D ( 'NONE', #8526, #6887, #95 ) ;
#8419 = ORIENTED_EDGE ( 'NONE', *, *, #5915, .T. ) ;
#8420 = ORIENTED_EDGE ( 'NONE', *, *, #2014, .F. ) ;
#8421 = CARTESIAN_POINT ( 'NONE',  ( 6.635894047521696315, -3.010000000000000231, 1.690842067207737331 ) ) ;
#8422 = LINE ( 'NONE', #5455, #6391 ) ;
#8423 = CARTESIAN_POINT ( 'NONE',  ( 6.415252505436406238, -3.010000000000000231, 1.778279977021613556 ) ) ;
#8424 = UNCERTAINTY_MEASURE_WITH_UNIT (LENGTH_MEASURE( 1.000000000000000082E-05 ), #3049, 'distance_accuracy_value', 'NONE');
#8425 = CARTESIAN_POINT ( 'NONE',  ( 7.220450860315797748, -3.010000000000000231, 2.388871673076673474 ) ) ;
#8426 =( GEOMETRIC_REPRESENTATION_CONTEXT ( 3 ) GLOBAL_UNCERTAINTY_ASSIGNED_CONTEXT ( ( #8095 ) ) GLOBAL_UNIT_ASSIGNED_CONTEXT ( ( #2856, #3711, #1462 ) ) REPRESENTATION_CONTEXT ( 'NONE', 'WORKASPACE' ) );
#8427 = PRESENTATION_LAYER_ASSIGNMENT (  '', '', ( #7952 ) ) ;
#8428 = CARTESIAN_POINT ( 'NONE',  ( 5.150650950922908144, -3.000000000000000000, 1.760189329712459338 ) ) ;
#8429 = CARTESIAN_POINT ( 'NONE',  ( 7.920854716544316609, -3.010000000000000231, 1.854255988545373102 ) ) ;
#8430 = CARTESIAN_POINT ( 'NONE',  ( 6.901155122235682171, -3.010000000000000231, 2.141949635626684056 ) ) ;
#8431 = VERTEX_POINT ( 'NONE', #8873 ) ;
#8432 = CARTESIAN_POINT ( 'NONE',  ( 7.067352647441703439, -3.010000000000000231, 1.489603881514363959 ) ) ;
#8433 = VECTOR ( 'NONE', #1697, 1000.000000000000000 ) ;
#8434 = FILL_AREA_STYLE_COLOUR ( '', #8586 ) ;
#8435 = VECTOR ( 'NONE', #1427, 1000.000000000000000 ) ;
#8436 = ORIENTED_EDGE ( 'NONE', *, *, #5296, .F. ) ;
#8437 = CARTESIAN_POINT ( 'NONE',  ( 6.711051352023470251, -3.010000000000000231, 1.643520801411535004 ) ) ;
#8438 = ORIENTED_EDGE ( 'NONE', *, *, #3203, .F. ) ;
#8439 = ORIENTED_EDGE ( 'NONE', *, *, #5183, .T. ) ;
#8440 = CARTESIAN_POINT ( 'NONE',  ( 7.914878155293300743, -3.010000000000000231, 1.876688560911603298 ) ) ;
#8441 = ORIENTED_EDGE ( 'NONE', *, *, #4115, .F. ) ;
#8442 = DIRECTION ( 'NONE',  ( -0.000000000000000000, 1.000000000000000000, -0.000000000000000000 ) ) ;
#8443 = ORIENTED_EDGE ( 'NONE', *, *, #6952, .T. ) ;
#8444 = CIRCLE ( 'NONE', #1311, 0.2000000000000005107 ) ;
#8445 = CARTESIAN_POINT ( 'NONE',  ( 7.969240301470609467, -3.010000000000000231, 1.721134226974865067 ) ) ;
#8446 = CARTESIAN_POINT ( 'NONE',  ( 6.373907800890124875, -3.000000000000000000, 1.597345725443035436 ) ) ;
#8447 = EDGE_CURVE ( 'NONE', #5173, #4455, #4673, .T. ) ;
#8448 = EDGE_CURVE ( 'NONE', #8431, #3186, #1911, .T. ) ;
#8449 = VECTOR ( 'NONE', #6270, 1000.000000000000114 ) ;
#8450 = FACE_OUTER_BOUND ( 'NONE', #3689, .T. ) ;
#8451 = DIRECTION ( 'NONE',  ( -0.3416038306902356436, 0.000000000000000000, 0.9398440417738236352 ) ) ;
#8452 = ORIENTED_EDGE ( 'NONE', *, *, #716, .T. ) ;
#8453 = MANIFOLD_SOLID_BREP ( 'м╧л╗-ю╜иЛ3', #4038 ) ;
#8454 =( LENGTH_UNIT ( ) NAMED_UNIT ( * ) SI_UNIT ( .MILLI., .METRE. ) );
#8455 = SURFACE_STYLE_FILL_AREA ( #5291 ) ;
#8456 = CARTESIAN_POINT ( 'NONE',  ( 5.619742860615633440, -3.000000000000000000, 1.705537811355042122 ) ) ;
#8457 = CARTESIAN_POINT ( 'NONE',  ( 5.774588713476296320, -3.010000000000000231, 2.090375376536846908 ) ) ;
#8458 = VECTOR ( 'NONE', #3447, 1000.000000000000000 ) ;
#8459 = DIRECTION ( 'NONE',  ( 1.000000000000000000, 0.000000000000000000, 0.000000000000000000 ) ) ;
#8460 = CARTESIAN_POINT ( 'NONE',  ( -9.824999999999999289, -3.000000000000000000, 10.19999999999999929 ) ) ;
#8461 = ADVANCED_FACE ( 'NONE', ( #1387 ), #4206, .T. ) ;
#8462 = CARTESIAN_POINT ( 'NONE',  ( 6.878968161974304607, -3.010000000000000231, 1.741438161089637893 ) ) ;
#8463 = VERTEX_POINT ( 'NONE', #7538 ) ;
#8464 = DIRECTION ( 'NONE',  ( -0.000000000000000000, 1.000000000000000000, -0.000000000000000000 ) ) ;
#8465 = FACE_OUTER_BOUND ( 'NONE', #5796, .T. ) ;
#8466 = B_SPLINE_CURVE_WITH_KNOTS ( 'NONE', 3,
 ( #5582, #4016, #4816, #7816 ),
 .UNSPECIFIED., .F., .F.,
 ( 4, 4 ),
 ( 19.00000000000000000, 20.00000000000000000 ),
 .UNSPECIFIED. ) ;
#8467 = DIRECTION ( 'NONE',  ( 1.000000000000000000, 0.000000000000000000, 1.624890687905883980E-14 ) ) ;
#8468 = CARTESIAN_POINT ( 'NONE',  ( 6.843190665168046749, -3.010000000000000231, 1.632058903121383686 ) ) ;
#8469 = FACE_OUTER_BOUND ( 'NONE', #53, .T. ) ;
#8470 = ORIENTED_EDGE ( 'NONE', *, *, #9730, .F. ) ;
#8471 = ORIENTED_EDGE ( 'NONE', *, *, #9507, .T. ) ;
#8472 = VERTEX_POINT ( 'NONE', #5362 ) ;
#8473 = VECTOR ( 'NONE', #7414, 1000.000000000000227 ) ;
#8474 = CARTESIAN_POINT ( 'NONE',  ( 6.949540707159803432, -3.000000000000000000, 1.828057363881550934 ) ) ;
#8475 = EDGE_CURVE ( 'NONE', #2881, #2959, #603, .T. ) ;
#8476 = DIRECTION ( 'NONE',  ( -0.000000000000000000, 1.000000000000000000, -0.000000000000000000 ) ) ;
#8477 = FACE_OUTER_BOUND ( 'NONE', #3875, .T. ) ;
#8478 = CARTESIAN_POINT ( 'NONE',  ( 7.220450860315797748, -3.000000000000000000, 2.388871673076673474 ) ) ;
#8479 = CARTESIAN_POINT ( 'NONE',  ( 7.534998097678949236, -3.010000000000000231, 1.633860058567119022 ) ) ;
#8480 = CARTESIAN_POINT ( 'NONE',  ( 5.239459603105976804, -3.000000000000000000, 1.721477844780471944 ) ) ;
#8481 = VERTEX_POINT ( 'NONE', #1534 ) ;
#8482 = CARTESIAN_POINT ( 'NONE',  ( 5.080059486004070202, -3.000000000000000000, 2.322644177546035582 ) ) ;
#8483 = EDGE_CURVE ( 'NONE', #6448, #324, #6415, .T. ) ;
#8484 = CARTESIAN_POINT ( 'NONE',  ( 7.013481725478459161, -3.010000000000000231, 1.490750071344261185 ) ) ;
#8485 = ORIENTED_EDGE ( 'NONE', *, *, #6772, .T. ) ;
#8486 = CARTESIAN_POINT ( 'NONE',  ( -8.074999999999999289, 1.604999999999999982, -4.099999999999999645 ) ) ;
#8487 = ORIENTED_EDGE ( 'NONE', *, *, #6652, .T. ) ;
#8488 =( LENGTH_UNIT ( ) NAMED_UNIT ( * ) SI_UNIT ( .MILLI., .METRE. ) );
#8489 = VERTEX_POINT ( 'NONE', #2288 ) ;
#8490 = CARTESIAN_POINT ( 'NONE',  ( 9.824999999999999289, 2.799999999999999378, 10.19999999999999929 ) ) ;
#8491 = DIRECTION ( 'NONE',  ( -0.000000000000000000, 1.000000000000000000, -0.000000000000000000 ) ) ;
#8492 =( NAMED_UNIT ( * ) SI_UNIT ( $, .STERADIAN. ) SOLID_ANGLE_UNIT ( ) );
#8493 = FACE_OUTER_BOUND ( 'NONE', #1094, .T. ) ;
#8494 = FILL_AREA_STYLE ('',( #6419 ) ) ;
#8495 = ORIENTED_EDGE ( 'NONE', *, *, #7534, .T. ) ;
#8496 = EDGE_CURVE ( 'NONE', #4455, #8176, #859, .T. ) ;
#8497 = CARTESIAN_POINT ( 'NONE',  ( 7.493080298217718926, -3.010000000000000231, 2.425713489008664681 ) ) ;
#8498 = EDGE_CURVE ( 'NONE', #4480, #3445, #3784, .T. ) ;
#8499 = CARTESIAN_POINT ( 'NONE',  ( 5.899831696753652821, -3.000000000000000000, 1.603066366447188695 ) ) ;
#8500 = LINE ( 'NONE', #7660, #9244 ) ;
#8501 = DIRECTION ( 'NONE',  ( 0.000000000000000000, -1.000000000000000000, 0.000000000000000000 ) ) ;
#8502 = CARTESIAN_POINT ( 'NONE',  ( 6.858418615753585357, -3.000000000000000000, 1.708034914642950541 ) ) ;
#8503 = LINE ( 'NONE', #1017, #6067 ) ;
#8504 = CARTESIAN_POINT ( 'NONE',  ( 6.859810417689404360, -3.010000000000000231, 2.425713489008655799 ) ) ;
#8505 = ORIENTED_EDGE ( 'NONE', *, *, #130, .F. ) ;
#8506 = DIRECTION ( 'NONE',  ( -0.000000000000000000, 0.000000000000000000, 1.000000000000000000 ) ) ;
#8507 = CARTESIAN_POINT ( 'NONE',  ( 6.555906371596618598, -3.000000000000000000, 2.259515963801552729 ) ) ;
#8508 =( NAMED_UNIT ( * ) SI_UNIT ( $, .STERADIAN. ) SOLID_ANGLE_UNIT ( ) );
#8509 = ADVANCED_FACE ( 'NONE', ( #8233 ), #1490, .F. ) ;
#8510 = CARTESIAN_POINT ( 'NONE',  ( 4.697499058370925518, -3.010000000000000231, 2.149581159136581654 ) ) ;
#8511 = EDGE_CURVE ( 'NONE', #3848, #3509, #9830, .T. ) ;
#8512 = DIRECTION ( 'NONE',  ( 0.000000000000000000, 0.000000000000000000, -1.000000000000000000 ) ) ;
#8513 = B_SPLINE_CURVE_WITH_KNOTS ( 'NONE', 3,
 ( #5157, #3957, #8220, #7417 ),
 .UNSPECIFIED., .F., .F.,
 ( 4, 4 ),
 ( 12.00000000000000000, 13.00000000000000000 ),
 .UNSPECIFIED. ) ;
#8514 = CARTESIAN_POINT ( 'NONE',  ( 6.373907800890115993, -3.010000000000000231, 2.425713489008655799 ) ) ;
#8515 = VERTEX_POINT ( 'NONE', #2885 ) ;
#8516 = CARTESIAN_POINT ( 'NONE',  ( 6.728244199458690566, -3.010000000000000231, 1.742748092323486153 ) ) ;
#8517 = DIRECTION ( 'NONE',  ( -0.000000000000000000, 1.000000000000000000, -0.000000000000000000 ) ) ;
#8518 = CARTESIAN_POINT ( 'NONE',  ( 7.754411579233464025, -3.000000000000000000, 1.761578353798287200 ) ) ;
#8519 = DIRECTION ( 'NONE',  ( -0.000000000000000000, 1.000000000000000000, -0.000000000000000000 ) ) ;
#8520 = CARTESIAN_POINT ( 'NONE',  ( 4.692944766983458749, -3.010000000000000231, 1.778406473543591160 ) ) ;
#8521 = CARTESIAN_POINT ( 'NONE',  ( 7.180416087004449111, -3.000000000000000000, 2.141949635626687165 ) ) ;
#8522 = EDGE_CURVE ( 'NONE', #9162, #231, #9135, .T. ) ;
#8523 = ORIENTED_EDGE ( 'NONE', *, *, #9186, .F. ) ;
#8524 = DIRECTION ( 'NONE',  ( 0.3493954794972896072, -0.000000000000000000, -0.9369753459439896792 ) ) ;
#8525 = VERTEX_POINT ( 'NONE', #3026 ) ;
#8526 = CARTESIAN_POINT ( 'NONE',  ( 9.624999999999996447, 2.799999999999999822, 9.999999999999998224 ) ) ;
#8527 = CARTESIAN_POINT ( 'NONE',  ( 9.324999999999995737, 3.000000000000000000, 0.5000000000000000000 ) ) ;
#8528 = CIRCLE ( 'NONE', #7408, 0.2000000000000005107 ) ;
#8529 = ORIENTED_EDGE ( 'NONE', *, *, #4780, .T. ) ;
#8530 = CARTESIAN_POINT ( 'NONE',  ( 5.899831696753652821, -3.010000000000000231, 1.741972185883511326 ) ) ;
#8531 = ORIENTED_EDGE ( 'NONE', *, *, #7182, .T. ) ;
#8532 = ORIENTED_EDGE ( 'NONE', *, *, #1733, .T. ) ;
#8533 = CARTESIAN_POINT ( 'NONE',  ( 6.728244199458690566, -3.000000000000000000, 1.742748092323486153 ) ) ;
#8534 = VERTEX_POINT ( 'NONE', #9127 ) ;
#8535 = EDGE_CURVE ( 'NONE', #3713, #3442, #133, .T. ) ;
#8536 = ADVANCED_FACE ( 'NONE', ( #7489 ), #1555, .T. ) ;
#8537 = CARTESIAN_POINT ( 'NONE',  ( -8.074999999999999289, 1.604999999999999982, 0.5000000000000000000 ) ) ;
#8538 = LINE ( 'NONE', #3240, #3718 ) ;
#8539 = CARTESIAN_POINT ( 'NONE',  ( 6.597005464036952205, -3.010000000000000231, 2.143750791072403405 ) ) ;
#8540 = CARTESIAN_POINT ( 'NONE',  ( 7.275631713515077870, -3.010000000000000231, 2.175352882071195815 ) ) ;
#8541 = SURFACE_STYLE_FILL_AREA ( #905 ) ;
#8542 = FACE_OUTER_BOUND ( 'NONE', #9307, .T. ) ;
#8543 = SPHERICAL_SURFACE ( 'NONE', #5546, 0.2000000000000000111 ) ;
#8544 = CARTESIAN_POINT ( 'NONE',  ( 6.822968601756339346, -3.010000000000000231, 1.764361957669924985 ) ) ;
#8545 = ORIENTED_EDGE ( 'NONE', *, *, #9062, .T. ) ;
#8546 = CARTESIAN_POINT ( 'NONE',  ( 6.604210085819834930, -3.000000000000000000, 1.609953813560887737 ) ) ;
#8547 =( NAMED_UNIT ( * ) SI_UNIT ( $, .STERADIAN. ) SOLID_ANGLE_UNIT ( ) );
#8548 = CARTESIAN_POINT ( 'NONE',  ( -8.053738883706529350, -2.979999999999999982, 1.843383459213754350 ) ) ;
#8549 = CARTESIAN_POINT ( 'NONE',  ( 7.113609594113256662, -3.010000000000000231, 1.653836509871792870 ) ) ;
#8550 = AXIS2_PLACEMENT_3D ( 'NONE', #4810, #1005, #1845 ) ;
#8551 = CARTESIAN_POINT ( 'NONE',  ( 7.676716282965974969, -3.000000000000000000, 1.667263305011618790 ) ) ;
#8552 = ORIENTED_EDGE ( 'NONE', *, *, #3452, .T. ) ;
#8553 = CARTESIAN_POINT ( 'NONE',  ( 5.763202987724107551, -3.010000000000000231, 2.393235675038607013 ) ) ;
#8554 = EDGE_LOOP ( 'NONE', ( #9357, #508, #1675, #8487 ) ) ;
#8555 = CARTESIAN_POINT ( 'NONE',  ( 6.775729206661017301, -3.000000000000000000, 2.426695937434582451 ) ) ;
#8556 = VECTOR ( 'NONE', #596, 1000.000000000000000 ) ;
#8557 = SURFACE_SIDE_STYLE ('',( #6472 ) ) ;
#8558 = CARTESIAN_POINT ( 'NONE',  ( 7.915860603719233168, -3.010000000000000231, 1.876688560911603298 ) ) ;
#8559 = LINE ( 'NONE', #920, #8417 ) ;
#8560 =( NAMED_UNIT ( * ) SI_UNIT ( $, .STERADIAN. ) SOLID_ANGLE_UNIT ( ) );
#8561 = PRESENTATION_LAYER_ASSIGNMENT (  '', '', ( #7292 ) ) ;
#8562 = EDGE_CURVE ( 'NONE', #2594, #7348, #3341, .T. ) ;
#8563 = LINE ( 'NONE', #6139, #2595 ) ;
#8564 = AXIS2_PLACEMENT_3D ( 'NONE', #8558, #4872, #426 ) ;
#8565 = ADVANCED_FACE ( 'NONE', ( #6050 ), #9778, .T. ) ;
#8566 = DIRECTION ( 'NONE',  ( 0.000000000000000000, -1.000000000000000000, 0.000000000000000000 ) ) ;
#8567 = CARTESIAN_POINT ( 'NONE',  ( 7.182299113149966274, -3.000000000000000000, 2.388871673076673474 ) ) ;
#8568 = CARTESIAN_POINT ( 'NONE',  ( 6.972710115846025403, -3.010000000000000231, 1.687239756318483552 ) ) ;
#8569 = CARTESIAN_POINT ( 'NONE',  ( 5.061842298739836821, -3.000000000000000000, 1.671380634096280682 ) ) ;
#8570 = DIRECTION ( 'NONE',  ( -0.000000000000000000, 0.000000000000000000, -1.000000000000000000 ) ) ;
#8571 =( GEOMETRIC_REPRESENTATION_CONTEXT ( 3 ) GLOBAL_UNCERTAINTY_ASSIGNED_CONTEXT ( ( #6245 ) ) GLOBAL_UNIT_ASSIGNED_CONTEXT ( ( #5340, #4714, #4670 ) ) REPRESENTATION_CONTEXT ( 'NONE', 'WORKASPACE' ) );
#8572 = VECTOR ( 'NONE', #2481, 1000.000000000000000 ) ;
#8573 = DIRECTION ( 'NONE',  ( -0.000000000000000000, 1.000000000000000000, 0.000000000000000000 ) ) ;
#8574 = ORIENTED_EDGE ( 'NONE', *, *, #8172, .F. ) ;
#8575 = ORIENTED_EDGE ( 'NONE', *, *, #8749, .T. ) ;
#8576 = CARTESIAN_POINT ( 'NONE',  ( 4.625000000000002665, 1.604999999999999982, -4.099999999999999645 ) ) ;
#8577 = STYLED_ITEM ( 'NONE', ( #6301 ), #4268 ) ;
#8578 = ADVANCED_FACE ( 'NONE', ( #9023 ), #5292, .F. ) ;
#8579 = VECTOR ( 'NONE', #4564, 1000.000000000000000 ) ;
#8580 = CARTESIAN_POINT ( 'NONE',  ( 4.658787589726895106, -3.000000000000000000, 1.958300975181634707 ) ) ;
#8581 = VERTEX_POINT ( 'NONE', #9319 ) ;
#8582 = ORIENTED_EDGE ( 'NONE', *, *, #3623, .T. ) ;
#8583 = CARTESIAN_POINT ( 'NONE',  ( 7.032066374848402468, -3.000000000000000000, 2.141949635626684056 ) ) ;
#8584 = VERTEX_POINT ( 'NONE', #3986 ) ;
#8585 = STYLED_ITEM ( 'NONE', ( #6617 ), #4689 ) ;
#8586 = COLOUR_RGB ( '',0.6666666666666666297, 0.6666666666666666297, 0.6666666666666666297 ) ;
#8587 = CARTESIAN_POINT ( 'NONE',  ( 7.305023295558240370, -3.010000000000000231, 2.383304465335559286 ) ) ;
#8588 = DIRECTION ( 'NONE',  ( -0.000000000000000000, 1.000000000000000000, -0.000000000000000000 ) ) ;
#8589 = VECTOR ( 'NONE', #2927, 1000.000000000000000 ) ;
#8590 = LINE ( 'NONE', #6411, #2259 ) ;
#8591 = CARTESIAN_POINT ( 'NONE',  ( 7.302239691688777512, -3.010000000000000231, 1.741601902493590925 ) ) ;
#8592 = CARTESIAN_POINT ( 'NONE',  ( 6.750431159720059249, -3.000000000000000000, 2.431116955345815178 ) ) ;
#8593 = EDGE_CURVE ( 'NONE', #7978, #1178, #9175, .T. ) ;
#8594 = ADVANCED_FACE ( 'NONE', ( #4645 ), #8369, .F. ) ;
#8595 = VECTOR ( 'NONE', #3714, 1000.000000000000000 ) ;
#8596 = FACE_OUTER_BOUND ( 'NONE', #824, .T. ) ;
#8597 = EDGE_CURVE ( 'NONE', #5231, #4885, #7842, .T. ) ;
#8598 = VECTOR ( 'NONE', #2001, 1000.000000000000000 ) ;
#8599 = VECTOR ( 'NONE', #6271, 1000.000000000000000 ) ;
#8600 = CARTESIAN_POINT ( 'NONE',  ( 7.632424233145182590, -3.010000000000000231, 1.597345725443044095 ) ) ;
#8601 = CARTESIAN_POINT ( 'NONE',  ( 6.597005464036952205, -3.000000000000000000, 2.143750791072403405 ) ) ;
#8602 = ORIENTED_EDGE ( 'NONE', *, *, #9568, .T. ) ;
#8603 = CARTESIAN_POINT ( 'NONE',  ( 5.619742860615633440, -3.000000000000000000, 1.630392125626989319 ) ) ;
#8604 = LINE ( 'NONE', #6371, #9252 ) ;
#8605 =( NAMED_UNIT ( * ) PLANE_ANGLE_UNIT ( ) SI_UNIT ( $, .RADIAN. ) );
#8606 = CARTESIAN_POINT ( 'NONE',  ( 5.152928148193720581, -3.000000000000000000, 1.903649587121335918 ) ) ;
#8607 = VERTEX_POINT ( 'NONE', #842 ) ;
#8608 = AXIS2_PLACEMENT_3D ( 'NONE', #2625, #4914, #5641 ) ;
#8609 = ORIENTED_EDGE ( 'NONE', *, *, #274, .F. ) ;
#8610 = ORIENTED_EDGE ( 'NONE', *, *, #5564, .F. ) ;
#8611 = CARTESIAN_POINT ( 'NONE',  ( 7.305023295558240370, -3.000000000000000000, 2.150300447237265544 ) ) ;
#8612 = VECTOR ( 'NONE', #1096, 1000.000000000000000 ) ;
#8613 = CARTESIAN_POINT ( 'NONE',  ( 6.632946702247178195, -3.010000000000000231, 2.358252030501634344 ) ) ;
#8614 = CARTESIAN_POINT ( 'NONE',  ( 6.606911818987320828, -3.000000000000000000, 1.771075355238739935 ) ) ;
#8615 = ORIENTED_EDGE ( 'NONE', *, *, #1242, .F. ) ;
#8616 = CARTESIAN_POINT ( 'NONE',  ( 7.113609594113256662, -3.010000000000000231, 1.653836509871792870 ) ) ;
#8617 = PRESENTATION_LAYER_ASSIGNMENT (  '', '', ( #4058 ) ) ;
#8618 = B_SPLINE_SURFACE_WITH_KNOTS ( 'NONE', 3, 1, ( 
 ( #1334, #4485 ),
 ( #7420, #5208 ),
 ( #8818, #7280 ),
 ( #9624, #4290 ) ),
 .UNSPECIFIED., .F., .F., .F.,
 ( 4, 4 ),
 ( 2, 2 ),
 ( 3.000000000000000000, 4.000000000000000000 ),
 ( 0.000000000000000000, 1.000000000000000000 ),
 .UNSPECIFIED. ) ;
#8619 = CARTESIAN_POINT ( 'NONE',  ( 5.806468693464239550, -3.010000000000000231, 1.735140767804566053 ) ) ;
#8620 = B_SPLINE_CURVE_WITH_KNOTS ( 'NONE', 3,
 ( #3200, #2123, #9818, #8175 ),
 .UNSPECIFIED., .F., .F.,
 ( 4, 4 ),
 ( 0.000000000000000000, 1.000000000000000000 ),
 .UNSPECIFIED. ) ;
#8621 = LINE ( 'NONE', #9313, #5453 ) ;
#8622 = CARTESIAN_POINT ( 'NONE',  ( 7.108697351987983026, -3.010000000000000231, 1.635333731202734731 ) ) ;
#8623 = CARTESIAN_POINT ( 'NONE',  ( 9.324999999999995737, -3.000000000000000000, 0.5000000000000000000 ) ) ;
#8624 = CARTESIAN_POINT ( 'NONE',  ( 2.585000000000002185, 1.604999999999999982, -4.099999999999999645 ) ) ;
#8625 = AXIS2_PLACEMENT_3D ( 'NONE', #4970, #8570, #1226 ) ;
#8626 = ADVANCED_FACE ( 'NONE', ( #5509 ), #4093, .F. ) ;
#8627 = EDGE_CURVE ( 'NONE', #1958, #602, #7039, .T. ) ;
#8628 = VERTEX_POINT ( 'NONE', #201 ) ;
#8629 = CARTESIAN_POINT ( 'NONE',  ( 5.027685164915276061, -3.000000000000000000, 2.327198463502726522 ) ) ;
#8630 = CARTESIAN_POINT ( 'NONE',  ( 2.085000000000001741, 1.604999999999999982, -4.099999999999999645 ) ) ;
#8631 = CARTESIAN_POINT ( 'NONE',  ( 5.150650994356001711, -3.000000000000000000, 2.156412707512648907 ) ) ;
#8632 = ORIENTED_EDGE ( 'NONE', *, *, #6273, .T. ) ;
#8633 = ORIENTED_EDGE ( 'NONE', *, *, #4105, .T. ) ;
#8634 = DIRECTION ( 'NONE',  ( 0.000000000000000000, 0.000000000000000000, -1.000000000000000000 ) ) ;
#8635 = EDGE_LOOP ( 'NONE', ( #7994, #8649, #8680 ) ) ;
#8636 = EDGE_CURVE ( 'NONE', #9600, #9407, #5607, .T. ) ;
#8637 = FILL_AREA_STYLE ('',( #1886 ) ) ;
#8638 = LINE ( 'NONE', #1792, #7028 ) ;
#8639 = LINE ( 'NONE', #7894, #1624 ) ;
#8640 = CARTESIAN_POINT ( 'NONE',  ( 6.716649261277828131, -3.010000000000000231, 1.784747762485865197 ) ) ;
#8641 =( NAMED_UNIT ( * ) SI_UNIT ( $, .STERADIAN. ) SOLID_ANGLE_UNIT ( ) );
#8642 = LINE ( 'NONE', #1843, #5218 ) ;
#8643 = VERTEX_POINT ( 'NONE', #6252 ) ;
#8644 = VERTEX_POINT ( 'NONE', #4789 ) ;
#8645 = EDGE_LOOP ( 'NONE', ( #5004, #8210, #1908, #100 ) ) ;
#8646 = PLANE ( 'NONE',  #10 ) ;
#8647 = FILL_AREA_STYLE ('',( #5674 ) ) ;
#8648 = CARTESIAN_POINT ( 'NONE',  ( 5.282725439145402824, -3.000000000000000000, 1.874046717538012441 ) ) ;
#8649 = ORIENTED_EDGE ( 'NONE', *, *, #3672, .T. ) ;
#8650 = CARTESIAN_POINT ( 'NONE',  ( 5.676671489377659086, -3.010000000000000231, 2.468381472064804516 ) ) ;
#8651 = ORIENTED_EDGE ( 'NONE', *, *, #9813, .T. ) ;
#8652 = VERTEX_POINT ( 'NONE', #3937 ) ;
#8653 = CARTESIAN_POINT ( 'NONE',  ( 6.775729206661017301, -3.010000000000000231, 2.426695937434582451 ) ) ;
#8654 = CARTESIAN_POINT ( 'NONE',  ( 6.728244199458690566, -3.010000000000000231, 1.597345725443038988 ) ) ;
#8655 = SURFACE_STYLE_USAGE ( .BOTH. , #8557 ) ;
#8656 = EDGE_CURVE ( 'NONE', #1563, #973, #2161, .T. ) ;
#8657 = FACE_OUTER_BOUND ( 'NONE', #5957, .T. ) ;
#8658 = EDGE_CURVE ( 'NONE', #9524, #7553, #8103, .T. ) ;
#8659 = PLANE ( 'NONE',  #4960 ) ;
#8660 = VERTEX_POINT ( 'NONE', #3119 ) ;
#8661 = ORIENTED_EDGE ( 'NONE', *, *, #5075, .F. ) ;
#8662 = CARTESIAN_POINT ( 'NONE',  ( 6.795705657966789381, -3.000000000000000000, 2.374789912321017660 ) ) ;
#8663 = CARTESIAN_POINT ( 'NONE',  ( 5.152928148193720581, -3.010000000000000231, 1.903649587121335918 ) ) ;
#8664 = CARTESIAN_POINT ( 'NONE',  ( 6.687963814039212807, -3.000000000000000000, 1.591942259105878055 ) ) ;
#8665 = DIRECTION ( 'NONE',  ( 1.000000000000000000, 0.000000000000000000, -0.000000000000000000 ) ) ;
#8666 = CARTESIAN_POINT ( 'NONE',  ( 6.949540707159803432, -3.010000000000000231, 1.828057363881550934 ) ) ;
#8667 = DIRECTION ( 'NONE',  ( -0.000000000000000000, -1.000000000000000000, -0.000000000000000000 ) ) ;
#8668 = CARTESIAN_POINT ( 'NONE',  ( 7.353327009780375789, -3.000000000000000000, 2.317152938060202061 ) ) ;
#8669 = ORIENTED_EDGE ( 'NONE', *, *, #8475, .T. ) ;
#8670 = ORIENTED_EDGE ( 'NONE', *, *, #4308, .T. ) ;
#8671 = ORIENTED_EDGE ( 'NONE', *, *, #1448, .T. ) ;
#8672 = CARTESIAN_POINT ( 'NONE',  ( 6.868406841407013630, -3.010000000000000231, 1.784665891782520664 ) ) ;
#8673 = FACE_BOUND ( 'NONE', #559, .T. ) ;
#8674 = B_SPLINE_SURFACE_WITH_KNOTS ( 'NONE', 3, 1, ( 
 ( #5297, #8317 ),
 ( #1516, #4576 ),
 ( #9155, #22 ),
 ( #3055, #5342 ) ),
 .UNSPECIFIED., .F., .F., .F.,
 ( 4, 4 ),
 ( 2, 2 ),
 ( 12.00000000000000000, 13.00000000000000000 ),
 ( 0.000000000000000000, 1.000000000000000000 ),
 .UNSPECIFIED. ) ;
#8675 = SURFACE_STYLE_FILL_AREA ( #4336 ) ;
#8676 = LINE ( 'NONE', #4245, #4499 ) ;
#8677 = ORIENTED_EDGE ( 'NONE', *, *, #587, .F. ) ;
#8678 =( NAMED_UNIT ( * ) PLANE_ANGLE_UNIT ( ) SI_UNIT ( $, .RADIAN. ) );
#8679 = ORIENTED_EDGE ( 'NONE', *, *, #3230, .F. ) ;
#8680 = ORIENTED_EDGE ( 'NONE', *, *, #985, .F. ) ;
#8681 = CARTESIAN_POINT ( 'NONE',  ( 6.529789617635866961, -3.010000000000000231, 1.778279977021613556 ) ) ;
#8682 = EDGE_LOOP ( 'NONE', ( #6707, #2, #9665, #5613, #428, #9437, #7541 ) ) ;
#8683 = CARTESIAN_POINT ( 'NONE',  ( 7.861744069650050015, -3.010000000000000231, 1.721134226974865067 ) ) ;
#8684 = CARTESIAN_POINT ( 'NONE',  ( 6.822968601756339346, -3.010000000000000231, 1.764361957669924985 ) ) ;
#8685 = PLANE ( 'NONE',  #6822 ) ;
#8686 = CARTESIAN_POINT ( 'NONE',  ( 7.274731135791117076, -3.000000000000000000, 2.358743254713512538 ) ) ;
#8687 = CARTESIAN_POINT ( 'NONE',  ( 5.690334325534464277, -3.010000000000000231, 1.737417878208080690 ) ) ;
#8688 = LINE ( 'NONE', #2494, #3242 ) ;
#8689 = VERTEX_POINT ( 'NONE', #9277 ) ;
#8690 = ADVANCED_FACE ( 'NONE', ( #4842 ), #6934, .F. ) ;
#8691 = ADVANCED_FACE ( 'NONE', ( #1041 ), #6292, .F. ) ;
#8692 = ORIENTED_EDGE ( 'NONE', *, *, #2471, .T. ) ;
#8693 = CARTESIAN_POINT ( 'NONE',  ( 7.416776803886056868, -3.010000000000000231, 2.105435302502622896 ) ) ;
#8694 = ORIENTED_EDGE ( 'NONE', *, *, #5710, .T. ) ;
#8695 = ORIENTED_EDGE ( 'NONE', *, *, #1197, .F. ) ;
#8696 = CARTESIAN_POINT ( 'NONE',  ( 6.027351790435611534, -3.000000000000000000, 1.698706480142302189 ) ) ;
#8697 = LINE ( 'NONE', #2555, #57 ) ;
#8698 = CARTESIAN_POINT ( 'NONE',  ( 7.272848109643426540, -3.010000000000000231, 2.120335770280241672 ) ) ;
#8699 = ORIENTED_EDGE ( 'NONE', *, *, #8357, .T. ) ;
#8700 = VECTOR ( 'NONE', #8781, 1000.000000000000000 ) ;
#8701 = EDGE_CURVE ( 'NONE', #5611, #2818, #7354, .T. ) ;
#8702 =( LENGTH_UNIT ( ) NAMED_UNIT ( * ) SI_UNIT ( .MILLI., .METRE. ) );
#8703 = VERTEX_POINT ( 'NONE', #3326 ) ;
#8704 = VERTEX_POINT ( 'NONE', #1687 ) ;
#8705 = CARTESIAN_POINT ( 'NONE',  ( 6.768360843474201083, -3.000000000000000000, 1.744549247767018363 ) ) ;
#8706 = CARTESIAN_POINT ( 'NONE',  ( 6.822722989650397807, -3.000000000000000000, 1.646795629492870505 ) ) ;
#8707 = CARTESIAN_POINT ( 'NONE',  ( 7.706107865009146352, -3.010000000000000231, 1.642210870177697180 ) ) ;
#8708 = FILL_AREA_STYLE_COLOUR ( '', #9211 ) ;
#8709 = VERTEX_POINT ( 'NONE', #4741 ) ;
#8710 = CARTESIAN_POINT ( 'NONE',  ( 6.744700210574997357, -3.010000000000000231, 2.136873652097444509 ) ) ;
#8711 =( NAMED_UNIT ( * ) PLANE_ANGLE_UNIT ( ) SI_UNIT ( $, .RADIAN. ) );
#8712 = EDGE_CURVE ( 'NONE', #3854, #7120, #2733, .T. ) ;
#8713 = VECTOR ( 'NONE', #9134, 1000.000000000000000 ) ;
#8714 = ADVANCED_FACE ( 'NONE', ( #2022 ), #7833, .F. ) ;
#8715 = EDGE_CURVE ( 'NONE', #5770, #1299, #546, .T. ) ;
#8716 = CARTESIAN_POINT ( 'NONE',  ( 6.822722989650397807, -3.010000000000000231, 1.605369054245710858 ) ) ;
#8717 = CARTESIAN_POINT ( 'NONE',  ( 6.606911818987320828, -3.010000000000000231, 1.810045809426548136 ) ) ;
#8718 = CARTESIAN_POINT ( 'NONE',  ( 7.006358974398651185, -3.000000000000000000, 1.492878709597895703 ) ) ;
#8719 = VECTOR ( 'NONE', #5347, 1000.000000000000000 ) ;
#8720 = FACE_BOUND ( 'NONE', #2135, .T. ) ;
#8721 = ORIENTED_EDGE ( 'NONE', *, *, #4598, .F. ) ;
#8722 = CARTESIAN_POINT ( 'NONE',  ( 7.754411579233464025, -3.000000000000000000, 1.761578353798287200 ) ) ;
#8723 = COLOUR_RGB ( '',0.2980392156862745057, 0.2980392156862745057, 0.2980392156862745057 ) ;
#8724 = FACE_BOUND ( 'NONE', #6130, .T. ) ;
#8725 = DIRECTION ( 'NONE',  ( -1.000000000000000000, 0.000000000000000000, 0.000000000000000000 ) ) ;
#8726 = ORIENTED_EDGE ( 'NONE', *, *, #938, .T. ) ;
#8727 = ORIENTED_EDGE ( 'NONE', *, *, #2941, .F. ) ;
#8728 = CARTESIAN_POINT ( 'NONE',  ( 5.061842298739836821, -3.000000000000000000, 1.671380634096280682 ) ) ;
#8729 = AXIS2_PLACEMENT_3D ( 'NONE', #9083, #2977, #3833 ) ;
#8730 = ORIENTED_EDGE ( 'NONE', *, *, #2338, .T. ) ;
#8731 = DIRECTION ( 'NONE',  ( -0.3559357243698769158, -0.000000000000000000, -0.9345104387417462188 ) ) ;
#8732 = VECTOR ( 'NONE', #331, 1000.000000000000000 ) ;
#8733 = DIRECTION ( 'NONE',  ( -0.000000000000000000, -0.000000000000000000, 1.000000000000000000 ) ) ;
#8734 = DIRECTION ( 'NONE',  ( 0.000000000000000000, -0.000000000000000000, 1.000000000000000000 ) ) ;
#8735 = CARTESIAN_POINT ( 'NONE',  ( 6.630736193290477587, -3.000000000000000000, 2.170604381352050360 ) ) ;
#8736 = DIRECTION ( 'NONE',  ( -0.000000000000000000, 1.000000000000000000, -0.000000000000000000 ) ) ;
#8737 = VECTOR ( 'NONE', #5013, 1000.000000000000000 ) ;
#8738 = LINE ( 'NONE', #1941, #8117 ) ;
#8739 = ORIENTED_EDGE ( 'NONE', *, *, #4232, .F. ) ;
#8740 = SURFACE_SIDE_STYLE ('',( #9686 ) ) ;
#8741 = EDGE_LOOP ( 'NONE', ( #8814, #7886, #1935, #7959 ) ) ;
#8742 = CARTESIAN_POINT ( 'NONE',  ( 6.873073471424190117, -3.000000000000000000, 1.746677886022836912 ) ) ;
#8743 = EDGE_LOOP ( 'NONE', ( #3595, #6159, #2216, #1542 ) ) ;
#8744 = VECTOR ( 'NONE', #8981, 1000.000000000000000 ) ;
#8745 = MECHANICAL_DESIGN_GEOMETRIC_PRESENTATION_REPRESENTATION (  '', ( #4020 ), #9063 ) ;
#8746 = VERTEX_POINT ( 'NONE', #4883 ) ;
#8747 = CARTESIAN_POINT ( 'NONE',  ( 7.580927561541505710, -3.000000000000000000, 2.193036953720473026 ) ) ;
#8748 = CARTESIAN_POINT ( 'NONE',  ( 6.951423733307501074, -3.010000000000000231, 1.610117554964842546 ) ) ;
#8749 = EDGE_CURVE ( 'NONE', #6424, #6594, #7706, .T. ) ;
#8750 = EDGE_CURVE ( 'NONE', #3454, #5102, #2636, .T. ) ;
#8751 = CARTESIAN_POINT ( 'NONE',  ( 5.651622840602480657, -3.010000000000000231, 1.737417878208080690 ) ) ;
#8752 = ORIENTED_EDGE ( 'NONE', *, *, #1974, .F. ) ;
#8753 = VECTOR ( 'NONE', #3041, 1000.000000000000000 ) ;
#8754 = VECTOR ( 'NONE', #8165, 1000.000000000000000 ) ;
#8755 = AXIS2_PLACEMENT_3D ( 'NONE', #2130, #5162, #8180 ) ;
#8756 = CARTESIAN_POINT ( 'NONE',  ( 6.908114131911542444, -3.000000000000000000, 1.798747652540360065 ) ) ;
#8757 = ORIENTED_EDGE ( 'NONE', *, *, #9508, .F. ) ;
#8758 = CARTESIAN_POINT ( 'NONE',  ( 7.231339663692092579, -3.000000000000000000, 2.105435302502622896 ) ) ;
#8759 = CARTESIAN_POINT ( 'NONE',  ( 7.113609594113256662, -3.010000000000000231, 1.653836509871792870 ) ) ;
#8760 = PLANE ( 'NONE',  #8564 ) ;
#8761 = MECHANICAL_DESIGN_GEOMETRIC_PRESENTATION_REPRESENTATION (  '', ( #7487 ), #7014 ) ;
#8762 = B_SPLINE_SURFACE_WITH_KNOTS ( 'NONE', 3, 1, ( 
 ( #3493, #9451 ),
 ( #2662, #9402 ),
 ( #8698, #271 ),
 ( #5581, #7863 ) ),
 .UNSPECIFIED., .F., .F., .F.,
 ( 4, 4 ),
 ( 2, 2 ),
 ( 5.000000000000000000, 6.000000000000000000 ),
 ( 0.000000000000000000, 1.000000000000000000 ),
 .UNSPECIFIED. ) ;
#8763 = EDGE_CURVE ( 'NONE', #8472, #2265, #8077, .T. ) ;
#8764 = EDGE_LOOP ( 'NONE', ( #7110, #7441, #2800, #2064 ) ) ;
#8765 = CARTESIAN_POINT ( 'NONE',  ( 5.380642619812027405, -3.000000000000000000, 1.673657918232209330 ) ) ;
#8766 = LINE ( 'NONE', #7122, #6234 ) ;
#8767 = FACE_OUTER_BOUND ( 'NONE', #1113, .T. ) ;
#8768 = CARTESIAN_POINT ( 'NONE',  ( 6.415252505436413344, -3.010000000000000231, 1.741601902493589149 ) ) ;
#8769 = VECTOR ( 'NONE', #9112, 1000.000000000000000 ) ;
#8770 = CARTESIAN_POINT ( 'NONE',  ( 7.309853666981539710, -3.000000000000000000, 2.268521741030156580 ) ) ;
#8771 = DIRECTION ( 'NONE',  ( -0.000000000000000000, -0.000000000000000000, 1.000000000000000000 ) ) ;
#8772 = EDGE_CURVE ( 'NONE', #2055, #9654, #7276, .T. ) ;
#8773 = VERTEX_POINT ( 'NONE', #8722 ) ;
#8774 = ORIENTED_EDGE ( 'NONE', *, *, #9010, .T. ) ;
#8775 = VERTEX_POINT ( 'NONE', #4135 ) ;
#8776 = MECHANICAL_DESIGN_GEOMETRIC_PRESENTATION_REPRESENTATION (  '', ( #4210 ), #2767 ) ;
#8777 = CARTESIAN_POINT ( 'NONE',  ( 6.925716332856650226, -3.010000000000000231, 1.677415272067907859 ) ) ;
#8778 = EDGE_CURVE ( 'NONE', #7209, #8844, #3590, .T. ) ;
#8779 = CARTESIAN_POINT ( 'NONE',  ( 6.912043925610888095, -3.010000000000000231, 1.831332191965078904 ) ) ;
#8780 = CARTESIAN_POINT ( 'NONE',  ( 6.859810417689406137, -3.000000000000000000, 2.425713489008655799 ) ) ;
#8781 = DIRECTION ( 'NONE',  ( 1.000000000000000000, 0.000000000000000000, 7.460765693852655228E-14 ) ) ;
#8782 = CARTESIAN_POINT ( 'NONE',  ( 5.690334325534464277, -3.010000000000000231, 1.737417878208080690 ) ) ;
#8783 = CARTESIAN_POINT ( 'NONE',  ( 6.713016248873132419, -3.010000000000000231, 2.136873652097444509 ) ) ;
#8784 = CARTESIAN_POINT ( 'NONE',  ( 6.687963814039212807, -3.010000000000000231, 1.591942259105878055 ) ) ;
#8785 = DIRECTION ( 'NONE',  ( 0.000000000000000000, 0.000000000000000000, -1.000000000000000000 ) ) ;
#8786 = CARTESIAN_POINT ( 'NONE',  ( 4.866007807109460792, -3.000000000000000000, 1.619006399874787006 ) ) ;
#8787 = EDGE_CURVE ( 'NONE', #351, #5731, #5842, .T. ) ;
#8788 = VECTOR ( 'NONE', #3922, 1000.000000000000000 ) ;
#8789 = CARTESIAN_POINT ( 'NONE',  ( 7.309853666981539710, -3.000000000000000000, 2.268521741030156580 ) ) ;
#8790 = DIRECTION ( 'NONE',  ( -1.000000000000000000, -0.000000000000000000, -0.000000000000000000 ) ) ;
#8791 = UNCERTAINTY_MEASURE_WITH_UNIT (LENGTH_MEASURE( 1.000000000000000082E-05 ), #8044, 'distance_accuracy_value', 'NONE');
#8792 = EDGE_LOOP ( 'NONE', ( #3460, #165, #7867, #5220 ) ) ;
#8793 = DIRECTION ( 'NONE',  ( -0.000000000000000000, 1.000000000000000000, -0.000000000000000000 ) ) ;
#8794 = ORIENTED_EDGE ( 'NONE', *, *, #4080, .T. ) ;
#8795 = VERTEX_POINT ( 'NONE', #3469 ) ;
#8796 = B_SPLINE_CURVE_WITH_KNOTS ( 'NONE', 3,
 ( #1578, #5313, #8332, #838 ),
 .UNSPECIFIED., .F., .F.,
 ( 4, 4 ),
 ( 2.000000000000000000, 3.000000000000000000 ),
 .UNSPECIFIED. ) ;
#8797 = CARTESIAN_POINT ( 'NONE',  ( 6.795705657966789381, -3.010000000000000231, 2.374789912321017660 ) ) ;
#8798 = DIRECTION ( 'NONE',  ( -0.000000000000000000, -1.000000000000000000, -0.000000000000000000 ) ) ;
#8799 = ORIENTED_EDGE ( 'NONE', *, *, #6149, .F. ) ;
#8800 = ORIENTED_EDGE ( 'NONE', *, *, #9608, .F. ) ;
#8801 = EDGE_CURVE ( 'NONE', #1685, #7113, #1925, .T. ) ;
#8802 = CARTESIAN_POINT ( 'NONE',  ( 6.597005464036952205, -3.010000000000000231, 2.143750791072403405 ) ) ;
#8803 = CARTESIAN_POINT ( 'NONE',  ( 7.113609594113256662, -3.010000000000000231, 1.653836509871792870 ) ) ;
#8804 = CARTESIAN_POINT ( 'NONE',  ( 5.109662355587391680, -3.000000000000000000, 2.361355640761474195 ) ) ;
#8805 = FACE_OUTER_BOUND ( 'NONE', #1452, .T. ) ;
#8806 = VERTEX_POINT ( 'NONE', #3379 ) ;
#8807 = LINE ( 'NONE', #8023, #188 ) ;
#8808 = CARTESIAN_POINT ( 'NONE',  ( 6.625250856252422160, -3.010000000000000231, 1.661859838674450973 ) ) ;
#8809 = EDGE_CURVE ( 'NONE', #3854, #3737, #3821, .T. ) ;
#8810 = CARTESIAN_POINT ( 'NONE',  ( 6.925716332856650226, -3.000000000000000000, 1.677415272067907859 ) ) ;
#8811 = SURFACE_STYLE_FILL_AREA ( #539 ) ;
#8812 = CARTESIAN_POINT ( 'NONE',  ( 7.917661759162775148, -3.010000000000000231, 1.866045369643430707 ) ) ;
#8813 = ORIENTED_EDGE ( 'NONE', *, *, #6051, .T. ) ;
#8814 = ORIENTED_EDGE ( 'NONE', *, *, #3823, .T. ) ;
#8815 = CARTESIAN_POINT ( 'NONE',  ( 5.699442854016932181, -3.010000000000000231, 1.735140767804566053 ) ) ;
#8816 = DIRECTION ( 'NONE',  ( 0.3315284183576328592, -0.000000000000000000, 0.9434452330799526498 ) ) ;
#8817 = CARTESIAN_POINT ( 'NONE',  ( 7.042955178224702628, -3.000000000000000000, 1.826092467031879885 ) ) ;
#8818 = CARTESIAN_POINT ( 'NONE',  ( 6.918839193882784677, -3.010000000000000231, 1.683146221212985294 ) ) ;
#8819 = CARTESIAN_POINT ( 'NONE',  ( 6.834348629344503934, -3.010000000000000231, 1.728175107353765005 ) ) ;
#8820 = EDGE_CURVE ( 'NONE', #8388, #2245, #487, .T. ) ;
#8821 = CARTESIAN_POINT ( 'NONE',  ( 7.274731135791117076, -3.010000000000000231, 2.358743254713512538 ) ) ;
#8822 = CARTESIAN_POINT ( 'NONE',  ( 6.768360843474201083, -3.000000000000000000, 1.802513704835750907 ) ) ;
#8823 = LINE ( 'NONE', #2031, #6973 ) ;
#8824 = LINE ( 'NONE', #554, #5413 ) ;
#8825 = CARTESIAN_POINT ( 'NONE',  ( 7.710938236430269654, -3.000000000000000000, 1.760432163970577779 ) ) ;
#8826 = CARTESIAN_POINT ( 'NONE',  ( 7.938375046789632350, -3.010000000000000231, 1.917623911949080551 ) ) ;
#8827 = CARTESIAN_POINT ( 'NONE',  ( 7.309853666981540599, -3.010000000000000231, 2.228568838418608866 ) ) ;
#8828 = ORIENTED_EDGE ( 'NONE', *, *, #866, .F. ) ;
#8829 = ADVANCED_FACE ( 'NONE', ( #2780 ), #9417, .T. ) ;
#8830 = VERTEX_POINT ( 'NONE', #6542 ) ;
#8831 = ORIENTED_EDGE ( 'NONE', *, *, #8148, .T. ) ;
#8832 = CARTESIAN_POINT ( 'NONE',  ( 6.625250856252422160, -3.010000000000000231, 1.661859838674450973 ) ) ;
#8833 = B_SPLINE_SURFACE_WITH_KNOTS ( 'NONE', 3, 1, ( 
 ( #9042, #1508 ),
 ( #4568, #8 ),
 ( #7551, #3043 ),
 ( #8350, #1549 ) ),
 .UNSPECIFIED., .F., .F., .F.,
 ( 4, 4 ),
 ( 2, 2 ),
 ( 5.000000000000000000, 6.000000000000000000 ),
 ( 0.000000000000000000, 1.000000000000000000 ),
 .UNSPECIFIED. ) ;
#8834 = ORIENTED_EDGE ( 'NONE', *, *, #954, .T. ) ;
#8835 = EDGE_CURVE ( 'NONE', #7306, #9371, #3948, .T. ) ;
#8836 = EDGE_CURVE ( 'NONE', #3817, #8773, #1193, .T. ) ;
#8837 = LINE ( 'NONE', #8194, #9531 ) ;
#8838 = ORIENTED_EDGE ( 'NONE', *, *, #5620, .F. ) ;
#8839 = B_SPLINE_CURVE_WITH_KNOTS ( 'NONE', 3,
 ( #1667, #9158, #825, #643 ),
 .UNSPECIFIED., .F., .F.,
 ( 4, 4 ),
 ( 33.00000000000000000, 34.00000000000000000 ),
 .UNSPECIFIED. ) ;
#8840 = VECTOR ( 'NONE', #7409, 1000.000000000000000 ) ;
#8841 = LINE ( 'NONE', #7444, #1310 ) ;
#8842 = CARTESIAN_POINT ( 'NONE',  ( 6.667496138521578075, -3.010000000000000231, 1.624854281338506512 ) ) ;
#8843 = CARTESIAN_POINT ( 'NONE',  ( -9.824999999999999289, -3.000000000000000000, 10.19999999999999929 ) ) ;
#8844 = VERTEX_POINT ( 'NONE', #8224 ) ;
#8845 = CARTESIAN_POINT ( 'NONE',  ( 7.302239691688777512, -3.010000000000000231, 1.778279977021620439 ) ) ;
#8846 = CARTESIAN_POINT ( 'NONE',  ( 7.460659500196967109, -3.010000000000000231, 2.229223804036619239 ) ) ;
#8847 = CARTESIAN_POINT ( 'NONE',  ( 6.687963814039212807, -3.000000000000000000, 1.591942259105878055 ) ) ;
#8848 = DIRECTION ( 'NONE',  ( -1.000000000000000000, -0.000000000000000000, -0.000000000000000000 ) ) ;
#8849 = VERTEX_POINT ( 'NONE', #6779 ) ;
#8850 = B_SPLINE_CURVE_WITH_KNOTS ( 'NONE', 3,
 ( #6960, #5977, #8997, #767 ),
 .UNSPECIFIED., .F., .F.,
 ( 4, 4 ),
 ( 16.00000000000000000, 17.00000000000000000 ),
 .UNSPECIFIED. ) ;
#8851 = PRESENTATION_STYLE_ASSIGNMENT (( #5881 ) ) ;
#8852 = VECTOR ( 'NONE', #6645, 1000.000000000000000 ) ;
#8853 = FACE_OUTER_BOUND ( 'NONE', #1115, .T. ) ;
#8854 = SURFACE_STYLE_USAGE ( .BOTH. , #2171 ) ;
#8855 = B_SPLINE_CURVE_WITH_KNOTS ( 'NONE', 3,
 ( #817, #1613, #6867, #72 ),
 .UNSPECIFIED., .F., .F.,
 ( 4, 4 ),
 ( 7.000000000000000000, 8.000000000000000000 ),
 .UNSPECIFIED. ) ;
#8856 = ORIENTED_EDGE ( 'NONE', *, *, #6580, .F. ) ;
#8857 = ORIENTED_EDGE ( 'NONE', *, *, #2156, .T. ) ;
#8858 = EDGE_CURVE ( 'NONE', #6420, #2772, #9821, .T. ) ;
#8859 = FACE_OUTER_BOUND ( 'NONE', #7018, .T. ) ;
#8860 = EDGE_CURVE ( 'NONE', #8830, #1084, #5887, .T. ) ;
#8861 = VECTOR ( 'NONE', #4119, 1000.000000000000000 ) ;
#8862 = FACE_BOUND ( 'NONE', #6540, .T. ) ;
#8863 = DIRECTION ( 'NONE',  ( -0.000000000000000000, -1.000000000000000000, -0.000000000000000000 ) ) ;
#8864 = CARTESIAN_POINT ( 'NONE',  ( 6.667496138521578075, -3.010000000000000231, 1.624854281338506512 ) ) ;
#8865 = DIRECTION ( 'NONE',  ( 1.000000000000000000, 0.000000000000000000, 0.000000000000000000 ) ) ;
#8866 = CARTESIAN_POINT ( 'NONE',  ( 5.102830894076442192, -3.010000000000000231, 1.760189329712459338 ) ) ;
#8867 = CARTESIAN_POINT ( 'NONE',  ( 7.029119029573883459, -3.000000000000000000, 1.523989576384800815 ) ) ;
#8868 = VECTOR ( 'NONE', #4797, 1000.000000000000000 ) ;
#8869 = CARTESIAN_POINT ( 'NONE',  ( 5.781420131554154018, -3.010000000000000231, 2.090375376536846908 ) ) ;
#8870 = LINE ( 'NONE', #9589, #9374 ) ;
#8871 = CARTESIAN_POINT ( 'NONE',  ( 6.901155122235678618, -3.010000000000000231, 2.388871673076673474 ) ) ;
#8872 = ORIENTED_EDGE ( 'NONE', *, *, #296, .F. ) ;
#8873 = CARTESIAN_POINT ( 'NONE',  ( 5.150650994356001711, -3.000000000000000000, 2.156412707512648907 ) ) ;
#8874 = EDGE_CURVE ( 'NONE', #4049, #5146, #2923, .T. ) ;
#8875 = CARTESIAN_POINT ( 'NONE',  ( 5.820131616487237203, -3.000000000000000000, 1.596234948368240092 ) ) ;
#8876 = VECTOR ( 'NONE', #7366, 1000.000000000000000 ) ;
#8877 = UNCERTAINTY_MEASURE_WITH_UNIT (LENGTH_MEASURE( 1.000000000000000082E-05 ), #779, 'distance_accuracy_value', 'NONE');
#8878 = ORIENTED_EDGE ( 'NONE', *, *, #4975, .F. ) ;
#8879 = B_SPLINE_CURVE_WITH_KNOTS ( 'NONE', 3,
 ( #309, #4805, #3288, #4892 ),
 .UNSPECIFIED., .F., .F.,
 ( 4, 4 ),
 ( 3.000000000000000000, 4.000000000000000000 ),
 .UNSPECIFIED. ) ;
#8880 = MECHANICAL_DESIGN_GEOMETRIC_PRESENTATION_REPRESENTATION (  '', ( #7934 ), #3831 ) ;
#8881 = DIRECTION ( 'NONE',  ( -1.000000000000000000, 0.000000000000000000, 0.000000000000000000 ) ) ;
#8882 = ORIENTED_EDGE ( 'NONE', *, *, #3245, .F. ) ;
#8883 = ORIENTED_EDGE ( 'NONE', *, *, #8286, .T. ) ;
#8884 = CARTESIAN_POINT ( 'NONE',  ( 6.908114131911542444, -3.010000000000000231, 1.798747652540360065 ) ) ;
#8885 = ORIENTED_EDGE ( 'NONE', *, *, #2509, .F. ) ;
#8886 = CARTESIAN_POINT ( 'NONE',  ( 7.425864451816630130, -3.010000000000000231, 1.880782096017092897 ) ) ;
#8887 = VERTEX_POINT ( 'NONE', #1332 ) ;
#8888 = AXIS2_PLACEMENT_3D ( 'NONE', #2416, #8230, #5450 ) ;
#8889 = AXIS2_PLACEMENT_3D ( 'NONE', #9537, #556, #8144 ) ;
#8890 = CARTESIAN_POINT ( 'NONE',  ( 6.775729206661017301, -3.010000000000000231, 2.426695937434582451 ) ) ;
#8891 = ADVANCED_FACE ( 'NONE', ( #9721 ), #1425, .F. ) ;
#8892 = DIRECTION ( 'NONE',  ( 1.000000000000000000, -0.000000000000000000, -0.000000000000000000 ) ) ;
#8893 = EDGE_CURVE ( 'NONE', #8127, #2287, #4482, .T. ) ;
#8894 = ORIENTED_EDGE ( 'NONE', *, *, #771, .F. ) ;
#8895 = AXIS2_PLACEMENT_3D ( 'NONE', #8640, #6213, #3393 ) ;
#8896 = PLANE ( 'NONE',  #2547 ) ;
#8897 = CARTESIAN_POINT ( 'NONE',  ( 6.888710775520707763, -3.010000000000000231, 1.624690539934555256 ) ) ;
#8898 = COLOUR_RGB ( '',0.2980392156862745057, 0.2980392156862745057, 0.2980392156862745057 ) ;
#8899 = ORIENTED_EDGE ( 'NONE', *, *, #9581, .F. ) ;
#8900 = PLANE ( 'NONE',  #6783 ) ;
#8901 = CARTESIAN_POINT ( 'NONE',  ( 5.152928104760619910, -3.010000000000000231, 1.445943403181894071 ) ) ;
#8902 = ORIENTED_EDGE ( 'NONE', *, *, #4000, .T. ) ;
#8903 = VERTEX_POINT ( 'NONE', #6038 ) ;
#8904 = AXIS2_PLACEMENT_3D ( 'NONE', #3712, #473, #9612 ) ;
#8905 = CARTESIAN_POINT ( 'NONE',  ( 7.585021096644815941, -3.010000000000000231, 1.917623911949080551 ) ) ;
#8906 = CARTESIAN_POINT ( 'NONE',  ( 5.774588713476296320, -3.010000000000000231, 2.090375376536846908 ) ) ;
#8907 = SURFACE_STYLE_USAGE ( .BOTH. , #6626 ) ;
#8908 = LINE ( 'NONE', #5984, #7670 ) ;
#8909 = B_SPLINE_CURVE_WITH_KNOTS ( 'NONE', 3,
 ( #8521, #9225, #3980, #6931 ),
 .UNSPECIFIED., .F., .F.,
 ( 4, 4 ),
 ( 2.000000000000000000, 3.000000000000000000 ),
 .UNSPECIFIED. ) ;
#8910 = ORIENTED_EDGE ( 'NONE', *, *, #7477, .T. ) ;
#8911 = ORIENTED_EDGE ( 'NONE', *, *, #2509, .T. ) ;
#8912 = CARTESIAN_POINT ( 'NONE',  ( 6.937587584657789463, -3.000000000000000000, 1.717531916083413490 ) ) ;
#8913 = COLOUR_RGB ( '',0.2980392156862745057, 0.2980392156862745057, 0.2980392156862745057 ) ;
#8914 = B_SPLINE_SURFACE_WITH_KNOTS ( 'NONE', 3, 1, ( 
 ( #280, #9412 ),
 ( #9354, #2566 ),
 ( #6430, #9460 ),
 ( #8707, #9509 ) ),
 .UNSPECIFIED., .F., .F., .F.,
 ( 4, 4 ),
 ( 2, 2 ),
 ( 5.000000000000000000, 6.000000000000000000 ),
 ( 0.000000000000000000, 1.000000000000000000 ),
 .UNSPECIFIED. ) ;
#8915 = CARTESIAN_POINT ( 'NONE',  ( 6.699671324435295006, -3.010000000000000231, 1.631076454695453481 ) ) ;
#8916 = CARTESIAN_POINT ( 'NONE',  ( 7.632424233145182590, -3.000000000000000000, 1.597345725443044095 ) ) ;
#8917 = DIRECTION ( 'NONE',  ( -0.000000000000000000, -0.000000000000000000, -1.000000000000000000 ) ) ;
#8918 = ADVANCED_FACE ( 'NONE', ( #3775 ), #693, .F. ) ;
#8919 = CARTESIAN_POINT ( 'NONE',  ( 5.619742860615633440, -3.000000000000000000, 1.705537811355042122 ) ) ;
#8920 = AXIS2_PLACEMENT_3D ( 'NONE', #3199, #2455, #5482 ) ;
#8921 = CARTESIAN_POINT ( 'NONE',  ( 0.000000000000000000, -3.010000000000000231, 0.000000000000000000 ) ) ;
#8922 = ORIENTED_EDGE ( 'NONE', *, *, #9186, .T. ) ;
#8923 = ORIENTED_EDGE ( 'NONE', *, *, #8893, .F. ) ;
#8924 = DIRECTION ( 'NONE',  ( 0.000000000000000000, 0.000000000000000000, -1.000000000000000000 ) ) ;
#8925 = CARTESIAN_POINT ( 'NONE',  ( 9.624999999999998224, 2.799999999999999822, 9.999999999999998224 ) ) ;
#8926 = AXIS2_PLACEMENT_3D ( 'NONE', #1409, #8258, #4466 ) ;
#8927 = ORIENTED_EDGE ( 'NONE', *, *, #9454, .F. ) ;
#8928 = CARTESIAN_POINT ( 'NONE',  ( 7.915860603719233168, -3.010000000000000231, 1.876688560911603298 ) ) ;
#8929 = ORIENTED_EDGE ( 'NONE', *, *, #5572, .T. ) ;
#8930 = ORIENTED_EDGE ( 'NONE', *, *, #9628, .F. ) ;
#8931 = EDGE_CURVE ( 'NONE', #8652, #2114, #5941, .T. ) ;
#8932 = CARTESIAN_POINT ( 'NONE',  ( 7.493653393133764773, -3.010000000000000231, 1.597345725443044095 ) ) ;
#8933 = ADVANCED_FACE ( 'NONE', ( #8859 ), #3615, .F. ) ;
#8934 = FACE_OUTER_BOUND ( 'NONE', #8324, .T. ) ;
#8935 = ORIENTED_EDGE ( 'NONE', *, *, #7607, .T. ) ;
#8936 = CARTESIAN_POINT ( 'NONE',  ( 5.150650950922908144, -3.010000000000000231, 1.760189329712459338 ) ) ;
#8937 = VECTOR ( 'NONE', #8667, 1000.000000000000000 ) ;
#8938 = CARTESIAN_POINT ( 'NONE',  ( 7.092568823680664991, -3.000000000000000000, 2.425713489008659351 ) ) ;
#8939 = DIRECTION ( 'NONE',  ( -0.3385350342956564562, 0.000000000000000000, -0.9409537876827102076 ) ) ;
#8940 =( LENGTH_UNIT ( ) NAMED_UNIT ( * ) SI_UNIT ( .MILLI., .METRE. ) );
#8941 = DIRECTION ( 'NONE',  ( -1.000000000000000000, -0.000000000000000000, -0.000000000000000000 ) ) ;
#8942 = ADVANCED_FACE ( 'NONE', ( #2173 ), #6866, .F. ) ;
#8943 = CARTESIAN_POINT ( 'NONE',  ( 6.584561117321979573, -3.010000000000000231, 1.701321517074126932 ) ) ;
#8944 = CARTESIAN_POINT ( 'NONE',  ( 6.920230995818609010, -3.000000000000000000, 1.624690539934555256 ) ) ;
#8945 = CARTESIAN_POINT ( 'NONE',  ( 6.415252505436406238, -3.000000000000000000, 1.880782096017082461 ) ) ;
#8946 = DIRECTION ( 'NONE',  ( 1.000000000000000000, -0.000000000000000000, -0.000000000000000000 ) ) ;
#8947 = ORIENTED_EDGE ( 'NONE', *, *, #6273, .F. ) ;
#8948 = SURFACE_SIDE_STYLE ('',( #5148 ) ) ;
#8949 = VERTEX_POINT ( 'NONE', #6879 ) ;
#8950 = CARTESIAN_POINT ( 'NONE',  ( 6.699671324435295006, -3.010000000000000231, 1.631076454695453481 ) ) ;
#8951 = VERTEX_POINT ( 'NONE', #9216 ) ;
#8952 = EDGE_CURVE ( 'NONE', #6109, #2622, #1720, .T. ) ;
#8953 = DIRECTION ( 'NONE',  ( -0.000000000000000000, 1.000000000000000000, -0.000000000000000000 ) ) ;
#8954 = SURFACE_SIDE_STYLE ('',( #8811 ) ) ;
#8955 = EDGE_CURVE ( 'NONE', #2921, #2881, #7824, .T. ) ;
#8956 = FILL_AREA_STYLE ('',( #2918 ) ) ;
#8957 = DIRECTION ( 'NONE',  ( -0.000000000000000000, 1.000000000000000000, -0.000000000000000000 ) ) ;
#8958 = ORIENTED_EDGE ( 'NONE', *, *, #6533, .F. ) ;
#8959 = VERTEX_POINT ( 'NONE', #3973 ) ;
#8960 = DIRECTION ( 'NONE',  ( -1.000000000000000000, 0.000000000000000000, 0.000000000000000000 ) ) ;
#8961 = B_SPLINE_CURVE_WITH_KNOTS ( 'NONE', 3,
 ( #6956, #958, #8456, #116 ),
 .UNSPECIFIED., .F., .F.,
 ( 4, 4 ),
 ( 27.00000000000000000, 28.00000000000000000 ),
 .UNSPECIFIED. ) ;
#8962 = CARTESIAN_POINT ( 'NONE',  ( 7.676716282965974969, -3.000000000000000000, 1.667263305011618790 ) ) ;
#8963 = CARTESIAN_POINT ( 'NONE',  ( 6.546163758050211889, -3.010000000000000231, 1.633860058567110363 ) ) ;
#8964 = CARTESIAN_POINT ( 'NONE',  ( 7.508553860909193745, -3.010000000000000231, 2.362345565604948572 ) ) ;
#8965 = CARTESIAN_POINT ( 'NONE',  ( 4.904719335474551301, -3.010000000000000231, 2.190569884771403686 ) ) ;
#8966 = CARTESIAN_POINT ( 'NONE',  ( 7.665000000000001812, 1.604999999999999982, -4.099999999999999645 ) ) ;
#8967 = CARTESIAN_POINT ( 'NONE',  ( 7.914878155293300743, -3.010000000000000231, 1.876688560911603298 ) ) ;
#8968 = VERTEX_POINT ( 'NONE', #8516 ) ;
#8969 = VERTEX_POINT ( 'NONE', #3111 ) ;
#8970 = DIRECTION ( 'NONE',  ( 1.000000000000000000, -0.000000000000000000, -0.000000000000000000 ) ) ;
#8971 = CARTESIAN_POINT ( 'NONE',  ( 7.272848109643426540, -3.000000000000000000, 2.411631728253007534 ) ) ;
#8972 = CARTESIAN_POINT ( 'NONE',  ( 5.259953944207918397, -3.010000000000000231, 2.479767197816991064 ) ) ;
#8973 = VERTEX_POINT ( 'NONE', #6971 ) ;
#8974 = ORIENTED_EDGE ( 'NONE', *, *, #5683, .T. ) ;
#8975 = CARTESIAN_POINT ( 'NONE',  ( 7.911603327211961911, -3.000000000000000000, 1.859495713476382983 ) ) ;
#8976 = DIRECTION ( 'NONE',  ( 1.000000000000000000, 0.000000000000000000, -0.000000000000000000 ) ) ;
#8977 = VERTEX_POINT ( 'NONE', #191 ) ;
#8978 = CARTESIAN_POINT ( 'NONE',  ( 6.546163758050211889, -3.010000000000000231, 1.597345725443035436 ) ) ;
#8979 = CARTESIAN_POINT ( 'NONE',  ( 6.674700760303356795, -3.010000000000000231, 1.704923827965556082 ) ) ;
#8980 = B_SPLINE_CURVE_WITH_KNOTS ( 'NONE', 3,
 ( #2432, #4791, #5467, #2376 ),
 .UNSPECIFIED., .F., .F.,
 ( 4, 4 ),
 ( 10.00000000000000000, 11.00000000000000000 ),
 .UNSPECIFIED. ) ;
#8981 = DIRECTION ( 'NONE',  ( 1.000000000000000000, 0.000000000000000000, 0.000000000000000000 ) ) ;
#8982 = ORIENTED_EDGE ( 'NONE', *, *, #1893, .T. ) ;
#8983 = CARTESIAN_POINT ( 'NONE',  ( 6.864313306302610052, -3.010000000000000231, 1.767964268561359242 ) ) ;
#8984 = EDGE_CURVE ( 'NONE', #8977, #4766, #6096, .T. ) ;
#8985 = ADVANCED_FACE ( 'NONE', ( #832 ), #7623, .T. ) ;
#8986 = CARTESIAN_POINT ( 'NONE',  ( 6.822968601756339346, -3.000000000000000000, 1.764361957669924985 ) ) ;
#8987 = ORIENTED_EDGE ( 'NONE', *, *, #4626, .F. ) ;
#8988 = CARTESIAN_POINT ( 'NONE',  ( 6.876512040911660684, -3.000000000000000000, 1.790233099523641513 ) ) ;
#8989 = DIRECTION ( 'NONE',  ( -0.3559357243698768603, 0.000000000000000000, -0.9345104387417462188 ) ) ;
#8990 = CARTESIAN_POINT ( 'NONE',  ( 5.027685164915276061, -3.010000000000000231, 2.327198463502726522 ) ) ;
#8991 = B_SPLINE_SURFACE_WITH_KNOTS ( 'NONE', 3, 1, ( 
 ( #2154, #1308 ),
 ( #1255, #4364 ),
 ( #570, #1399 ),
 ( #3594, #6609 ) ),
 .UNSPECIFIED., .F., .F., .F.,
 ( 4, 4 ),
 ( 2, 2 ),
 ( 18.00000000000000000, 19.00000000000000000 ),
 ( 0.000000000000000000, 1.000000000000000000 ),
 .UNSPECIFIED. ) ;
#8992 = SURFACE_STYLE_FILL_AREA ( #5098 ) ;
#8993 = CARTESIAN_POINT ( 'NONE',  ( 7.006358974398651185, -3.010000000000000231, 1.492878709597895703 ) ) ;
#8994 = ORIENTED_EDGE ( 'NONE', *, *, #8448, .T. ) ;
#8995 = EDGE_CURVE ( 'NONE', #1305, #6741, #4414, .T. ) ;
#8996 = AXIS2_PLACEMENT_3D ( 'NONE', #8843, #2054, #8201 ) ;
#8997 = CARTESIAN_POINT ( 'NONE',  ( 4.970756536153250416, -3.010000000000000231, 1.839889540281443692 ) ) ;
#8998 = VERTEX_POINT ( 'NONE', #7679 ) ;
#8999 = LINE ( 'NONE', #9714, #3869 ) ;
#9000 = ORIENTED_EDGE ( 'NONE', *, *, #7788, .F. ) ;
#9001 = B_SPLINE_CURVE_WITH_KNOTS ( 'NONE', 3,
 ( #6499, #3535, #2793, #7203 ),
 .UNSPECIFIED., .F., .F.,
 ( 4, 4 ),
 ( 15.00000000000000000, 16.00000000000000000 ),
 .UNSPECIFIED. ) ;
#9002 = CARTESIAN_POINT ( 'NONE',  ( 5.861120298688951458, -3.000000000000000000, 2.281655560491790524 ) ) ;
#9003 = LINE ( 'NONE', #2219, #863 ) ;
#9004 = PRESENTATION_LAYER_ASSIGNMENT (  '', '', ( #8372 ) ) ;
#9005 = CARTESIAN_POINT ( 'NONE',  ( 6.632946702247178195, -3.010000000000000231, 2.358252030501634344 ) ) ;
#9006 = ORIENTED_EDGE ( 'NONE', *, *, #1833, .F. ) ;
#9007 = ORIENTED_EDGE ( 'NONE', *, *, #5156, .F. ) ;
#9008 = ORIENTED_EDGE ( 'NONE', *, *, #3061, .F. ) ;
#9009 = DIRECTION ( 'NONE',  ( 0.000000000000000000, 0.000000000000000000, 1.000000000000000000 ) ) ;
#9010 = EDGE_CURVE ( 'NONE', #2235, #208, #3876, .T. ) ;
#9011 = PRODUCT_CONTEXT ( 'NONE', #7344, 'mechanical' ) ;
#9012 = EDGE_CURVE ( 'NONE', #9142, #4050, #7106, .T. ) ;
#9013 = CARTESIAN_POINT ( 'NONE',  ( 5.180253863939324077, -3.010000000000000231, 2.422838566338476163 ) ) ;
#9014 = ADVANCED_FACE ( 'NONE', ( #6186 ), #6282, .F. ) ;
#9015 = VECTOR ( 'NONE', #8917, 1000.000000000000000 ) ;
#9016 = CARTESIAN_POINT ( 'NONE',  ( 6.728244199458690566, -3.010000000000000231, 1.690187101591904328 ) ) ;
#9017 =( NAMED_UNIT ( * ) SI_UNIT ( $, .STERADIAN. ) SOLID_ANGLE_UNIT ( ) );
#9018 = CARTESIAN_POINT ( 'NONE',  ( 6.861038478220190306, -3.010000000000000231, 1.591942259105878055 ) ) ;
#9019 = VECTOR ( 'NONE', #5574, 1000.000000000000000 ) ;
#9020 = CARTESIAN_POINT ( 'NONE',  ( -8.074999999999999289, 1.604999999999999982, -4.099999999999999645 ) ) ;
#9021 = ORIENTED_EDGE ( 'NONE', *, *, #1661, .T. ) ;
#9022 = ORIENTED_EDGE ( 'NONE', *, *, #8535, .T. ) ;
#9023 = FACE_OUTER_BOUND ( 'NONE', #1673, .T. ) ;
#9024 = CARTESIAN_POINT ( 'NONE',  ( 4.765813472607303147, -3.000000000000000000, 2.217895491935343966 ) ) ;
#9025 = ORIENTED_EDGE ( 'NONE', *, *, #1110, .F. ) ;
#9026 = CARTESIAN_POINT ( 'NONE',  ( 6.768360843474201083, -3.010000000000000231, 1.744549247767018363 ) ) ;
#9027 = AXIS2_PLACEMENT_3D ( 'NONE', #2148, #5131, #2043 ) ;
#9028 = ORIENTED_EDGE ( 'NONE', *, *, #3826, .F. ) ;
#9029 = ORIENTED_EDGE ( 'NONE', *, *, #6439, .T. ) ;
#9030 = DIRECTION ( 'NONE',  ( -1.000000000000000000, 0.000000000000000000, -0.000000000000000000 ) ) ;
#9031 = ORIENTED_EDGE ( 'NONE', *, *, #3451, .T. ) ;
#9032 = CARTESIAN_POINT ( 'NONE',  ( 7.180661699110388874, -3.010000000000000231, 2.105435302502622896 ) ) ;
#9033 = ORIENTED_EDGE ( 'NONE', *, *, #9682, .T. ) ;
#9034 = B_SPLINE_CURVE_WITH_KNOTS ( 'NONE', 3,
 ( #7102, #8603, #316, #2500 ),
 .UNSPECIFIED., .F., .F.,
 ( 4, 4 ),
 ( 28.00000000000000000, 29.00000000000000000 ),
 .UNSPECIFIED. ) ;
#9035 = PRESENTATION_STYLE_ASSIGNMENT (( #7502 ) ) ;
#9036 = LINE ( 'NONE', #9747, #5755 ) ;
#9038 = ORIENTED_EDGE ( 'NONE', *, *, #1793, .T. ) ;
#9037 = PRESENTATION_LAYER_ASSIGNMENT (  '', '', ( #3991 ) ) ;
#9039 = CARTESIAN_POINT ( 'NONE',  ( 6.604210085819834930, -3.000000000000000000, 1.609953813560887737 ) ) ;
#9040 = VECTOR ( 'NONE', #8733, 1000.000000000000000 ) ;
#9041 = SURFACE_STYLE_FILL_AREA ( #6758 ) ;
#9042 = CARTESIAN_POINT ( 'NONE',  ( 5.027685164915276061, -3.010000000000000231, 2.327198463502726522 ) ) ;
#9043 = CARTESIAN_POINT ( 'NONE',  ( 6.742571572321352846, -3.000000000000000000, 2.100031836165462185 ) ) ;
#9044 = STYLED_ITEM ( 'NONE', ( #9035 ), #4201 ) ;
#9045 = VECTOR ( 'NONE', #8970, 1000.000000000000000 ) ;
#9046 = ORIENTED_EDGE ( 'NONE', *, *, #5805, .T. ) ;
#9047 = EDGE_CURVE ( 'NONE', #5444, #7553, #7831, .T. ) ;
#9048 = STYLED_ITEM ( 'NONE', ( #8218 ), #3359 ) ;
#9049 = EDGE_CURVE ( 'NONE', #324, #1848, #7771, .T. ) ;
#9050 = CARTESIAN_POINT ( 'NONE',  ( 7.133913528228045031, -3.010000000000000231, 2.141949635626684056 ) ) ;
#9051 = FILL_AREA_STYLE ('',( #5190 ) ) ;
#9052 = ORIENTED_EDGE ( 'NONE', *, *, #1660, .F. ) ;
#9053 =( GEOMETRIC_REPRESENTATION_CONTEXT ( 3 ) GLOBAL_UNCERTAINTY_ASSIGNED_CONTEXT ( ( #2038 ) ) GLOBAL_UNIT_ASSIGNED_CONTEXT ( ( #6008, #6798, #3130 ) ) REPRESENTATION_CONTEXT ( 'NONE', 'WORKASPACE' ) );
#9054 = MECHANICAL_DESIGN_GEOMETRIC_PRESENTATION_REPRESENTATION (  '', ( #5576 ), #7307 ) ;
#9055 = CARTESIAN_POINT ( 'NONE',  ( 2.085000000000001741, 1.604999999999999982, 0.5000000000000000000 ) ) ;
#9056 = EDGE_LOOP ( 'NONE', ( #7466, #5350, #722, #2094 ) ) ;
#9057 = CARTESIAN_POINT ( 'NONE',  ( 7.621535429768891312, -3.000000000000000000, 1.880782096017092897 ) ) ;
#9058 = ORIENTED_EDGE ( 'NONE', *, *, #7899, .T. ) ;
#9059 = FACE_BOUND ( 'NONE', #9227, .T. ) ;
#9060 = CARTESIAN_POINT ( 'NONE',  ( 7.659277823424813114, -3.010000000000000231, 2.105435302502622896 ) ) ;
#9061 = VECTOR ( 'NONE', #2705, 1000.000000000000000 ) ;
#9062 = EDGE_CURVE ( 'NONE', #5152, #8969, #4084, .T. ) ;
#9063 =( GEOMETRIC_REPRESENTATION_CONTEXT ( 3 ) GLOBAL_UNCERTAINTY_ASSIGNED_CONTEXT ( ( #7627 ) ) GLOBAL_UNIT_ASSIGNED_CONTEXT ( ( #4843, #991, #4094 ) ) REPRESENTATION_CONTEXT ( 'NONE', 'WORKASPACE' ) );
#9064 = PLANE ( 'NONE',  #3406 ) ;
#9065 = ORIENTED_EDGE ( 'NONE', *, *, #3733, .F. ) ;
#9066 = ORIENTED_EDGE ( 'NONE', *, *, #3231, .T. ) ;
#9067 = ORIENTED_EDGE ( 'NONE', *, *, #8286, .F. ) ;
#9068 =( NAMED_UNIT ( * ) SI_UNIT ( $, .STERADIAN. ) SOLID_ANGLE_UNIT ( ) );
#9069 =( GEOMETRIC_REPRESENTATION_CONTEXT ( 3 ) GLOBAL_UNCERTAINTY_ASSIGNED_CONTEXT ( ( #2140 ) ) GLOBAL_UNIT_ASSIGNED_CONTEXT ( ( #1183, #5545, #7981 ) ) REPRESENTATION_CONTEXT ( 'NONE', 'WORKASPACE' ) );
#9070 = DIRECTION ( 'NONE',  ( 0.000000000000000000, 1.000000000000000000, 0.000000000000000000 ) ) ;
#9071 = VECTOR ( 'NONE', #8354, 1000.000000000000000 ) ;
#9072 = CARTESIAN_POINT ( 'NONE',  ( 8.060362392875727977, -3.000000000000000000, 1.597345725443044095 ) ) ;
#9073 = DIRECTION ( 'NONE',  ( -0.000000000000000000, -0.000000000000000000, 1.000000000000000000 ) ) ;
#9074 = LINE ( 'NONE', #2231, #9834 ) ;
#9075 = CARTESIAN_POINT ( 'NONE',  ( -7.574999999999998401, 1.604999999999999982, -4.099999999999999645 ) ) ;
#9076 = ADVANCED_FACE ( 'NONE', ( #1820 ), #5370, .F. ) ;
#9077 = CARTESIAN_POINT ( 'NONE',  ( -5.534999999999998366, 1.855000000000000204, -4.099999999999999645 ) ) ;
#9078 = B_SPLINE_CURVE_WITH_KNOTS ( 'NONE', 3,
 ( #8825, #5168, #9536, #5120 ),
 .UNSPECIFIED., .F., .F.,
 ( 4, 4 ),
 ( 4.000000000000000000, 5.000000000000000000 ),
 .UNSPECIFIED. ) ;
#9079 = EDGE_CURVE ( 'NONE', #3556, #853, #8807, .T. ) ;
#9080 = ORIENTED_EDGE ( 'NONE', *, *, #6829, .F. ) ;
#9081 = VERTEX_POINT ( 'NONE', #9358 ) ;
#9082 = VECTOR ( 'NONE', #1282, 1000.000000000000000 ) ;
#9083 = CARTESIAN_POINT ( 'NONE',  ( 6.728244199458690566, -3.010000000000000231, 1.690187101591904328 ) ) ;
#9084 = LINE ( 'NONE', #5271, #3206 ) ;
#9085 = ORIENTED_EDGE ( 'NONE', *, *, #2013, .T. ) ;
#9086 = CARTESIAN_POINT ( 'NONE',  ( 6.571298063586104909, -3.000000000000000000, 2.352521081356561794 ) ) ;
#9087 = EDGE_LOOP ( 'NONE', ( #7472, #3752, #6692, #6002 ) ) ;
#9088 = ORIENTED_EDGE ( 'NONE', *, *, #3686, .F. ) ;
#9089 = VECTOR ( 'NONE', #504, 1000.000000000000000 ) ;
#9090 = CARTESIAN_POINT ( 'NONE',  ( 7.581500656455360421, -3.010000000000000231, 1.633860058567119022 ) ) ;
#9091 = B_SPLINE_SURFACE_WITH_KNOTS ( 'NONE', 3, 1, ( 
 ( #5273, #5366 ),
 ( #8295, #9086 ),
 ( #1538, #8379 ),
 ( #1587, #6790 ) ),
 .UNSPECIFIED., .F., .F., .F.,
 ( 4, 4 ),
 ( 2, 2 ),
 ( 3.000000000000000000, 4.000000000000000000 ),
 ( 0.000000000000000000, 1.000000000000000000 ),
 .UNSPECIFIED. ) ;
#9092 = ORIENTED_EDGE ( 'NONE', *, *, #4915, .F. ) ;
#9093 = EDGE_CURVE ( 'NONE', #2655, #7395, #2571, .T. ) ;
#9094 = CARTESIAN_POINT ( 'NONE',  ( 6.415252505436402686, -3.010000000000000231, 2.425713489008655799 ) ) ;
#9095 = ORIENTED_EDGE ( 'NONE', *, *, #3670, .T. ) ;
#9096 = EDGE_CURVE ( 'NONE', #9543, #1999, #1179, .T. ) ;
#9097 = FILL_AREA_STYLE_COLOUR ( '', #6831 ) ;
#9098 = CARTESIAN_POINT ( 'NONE',  ( 6.643016798601497186, -3.000000000000000000, 1.697719206182685792 ) ) ;
#9099 = CARTESIAN_POINT ( 'NONE',  ( 6.027351790435611534, -3.000000000000000000, 1.698706480142302189 ) ) ;
#9100 = ORIENTED_EDGE ( 'NONE', *, *, #1530, .T. ) ;
#9101 = VECTOR ( 'NONE', #8373, 1000.000000000000000 ) ;
#9102 = CARTESIAN_POINT ( 'NONE',  ( 6.373907800890115993, -3.010000000000000231, 2.425713489008655799 ) ) ;
#9103 = SURFACE_STYLE_USAGE ( .BOTH. , #7656 ) ;
#9104 = CARTESIAN_POINT ( 'NONE',  ( 7.508553860909193745, -3.000000000000000000, 2.362345565604948572 ) ) ;
#9105 = ORIENTED_EDGE ( 'NONE', *, *, #2540, .T. ) ;
#9106 = AXIS2_PLACEMENT_3D ( 'NONE', #4330, #7322, #5936 ) ;
#9107 = CARTESIAN_POINT ( 'NONE',  ( 7.514776034266136051, -3.000000000000000000, 2.384778137973367684 ) ) ;
#9108 = CARTESIAN_POINT ( 'NONE',  ( 5.152928104760619910, -3.000000000000000000, 1.445943403181894071 ) ) ;
#9109 = PRESENTATION_STYLE_ASSIGNMENT (( #4573 ) ) ;
#9110 = LINE ( 'NONE', #8358, #4906 ) ;
#9111 = VERTEX_POINT ( 'NONE', #6478 ) ;
#9112 = DIRECTION ( 'NONE',  ( -0.000000000000000000, 1.000000000000000000, -0.000000000000000000 ) ) ;
#9113 = LINE ( 'NONE', #772, #3347 ) ;
#9114 = CARTESIAN_POINT ( 'NONE',  ( 7.070218122014234829, -3.010000000000000231, 1.556246633001599822 ) ) ;
#9115 = CARTESIAN_POINT ( 'NONE',  ( 6.865132013323492544, -3.010000000000000231, 1.624690539934553479 ) ) ;
#9116 = ORIENTED_EDGE ( 'NONE', *, *, #6776, .T. ) ;
#9117 = ORIENTED_EDGE ( 'NONE', *, *, #5754, .T. ) ;
#9118 = EDGE_CURVE ( 'NONE', #368, #6877, #7454, .T. ) ;
#9119 = EDGE_CURVE ( 'NONE', #2537, #212, #8408, .T. ) ;
#9120 = LINE ( 'NONE', #4543, #5745 ) ;
#9121 = UNCERTAINTY_MEASURE_WITH_UNIT (LENGTH_MEASURE( 1.000000000000000082E-05 ), #6521, 'distance_accuracy_value', 'NONE');
#9122 = CARTESIAN_POINT ( 'NONE',  ( 6.542807059265798308, -3.000000000000000000, 2.141949635626684056 ) ) ;
#9123 = FILL_AREA_STYLE ('',( #2133 ) ) ;
#9124 = DIRECTION ( 'NONE',  ( -0.3559357243643161417, -0.000000000000000000, 0.9345104387438643023 ) ) ;
#9125 = ORIENTED_EDGE ( 'NONE', *, *, #6262, .T. ) ;
#9126 = ORIENTED_EDGE ( 'NONE', *, *, #727, .T. ) ;
#9127 = CARTESIAN_POINT ( 'NONE',  ( 6.977213004460321777, -3.010000000000000231, 1.659567459016854762 ) ) ;
#9128 = LINE ( 'NONE', #5219, #4183 ) ;
#9129 = ADVANCED_FACE ( 'NONE', ( #1865 ), #7905, .F. ) ;
#9130 = ORIENTED_EDGE ( 'NONE', *, *, #738, .F. ) ;
#9131 = CARTESIAN_POINT ( 'NONE',  ( 2.085000000000001741, 1.604999999999999982, 0.5000000000000000000 ) ) ;
#9132 = ORIENTED_EDGE ( 'NONE', *, *, #7922, .F. ) ;
#9133 = ORIENTED_EDGE ( 'NONE', *, *, #5549, .F. ) ;
#9134 = DIRECTION ( 'NONE',  ( -0.000000000000000000, 1.000000000000000000, -0.000000000000000000 ) ) ;
#9135 = B_SPLINE_CURVE_WITH_KNOTS ( 'NONE', 3,
 ( #2185, #788, #5903, #3077 ),
 .UNSPECIFIED., .F., .F.,
 ( 4, 4 ),
 ( 0.000000000000000000, 1.000000000000000000 ),
 .UNSPECIFIED. ) ;
#9136 = VERTEX_POINT ( 'NONE', #4179 ) ;
#9137 = FACE_OUTER_BOUND ( 'NONE', #4844, .T. ) ;
#9138 = VERTEX_POINT ( 'NONE', #7177 ) ;
#9139 = SPHERICAL_SURFACE ( 'NONE', #7304, 0.2000000000000000111 ) ;
#9140 = CARTESIAN_POINT ( 'NONE',  ( 6.599297843695637766, -3.000000000000000000, 2.261972084865287780 ) ) ;
#9141 =( NAMED_UNIT ( * ) PLANE_ANGLE_UNIT ( ) SI_UNIT ( $, .RADIAN. ) );
#9142 = VERTEX_POINT ( 'NONE', #382 ) ;
#9143 = CARTESIAN_POINT ( 'NONE',  ( 7.754411579233464025, -3.000000000000000000, 1.711964708342308183 ) ) ;
#9144 = EDGE_CURVE ( 'NONE', #7636, #5770, #3418, .T. ) ;
#9145 = EDGE_CURVE ( 'NONE', #97, #5751, #5789, .T. ) ;
#9146 = CARTESIAN_POINT ( 'NONE',  ( 6.707039687622128987, -3.000000000000000000, 2.100031836165462185 ) ) ;
#9147 = EDGE_CURVE ( 'NONE', #7567, #1864, #1401, .T. ) ;
#9148 = LINE ( 'NONE', #6903, #9827 ) ;
#9149 = VERTEX_POINT ( 'NONE', #5689 ) ;
#9150 = LINE ( 'NONE', #2348, #6189 ) ;
#9151 = DIRECTION ( 'NONE',  ( -0.000000000000000000, -0.000000000000000000, 1.000000000000000000 ) ) ;
#9152 = SURFACE_STYLE_USAGE ( .BOTH. , #7009 ) ;
#9153 = CARTESIAN_POINT ( 'NONE',  ( 5.756371569645167163, -3.010000000000000231, 2.249775537071849740 ) ) ;
#9154 = CARTESIAN_POINT ( 'NONE',  ( 6.599297843695637766, -3.000000000000000000, 2.261972084865287780 ) ) ;
#9155 = CARTESIAN_POINT ( 'NONE',  ( 6.654478696891643175, -3.010000000000000231, 1.798747652540360065 ) ) ;
#9156 = ORIENTED_EDGE ( 'NONE', *, *, #7582, .T. ) ;
#9157 = CARTESIAN_POINT ( 'NONE',  ( 7.969240301470609467, -3.010000000000000231, 1.721134226974865067 ) ) ;
#9158 = CARTESIAN_POINT ( 'NONE',  ( 5.899831696753652821, -3.010000000000000231, 1.603066366447188695 ) ) ;
#9159 = FACE_OUTER_BOUND ( 'NONE', #8645, .T. ) ;
#9160 = CARTESIAN_POINT ( 'NONE',  ( 6.936032041318004104, -3.010000000000000231, 1.655637665317507334 ) ) ;
#9161 = CARTESIAN_POINT ( 'NONE',  ( 6.744700210574997357, -3.010000000000000231, 2.136873652097444509 ) ) ;
#9162 = VERTEX_POINT ( 'NONE', #6330 ) ;
#9163 = ORIENTED_EDGE ( 'NONE', *, *, #9096, .T. ) ;
#9164 = VERTEX_POINT ( 'NONE', #4964 ) ;
#9165 = B_SPLINE_SURFACE_WITH_KNOTS ( 'NONE', 3, 1, ( 
 ( #2978, #5318 ),
 ( #8337, #8971 ),
 ( #7690, #4884 ),
 ( #7885, #1829 ) ),
 .UNSPECIFIED., .F., .F., .F.,
 ( 4, 4 ),
 ( 2, 2 ),
 ( 2.000000000000000000, 3.000000000000000000 ),
 ( 0.000000000000000000, 1.000000000000000000 ),
 .UNSPECIFIED. ) ;
#9166 = CARTESIAN_POINT ( 'NONE',  ( 6.681905382086232414, -3.010000000000000231, 1.798747652540360065 ) ) ;
#9167 = FACE_OUTER_BOUND ( 'NONE', #2796, .T. ) ;
#9168 = VECTOR ( 'NONE', #7956, 1000.000000000000000 ) ;
#9169 = CARTESIAN_POINT ( 'NONE',  ( 6.901155122235678618, -3.010000000000000231, 2.388871673076673474 ) ) ;
#9170 =( NAMED_UNIT ( * ) SI_UNIT ( $, .STERADIAN. ) SOLID_ANGLE_UNIT ( ) );
#9171 = DIRECTION ( 'NONE',  ( -1.000000000000000000, -0.000000000000000000, -0.000000000000000000 ) ) ;
#9172 = EDGE_CURVE ( 'NONE', #8973, #3874, #2012, .T. ) ;
#9173 = EDGE_CURVE ( 'NONE', #8176, #3005, #7232, .T. ) ;
#9174 = ORIENTED_EDGE ( 'NONE', *, *, #239, .F. ) ;
#9175 = LINE ( 'NONE', #2375, #4804 ) ;
#9176 = FILL_AREA_STYLE ('',( #3228 ) ) ;
#9177 = ORIENTED_EDGE ( 'NONE', *, *, #2238, .T. ) ;
#9178 = CARTESIAN_POINT ( 'NONE',  ( 7.915860603719233168, -3.000000000000000000, 1.876688560911603298 ) ) ;
#9179 = ORIENTED_EDGE ( 'NONE', *, *, #1314, .T. ) ;
#9180 = ORIENTED_EDGE ( 'NONE', *, *, #3477, .T. ) ;
#9181 = CARTESIAN_POINT ( 'NONE',  ( 7.909638430360106831, -3.000000000000000000, 1.854255988545373102 ) ) ;
#9182 = ORIENTED_EDGE ( 'NONE', *, *, #6535, .F. ) ;
#9183 = AXIS2_PLACEMENT_3D ( 'NONE', #6265, #4858, #4062 ) ;
#9184 = CARTESIAN_POINT ( 'NONE',  ( 7.659277823424813114, -3.010000000000000231, 2.105435302502622896 ) ) ;
#9185 = EDGE_LOOP ( 'NONE', ( #3742, #9347, #4387, #8922 ) ) ;
#9186 = EDGE_CURVE ( 'NONE', #8746, #3690, #7222, .T. ) ;
#9187 = PLANE ( 'NONE',  #4345 ) ;
#9188 = ORIENTED_EDGE ( 'NONE', *, *, #7663, .F. ) ;
#9189 = CARTESIAN_POINT ( 'NONE',  ( 6.883716662694541633, -3.010000000000000231, 1.697882947586647484 ) ) ;
#9190 = VECTOR ( 'NONE', #8098, 1000.000000000000000 ) ;
#9191 = CARTESIAN_POINT ( 'NONE',  ( 7.260894987141405466, -3.010000000000000231, 1.917623911949078774 ) ) ;
#9192 = CARTESIAN_POINT ( 'NONE',  ( 6.599297843695637766, -3.010000000000000231, 2.302252470284749997 ) ) ;
#9193 = B_SPLINE_CURVE_WITH_KNOTS ( 'NONE', 3,
 ( #4342, #3474, #9530, #3434 ),
 .UNSPECIFIED., .F., .F.,
 ( 4, 4 ),
 ( 13.00000000000000000, 14.00000000000000000 ),
 .UNSPECIFIED. ) ;
#9194 = ORIENTED_EDGE ( 'NONE', *, *, #8778, .T. ) ;
#9195 = SURFACE_SIDE_STYLE ('',( #5436 ) ) ;
#9196 = ADVANCED_FACE ( 'NONE', ( #3042 ), #718, .F. ) ;
#9197 = MECHANICAL_DESIGN_GEOMETRIC_PRESENTATION_REPRESENTATION (  '', ( #1118 ), #1751 ) ;
#9198 = FILL_AREA_STYLE_COLOUR ( '', #1463 ) ;
#9199 = CARTESIAN_POINT ( 'NONE',  ( 4.966202185044719997, -3.000000000000000000, 1.509703450021776083 ) ) ;
#9200 = AXIS2_PLACEMENT_3D ( 'NONE', #9800, #5339, #8989 ) ;
#9201 = CARTESIAN_POINT ( 'NONE',  ( 7.183936527193902855, -3.000000000000000000, 2.425713489008659351 ) ) ;
#9202 = CARTESIAN_POINT ( 'NONE',  ( 7.061130474084758468, -3.000000000000000000, 1.534632767655154106 ) ) ;
#9203 = DIRECTION ( 'NONE',  ( -1.000000000000000000, -0.000000000000000000, -0.000000000000000000 ) ) ;
#9204 = ORIENTED_EDGE ( 'NONE', *, *, #5337, .F. ) ;
#9205 = CARTESIAN_POINT ( 'NONE',  ( 7.024779882364643235, -3.010000000000000231, 2.425713489008659351 ) ) ;
#9206 = AXIS2_PLACEMENT_3D ( 'NONE', #236, #4770, #612 ) ;
#9207 = DIRECTION ( 'NONE',  ( -0.000000000000000000, 1.000000000000000000, -0.000000000000000000 ) ) ;
#9208 = AXIS2_PLACEMENT_3D ( 'NONE', #6539, #3422, #2776 ) ;
#9209 = LINE ( 'NONE', #81, #4854 ) ;
#9210 = CARTESIAN_POINT ( 'NONE',  ( 6.822968601756339346, -3.000000000000000000, 1.764361957669924985 ) ) ;
#9211 = COLOUR_RGB ( '',0.6666666666666666297, 0.6666666666666666297, 0.6666666666666666297 ) ;
#9212 = CARTESIAN_POINT ( 'NONE',  ( 6.651695093021087857, -3.010000000000000231, 2.148171808983630804 ) ) ;
#9213 = VECTOR ( 'NONE', #2675, 1000.000000000000000 ) ;
#9214 = ORIENTED_EDGE ( 'NONE', *, *, #7534, .F. ) ;
#9215 = ORIENTED_EDGE ( 'NONE', *, *, #9173, .T. ) ;
#9216 = CARTESIAN_POINT ( 'NONE',  ( 6.529789617635865184, -3.000000000000000000, 1.778279977021613556 ) ) ;
#9217 = DIRECTION ( 'NONE',  ( -1.000000000000000000, -0.000000000000000000, -0.000000000000000000 ) ) ;
#9218 = CARTESIAN_POINT ( 'NONE',  ( 6.109329067973924943, -3.010000000000000231, 2.051663891604856182 ) ) ;
#9219 = UNCERTAINTY_MEASURE_WITH_UNIT (LENGTH_MEASURE( 1.000000000000000082E-05 ), #6604, 'distance_accuracy_value', 'NONE');
#9220 = SURFACE_STYLE_FILL_AREA ( #195 ) ;
#9221 = B_SPLINE_CURVE_WITH_KNOTS ( 'NONE', 3,
 ( #7996, #4437, #496, #1985 ),
 .UNSPECIFIED., .F., .F.,
 ( 4, 4 ),
 ( 3.000000000000000000, 4.000000000000000000 ),
 .UNSPECIFIED. ) ;
#9222 = VECTOR ( 'NONE', #461, 1000.000000000000000 ) ;
#9223 = VECTOR ( 'NONE', #9831, 1000.000000000000000 ) ;
#9224 = DIRECTION ( 'NONE',  ( -0.000000000000000000, -0.000000000000000000, 1.000000000000000000 ) ) ;
#9225 = CARTESIAN_POINT ( 'NONE',  ( 7.221105825933812561, -3.000000000000000000, 2.141949635626684056 ) ) ;
#9226 = CARTESIAN_POINT ( 'NONE',  ( 5.198471007770466557, -3.010000000000000231, 1.760189329712459338 ) ) ;
#9227 = EDGE_LOOP ( 'NONE', ( #3795, #5589 ) ) ;
#9228 = CARTESIAN_POINT ( 'NONE',  ( 6.542807059265798308, -3.010000000000000231, 2.105435302502615791 ) ) ;
#9229 = AXIS2_PLACEMENT_3D ( 'NONE', #9268, #4636, #3880 ) ;
#9230 = DIRECTION ( 'NONE',  ( 1.000000000000000000, -0.000000000000000000, 0.000000000000000000 ) ) ;
#9231 = STYLED_ITEM ( 'NONE', ( #3959 ), #421 ) ;
#9232 = ORIENTED_EDGE ( 'NONE', *, *, #6949, .T. ) ;
#9233 = EDGE_CURVE ( 'NONE', #516, #8581, #670, .T. ) ;
#9234 = EDGE_CURVE ( 'NONE', #5731, #8773, #2624, .T. ) ;
#9235 = CARTESIAN_POINT ( 'NONE',  ( 4.938876512732214508, -3.000000000000000000, 1.753357998501903214 ) ) ;
#9236 = EDGE_LOOP ( 'NONE', ( #7229, #8243, #4924, #8392 ) ) ;
#9237 = VERTEX_POINT ( 'NONE', #8446 ) ;
#9238 = CARTESIAN_POINT ( 'NONE',  ( 7.353327009780375789, -3.000000000000000000, 2.220054285404065908 ) ) ;
#9239 = ORIENTED_EDGE ( 'NONE', *, *, #8593, .T. ) ;
#9240 = VERTEX_POINT ( 'NONE', #6164 ) ;
#9241 = LINE ( 'NONE', #2988, #5278 ) ;
#9242 = DIRECTION ( 'NONE',  ( -0.2524218971879677031, -0.000000000000000000, 0.9676172723861573566 ) ) ;
#9243 = DIRECTION ( 'NONE',  ( 1.000000000000000000, -0.000000000000000000, 0.000000000000000000 ) ) ;
#9244 = VECTOR ( 'NONE', #868, 1000.000000000000000 ) ;
#9245 = EDGE_CURVE ( 'NONE', #2869, #9111, #111, .T. ) ;
#9246 = EDGE_CURVE ( 'NONE', #2772, #190, #9750, .T. ) ;
#9247 = FACE_OUTER_BOUND ( 'NONE', #3025, .T. ) ;
#9248 = CARTESIAN_POINT ( 'NONE',  ( 6.569578778842364741, -3.000000000000000000, 2.172896761009635913 ) ) ;
#9249 = CARTESIAN_POINT ( 'NONE',  ( 7.032230116253447960, -3.000000000000000000, 1.489603881514363959 ) ) ;
#9250 = CARTESIAN_POINT ( 'NONE',  ( 7.919299173206712616, -3.000000000000000000, 1.858677006456600500 ) ) ;
#9251 = CARTESIAN_POINT ( 'NONE',  ( 5.052733683391168462, -3.000000000000000000, 1.445943403181894071 ) ) ;
#9252 = VECTOR ( 'NONE', #2608, 1000.000000000000000 ) ;
#9253 = CARTESIAN_POINT ( 'NONE',  ( 2.585000000000002185, 1.855000000000000204, 0.5000000000000000000 ) ) ;
#9254 = CARTESIAN_POINT ( 'NONE',  ( 7.653956227789643130, -3.010000000000000231, 1.644994474047154265 ) ) ;
#9255 = EDGE_CURVE ( 'NONE', #5368, #6997, #5333, .T. ) ;
#9256 = ORIENTED_EDGE ( 'NONE', *, *, #8001, .F. ) ;
#9257 = CARTESIAN_POINT ( 'NONE',  ( 6.604210085819834930, -3.010000000000000231, 1.609953813560887737 ) ) ;
#9258 = DIRECTION ( 'NONE',  ( -1.000000000000000000, -0.000000000000000000, -0.000000000000000000 ) ) ;
#9259 = PLANE ( 'NONE',  #9206 ) ;
#9260 = CARTESIAN_POINT ( 'NONE',  ( 7.518214603753619052, -3.000000000000000000, 2.366766583516173750 ) ) ;
#9261 = CARTESIAN_POINT ( 'NONE',  ( 6.546163758050211889, -3.010000000000000231, 1.597345725443035436 ) ) ;
#9262 = CARTESIAN_POINT ( 'NONE',  ( 7.015692234434061092, -3.010000000000000231, 2.286369554081201017 ) ) ;
#9263 = ORIENTED_EDGE ( 'NONE', *, *, #2281, .F. ) ;
#9264 = ORIENTED_EDGE ( 'NONE', *, *, #7688, .T. ) ;
#9265 = MECHANICAL_DESIGN_GEOMETRIC_PRESENTATION_REPRESENTATION (  '', ( #1190 ), #2452 ) ;
#9266 = DIRECTION ( 'NONE',  ( -0.000000000000000000, 0.000000000000000000, -1.000000000000000000 ) ) ;
#9267 = EDGE_CURVE ( 'NONE', #2968, #7216, #3093, .T. ) ;
#9268 = CARTESIAN_POINT ( 'NONE',  ( 7.982012130992417021, -3.010000000000000231, 1.684947376658705087 ) ) ;
#9269 = CARTESIAN_POINT ( 'NONE',  ( 6.584561117321979573, -3.000000000000000000, 1.658585010593108588 ) ) ;
#9270 = EDGE_CURVE ( 'NONE', #6319, #9138, #5232, .T. ) ;
#9271 = DIRECTION ( 'NONE',  ( -0.000000000000000000, 1.000000000000000000, -0.000000000000000000 ) ) ;
#9272 = PLANE ( 'NONE',  #804 ) ;
#9273 = CARTESIAN_POINT ( 'NONE',  ( 6.998090033488951534, -3.010000000000000231, 1.826092467031879885 ) ) ;
#9274 = VERTEX_POINT ( 'NONE', #1453 ) ;
#9275 = DIRECTION ( 'NONE',  ( 0.000000000000000000, 0.000000000000000000, 1.000000000000000000 ) ) ;
#9276 = ORIENTED_EDGE ( 'NONE', *, *, #209, .F. ) ;
#9277 = CARTESIAN_POINT ( 'NONE',  ( 7.969240301470609467, -3.000000000000000000, 1.721134226974865067 ) ) ;
#9278 = ORIENTED_EDGE ( 'NONE', *, *, #1586, .T. ) ;
#9279 = CARTESIAN_POINT ( 'NONE',  ( 5.970423161673574342, -3.010000000000000231, 1.912758072170702039 ) ) ;
#9280 = VERTEX_POINT ( 'NONE', #4517 ) ;
#9281 = EDGE_LOOP ( 'NONE', ( #6276, #153, #6441, #6118 ) ) ;
#9282 = CARTESIAN_POINT ( 'NONE',  ( 6.728244199458690566, -3.000000000000000000, 1.780081132467331573 ) ) ;
#9283 = ORIENTED_EDGE ( 'NONE', *, *, #6981, .F. ) ;
#9284 = LINE ( 'NONE', #1049, #8260 ) ;
#9285 = DIRECTION ( 'NONE',  ( -0.000000000000000000, 1.000000000000000000, -0.000000000000000000 ) ) ;
#9286 = CARTESIAN_POINT ( 'NONE',  ( 6.949131353649899978, -3.010000000000000231, 1.793180444799247875 ) ) ;
#9287 = CARTESIAN_POINT ( 'NONE',  ( 7.221105825933812561, -3.000000000000000000, 2.141949635626684056 ) ) ;
#9288 = CARTESIAN_POINT ( 'NONE',  ( 6.895178560984680516, -3.000000000000000000, 1.798747652540360065 ) ) ;
#9289 = FILL_AREA_STYLE ('',( #221 ) ) ;
#9290 = CARTESIAN_POINT ( 'NONE',  ( 7.015692234434061092, -3.000000000000000000, 2.286369554081201017 ) ) ;
#9291 = ORIENTED_EDGE ( 'NONE', *, *, #809, .T. ) ;
#9292 = CARTESIAN_POINT ( 'NONE',  ( 4.754427681705468700, -3.010000000000000231, 1.710092205894480077 ) ) ;
#9293 = CARTESIAN_POINT ( 'NONE',  ( 6.966242330383139780, -3.000000000000000000, 1.821180224906592038 ) ) ;
#9294 = EDGE_CURVE ( 'NONE', #7521, #1951, #2951, .T. ) ;
#9295 = CARTESIAN_POINT ( 'NONE',  ( 7.180416087004449111, -3.000000000000000000, 2.141949635626687165 ) ) ;
#9296 = EDGE_CURVE ( 'NONE', #5268, #5305, #2990, .T. ) ;
#9297 = CARTESIAN_POINT ( 'NONE',  ( 7.581500656455360421, -3.010000000000000231, 1.633860058567119022 ) ) ;
#9298 = VERTEX_POINT ( 'NONE', #7507 ) ;
#9299 = LINE ( 'NONE', #4820, #2346 ) ;
#9300 = ORIENTED_EDGE ( 'NONE', *, *, #1108, .F. ) ;
#9301 = ORIENTED_EDGE ( 'NONE', *, *, #1804, .T. ) ;
#9302 = CARTESIAN_POINT ( 'NONE',  ( 6.415252505436406238, -3.010000000000000231, 1.778279977021613556 ) ) ;
#9303 = FILL_AREA_STYLE_COLOUR ( '', #3079 ) ;
#9304 = CARTESIAN_POINT ( 'NONE',  ( 7.021750666388148154, -3.000000000000000000, 1.523989576384800815 ) ) ;
#9305 = ADVANCED_FACE ( 'NONE', ( #3753 ), #4610, .F. ) ;
#9306 = CARTESIAN_POINT ( 'NONE',  ( 7.514776034266136051, -3.010000000000000231, 2.384778137973367684 ) ) ;
#9307 = EDGE_LOOP ( 'NONE', ( #8545, #8162, #6786, #2868 ) ) ;
#9308 = CARTESIAN_POINT ( 'NONE',  ( 6.931529152703698848, -3.000000000000000000, 1.831332191965078904 ) ) ;
#9309 = LINE ( 'NONE', #1721, #9557 ) ;
#9310 = CARTESIAN_POINT ( 'NONE',  ( 7.754411579233464025, -3.010000000000000231, 1.761578353798287200 ) ) ;
#9311 = UNCERTAINTY_MEASURE_WITH_UNIT (LENGTH_MEASURE( 1.000000000000000082E-05 ), #8488, 'distance_accuracy_value', 'NONE');
#9312 = CARTESIAN_POINT ( 'NONE',  ( 7.274731135791117076, -3.000000000000000000, 2.358743254713512538 ) ) ;
#9313 = CARTESIAN_POINT ( 'NONE',  ( 9.624999999999996447, -3.000000000000000000, 10.19999999999999929 ) ) ;
#9314 = CARTESIAN_POINT ( 'NONE',  ( 6.901155122235682171, -3.010000000000000231, 2.249691479553174833 ) ) ;
#9315 = CARTESIAN_POINT ( 'NONE',  ( -5.034999999999997478, 1.604999999999999982, 0.5000000000000000000 ) ) ;
#9316 = CARTESIAN_POINT ( 'NONE',  ( 5.239459603105976804, -3.000000000000000000, 1.671380634096284235 ) ) ;
#9317 = EDGE_CURVE ( 'NONE', #9523, #2537, #2143, .T. ) ;
#9318 = ORIENTED_EDGE ( 'NONE', *, *, #8522, .F. ) ;
#9319 = CARTESIAN_POINT ( 'NONE',  ( 5.619742860615633440, -3.000000000000000000, 1.666826413289248077 ) ) ;
#9320 = EDGE_CURVE ( 'NONE', #7196, #7693, #65, .T. ) ;
#9321 = EDGE_CURVE ( 'NONE', #9595, #3488, #1698, .T. ) ;
#9322 = MECHANICAL_DESIGN_GEOMETRIC_PRESENTATION_REPRESENTATION (  '', ( #7572 ), #9643 ) ;
#9323 = VERTEX_POINT ( 'NONE', #160 ) ;
#9324 = SURFACE_STYLE_FILL_AREA ( #3232 ) ;
#9325 = ORIENTED_EDGE ( 'NONE', *, *, #3703, .T. ) ;
#9326 = VERTEX_POINT ( 'NONE', #5570 ) ;
#9327 = LINE ( 'NONE', #2438, #2545 ) ;
#9328 = ORIENTED_EDGE ( 'NONE', *, *, #8984, .T. ) ;
#9329 = MECHANICAL_DESIGN_GEOMETRIC_PRESENTATION_REPRESENTATION (  '', ( #2521 ), #6317 ) ;
#9330 = CARTESIAN_POINT ( 'NONE',  ( 7.111153473051708751, -3.010000000000000231, 1.645813181069124331 ) ) ;
#9331 = CARTESIAN_POINT ( 'NONE',  ( 6.864313306302610052, -3.000000000000000000, 1.758794749928798806 ) ) ;
#9332 = B_SPLINE_CURVE_WITH_KNOTS ( 'NONE', 3,
 ( #3913, #1468, #8462, #7608 ),
 .UNSPECIFIED., .F., .F.,
 ( 4, 4 ),
 ( 14.00000000000000000, 15.00000000000000000 ),
 .UNSPECIFIED. ) ;
#9333 = DIRECTION ( 'NONE',  ( -0.000000000000000000, 1.000000000000000000, -0.000000000000000000 ) ) ;
#9334 = CARTESIAN_POINT ( 'NONE',  ( 5.455788392405196419, -3.000000000000000000, 2.375018520350290263 ) ) ;
#9335 = B_SPLINE_CURVE_WITH_KNOTS ( 'NONE', 3,
 ( #4993, #6555, #9593, #7339 ),
 .UNSPECIFIED., .F., .F.,
 ( 4, 4 ),
 ( 12.00000000000000000, 13.00000000000000000 ),
 .UNSPECIFIED. ) ;
#9336 = LINE ( 'NONE', #1057, #9416 ) ;
#9337 = ORIENTED_EDGE ( 'NONE', *, *, #5193, .T. ) ;
#9338 = DIRECTION ( 'NONE',  ( 1.000000000000000000, 0.000000000000000000, 0.000000000000000000 ) ) ;
#9339 = CARTESIAN_POINT ( 'NONE',  ( 4.859176432464708206, -3.000000000000000000, 1.789792329595085718 ) ) ;
#9340 = CARTESIAN_POINT ( 'NONE',  ( 7.861744069650050015, -3.000000000000000000, 1.721134226974865067 ) ) ;
#9341 = CARTESIAN_POINT ( 'NONE',  ( 4.625000000000002665, 1.604999999999999982, 0.5000000000000000000 ) ) ;
#9342 = VECTOR ( 'NONE', #1712, 1000.000000000000000 ) ;
#9343 = CARTESIAN_POINT ( 'NONE',  ( 7.133913528228045031, -3.000000000000000000, 2.141949635626684056 ) ) ;
#9344 = ORIENTED_EDGE ( 'NONE', *, *, #6011, .F. ) ;
#9345 = CARTESIAN_POINT ( 'NONE',  ( 7.738283050923977058, -3.010000000000000231, 1.846887625358536011 ) ) ;
#9346 = VERTEX_POINT ( 'NONE', #8591 ) ;
#9347 = ORIENTED_EDGE ( 'NONE', *, *, #1135, .F. ) ;
#9348 = ADVANCED_FACE ( 'NONE', ( #1795, #7854 ), #4755, .F. ) ;
#9349 = FACE_OUTER_BOUND ( 'NONE', #1414, .T. ) ;
#9350 = ADVANCED_FACE ( 'NONE', ( #904 ), #6407, .F. ) ;
#9351 = AXIS2_PLACEMENT_3D ( 'NONE', #3034, #9785, #9030 ) ;
#9352 = FILL_AREA_STYLE_COLOUR ( '', #956 ) ;
#9353 = PLANE ( 'NONE',  #1813 ) ;
#9354 = CARTESIAN_POINT ( 'NONE',  ( 7.632424233145182590, -3.010000000000000231, 1.597345725443044095 ) ) ;
#9355 = LINE ( 'NONE', #2715, #7796 ) ;
#9356 = ORIENTED_EDGE ( 'NONE', *, *, #7583, .T. ) ;
#9357 = ORIENTED_EDGE ( 'NONE', *, *, #3920, .T. ) ;
#9358 = CARTESIAN_POINT ( 'NONE',  ( 5.152928148193720581, -3.010000000000000231, 1.903649587121335918 ) ) ;
#9359 =( GEOMETRIC_REPRESENTATION_CONTEXT ( 3 ) GLOBAL_UNCERTAINTY_ASSIGNED_CONTEXT ( ( #5714 ) ) GLOBAL_UNIT_ASSIGNED_CONTEXT ( ( #5693, #3568, #4185 ) ) REPRESENTATION_CONTEXT ( 'NONE', 'WORKASPACE' ) );
#9360 = CARTESIAN_POINT ( 'NONE',  ( 6.998090033488951534, -3.000000000000000000, 1.826092467031879885 ) ) ;
#9361 = VECTOR ( 'NONE', #2583, 1000.000000000000000 ) ;
#9362 = CARTESIAN_POINT ( 'NONE',  ( 6.951423733307501074, -3.010000000000000231, 1.610117554964842546 ) ) ;
#9363 = CARTESIAN_POINT ( 'NONE',  ( 7.182299113149966274, -3.010000000000000231, 2.388871673076673474 ) ) ;
#9364 = ADVANCED_FACE ( 'NONE', ( #2651 ), #3878, .F. ) ;
#9365 = CARTESIAN_POINT ( 'NONE',  ( 7.425864451816630130, -3.000000000000000000, 1.917623911949078774 ) ) ;
#9366 = SURFACE_SIDE_STYLE ('',( #6193 ) ) ;
#9367 = CARTESIAN_POINT ( 'NONE',  ( 7.217667256446336665, -3.010000000000000231, 1.826092467031883215 ) ) ;
#9368 = PRESENTATION_LAYER_ASSIGNMENT (  '', '', ( #4968 ) ) ;
#9369 = VECTOR ( 'NONE', #3360, 1000.000000000000000 ) ;
#9370 = CARTESIAN_POINT ( 'NONE',  ( 6.674700760303356795, -3.010000000000000231, 1.704923827965556082 ) ) ;
#9371 = VERTEX_POINT ( 'NONE', #8687 ) ;
#9372 = CARTESIAN_POINT ( 'NONE',  ( 5.699442854016932181, -3.000000000000000000, 1.735140767804566053 ) ) ;
#9373 = DIRECTION ( 'NONE',  ( -0.000000000000000000, 1.000000000000000000, -0.000000000000000000 ) ) ;
#9374 = VECTOR ( 'NONE', #2134, 1000.000000000000000 ) ;
#9375 = VECTOR ( 'NONE', #590, 1000.000000000000000 ) ;
#9376 = ORIENTED_EDGE ( 'NONE', *, *, #5510, .T. ) ;
#9377 = EDGE_CURVE ( 'NONE', #273, #3571, #1303, .T. ) ;
#9378 = CARTESIAN_POINT ( 'NONE',  ( 5.970423161673574342, -3.000000000000000000, 1.819395112312206075 ) ) ;
#9379 = ORIENTED_EDGE ( 'NONE', *, *, #1809, .T. ) ;
#9380 = ORIENTED_EDGE ( 'NONE', *, *, #2696, .T. ) ;
#9381 = DIRECTION ( 'NONE',  ( -1.000000000000000000, -0.000000000000000000, -0.000000000000000000 ) ) ;
#9382 = VERTEX_POINT ( 'NONE', #3243 ) ;
#9383 = ADVANCED_FACE ( 'NONE', ( #4104 ), #2439, .T. ) ;
#9384 = AXIS2_PLACEMENT_3D ( 'NONE', #8058, #7504, #3645 ) ;
#9385 = AXIS2_PLACEMENT_3D ( 'NONE', #3483, #9539, #1994 ) ;
#9386 = DIRECTION ( 'NONE',  ( 0.000000000000000000, 0.000000000000000000, -1.000000000000000000 ) ) ;
#9387 = CARTESIAN_POINT ( 'NONE',  ( 6.599297843695637766, -3.000000000000000000, 2.261972084865287780 ) ) ;
#9388 = CARTESIAN_POINT ( 'NONE',  ( 5.116493817099436292, -3.000000000000000000, 2.176907005182597832 ) ) ;
#9389 = CARTESIAN_POINT ( 'NONE',  ( 8.014678541121291744, -3.010000000000000231, 1.597345725443044095 ) ) ;
#9390 =( LENGTH_UNIT ( ) NAMED_UNIT ( * ) SI_UNIT ( .MILLI., .METRE. ) );
#9391 = EDGE_CURVE ( 'NONE', #7521, #1685, #8879, .T. ) ;
#9392 = CARTESIAN_POINT ( 'NONE',  ( 5.699442940883132636, -3.010000000000000231, 1.864938102189350744 ) ) ;
#9393 = VECTOR ( 'NONE', #4456, 999.9999999999998863 ) ;
#9394 = ORIENTED_EDGE ( 'NONE', *, *, #8089, .T. ) ;
#9395 = VECTOR ( 'NONE', #5330, 1000.000000000000000 ) ;
#9396 = CARTESIAN_POINT ( 'NONE',  ( 7.673932679096507670, -3.010000000000000231, 1.612246193218492829 ) ) ;
#9397 = ORIENTED_EDGE ( 'NONE', *, *, #8750, .T. ) ;
#9398 = EDGE_CURVE ( 'NONE', #1084, #1496, #6209, .T. ) ;
#9399 = ORIENTED_EDGE ( 'NONE', *, *, #4408, .F. ) ;
#9400 = DIRECTION ( 'NONE',  ( -0.9676172723861573566, 0.000000000000000000, -0.2524218971879677031 ) ) ;
#9401 = CARTESIAN_POINT ( 'NONE',  ( 6.834348629344503934, -3.000000000000000000, 1.728175107353765005 ) ) ;
#9402 = CARTESIAN_POINT ( 'NONE',  ( 7.231339663692092579, -3.000000000000000000, 2.105435302502622896 ) ) ;
#9403 = EDGE_LOOP ( 'NONE', ( #8669, #5562, #3467, #1584 ) ) ;
#9404 = VECTOR ( 'NONE', #1415, 1000.000000000000000 ) ;
#9405 = LINE ( 'NONE', #8161, #614 ) ;
#9406 = ORIENTED_EDGE ( 'NONE', *, *, #7607, .F. ) ;
#9407 = VERTEX_POINT ( 'NONE', #4855 ) ;
#9408 = CARTESIAN_POINT ( 'NONE',  ( 4.765813472607303147, -3.010000000000000231, 2.217895491935343966 ) ) ;
#9409 = VECTOR ( 'NONE', #6313, 1000.000000000000000 ) ;
#9410 = PLANE ( 'NONE',  #6036 ) ;
#9411 = CARTESIAN_POINT ( 'NONE',  ( 7.180661699110388874, -3.010000000000000231, 2.105435302502622896 ) ) ;
#9412 = CARTESIAN_POINT ( 'NONE',  ( 7.581746268563485991, -3.000000000000000000, 1.597345725443044095 ) ) ;
#9413 = LINE ( 'NONE', #333, #4818 ) ;
#9414 = VERTEX_POINT ( 'NONE', #4059 ) ;
#9415 = DIRECTION ( 'NONE',  ( -0.5048830486499521486, 0.000000000000000000, 0.8631877589411992568 ) ) ;
#9416 = VECTOR ( 'NONE', #7057, 1000.000000000000000 ) ;
#9417 = B_SPLINE_SURFACE_WITH_KNOTS ( 'NONE', 3, 1, ( 
 ( #7990, #1980 ),
 ( #5651, #8034 ),
 ( #6444, #2683 ),
 ( #3523, #4926 ) ),
 .UNSPECIFIED., .F., .F., .F.,
 ( 4, 4 ),
 ( 2, 2 ),
 ( 3.000000000000000000, 4.000000000000000000 ),
 ( 0.000000000000000000, 1.000000000000000000 ),
 .UNSPECIFIED. ) ;
#9418 = FACE_OUTER_BOUND ( 'NONE', #1277, .T. ) ;
#9419 = CARTESIAN_POINT ( 'NONE',  ( 5.282725439145402824, -3.010000000000000231, 1.874046717538012441 ) ) ;
#9420 = CARTESIAN_POINT ( 'NONE',  ( 7.176076939795203558, -3.010000000000000231, 1.826092467031883215 ) ) ;
#9421 = FILL_AREA_STYLE ('',( #2066 ) ) ;
#9422 = CARTESIAN_POINT ( 'NONE',  ( 7.302239691688777512, -3.010000000000000231, 1.633860058567115470 ) ) ;
#9423 = LINE ( 'NONE', #3323, #968 ) ;
#9424 = MECHANICAL_DESIGN_GEOMETRIC_PRESENTATION_REPRESENTATION (  '', ( #8158 ), #7775 ) ;
#9425 = EDGE_LOOP ( 'NONE', ( #5969, #3995, #2682, #9163 ) ) ;
#9426 = VERTEX_POINT ( 'NONE', #7051 ) ;
#9427 = ORIENTED_EDGE ( 'NONE', *, *, #7625, .T. ) ;
#9428 = ADVANCED_FACE ( 'NONE', ( #263 ), #6304, .F. ) ;
#9429 = CARTESIAN_POINT ( 'NONE',  ( 7.514776034266136051, -3.010000000000000231, 2.384778137973367684 ) ) ;
#9430 = EDGE_CURVE ( 'NONE', #8643, #3033, #1625, .T. ) ;
#9431 =( NAMED_UNIT ( * ) PLANE_ANGLE_UNIT ( ) SI_UNIT ( $, .RADIAN. ) );
#9432 = B_SPLINE_CURVE_WITH_KNOTS ( 'NONE', 3,
 ( #7251, #5817, #456, #6459 ),
 .UNSPECIFIED., .F., .F.,
 ( 4, 4 ),
 ( 7.000000000000000000, 8.000000000000000000 ),
 .UNSPECIFIED. ) ;
#9433 = DIRECTION ( 'NONE',  ( 1.000000000000000000, -0.000000000000000000, -0.000000000000000000 ) ) ;
#9434 = ORIENTED_EDGE ( 'NONE', *, *, #4952, .F. ) ;
#9435 = VERTEX_POINT ( 'NONE', #5855 ) ;
#9436 = CARTESIAN_POINT ( 'NONE',  ( 5.180253863939324077, -3.010000000000000231, 2.422838566338476163 ) ) ;
#9437 = ORIENTED_EDGE ( 'NONE', *, *, #8636, .T. ) ;
#9438 = CARTESIAN_POINT ( 'NONE',  ( 7.772177521580349691, -3.010000000000000231, 1.597345725443044095 ) ) ;
#9439 = DIRECTION ( 'NONE',  ( 0.000000000000000000, 0.000000000000000000, 1.000000000000000000 ) ) ;
#9440 = EDGE_CURVE ( 'NONE', #7215, #853, #557, .T. ) ;
#9441 = LINE ( 'NONE', #1050, #7804 ) ;
#9442 = CARTESIAN_POINT ( 'NONE',  ( 6.772781861386510727, -3.000000000000000000, 2.387561741842824770 ) ) ;
#9443 = ORIENTED_EDGE ( 'NONE', *, *, #3573, .F. ) ;
#9444 = DIRECTION ( 'NONE',  ( -0.5048830486499521486, 0.000000000000000000, 0.8631877589411992568 ) ) ;
#9445 = ORIENTED_EDGE ( 'NONE', *, *, #3761, .T. ) ;
#9446 = CARTESIAN_POINT ( 'NONE',  ( 7.581746268563485991, -3.010000000000000231, 1.597345725443044095 ) ) ;
#9447 = ORIENTED_EDGE ( 'NONE', *, *, #4138, .T. ) ;
#9448 = ORIENTED_EDGE ( 'NONE', *, *, #5442, .T. ) ;
#9449 = CARTESIAN_POINT ( 'NONE',  ( 5.150650950922908144, -3.000000000000000000, 1.760189329712459338 ) ) ;
#9450 = EDGE_CURVE ( 'NONE', #5047, #3713, #6757, .T. ) ;
#9451 = CARTESIAN_POINT ( 'NONE',  ( 7.180661699110388874, -3.000000000000000000, 2.105435302502622896 ) ) ;
#9452 = ORIENTED_EDGE ( 'NONE', *, *, #7427, .T. ) ;
#9453 = EDGE_CURVE ( 'NONE', #3087, #913, #3701, .T. ) ;
#9454 = EDGE_CURVE ( 'NONE', #1477, #2766, #9001, .T. ) ;
#9455 = CARTESIAN_POINT ( 'NONE',  ( 7.706107865009146352, -3.000000000000000000, 1.642210870177697180 ) ) ;
#9456 = ORIENTED_EDGE ( 'NONE', *, *, #7558, .T. ) ;
#9457 = ORIENTED_EDGE ( 'NONE', *, *, #7428, .F. ) ;
#9458 = DIRECTION ( 'NONE',  ( -0.000000000000000000, 1.000000000000000000, -0.000000000000000000 ) ) ;
#9459 = DIRECTION ( 'NONE',  ( -0.000000000000000000, 1.000000000000000000, -0.000000000000000000 ) ) ;
#9460 = CARTESIAN_POINT ( 'NONE',  ( 7.673932679096507670, -3.000000000000000000, 1.612246193218492829 ) ) ;
#9461 = CARTESIAN_POINT ( 'NONE',  ( 5.763202987724107551, -3.010000000000000231, 2.393235675038607013 ) ) ;
#9462 = EDGE_LOOP ( 'NONE', ( #4168, #8063, #3799, #9716 ) ) ;
#9463 = CARTESIAN_POINT ( 'NONE',  ( -8.074999999999999289, 1.855000000000000204, 0.5000000000000000000 ) ) ;
#9464 =( LENGTH_UNIT ( ) NAMED_UNIT ( * ) SI_UNIT ( .MILLI., .METRE. ) );
#9465 = FILL_AREA_STYLE ('',( #2575 ) ) ;
#9466 = CARTESIAN_POINT ( 'NONE',  ( 6.932593471831609122, -3.000000000000000000, 1.671684322922846189 ) ) ;
#9467 = CARTESIAN_POINT ( 'NONE',  ( 6.629590003461671266, -3.010000000000000231, 1.824291311586151432 ) ) ;
#9468 = DIRECTION ( 'NONE',  ( -0.000000000000000000, 1.000000000000000000, -0.000000000000000000 ) ) ;
#9469 = B_SPLINE_CURVE_WITH_KNOTS ( 'NONE', 3,
 ( #395, #5024, #9473, #8035 ),
 .UNSPECIFIED., .F., .F.,
 ( 4, 4 ),
 ( 20.00000000000000000, 21.00000000000000000 ),
 .UNSPECIFIED. ) ;
#9470 = ORIENTED_EDGE ( 'NONE', *, *, #6724, .F. ) ;
#9471 = ORIENTED_EDGE ( 'NONE', *, *, #5808, .F. ) ;
#9472 = CARTESIAN_POINT ( 'NONE',  ( 6.864313306302610052, -3.010000000000000231, 1.767964268561359242 ) ) ;
#9473 = CARTESIAN_POINT ( 'NONE',  ( 5.312328265295620078, -3.010000000000000231, 2.375018520350290263 ) ) ;
#9474 = B_SPLINE_SURFACE_WITH_KNOTS ( 'NONE', 3, 1, ( 
 ( #9824, #1380 ),
 ( #5944, #2177 ),
 ( #6041, #4391 ),
 ( #9016, #7481 ) ),
 .UNSPECIFIED., .F., .F., .F.,
 ( 4, 4 ),
 ( 2, 2 ),
 ( 5.000000000000000000, 6.000000000000000000 ),
 ( 0.000000000000000000, 1.000000000000000000 ),
 .UNSPECIFIED. ) ;
#9475 = DIRECTION ( 'NONE',  ( 0.000000000000000000, -0.000000000000000000, -1.000000000000000000 ) ) ;
#9476 = CARTESIAN_POINT ( 'NONE',  ( 7.274731135791117076, -3.010000000000000231, 2.358743254713512538 ) ) ;
#9477 = ORIENTED_EDGE ( 'NONE', *, *, #5117, .T. ) ;
#9478 = CARTESIAN_POINT ( 'NONE',  ( 5.102830894076442192, -3.010000000000000231, 1.582571938480119567 ) ) ;
#9479 = VERTEX_POINT ( 'NONE', #503 ) ;
#9480 = ORIENTED_EDGE ( 'NONE', *, *, #6263, .F. ) ;
#9481 = EDGE_CURVE ( 'NONE', #1629, #6897, #4067, .T. ) ;
#9482 = LINE ( 'NONE', #4985, #6646 ) ;
#9483 = ADVANCED_FACE ( 'NONE', ( #6554 ), #4687, .T. ) ;
#9484 = CARTESIAN_POINT ( 'NONE',  ( 6.609777293559859324, -3.000000000000000000, 2.193200695124424282 ) ) ;
#9485 = SURFACE_SIDE_STYLE ('',( #7200 ) ) ;
#9486 = VECTOR ( 'NONE', #6813, 1000.000000000000000 ) ;
#9487 = DIRECTION ( 'NONE',  ( 0.9345104387438696314, 0.000000000000000000, -0.3559357243643019864 ) ) ;
#9488 = UNCERTAINTY_MEASURE_WITH_UNIT (LENGTH_MEASURE( 1.000000000000000082E-05 ), #5635, 'distance_accuracy_value', 'NONE');
#9489 = EDGE_LOOP ( 'NONE', ( #9291, #2711, #3436, #2461 ) ) ;
#9490 = VERTEX_POINT ( 'NONE', #7387 ) ;
#9491 = ORIENTED_EDGE ( 'NONE', *, *, #8268, .T. ) ;
#9492 =( NAMED_UNIT ( * ) PLANE_ANGLE_UNIT ( ) SI_UNIT ( $, .RADIAN. ) );
#9493 = EDGE_CURVE ( 'NONE', #4719, #1211, #6643, .T. ) ;
#9494 = AXIS2_PLACEMENT_3D ( 'NONE', #3094, #4665, #3851 ) ;
#9495 = VERTEX_POINT ( 'NONE', #4253 ) ;
#9496 = DIRECTION ( 'NONE',  ( -0.000000000000000000, 1.000000000000000000, -0.000000000000000000 ) ) ;
#9497 = SURFACE_STYLE_USAGE ( .BOTH. , #5723 ) ;
#9498 = CARTESIAN_POINT ( 'NONE',  ( 7.182299113149966274, -3.000000000000000000, 2.388871673076673474 ) ) ;
#9499 = ORIENTED_EDGE ( 'NONE', *, *, #4713, .F. ) ;
#9500 = VECTOR ( 'NONE', #4595, 1000.000000000000000 ) ;
#9501 = SURFACE_SIDE_STYLE ('',( #2904 ) ) ;
#9502 = ORIENTED_EDGE ( 'NONE', *, *, #2992, .F. ) ;
#9503 = VERTEX_POINT ( 'NONE', #407 ) ;
#9504 = CARTESIAN_POINT ( 'NONE',  ( 6.750431159720059249, -3.000000000000000000, 2.431116955345815178 ) ) ;
#9505 = EDGE_CURVE ( 'NONE', #1178, #458, #5766, .T. ) ;
#9506 = FACE_OUTER_BOUND ( 'NONE', #561, .T. ) ;
#9507 = EDGE_CURVE ( 'NONE', #542, #7553, #7165, .T. ) ;
#9508 = EDGE_CURVE ( 'NONE', #2005, #787, #4350, .T. ) ;
#9509 = CARTESIAN_POINT ( 'NONE',  ( 7.706107865009146352, -3.000000000000000000, 1.642210870177697180 ) ) ;
#9510 = B_SPLINE_CURVE_WITH_KNOTS ( 'NONE', 3,
 ( #8225, #1426, #6735, #640 ),
 .UNSPECIFIED., .F., .F.,
 ( 4, 4 ),
 ( 18.00000000000000000, 19.00000000000000000 ),
 .UNSPECIFIED. ) ;
#9511 = CARTESIAN_POINT ( 'NONE',  ( 7.710938236430269654, -3.000000000000000000, 1.760432163970577779 ) ) ;
#9512 = ORIENTED_EDGE ( 'NONE', *, *, #6923, .T. ) ;
#9513 = DIRECTION ( 'NONE',  ( -0.000000000000000000, 1.000000000000000000, -0.000000000000000000 ) ) ;
#9514 = FILL_AREA_STYLE_COLOUR ( '', #8913 ) ;
#9515 = MECHANICAL_DESIGN_GEOMETRIC_PRESENTATION_REPRESENTATION (  '', ( #1112 ), #1269 ) ;
#9516 = CARTESIAN_POINT ( 'NONE',  ( 6.937587584657789463, -3.010000000000000231, 1.717531916083413490 ) ) ;
#9517 = CARTESIAN_POINT ( 'NONE',  ( 7.518214603753619052, -3.000000000000000000, 2.366766583516173750 ) ) ;
#9518 = CARTESIAN_POINT ( 'NONE',  ( 7.914878155293300743, -3.010000000000000231, 1.876688560911603298 ) ) ;
#9519 = ADVANCED_FACE ( 'NONE', ( #4208 ), #6597, .F. ) ;
#9520 = DIRECTION ( 'NONE',  ( -0.000000000000000000, 1.000000000000000000, -0.000000000000000000 ) ) ;
#9521 = VECTOR ( 'NONE', #1776, 1000.000000000000000 ) ;
#9522 = B_SPLINE_CURVE_WITH_KNOTS ( 'NONE', 3,
 ( #9573, #7272, #344, #6395 ),
 .UNSPECIFIED., .F., .F.,
 ( 4, 4 ),
 ( 11.00000000000000000, 12.00000000000000000 ),
 .UNSPECIFIED. ) ;
#9523 = VERTEX_POINT ( 'NONE', #5709 ) ;
#9524 = VERTEX_POINT ( 'NONE', #452 ) ;
#9525 = EDGE_LOOP ( 'NONE', ( #1163, #4412, #4357, #6368 ) ) ;
#9526 = CARTESIAN_POINT ( 'NONE',  ( 6.868406841407013630, -3.000000000000000000, 1.784665891782520664 ) ) ;
#9527 = VECTOR ( 'NONE', #7401, 1000.000000000000000 ) ;
#9528 = CARTESIAN_POINT ( 'NONE',  ( 6.929809867961053804, -3.000000000000000000, 1.798747652540360065 ) ) ;
#9529 = CARTESIAN_POINT ( 'NONE',  ( 6.966242330383139780, -3.010000000000000231, 1.782209770720978304 ) ) ;
#9530 = CARTESIAN_POINT ( 'NONE',  ( 6.864313306302610052, -3.000000000000000000, 1.758794749928798806 ) ) ;
#9531 = VECTOR ( 'NONE', #7870, 1000.000000000000000 ) ;
#9532 = FACE_OUTER_BOUND ( 'NONE', #68, .T. ) ;
#9533 = AXIS2_PLACEMENT_3D ( 'NONE', #9562, #4321, #5188 ) ;
#9534 = CARTESIAN_POINT ( 'NONE',  ( 6.883716662694541633, -3.000000000000000000, 1.697882947586647484 ) ) ;
#9535 =( NAMED_UNIT ( * ) SI_UNIT ( $, .STERADIAN. ) SOLID_ANGLE_UNIT ( ) );
#9536 = CARTESIAN_POINT ( 'NONE',  ( 7.699230726034187455, -3.000000000000000000, 1.830513484943108837 ) ) ;
#9537 = CARTESIAN_POINT ( 'NONE',  ( 6.415252505436406238, -3.010000000000000231, 1.880782096017082461 ) ) ;
#9538 = VECTOR ( 'NONE', #2252, 1000.000000000000000 ) ;
#9539 = DIRECTION ( 'NONE',  ( -0.000000000000000000, 0.000000000000000000, -1.000000000000000000 ) ) ;
#9540 = EDGE_CURVE ( 'NONE', #7384, #6897, #8738, .T. ) ;
#9541 = CARTESIAN_POINT ( 'NONE',  ( 6.602163318267076697, -3.000000000000000000, 2.383959430951392289 ) ) ;
#9542 = ADVANCED_FACE ( 'NONE', ( #8006 ), #1204, .T. ) ;
#9543 = VERTEX_POINT ( 'NONE', #1244 ) ;
#9544 = EDGE_LOOP ( 'NONE', ( #4033, #1391, #8202, #2086 ) ) ;
#9545 = ORIENTED_EDGE ( 'NONE', *, *, #1121, .F. ) ;
#9546 = CARTESIAN_POINT ( 'NONE',  ( 6.415252505436402686, -3.010000000000000231, 2.425713489008655799 ) ) ;
#9547 = ORIENTED_EDGE ( 'NONE', *, *, #4138, .F. ) ;
#9548 = PRESENTATION_LAYER_ASSIGNMENT (  '', '', ( #3526 ) ) ;
#9549 = PRESENTATION_LAYER_ASSIGNMENT (  '', '', ( #4020 ) ) ;
#9550 = VERTEX_POINT ( 'NONE', #5999 ) ;
#9551 = CARTESIAN_POINT ( 'NONE',  ( 5.061842298739836821, -3.010000000000000231, 1.721477844780471944 ) ) ;
#9552 = DIRECTION ( 'NONE',  ( -0.3409177962187363020, -0.000000000000000000, -0.9400931103999007332 ) ) ;
#9553 = EDGE_CURVE ( 'NONE', #3874, #3159, #2186, .T. ) ;
#9554 = AXIS2_PLACEMENT_3D ( 'NONE', #4660, #4608, #7652 ) ;
#9555 = EDGE_CURVE ( 'NONE', #9426, #8887, #7490, .T. ) ;
#9556 = VECTOR ( 'NONE', #2703, 1000.000000000000000 ) ;
#9557 = VECTOR ( 'NONE', #4035, 1000.000000000000000 ) ;
#9558 = ORIENTED_EDGE ( 'NONE', *, *, #1926, .T. ) ;
#9559 = ORIENTED_EDGE ( 'NONE', *, *, #8597, .T. ) ;
#9560 = PLANE ( 'NONE',  #5388 ) ;
#9561 = CARTESIAN_POINT ( 'NONE',  ( 5.455788392405196419, -3.010000000000000231, 2.375018520350290263 ) ) ;
#9562 = CARTESIAN_POINT ( 'NONE',  ( 6.901155122235678618, -3.010000000000000231, 2.388871673076673474 ) ) ;
#9563 = VECTOR ( 'NONE', #8517, 1000.000000000000000 ) ;
#9564 = B_SPLINE_SURFACE_WITH_KNOTS ( 'NONE', 3, 1, ( 
 ( #5336, #6120 ),
 ( #5431, #6716 ),
 ( #3136, #6165 ),
 ( #672, #2202 ) ),
 .UNSPECIFIED., .F., .F., .F.,
 ( 4, 4 ),
 ( 2, 2 ),
 ( 28.00000000000000000, 29.00000000000000000 ),
 ( 0.000000000000000000, 1.000000000000000000 ),
 .UNSPECIFIED. ) ;
#9565 = PLANE ( 'NONE',  #1615 ) ;
#9566 = ORIENTED_EDGE ( 'NONE', *, *, #5834, .F. ) ;
#9567 = CARTESIAN_POINT ( 'NONE',  ( 5.380642619812027405, -3.000000000000000000, 1.548414934953779021 ) ) ;
#9568 = EDGE_CURVE ( 'NONE', #4074, #212, #3739, .T. ) ;
#9569 =( NAMED_UNIT ( * ) PLANE_ANGLE_UNIT ( ) SI_UNIT ( $, .RADIAN. ) );
#9570 = PRESENTATION_LAYER_ASSIGNMENT (  '', '', ( #5598 ) ) ;
#9571 = CARTESIAN_POINT ( 'NONE',  ( 6.822722989650397807, -3.000000000000000000, 1.605369054245710858 ) ) ;
#9572 = LINE ( 'NONE', #2775, #8473 ) ;
#9573 = CARTESIAN_POINT ( 'NONE',  ( 5.380642619812027405, -3.000000000000000000, 1.673657918232209330 ) ) ;
#9574 = ORIENTED_EDGE ( 'NONE', *, *, #1054, .F. ) ;
#9575 = ORIENTED_EDGE ( 'NONE', *, *, #3748, .T. ) ;
#9576 = AXIS2_PLACEMENT_3D ( 'NONE', #7080, #288, #3320 ) ;
#9577 = CARTESIAN_POINT ( 'NONE',  ( 7.309853666981539710, -3.010000000000000231, 2.268521741030156580 ) ) ;
#9578 = EDGE_CURVE ( 'NONE', #1848, #564, #7580, .T. ) ;
#9579 = FACE_BOUND ( 'NONE', #5326, .T. ) ;
#9580 = CARTESIAN_POINT ( 'NONE',  ( 6.719811517145025448, -3.010000000000000231, 2.431116955345815178 ) ) ;
#9581 = EDGE_CURVE ( 'NONE', #1488, #2235, #4594, .T. ) ;
#9582 = CARTESIAN_POINT ( 'NONE',  ( 6.685098339466682305, -3.010000000000000231, 1.624854281338506512 ) ) ;
#9583 = EDGE_CURVE ( 'NONE', #252, #8998, #790, .T. ) ;
#9584 = LINE ( 'NONE', #2027, #7655 ) ;
#9585 = CARTESIAN_POINT ( 'NONE',  ( 5.027685164915276061, -3.010000000000000231, 2.327198463502726522 ) ) ;
#9586 = STYLED_ITEM ( 'NONE', ( #4856 ), #1930 ) ;
#9587 = DIRECTION ( 'NONE',  ( 1.000000000000000000, -0.000000000000000000, -0.000000000000000000 ) ) ;
#9588 = CARTESIAN_POINT ( 'NONE',  ( 6.538877265565354868, -3.010000000000000231, 1.917623911949075222 ) ) ;
#9589 = CARTESIAN_POINT ( 'NONE',  ( 7.302239691688777512, -3.010000000000000231, 1.741601902493590925 ) ) ;
#9590 = CARTESIAN_POINT ( 'NONE',  ( 6.963786209320504739, -3.000000000000000000, 1.697391723374784833 ) ) ;
#9591 = LINE ( 'NONE', #5661, #2718 ) ;
#9592 = CARTESIAN_POINT ( 'NONE',  ( 6.027351790435611534, -3.000000000000000000, 1.698706480142302189 ) ) ;
#9593 = CARTESIAN_POINT ( 'NONE',  ( 6.744700210574997357, -3.000000000000000000, 2.136873652097444509 ) ) ;
#9594 = UNCERTAINTY_MEASURE_WITH_UNIT (LENGTH_MEASURE( 1.000000000000000082E-05 ), #91, 'distance_accuracy_value', 'NONE');
#9595 = VERTEX_POINT ( 'NONE', #1491 ) ;
#9596 = PRESENTATION_STYLE_ASSIGNMENT (( #4212 ) ) ;
#9597 = ORIENTED_EDGE ( 'NONE', *, *, #6088, .F. ) ;
#9598 = ORIENTED_EDGE ( 'NONE', *, *, #7042, .F. ) ;
#9599 = CARTESIAN_POINT ( 'NONE',  ( 6.925716332856650226, -3.000000000000000000, 1.677415272067907859 ) ) ;
#9600 = VERTEX_POINT ( 'NONE', #1535 ) ;
#9601 = DIRECTION ( 'NONE',  ( 0.000000000000000000, 0.000000000000000000, 1.000000000000000000 ) ) ;
#9602 = ORIENTED_EDGE ( 'NONE', *, *, #1492, .F. ) ;
#9603 = DIRECTION ( 'NONE',  ( -0.000000000000000000, -0.000000000000000000, 1.000000000000000000 ) ) ;
#9604 = CARTESIAN_POINT ( 'NONE',  ( 6.655870498827471948, -3.010000000000000231, 1.831332191965078904 ) ) ;
#9605 = ORIENTED_EDGE ( 'NONE', *, *, #2178, .T. ) ;
#9606 = ORIENTED_EDGE ( 'NONE', *, *, #4296, .T. ) ;
#9607 = DIRECTION ( 'NONE',  ( 0.000000000000000000, 0.000000000000000000, -1.000000000000000000 ) ) ;
#9608 = EDGE_CURVE ( 'NONE', #4591, #602, #8292, .T. ) ;
#9609 = CARTESIAN_POINT ( 'NONE',  ( 6.629098779249808615, -3.010000000000000231, 1.642047128773723275 ) ) ;
#9610 = EDGE_CURVE ( 'NONE', #2570, #1807, #9128, .T. ) ;
#9611 = DIRECTION ( 'NONE',  ( 0.000000000000000000, 0.000000000000000000, 1.000000000000000000 ) ) ;
#9612 = DIRECTION ( 'NONE',  ( 0.000000000000000000, 0.000000000000000000, -1.000000000000000000 ) ) ;
#9613 = VERTEX_POINT ( 'NONE', #6888 ) ;
#9614 = FILL_AREA_STYLE_COLOUR ( '', #8211 ) ;
#9615 = ORIENTED_EDGE ( 'NONE', *, *, #235, .T. ) ;
#9616 = SURFACE_STYLE_USAGE ( .BOTH. , #5644 ) ;
#9617 = LINE ( 'NONE', #4426, #5147 ) ;
#9618 = EDGE_CURVE ( 'NONE', #4398, #3423, #7640, .T. ) ;
#9619 = SURFACE_STYLE_FILL_AREA ( #8956 ) ;
#9620 = ORIENTED_EDGE ( 'NONE', *, *, #4598, .T. ) ;
#9621 = CARTESIAN_POINT ( 'NONE',  ( 4.765813472607303147, -3.010000000000000231, 2.217895491935343966 ) ) ;
#9622 = FACE_BOUND ( 'NONE', #2363, .T. ) ;
#9623 = DIRECTION ( 'NONE',  ( -1.000000000000000000, 0.000000000000000000, -0.000000000000000000 ) ) ;
#9624 = CARTESIAN_POINT ( 'NONE',  ( 6.925716332856650226, -3.010000000000000231, 1.677415272067907859 ) ) ;
#9625 = CARTESIAN_POINT ( 'NONE',  ( 6.373907800890115993, -3.000000000000000000, 2.425713489008655799 ) ) ;
#9626 = FACE_OUTER_BOUND ( 'NONE', #6155, .T. ) ;
#9627 = FACE_OUTER_BOUND ( 'NONE', #56, .T. ) ;
#9628 = EDGE_CURVE ( 'NONE', #5857, #4398, #6744, .T. ) ;
#9629 = EDGE_CURVE ( 'NONE', #7084, #6328, #2936, .T. ) ;
#9630 = EDGE_LOOP ( 'NONE', ( #5965, #749, #3680, #2939 ) ) ;
#9631 =( LENGTH_UNIT ( ) NAMED_UNIT ( * ) SI_UNIT ( .MILLI., .METRE. ) );
#9632 = DIRECTION ( 'NONE',  ( -0.000000000000000000, 1.000000000000000000, -0.000000000000000000 ) ) ;
#9633 = DIRECTION ( 'NONE',  ( -0.3385350342956565117, 0.000000000000000000, -0.9409537876827102076 ) ) ;
#9634 = ORIENTED_EDGE ( 'NONE', *, *, #9391, .T. ) ;
#9635 = CARTESIAN_POINT ( 'NONE',  ( 6.822722989650397807, -3.010000000000000231, 1.605369054245710858 ) ) ;
#9636 = ORIENTED_EDGE ( 'NONE', *, *, #4444, .F. ) ;
#9637 = EDGE_LOOP ( 'NONE', ( #2634, #8828, #3993, #4973 ) ) ;
#9638 = FILL_AREA_STYLE_COLOUR ( '', #6495 ) ;
#9639 = B_SPLINE_SURFACE_WITH_KNOTS ( 'NONE', 3, 1, ( 
 ( #3155, #9210 ),
 ( #2415, #1670 ),
 ( #6967, #918 ),
 ( #3968, #3214 ) ),
 .UNSPECIFIED., .F., .F., .F.,
 ( 4, 4 ),
 ( 2, 2 ),
 ( 5.000000000000000000, 6.000000000000000000 ),
 ( 0.000000000000000000, 1.000000000000000000 ),
 .UNSPECIFIED. ) ;
#9640 = VERTEX_POINT ( 'NONE', #3785 ) ;
#9641 = CARTESIAN_POINT ( 'NONE',  ( 7.673932679096507670, -3.010000000000000231, 1.903542151191246257 ) ) ;
#9642 = ORIENTED_EDGE ( 'NONE', *, *, #1688, .T. ) ;
#9643 =( GEOMETRIC_REPRESENTATION_CONTEXT ( 3 ) GLOBAL_UNCERTAINTY_ASSIGNED_CONTEXT ( ( #653 ) ) GLOBAL_UNIT_ASSIGNED_CONTEXT ( ( #8026, #9569, #4327 ) ) REPRESENTATION_CONTEXT ( 'NONE', 'WORKASPACE' ) );
#9644 = LINE ( 'NONE', #2196, #5251 ) ;
#9645 = FACE_OUTER_BOUND ( 'NONE', #648, .T. ) ;
#9646 = B_SPLINE_CURVE_WITH_KNOTS ( 'NONE', 3,
 ( #6980, #199, #6250, #2479 ),
 .UNSPECIFIED., .F., .F.,
 ( 4, 4 ),
 ( 2.000000000000000000, 3.000000000000000000 ),
 .UNSPECIFIED. ) ;
#9647 = CARTESIAN_POINT ( 'NONE',  ( 6.929809867961053804, -3.010000000000000231, 1.798747652540360065 ) ) ;
#9648 = EDGE_LOOP ( 'NONE', ( #121, #3250, #7782, #4229 ) ) ;
#9649 = CARTESIAN_POINT ( 'NONE',  ( 7.920854716544316609, -3.010000000000000231, 1.854255988545373102 ) ) ;
#9650 = CARTESIAN_POINT ( 'NONE',  ( 6.660455258142648383, -3.000000000000000000, 1.733251090883014545 ) ) ;
#9651 = CARTESIAN_POINT ( 'NONE',  ( 6.795705657966789381, -3.000000000000000000, 2.158323776042110786 ) ) ;
#9652 = VECTOR ( 'NONE', #8189, 1000.000000000000000 ) ;
#9653 = DIRECTION ( 'NONE',  ( -0.8863488427958599036, 0.000000000000000000, -0.4630180653866973750 ) ) ;
#9654 = VERTEX_POINT ( 'NONE', #2289 ) ;
#9655 = ADVANCED_FACE ( 'NONE', ( #6104 ), #926, .F. ) ;
#9656 = EDGE_CURVE ( 'NONE', #3895, #5475, #1388, .T. ) ;
#9657 = PRESENTATION_STYLE_ASSIGNMENT (( #6619 ) ) ;
#9658 = CARTESIAN_POINT ( 'NONE',  ( 5.278171088037972858, -3.000000000000000000, 1.445943403181894071 ) ) ;
#9659 = ORIENTED_EDGE ( 'NONE', *, *, #4542, .T. ) ;
#9660 = ORIENTED_EDGE ( 'NONE', *, *, #4366, .F. ) ;
#9661 = VECTOR ( 'NONE', #325, 1000.000000000000000 ) ;
#9662 = LINE ( 'NONE', #1565, #7 ) ;
#9663 = CARTESIAN_POINT ( 'NONE',  ( 2.085000000000001741, 1.855000000000000204, 0.5000000000000000000 ) ) ;
#9664 = SURFACE_STYLE_FILL_AREA ( #8126 ) ;
#9665 = ORIENTED_EDGE ( 'NONE', *, *, #1076, .T. ) ;
#9666 = ORIENTED_EDGE ( 'NONE', *, *, #6505, .F. ) ;
#9667 = VERTEX_POINT ( 'NONE', #3027 ) ;
#9668 = DIRECTION ( 'NONE',  ( -0.000000000000000000, 1.000000000000000000, -0.000000000000000000 ) ) ;
#9669 = COLOUR_RGB ( '',0.2980392156862745057, 0.2980392156862745057, 0.2980392156862745057 ) ;
#9670 = PLANE ( 'NONE',  #3226 ) ;
#9671 = EDGE_CURVE ( 'NONE', #8830, #273, #6841, .T. ) ;
#9672 = CARTESIAN_POINT ( 'NONE',  ( 7.165000000000000924, 1.604999999999999982, -4.099999999999999645 ) ) ;
#9673 = PLANE ( 'NONE',  #5448 ) ;
#9674 = CARTESIAN_POINT ( 'NONE',  ( 7.581746268563485991, -3.010000000000000231, 1.597345725443044095 ) ) ;
#9675 = CARTESIAN_POINT ( 'NONE',  ( 5.619742860615633440, -3.010000000000000231, 1.666826413289248077 ) ) ;
#9676 = VECTOR ( 'NONE', #3009, 1000.000000000000000 ) ;
#9677 = AXIS2_PLACEMENT_3D ( 'NONE', #3414, #6429, #4272 ) ;
#9678 = ORIENTED_EDGE ( 'NONE', *, *, #6440, .T. ) ;
#9679 = VERTEX_POINT ( 'NONE', #3685 ) ;
#9680 = CARTESIAN_POINT ( 'NONE',  ( 7.180661699110388874, -3.010000000000000231, 2.105435302502622896 ) ) ;
#9681 = CARTESIAN_POINT ( 'NONE',  ( 6.636876495946524734, -3.000000000000000000, 1.635169989798764378 ) ) ;
#9682 = EDGE_CURVE ( 'NONE', #1445, #6443, #9084, .T. ) ;
#9683 = VECTOR ( 'NONE', #4624, 1000.000000000000000 ) ;
#9684 = UNCERTAINTY_MEASURE_WITH_UNIT (LENGTH_MEASURE( 1.000000000000000082E-05 ), #1945, 'distance_accuracy_value', 'NONE');
#9685 = AXIS2_PLACEMENT_3D ( 'NONE', #1069, #7916, #7172 ) ;
#9686 = SURFACE_STYLE_FILL_AREA ( #8150 ) ;
#9687 = ORIENTED_EDGE ( 'NONE', *, *, #9398, .T. ) ;
#9688 = ORIENTED_EDGE ( 'NONE', *, *, #727, .F. ) ;
#9689 = LINE ( 'NONE', #2700, #9190 ) ;
#9690 = ORIENTED_EDGE ( 'NONE', *, *, #4874, .F. ) ;
#9691 = CARTESIAN_POINT ( 'NONE',  ( 6.015966064683417436, -3.010000000000000231, 2.172352610640972514 ) ) ;
#9692 = ORIENTED_EDGE ( 'NONE', *, *, #3072, .T. ) ;
#9693 = VECTOR ( 'NONE', #2692, 1000.000000000000000 ) ;
#9694 = LINE ( 'NONE', #1307, #8598 ) ;
#9695 = B_SPLINE_CURVE_WITH_KNOTS ( 'NONE', 3,
 ( #8553, #8650, #963, #6376 ),
 .UNSPECIFIED., .F., .F.,
 ( 4, 4 ),
 ( 1.000000000000000000, 2.000000000000000000 ),
 .UNSPECIFIED. ) ;
#9696 = FACE_OUTER_BOUND ( 'NONE', #4982, .T. ) ;
#9697 = ADVANCED_FACE ( 'NONE', ( #5952 ), #9165, .F. ) ;
#9698 = B_SPLINE_CURVE_WITH_KNOTS ( 'NONE', 3,
 ( #7898, #7151, #950, #1003 ),
 .UNSPECIFIED., .F., .F.,
 ( 4, 4 ),
 ( 34.00000000000000000, 35.00000000000000000 ),
 .UNSPECIFIED. ) ;
#9699 = ADVANCED_FACE ( 'NONE', ( #6293 ), #2531, .F. ) ;
#9700 = AXIS2_PLACEMENT_3D ( 'NONE', #6126, #6958, #117 ) ;
#9701 = CARTESIAN_POINT ( 'NONE',  ( 5.080059486004070202, -3.010000000000000231, 2.322644177546035582 ) ) ;
#9702 = ORIENTED_EDGE ( 'NONE', *, *, #3686, .T. ) ;
#9703 = DIRECTION ( 'NONE',  ( -0.000000000000000000, 1.000000000000000000, -0.000000000000000000 ) ) ;
#9704 = CARTESIAN_POINT ( 'NONE',  ( 4.658787589726895106, -3.010000000000000231, 1.867215169159764487 ) ) ;
#9705 = DIRECTION ( 'NONE',  ( 1.000000000000000000, -0.000000000000000000, -0.000000000000000000 ) ) ;
#9706 =( NAMED_UNIT ( * ) SI_UNIT ( $, .STERADIAN. ) SOLID_ANGLE_UNIT ( ) );
#9707 = LINE ( 'NONE', #2910, #2886 ) ;
#9708 = VECTOR ( 'NONE', #843, 1000.000000000000000 ) ;
#9709 = CARTESIAN_POINT ( 'NONE',  ( 5.628851475963204898, -3.010000000000000231, 1.985626821225459970 ) ) ;
#9710 = VERTEX_POINT ( 'NONE', #5556 ) ;
#9711 = VECTOR ( 'NONE', #247, 1000.000000000000000 ) ;
#9712 = FACE_BOUND ( 'NONE', #8342, .T. ) ;
#9713 = ORIENTED_EDGE ( 'NONE', *, *, #7750, .F. ) ;
#9714 = CARTESIAN_POINT ( 'NONE',  ( 5.150650950922908144, -3.010000000000000231, 1.582571938480119567 ) ) ;
#9715 = ORIENTED_EDGE ( 'NONE', *, *, #3789, .F. ) ;
#9716 = ORIENTED_EDGE ( 'NONE', *, *, #2163, .T. ) ;
#9717 = VECTOR ( 'NONE', #9653, 1000.000000000000227 ) ;
#9718 = LINE ( 'NONE', #7616, #6972 ) ;
#9719 = FACE_OUTER_BOUND ( 'NONE', #892, .T. ) ;
#9720 = ORIENTED_EDGE ( 'NONE', *, *, #2448, .F. ) ;
#9721 = FACE_OUTER_BOUND ( 'NONE', #6970, .T. ) ;
#9722 = B_SPLINE_SURFACE_WITH_KNOTS ( 'NONE', 3, 1, ( 
 ( #6885, #2372 ),
 ( #2428, #139 ),
 ( #7036, #6932 ),
 ( #7635, #6290 ) ),
 .UNSPECIFIED., .F., .F., .F.,
 ( 4, 4 ),
 ( 2, 2 ),
 ( 4.000000000000000000, 5.000000000000000000 ),
 ( 0.000000000000000000, 1.000000000000000000 ),
 .UNSPECIFIED. ) ;
#9723 = CARTESIAN_POINT ( 'NONE',  ( 7.087820322960435959, -3.010000000000000231, 1.597836949654918959 ) ) ;
#9724 = CARTESIAN_POINT ( 'NONE',  ( 7.676716282965974969, -3.010000000000000231, 1.667263305011618790 ) ) ;
#9725 = CARTESIAN_POINT ( 'NONE',  ( 7.371092952131627740, -3.000000000000000000, 2.105435302502622896 ) ) ;
#9726 = CARTESIAN_POINT ( 'NONE',  ( 7.512238042502613844, -3.010000000000000231, 2.375117395128941045 ) ) ;
#9727 = CARTESIAN_POINT ( 'NONE',  ( -9.824999999999999289, -3.000000000000000000, 9.999999999999998224 ) ) ;
#9728 = SURFACE_STYLE_USAGE ( .BOTH. , #9774 ) ;
#9729 = CIRCLE ( 'NONE', #8309, 0.4655872561384367669 ) ;
#9730 = EDGE_CURVE ( 'NONE', #8222, #1836, #1690, .T. ) ;
#9731 = EDGE_CURVE ( 'NONE', #6502, #4261, #1731, .T. ) ;
#9732 = CARTESIAN_POINT ( 'NONE',  ( 6.822722989650397807, -3.010000000000000231, 1.646795629492870505 ) ) ;
#9733 = VERTEX_POINT ( 'NONE', #6344 ) ;
#9734 = ORIENTED_EDGE ( 'NONE', *, *, #105, .F. ) ;
#9735 = CARTESIAN_POINT ( 'NONE',  ( 7.183936527193904631, -3.010000000000000231, 2.425713489008659351 ) ) ;
#9736 = DIRECTION ( 'NONE',  ( 1.000000000000000000, 0.000000000000000000, 0.000000000000000000 ) ) ;
#9737 = CARTESIAN_POINT ( 'NONE',  ( 5.676671489377659086, -3.010000000000000231, 2.468381472064804516 ) ) ;
#9738 = VERTEX_POINT ( 'NONE', #3988 ) ;
#9739 = ORIENTED_EDGE ( 'NONE', *, *, #6233, .T. ) ;
#9740 = CARTESIAN_POINT ( 'NONE',  ( 6.604210085819834930, -3.010000000000000231, 1.609953813560887737 ) ) ;
#9741 = ORIENTED_EDGE ( 'NONE', *, *, #5712, .T. ) ;
#9742 = CARTESIAN_POINT ( 'NONE',  ( 5.312328265295620078, -3.000000000000000000, 2.375018520350290263 ) ) ;
#9743 = VERTEX_POINT ( 'NONE', #8527 ) ;
#9744 = EDGE_CURVE ( 'NONE', #9240, #2905, #8980, .T. ) ;
#9745 = FACE_OUTER_BOUND ( 'NONE', #3681, .T. ) ;
#9746 = AXIS2_PLACEMENT_3D ( 'NONE', #983, #250, #4237 ) ;
#9747 = CARTESIAN_POINT ( 'NONE',  ( 5.027685164915276061, -3.010000000000000231, 2.327198463502726522 ) ) ;
#9748 = DIRECTION ( 'NONE',  ( -0.000000000000000000, 1.000000000000000000, -0.000000000000000000 ) ) ;
#9749 = ORIENTED_EDGE ( 'NONE', *, *, #1407, .F. ) ;
#9750 = LINE ( 'NONE', #5966, #4332 ) ;
#9751 = CARTESIAN_POINT ( 'NONE',  ( 6.831565025473940622, -3.000000000000000000, 1.800876290793994583 ) ) ;
#9752 = ORIENTED_EDGE ( 'NONE', *, *, #2870, .T. ) ;
#9753 = SURFACE_STYLE_FILL_AREA ( #6718 ) ;
#9754 = B_SPLINE_CURVE_WITH_KNOTS ( 'NONE', 3,
 ( #7035, #1528, #889, #1682 ),
 .UNSPECIFIED., .F., .F.,
 ( 4, 4 ),
 ( 8.000000000000000000, 9.000000000000000000 ),
 .UNSPECIFIED. ) ;
#9755 = CARTESIAN_POINT ( 'NONE',  ( 7.133913528228045031, -3.010000000000000231, 2.141949635626684056 ) ) ;
#9756 = ADVANCED_FACE ( 'NONE', ( #2588 ), #2482, .F. ) ;
#9757 = CARTESIAN_POINT ( 'NONE',  ( 5.061842342172936604, -3.010000000000000231, 2.324921331382652667 ) ) ;
#9758 = ADVANCED_FACE ( 'NONE', ( #7374, #1142, #1981, #3470, #1194, #8724, #8673, #2684, #9622, #547, #9579, #591, #4288, #3574, #8862 ), #7191, .F. ) ;
#9759 = SURFACE_STYLE_USAGE ( .BOTH. , #6723 ) ;
#9760 = EDGE_CURVE ( 'NONE', #97, #4553, #5107, .T. ) ;
#9761 = ORIENTED_EDGE ( 'NONE', *, *, #4675, .F. ) ;
#9762 = CARTESIAN_POINT ( 'NONE',  ( 7.675815705242024833, -3.000000000000000000, 1.850653677653930185 ) ) ;
#9763 = ORIENTED_EDGE ( 'NONE', *, *, #8931, .T. ) ;
#9764 = CARTESIAN_POINT ( 'NONE',  ( 6.859810417689404360, -3.010000000000000231, 2.105435302502615791 ) ) ;
#9765 = LINE ( 'NONE', #4384, #714 ) ;
#9766 = CARTESIAN_POINT ( 'NONE',  ( 6.632946702247178195, -3.000000000000000000, 2.358252030501634344 ) ) ;
#9767 = B_SPLINE_CURVE_WITH_KNOTS ( 'NONE', 3,
 ( #168, #3198, #6807, #6863 ),
 .UNSPECIFIED., .F., .F.,
 ( 4, 4 ),
 ( 11.00000000000000000, 12.00000000000000000 ),
 .UNSPECIFIED. ) ;
#9768 = ORIENTED_EDGE ( 'NONE', *, *, #7007, .F. ) ;
#9769 = ORIENTED_EDGE ( 'NONE', *, *, #6952, .F. ) ;
#9770 = CARTESIAN_POINT ( 'NONE',  ( -9.624999999999998224, 2.799999999999999822, 9.999999999999998224 ) ) ;
#9771 =( NAMED_UNIT ( * ) PLANE_ANGLE_UNIT ( ) SI_UNIT ( $, .RADIAN. ) );
#9772 = CARTESIAN_POINT ( 'NONE',  ( 5.323714034482007307, -3.010000000000000231, 1.826226660690460912 ) ) ;
#9773 = CARTESIAN_POINT ( 'NONE',  ( 7.613593971668197291, -3.010000000000000231, 2.105435302502622896 ) ) ;
#9774 = SURFACE_SIDE_STYLE ('',( #6638 ) ) ;
#9775 = CARTESIAN_POINT ( 'NONE',  ( 7.092568823680665879, -3.010000000000000231, 2.105435302502622896 ) ) ;
#9776 = ORIENTED_EDGE ( 'NONE', *, *, #5659, .F. ) ;
#9777 = ORIENTED_EDGE ( 'NONE', *, *, #9454, .T. ) ;
#9778 = PLANE ( 'NONE',  #8729 ) ;
#9779 = CARTESIAN_POINT ( 'NONE',  ( 4.697499058370925518, -3.000000000000000000, 2.149581159136581654 ) ) ;
#9780 = EDGE_CURVE ( 'NONE', #1844, #9081, #1537, .T. ) ;
#9781 = EDGE_CURVE ( 'NONE', #797, #2805, #9469, .T. ) ;
#9782 = CARTESIAN_POINT ( 'NONE',  ( 6.876512040911660684, -3.010000000000000231, 1.790233099523641513 ) ) ;
#9783 = ORIENTED_EDGE ( 'NONE', *, *, #4128, .T. ) ;
#9784 = ORIENTED_EDGE ( 'NONE', *, *, #4851, .T. ) ;
#9785 = DIRECTION ( 'NONE',  ( 0.000000000000000000, 0.000000000000000000, -1.000000000000000000 ) ) ;
#9786 = CARTESIAN_POINT ( 'NONE',  ( -9.824999999999999289, 3.000000000000000000, 10.19999999999999929 ) ) ;
#9787 = CARTESIAN_POINT ( 'NONE',  ( 6.925716332856650226, -3.000000000000000000, 1.677415272067907859 ) ) ;
#9788 = ORIENTED_EDGE ( 'NONE', *, *, #2178, .F. ) ;
#9789 = CARTESIAN_POINT ( 'NONE',  ( 6.720220870656011591, -3.010000000000000231, 2.393783915199771961 ) ) ;
#9790 = DIRECTION ( 'NONE',  ( 0.000000000000000000, 0.000000000000000000, -1.000000000000000000 ) ) ;
#9791 = CARTESIAN_POINT ( 'NONE',  ( -8.074999999999999289, 1.855000000000000204, -4.099999999999999645 ) ) ;
#9792 = ORIENTED_EDGE ( 'NONE', *, *, #7820, .T. ) ;
#9793 = CARTESIAN_POINT ( 'NONE',  ( -5.534999999999998366, 1.604999999999999982, 0.5000000000000000000 ) ) ;
#9794 = FILL_AREA_STYLE_COLOUR ( '', #4696 ) ;
#9795 = EDGE_CURVE ( 'NONE', #1874, #7395, #7235, .T. ) ;
#9796 = PLANE ( 'NONE',  #9494 ) ;
#9797 = VERTEX_POINT ( 'NONE', #4977 ) ;
#9798 = CARTESIAN_POINT ( 'NONE',  ( 6.599297843695637766, -3.010000000000000231, 2.261972084865287780 ) ) ;
#9799 = B_SPLINE_CURVE_WITH_KNOTS ( 'NONE', 3,
 ( #2158, #8163, #2953, #5008 ),
 .UNSPECIFIED., .F., .F.,
 ( 4, 4 ),
 ( 12.00000000000000000, 13.00000000000000000 ),
 .UNSPECIFIED. ) ;
#9800 = CARTESIAN_POINT ( 'NONE',  ( 7.772177521580349691, -3.010000000000000231, 1.597345725443044095 ) ) ;
#9801 = CARTESIAN_POINT ( 'NONE',  ( 5.125000000000002665, 1.604999999999999982, -4.099999999999999645 ) ) ;
#9802 = B_SPLINE_SURFACE_WITH_KNOTS ( 'NONE', 3, 1, ( 
 ( #4763, #870 ),
 ( #1514, #765 ),
 ( #8316, #6080 ),
 ( #7755, #9154 ) ),
 .UNSPECIFIED., .F., .F., .F.,
 ( 4, 4 ),
 ( 2, 2 ),
 ( 10.00000000000000000, 11.00000000000000000 ),
 ( 0.000000000000000000, 1.000000000000000000 ),
 .UNSPECIFIED. ) ;
#9803 = CARTESIAN_POINT ( 'NONE',  ( 7.309853666981539710, -3.000000000000000000, 2.268521741030156580 ) ) ;
#9804 = SURFACE_SIDE_STYLE ('',( #4616 ) ) ;
#9805 = ORIENTED_EDGE ( 'NONE', *, *, #3823, .F. ) ;
#9806 = B_SPLINE_CURVE_WITH_KNOTS ( 'NONE', 3,
 ( #6998, #4803, #7148, #8686 ),
 .UNSPECIFIED., .F., .F.,
 ( 4, 4 ),
 ( 4.000000000000000000, 5.000000000000000000 ),
 .UNSPECIFIED. ) ;
#9807 = VECTOR ( 'NONE', #1618, 1000.000000000000000 ) ;
#9808 = EDGE_CURVE ( 'NONE', #2200, #2104, #2847, .T. ) ;
#9809 = LINE ( 'NONE', #3961, #9807 ) ;
#9810 = ORIENTED_EDGE ( 'NONE', *, *, #7935, .T. ) ;
#9811 = CARTESIAN_POINT ( 'NONE',  ( 6.633028572949148938, -3.000000000000000000, 2.415397780548394824 ) ) ;
#9812 = ORIENTED_EDGE ( 'NONE', *, *, #3452, .F. ) ;
#9813 = EDGE_CURVE ( 'NONE', #2959, #6329, #4650, .T. ) ;
#9814 = LINE ( 'NONE', #2864, #5874 ) ;
#9815 = DIRECTION ( 'NONE',  ( 1.000000000000000000, 0.000000000000000000, 0.000000000000000000 ) ) ;
#9816 = AXIS2_PLACEMENT_3D ( 'NONE', #1654, #7055, #6216 ) ;
#9817 =( NAMED_UNIT ( * ) PLANE_ANGLE_UNIT ( ) SI_UNIT ( $, .RADIAN. ) );
#9818 = CARTESIAN_POINT ( 'NONE',  ( 6.843190665168046749, -3.000000000000000000, 1.632058903121383686 ) ) ;
#9819 = ORIENTED_EDGE ( 'NONE', *, *, #9780, .F. ) ;
#9820 = EDGE_LOOP ( 'NONE', ( #4374, #3592, #6298, #9678 ) ) ;
#9821 = LINE ( 'NONE', #4430, #9375 ) ;
#9822 = CARTESIAN_POINT ( 'NONE',  ( 6.373907800890124875, -3.000000000000000000, 1.597345725443035436 ) ) ;
#9823 = VECTOR ( 'NONE', #7941, 1000.000000000000000 ) ;
#9824 = CARTESIAN_POINT ( 'NONE',  ( 6.711051352023470251, -3.010000000000000231, 1.643520801411535004 ) ) ;
#9825 = EDGE_CURVE ( 'NONE', #2551, #2663, #6543, .T. ) ;
#9826 = CARTESIAN_POINT ( 'NONE',  ( 6.546163758050211889, -3.010000000000000231, 1.633860058567110363 ) ) ;
#9827 = VECTOR ( 'NONE', #6761, 1000.000000000000000 ) ;
#9828 = ORIENTED_EDGE ( 'NONE', *, *, #3169, .F. ) ;
#9829 = ORIENTED_EDGE ( 'NONE', *, *, #1466, .T. ) ;
#9830 = LINE ( 'NONE', #5317, #179 ) ;
#9831 = DIRECTION ( 'NONE',  ( 1.000000000000000000, -0.000000000000000000, -0.000000000000000000 ) ) ;
#9832 = ORIENTED_EDGE ( 'NONE', *, *, #6950, .T. ) ;
#9833 = CARTESIAN_POINT ( 'NONE',  ( 5.567368539525743287, -3.010000000000000231, 2.511647229380917778 ) ) ;
#9834 = VECTOR ( 'NONE', #6784, 1000.000000000000000 ) ;
#9835 = EDGE_LOOP ( 'NONE', ( #9512, #5720, #3783, #5678 ) ) ;
#9836 = ORIENTED_EDGE ( 'NONE', *, *, #3296, .T. ) ;
#9837 = CARTESIAN_POINT ( 'NONE',  ( 7.260894987141405466, -3.010000000000000231, 1.917623911949078774 ) ) ;
#9838 = ORIENTED_EDGE ( 'NONE', *, *, #8535, .F. ) ;
#9839 = AXIS2_PLACEMENT_3D ( 'NONE', #9077, #1339, #5994 ) ;
ENDSEC;
END-ISO-10303-21;
