#VRML V2.0 utf8
# 3D model generated by easyeda2kicad.py (https://github.com/uPesy/easyeda2kicad.py)

Shape{
    appearance Appearance {
        material  Material 	{
            diffuseColor 0.7529411764705882 0.7529411764705882 0.7529411764705882
            specularColor 0.3764705882352941 0.3764705882352941 0.3764705882352941
            ambientIntensity 0.7529
            transparency 0.0
            shininess 0.5
        }
    }
    geometry IndexedFaceSet {
        ccw TRUE
        solid FALSE
        coord DEF co Coordinate {
            point [
                0.7283 1.3327 0.3394, 0.748 1.3327 0.3394, 0.748 1.3327 0.6478, 0.6299 1.3327 0.6478, 0.6299 1.3327 0.3394, 0.6496 1.3327 0.3394, 0.6496 1.3327 0.1026, 0.7283 1.3327 0.1026, 0.6496 1.3351 0.0768, 0.7283 1.3351 0.0768, 0.6496 1.3422 0.0519, 0.7283 1.3422 0.0519, 0.6496 1.3538 0.0288, 0.7283 1.3538 0.0288, 0.6496 1.3695 0.0082, 0.7283 1.3695 0.0082, 0.6496 1.3887 -0.0092, 0.7283 1.3887 -0.0092, 0.6496 1.4108 -0.0227, 0.7283 1.4108 -0.0227, 0.6496 1.435 -0.0319, 0.7283 1.435 -0.0319, 0.7283 1.6043 -0.0787, 0.6496 1.6043 -0.0787, 0.7283 1.6201 -0.0218, 0.6496 1.6201 -0.0218, 0.7283 1.4508 0.025, 0.6496 1.4508 0.025, 0.7283 1.4315 0.0332, 0.6496 1.4315 0.0332, 0.7283 1.415 0.046, 0.6496 1.415 0.046, 0.7283 1.4024 0.0626, 0.6496 1.4024 0.0626, 0.7283 1.3944 0.0819, 0.6496 1.3944 0.0819, 0.7283 1.3917 0.1026, 0.6496 1.3917 0.1026, 0.6496 1.3917 0.3394, 0.6299 1.3917 0.3394, 0.6299 1.3917 0.6478, 0.748 1.3917 0.6478, 0.748 1.3917 0.3394, 0.7283 1.3917 0.3394, 0.6299 1.3891 0.6751, 0.748 1.3891 0.6751, 0.6299 1.3811 0.7012, 0.748 1.3811 0.7012, 0.6299 1.3682 0.7254, 0.748 1.3682 0.7254, 0.6299 1.3509 0.7465, 0.748 1.3509 0.7465, 0.6299 1.3297 0.7639, 0.748 1.3297 0.7639, 0.6299 1.3056 0.7768, 0.748 1.3056 0.7768, 0.6299 1.2794 0.7847, 0.748 1.2794 0.7847, 0.6299 1.2521 0.7874, 0.748 1.2521 0.7874, 0.748 0.9095 0.7874, 0.6299 0.9095 0.7874, 0.748 0.9095 0.7283, 0.6299 0.9095 0.7283, 0.748 1.2521 0.7283, 0.6299 1.2521 0.7283, 0.748 1.273 0.7256, 0.6299 1.273 0.7256, 0.748 1.2924 0.7176, 0.6299 1.2924 0.7176, 0.748 1.3091 0.7048, 0.6299 1.3091 0.7048, 0.748 1.3219 0.6881, 0.6299 1.3219 0.6881, 0.748 1.3299 0.6687, 0.6299 1.3299 0.6687
            ]
        }
        coordIndex [
            0,1,2,-1,3,4,5,-1,6,7,5,-1,5,7,0,-1,5,0,3,-1,3,0,2,-1,7,6,8,-1,7,8,9,-1,9,8,10,-1,9,10,11,-1,11,10,12,-1,11,12,13,-1,13,12,14,-1,13,14,15,-1,15,14,16,-1,15,16,17,-1,17,16,18,-1,17,18,19,-1,19,18,20,-1,19,20,21,-1,22,21,23,-1,23,21,20,-1,24,22,25,-1,25,22,23,-1,26,24,27,-1,27,24,25,-1,26,27,28,-1,28,27,29,-1,28,29,30,-1,30,29,31,-1,30,31,32,-1,32,31,33,-1,32,33,34,-1,34,33,35,-1,34,35,36,-1,36,35,37,-1,38,39,40,-1,41,42,43,-1,36,37,43,-1,43,37,38,-1,43,38,41,-1,41,38,40,-1,30,17,28,-1,28,17,19,-1,28,19,26,-1,26,19,21,-1,26,21,24,-1,24,21,22,-1,34,11,32,-1,32,11,13,-1,32,13,30,-1,30,13,15,-1,30,15,17,-1,43,0,36,-1,36,0,7,-1,36,7,34,-1,34,7,9,-1,34,9,11,-1,33,10,35,-1,35,10,8,-1,35,8,37,-1,37,8,6,-1,37,6,38,-1,38,6,5,-1,29,16,31,-1,31,16,14,-1,31,14,33,-1,33,14,12,-1,33,12,10,-1,25,23,27,-1,27,23,20,-1,27,20,29,-1,29,20,18,-1,29,18,16,-1,43,42,0,-1,0,42,1,-1,41,40,44,-1,41,44,45,-1,45,44,46,-1,45,46,47,-1,47,46,48,-1,47,48,49,-1,49,48,50,-1,49,50,51,-1,51,50,52,-1,51,52,53,-1,53,52,54,-1,53,54,55,-1,55,54,56,-1,55,56,57,-1,57,56,58,-1,57,58,59,-1,60,59,61,-1,61,59,58,-1,62,60,63,-1,63,60,61,-1,64,62,65,-1,65,62,63,-1,64,65,66,-1,66,65,67,-1,66,67,68,-1,68,67,69,-1,68,69,70,-1,70,69,71,-1,70,71,72,-1,72,71,73,-1,72,73,74,-1,74,73,75,-1,74,75,2,-1,2,75,3,-1,4,39,5,-1,5,39,38,-1,1,42,2,-1,2,42,41,-1,2,41,74,-1,60,62,59,-1,59,62,64,-1,59,64,57,-1,57,64,66,-1,57,66,55,-1,55,66,68,-1,41,45,74,-1,74,45,47,-1,74,47,72,-1,72,47,49,-1,72,49,70,-1,70,49,51,-1,70,51,68,-1,68,51,53,-1,68,53,55,-1,63,61,65,-1,65,61,58,-1,65,58,67,-1,39,4,40,-1,40,4,3,-1,40,3,44,-1,44,3,75,-1,44,75,46,-1,46,75,73,-1,58,56,67,-1,67,56,54,-1,67,54,69,-1,69,54,52,-1,69,52,71,-1,71,52,50,-1,71,50,73,-1,73,50,48,-1,73,48,46,-1,
        ]
    }
}
Shape{
    appearance Appearance {
        material  Material 	{
            diffuseColor 1.0 0.8117647058823529 0.5019607843137255
            specularColor 1.0 0.8117647058823529 0.5019607843137255
            ambientIntensity 0.8327
            transparency 0.0
            shininess 0.5
        }
    }
    geometry IndexedFaceSet {
        ccw TRUE
        solid FALSE
        coord DEF co Coordinate {
            point [
                0.8465 -1.0492 0.3858, 0.8465 -1.8268 0.3858, 0.8465 -1.0492 0.4449, 0.8465 -1.8268 0.4449, 0.8614 -1.9154 0.4449, 0.8614 -1.9154 0.4154, 0.9102 -1.9154 0.4449, 0.9102 -1.9154 0.4154, 0.9252 -1.8268 0.4449, 0.9252 -1.8268 0.3858, 0.9252 -1.0492 0.3858, 0.9252 -1.0492 0.4449
            ]
        }
        coordIndex [
            0,1,2,-1,2,1,3,-1,3,1,4,-1,4,1,5,-1,4,5,6,-1,6,5,7,-1,6,7,8,-1,8,7,9,-1,9,10,8,-1,8,10,11,-1,10,0,11,-1,11,0,2,-1,0,10,1,-1,1,10,9,-1,4,6,3,-1,3,6,8,-1,3,8,2,-1,2,8,11,-1,1,9,5,-1,5,9,7,-1,
        ]
    }
}
Shape{
    appearance Appearance {
        material  Material 	{
            diffuseColor 0.7529411764705882 0.7529411764705882 0.7529411764705882
            specularColor 0.3764705882352941 0.3764705882352941 0.3764705882352941
            ambientIntensity 0.7529
            transparency 0.0
            shininess 0.5
        }
    }
    geometry IndexedFaceSet {
        ccw TRUE
        solid FALSE
        coord DEF co Coordinate {
            point [
                -0.4528 1.3327 0.3394, -0.4331 1.3327 0.3394, -0.4331 1.3327 0.6478, -0.5512 1.3327 0.6478, -0.5512 1.3327 0.3394, -0.5315 1.3327 0.3394, -0.5315 1.3327 0.1026, -0.4528 1.3327 0.1026, -0.5315 1.3351 0.0768, -0.4528 1.3351 0.0768, -0.5315 1.3422 0.0519, -0.4528 1.3422 0.0519, -0.5315 1.3538 0.0288, -0.4528 1.3538 0.0288, -0.5315 1.3695 0.0082, -0.4528 1.3695 0.0082, -0.5315 1.3887 -0.0092, -0.4528 1.3887 -0.0092, -0.5315 1.4108 -0.0227, -0.4528 1.4108 -0.0227, -0.5315 1.435 -0.0319, -0.4528 1.435 -0.0319, -0.4528 1.6043 -0.0787, -0.5315 1.6043 -0.0787, -0.4528 1.6201 -0.0218, -0.5315 1.6201 -0.0218, -0.4528 1.4508 0.025, -0.5315 1.4508 0.025, -0.4528 1.4315 0.0332, -0.5315 1.4315 0.0332, -0.4528 1.415 0.046, -0.5315 1.415 0.046, -0.4528 1.4024 0.0626, -0.5315 1.4024 0.0626, -0.4528 1.3944 0.0819, -0.5315 1.3944 0.0819, -0.4528 1.3917 0.1026, -0.5315 1.3917 0.1026, -0.5315 1.3917 0.3394, -0.5512 1.3917 0.3394, -0.5512 1.3917 0.6478, -0.4331 1.3917 0.6478, -0.4331 1.3917 0.3394, -0.4528 1.3917 0.3394, -0.5512 1.3891 0.6751, -0.4331 1.3891 0.6751, -0.5512 1.3811 0.7012, -0.4331 1.3811 0.7012, -0.5512 1.3682 0.7254, -0.4331 1.3682 0.7254, -0.5512 1.3509 0.7465, -0.4331 1.3509 0.7465, -0.5512 1.3297 0.7639, -0.4331 1.3297 0.7639, -0.5512 1.3056 0.7768, -0.4331 1.3056 0.7768, -0.5512 1.2794 0.7847, -0.4331 1.2794 0.7847, -0.5512 1.2521 0.7874, -0.4331 1.2521 0.7874, -0.4331 0.9095 0.7874, -0.5512 0.9095 0.7874, -0.4331 0.9095 0.7283, -0.5512 0.9095 0.7283, -0.4331 1.2521 0.7283, -0.5512 1.2521 0.7283, -0.4331 1.273 0.7256, -0.5512 1.273 0.7256, -0.4331 1.2924 0.7176, -0.5512 1.2924 0.7176, -0.4331 1.3091 0.7048, -0.5512 1.3091 0.7048, -0.4331 1.3219 0.6881, -0.5512 1.3219 0.6881, -0.4331 1.3299 0.6687, -0.5512 1.3299 0.6687
            ]
        }
        coordIndex [
            0,1,2,-1,3,4,5,-1,6,7,5,-1,5,7,0,-1,5,0,3,-1,3,0,2,-1,7,6,8,-1,7,8,9,-1,9,8,10,-1,9,10,11,-1,11,10,12,-1,11,12,13,-1,13,12,14,-1,13,14,15,-1,15,14,16,-1,15,16,17,-1,17,16,18,-1,17,18,19,-1,19,18,20,-1,19,20,21,-1,22,21,23,-1,23,21,20,-1,24,22,25,-1,25,22,23,-1,26,24,27,-1,27,24,25,-1,26,27,28,-1,28,27,29,-1,28,29,30,-1,30,29,31,-1,30,31,32,-1,32,31,33,-1,32,33,34,-1,34,33,35,-1,34,35,36,-1,36,35,37,-1,38,39,40,-1,41,42,43,-1,36,37,43,-1,43,37,38,-1,43,38,41,-1,41,38,40,-1,30,17,28,-1,28,17,19,-1,28,19,26,-1,26,19,21,-1,26,21,24,-1,24,21,22,-1,34,11,32,-1,32,11,13,-1,32,13,30,-1,30,13,15,-1,30,15,17,-1,43,0,36,-1,36,0,7,-1,36,7,34,-1,34,7,9,-1,34,9,11,-1,33,10,35,-1,35,10,8,-1,35,8,37,-1,37,8,6,-1,37,6,38,-1,38,6,5,-1,29,16,31,-1,31,16,14,-1,31,14,33,-1,33,14,12,-1,33,12,10,-1,25,23,27,-1,27,23,20,-1,27,20,29,-1,29,20,18,-1,29,18,16,-1,43,42,0,-1,0,42,1,-1,41,40,44,-1,41,44,45,-1,45,44,46,-1,45,46,47,-1,47,46,48,-1,47,48,49,-1,49,48,50,-1,49,50,51,-1,51,50,52,-1,51,52,53,-1,53,52,54,-1,53,54,55,-1,55,54,56,-1,55,56,57,-1,57,56,58,-1,57,58,59,-1,60,59,61,-1,61,59,58,-1,62,60,63,-1,63,60,61,-1,64,62,65,-1,65,62,63,-1,64,65,66,-1,66,65,67,-1,66,67,68,-1,68,67,69,-1,68,69,70,-1,70,69,71,-1,70,71,72,-1,72,71,73,-1,72,73,74,-1,74,73,75,-1,74,75,2,-1,2,75,3,-1,4,39,5,-1,5,39,38,-1,1,42,2,-1,2,42,41,-1,2,41,74,-1,60,62,59,-1,59,62,64,-1,59,64,57,-1,57,64,66,-1,57,66,55,-1,55,66,68,-1,41,45,74,-1,74,45,47,-1,74,47,72,-1,72,47,49,-1,72,49,70,-1,70,49,51,-1,70,51,68,-1,68,51,53,-1,68,53,55,-1,63,61,65,-1,65,61,58,-1,65,58,67,-1,39,4,40,-1,40,4,3,-1,40,3,44,-1,44,3,75,-1,44,75,46,-1,46,75,73,-1,58,56,67,-1,67,56,54,-1,67,54,69,-1,69,54,52,-1,69,52,71,-1,71,52,50,-1,71,50,73,-1,73,50,48,-1,73,48,46,-1,
        ]
    }
}
Shape{
    appearance Appearance {
        material  Material 	{
            diffuseColor 1.0 0.8117647058823529 0.5019607843137255
            specularColor 1.0 0.8117647058823529 0.5019607843137255
            ambientIntensity 0.8327
            transparency 0.0
            shininess 0.5
        }
    }
    geometry IndexedFaceSet {
        ccw TRUE
        solid FALSE
        coord DEF co Coordinate {
            point [
                -1.0433 -2.0236 0.3858, -1.0433 -1.0492 0.3858, -1.0433 -2.0236 0.4449, -1.0433 -1.0492 0.4449, -1.122 -1.0492 0.3858, -1.122 -1.0492 0.4449, -1.122 -2.0236 0.3858, -1.122 -2.0236 0.4449, -1.1071 -2.1122 0.4449, -1.1071 -2.1122 0.4154, -1.0583 -2.1122 0.4449, -1.0583 -2.1122 0.4154
            ]
        }
        coordIndex [
            0,1,2,-1,2,1,3,-1,1,4,3,-1,3,4,5,-1,4,6,5,-1,5,6,7,-1,7,6,8,-1,8,6,9,-1,8,9,10,-1,10,9,11,-1,10,11,2,-1,2,11,0,-1,1,0,4,-1,4,0,6,-1,3,5,2,-1,2,5,7,-1,2,7,10,-1,10,7,8,-1,6,0,9,-1,9,0,11,-1,
        ]
    }
}
Shape{
    appearance Appearance {
        material  Material 	{
            diffuseColor 0.7529411764705882 0.7529411764705882 0.7529411764705882
            specularColor 0.3764705882352941 0.3764705882352941 0.3764705882352941
            ambientIntensity 0.7529
            transparency 0.0
            shininess 0.5
        }
    }
    geometry IndexedFaceSet {
        ccw TRUE
        solid FALSE
        coord DEF co Coordinate {
            point [
                -0.0591 1.3327 0.3394, -0.0394 1.3327 0.3394, -0.0394 1.3327 0.6478, -0.1575 1.3327 0.6478, -0.1575 1.3327 0.3394, -0.1378 1.3327 0.3394, -0.1378 1.3327 0.1026, -0.0591 1.3327 0.1026, -0.1378 1.3351 0.0768, -0.0591 1.3351 0.0768, -0.1378 1.3422 0.0519, -0.0591 1.3422 0.0519, -0.1378 1.3538 0.0288, -0.0591 1.3538 0.0288, -0.1378 1.3695 0.0082, -0.0591 1.3695 0.0082, -0.1378 1.3887 -0.0092, -0.0591 1.3887 -0.0092, -0.1378 1.4108 -0.0227, -0.0591 1.4108 -0.0227, -0.1378 1.435 -0.0319, -0.0591 1.435 -0.0319, -0.0591 1.6043 -0.0787, -0.1378 1.6043 -0.0787, -0.0591 1.6201 -0.0218, -0.1378 1.6201 -0.0218, -0.0591 1.4508 0.025, -0.1378 1.4508 0.025, -0.0591 1.4315 0.0332, -0.1378 1.4315 0.0332, -0.0591 1.415 0.046, -0.1378 1.415 0.046, -0.0591 1.4024 0.0626, -0.1378 1.4024 0.0626, -0.0591 1.3944 0.0819, -0.1378 1.3944 0.0819, -0.0591 1.3917 0.1026, -0.1378 1.3917 0.1026, -0.1378 1.3917 0.3394, -0.1575 1.3917 0.3394, -0.1575 1.3917 0.6478, -0.0394 1.3917 0.6478, -0.0394 1.3917 0.3394, -0.0591 1.3917 0.3394, -0.1575 1.3891 0.6751, -0.0394 1.3891 0.6751, -0.1575 1.3811 0.7012, -0.0394 1.3811 0.7012, -0.1575 1.3682 0.7254, -0.0394 1.3682 0.7254, -0.1575 1.3509 0.7465, -0.0394 1.3509 0.7465, -0.1575 1.3297 0.7639, -0.0394 1.3297 0.7639, -0.1575 1.3056 0.7768, -0.0394 1.3056 0.7768, -0.1575 1.2794 0.7847, -0.0394 1.2794 0.7847, -0.1575 1.2521 0.7874, -0.0394 1.2521 0.7874, -0.0394 0.9095 0.7874, -0.1575 0.9095 0.7874, -0.0394 0.9095 0.7283, -0.1575 0.9095 0.7283, -0.0394 1.2521 0.7283, -0.1575 1.2521 0.7283, -0.0394 1.273 0.7256, -0.1575 1.273 0.7256, -0.0394 1.2924 0.7176, -0.1575 1.2924 0.7176, -0.0394 1.3091 0.7048, -0.1575 1.3091 0.7048, -0.0394 1.3219 0.6881, -0.1575 1.3219 0.6881, -0.0394 1.3299 0.6687, -0.1575 1.3299 0.6687, -0.8327 0.9803 0.0394, -0.7421 0.9803 0.0394, -0.8327 1.0394 0.0394, -0.7421 1.0394 0.0394, -0.8327 0.9803 -0.6496, -0.8327 1.0394 -0.6496, -0.8121 0.9803 -0.7874, -0.8121 1.0394 -0.7874, -0.7627 0.9803 -0.7874, -0.7627 1.0394 -0.7874, -0.7421 0.9803 -0.6496, -0.7421 1.0394 -0.6496
            ]
        }
        coordIndex [
            0,1,2,-1,3,4,5,-1,6,7,5,-1,5,7,0,-1,5,0,3,-1,3,0,2,-1,7,6,8,-1,7,8,9,-1,9,8,10,-1,9,10,11,-1,11,10,12,-1,11,12,13,-1,13,12,14,-1,13,14,15,-1,15,14,16,-1,15,16,17,-1,17,16,18,-1,17,18,19,-1,19,18,20,-1,19,20,21,-1,22,21,23,-1,23,21,20,-1,24,22,25,-1,25,22,23,-1,26,24,27,-1,27,24,25,-1,26,27,28,-1,28,27,29,-1,28,29,30,-1,30,29,31,-1,30,31,32,-1,32,31,33,-1,32,33,34,-1,34,33,35,-1,34,35,36,-1,36,35,37,-1,38,39,40,-1,41,42,43,-1,36,37,43,-1,43,37,38,-1,43,38,41,-1,41,38,40,-1,30,17,28,-1,28,17,19,-1,28,19,26,-1,26,19,21,-1,26,21,24,-1,24,21,22,-1,34,11,32,-1,32,11,13,-1,32,13,30,-1,30,13,15,-1,30,15,17,-1,43,0,36,-1,36,0,7,-1,36,7,34,-1,34,7,9,-1,34,9,11,-1,33,10,35,-1,35,10,8,-1,35,8,37,-1,37,8,6,-1,37,6,38,-1,38,6,5,-1,29,16,31,-1,31,16,14,-1,31,14,33,-1,33,14,12,-1,33,12,10,-1,25,23,27,-1,27,23,20,-1,27,20,29,-1,29,20,18,-1,29,18,16,-1,43,42,0,-1,0,42,1,-1,41,40,44,-1,41,44,45,-1,45,44,46,-1,45,46,47,-1,47,46,48,-1,47,48,49,-1,49,48,50,-1,49,50,51,-1,51,50,52,-1,51,52,53,-1,53,52,54,-1,53,54,55,-1,55,54,56,-1,55,56,57,-1,57,56,58,-1,57,58,59,-1,60,59,61,-1,61,59,58,-1,62,60,63,-1,63,60,61,-1,64,62,65,-1,65,62,63,-1,64,65,66,-1,66,65,67,-1,66,67,68,-1,68,67,69,-1,68,69,70,-1,70,69,71,-1,70,71,72,-1,72,71,73,-1,72,73,74,-1,74,73,75,-1,74,75,2,-1,2,75,3,-1,4,39,5,-1,5,39,38,-1,1,42,2,-1,2,42,41,-1,2,41,74,-1,60,62,59,-1,59,62,64,-1,59,64,57,-1,57,64,66,-1,57,66,55,-1,55,66,68,-1,41,45,74,-1,74,45,47,-1,74,47,72,-1,72,47,49,-1,72,49,70,-1,70,49,51,-1,70,51,68,-1,68,51,53,-1,68,53,55,-1,63,61,65,-1,65,61,58,-1,65,58,67,-1,39,4,40,-1,40,4,3,-1,40,3,44,-1,44,3,75,-1,44,75,46,-1,46,75,73,-1,58,56,67,-1,67,56,54,-1,67,54,69,-1,69,54,52,-1,69,52,71,-1,71,52,50,-1,71,50,73,-1,73,50,48,-1,73,48,46,-1,76,77,78,-1,78,77,79,-1,80,76,81,-1,81,76,78,-1,82,80,83,-1,83,80,81,-1,84,82,85,-1,85,82,83,-1,86,84,87,-1,87,84,85,-1,77,86,79,-1,79,86,87,-1,77,76,86,-1,86,76,80,-1,86,80,84,-1,84,80,82,-1,85,83,87,-1,87,83,81,-1,87,81,79,-1,79,81,78,-1,
        ]
    }
}
Shape{
    appearance Appearance {
        material  Material 	{
            diffuseColor 1.0 0.8117647058823529 0.5019607843137255
            specularColor 1.0 0.8117647058823529 0.5019607843137255
            ambientIntensity 0.8327
            transparency 0.0
            shininess 0.5
        }
    }
    geometry IndexedFaceSet {
        ccw TRUE
        solid FALSE
        coord DEF co Coordinate {
            point [
                0.6496 -1.0492 0.3858, 0.6496 -1.8268 0.3858, 0.6496 -1.0492 0.4449, 0.6496 -1.8268 0.4449, 0.6646 -1.9154 0.4449, 0.6646 -1.9154 0.4154, 0.7134 -1.9154 0.4449, 0.7134 -1.9154 0.4154, 0.7283 -1.8268 0.4449, 0.7283 -1.8268 0.3858, 0.7283 -1.0492 0.3858, 0.7283 -1.0492 0.4449, 1.3169 -1.9941 0.5728, 1.1988 -2.2894 0.5728, 1.3169 -1.9941 0.5138, 1.1988 -2.2894 0.5138, 1.3169 -1.7776 0.5728, 1.3169 -1.7776 0.5138, 1.2933 -1.7665 0.5728, 1.2933 -1.7665 0.5138, 1.2719 -1.7516 0.5728, 1.2719 -1.7516 0.5138, 1.2535 -1.7331 0.5728, 1.2535 -1.7331 0.5138, 1.2385 -1.7118 0.5728, 1.2385 -1.7118 0.5138, 1.2275 -1.6881 0.5728, 1.2275 -1.6881 0.5138, 1.2208 -1.663 0.5728, 1.2208 -1.663 0.5138, 1.2185 -1.637 0.5728, 1.2185 -1.637 0.5138, 1.2185 -1.3276 0.5728, 1.2185 -1.3276 0.5138, 0.689 -1.3276 0.5728, 0.689 -1.3276 0.5138, 0.689 -2.2894 0.5728, 0.689 -2.2894 0.5138
            ]
        }
        coordIndex [
            0,1,2,-1,2,1,3,-1,3,1,4,-1,4,1,5,-1,4,5,6,-1,6,5,7,-1,6,7,8,-1,8,7,9,-1,9,10,8,-1,8,10,11,-1,10,0,11,-1,11,0,2,-1,0,10,1,-1,1,10,9,-1,4,6,3,-1,3,6,8,-1,3,8,2,-1,2,8,11,-1,1,9,5,-1,5,9,7,-1,12,13,14,-1,14,13,15,-1,16,12,17,-1,17,12,14,-1,16,17,18,-1,18,17,19,-1,18,19,20,-1,20,19,21,-1,20,21,22,-1,22,21,23,-1,22,23,24,-1,24,23,25,-1,24,25,26,-1,26,25,27,-1,26,27,28,-1,28,27,29,-1,28,29,30,-1,30,29,31,-1,32,30,33,-1,33,30,31,-1,34,32,35,-1,35,32,33,-1,36,34,37,-1,37,34,35,-1,13,36,15,-1,15,36,37,-1,16,18,12,-1,12,18,36,-1,12,36,13,-1,18,20,36,-1,36,20,22,-1,36,22,24,-1,24,26,36,-1,36,26,28,-1,36,28,34,-1,34,28,30,-1,34,30,32,-1,14,15,37,-1,35,33,31,-1,25,23,37,-1,25,37,27,-1,35,31,37,-1,37,31,29,-1,37,29,27,-1,17,14,19,-1,19,14,37,-1,19,37,21,-1,21,37,23,-1,
        ]
    }
}
Shape{
    appearance Appearance {
        material  Material 	{
            diffuseColor 0.7529411764705882 0.7529411764705882 0.7529411764705882
            specularColor 0.3764705882352941 0.3764705882352941 0.3764705882352941
            ambientIntensity 0.7529
            transparency 0.0
            shininess 0.5
        }
    }
    geometry IndexedFaceSet {
        ccw TRUE
        solid FALSE
        coord DEF co Coordinate {
            point [
                0.4272 0.9803 0.0394, 0.5177 0.9803 0.0394, 0.4272 1.0394 0.0394, 0.5177 1.0394 0.0394, 0.4272 0.9803 -0.6496, 0.4272 1.0394 -0.6496, 0.4478 0.9803 -0.7874, 0.4478 1.0394 -0.7874, 0.4971 0.9803 -0.7874, 0.4971 1.0394 -0.7874, 0.5177 0.9803 -0.6496, 0.5177 1.0394 -0.6496
            ]
        }
        coordIndex [
            0,1,2,-1,2,1,3,-1,4,0,5,-1,5,0,2,-1,6,4,7,-1,7,4,5,-1,8,6,9,-1,9,6,7,-1,10,8,11,-1,11,8,9,-1,1,10,3,-1,3,10,11,-1,6,8,4,-1,4,8,10,-1,4,10,0,-1,0,10,1,-1,9,7,11,-1,11,7,5,-1,11,5,3,-1,3,5,2,-1,
        ]
    }
}
Shape{
    appearance Appearance {
        material  Material 	{
            diffuseColor 1.0 0.8117647058823529 0.5019607843137255
            specularColor 1.0 0.8117647058823529 0.5019607843137255
            ambientIntensity 0.8327
            transparency 0.0
            shininess 0.5
        }
    }
    geometry IndexedFaceSet {
        ccw TRUE
        solid FALSE
        coord DEF co Coordinate {
            point [
                0.4528 -2.0236 0.7008, 0.4528 -1.0492 0.7008, 0.4528 -2.0236 0.6417, 0.4528 -1.0492 0.6417, 0.4677 -2.1122 0.6713, 0.4677 -2.1122 0.6417, 0.5165 -2.1122 0.6713, 0.5165 -2.1122 0.6417, 0.5315 -2.0236 0.7008, 0.5315 -2.0236 0.6417, 0.5315 -1.0492 0.7008, 0.5315 -1.0492 0.6417
            ]
        }
        coordIndex [
            0,1,2,-1,2,1,3,-1,0,2,4,-1,4,2,5,-1,4,5,6,-1,6,5,7,-1,6,7,8,-1,8,7,9,-1,10,8,11,-1,11,8,9,-1,1,10,3,-1,3,10,11,-1,10,1,8,-1,8,1,0,-1,7,5,9,-1,9,5,2,-1,9,2,11,-1,11,2,3,-1,8,0,6,-1,6,0,4,-1,
        ]
    }
}
Shape{
    appearance Appearance {
        material  Material 	{
            diffuseColor 0.25098039215686274 0.25098039215686274 0.25098039215686274
            specularColor 0.12549019607843137 0.12549019607843137 0.12549019607843137
            ambientIntensity 0.251
            transparency 0.0
            shininess 0.5
        }
    }
    geometry IndexedFaceSet {
        ccw TRUE
        solid FALSE
        coord DEF co Coordinate {
            point [
                -0.7 -0.9692 0.7697, -0.7 -0.9692 0.7795, -0.6884 -0.9677 0.7697, -0.6884 -0.9677 0.7795, -0.6775 -0.9632 0.7697, -0.6775 -0.9632 0.7795, -0.6682 -0.956 0.7697, -0.6682 -0.956 0.7795, -0.661 -0.9467 0.7697, -0.661 -0.9467 0.7795, -0.6565 -0.9359 0.7697, -0.6565 -0.9359 0.7795, -0.655 -0.9242 0.7697, -0.655 -0.9242 0.7795, 0.7 -0.9692 0.7697, 0.7 -0.9692 0.7795, 0.7116 -0.9677 0.7697, 0.7116 -0.9677 0.7795, 0.7225 -0.9632 0.7697, 0.7225 -0.9632 0.7795, 0.7318 -0.956 0.7697, 0.7318 -0.956 0.7795, 0.739 -0.9467 0.7697, 0.739 -0.9467 0.7795, 0.7435 -0.9359 0.7697, 0.7435 -0.9359 0.7795, 0.745 -0.9242 0.7697, 0.745 -0.9242 0.7795, 0.0 -0.9692 0.7697, 0.0 -0.9692 0.7795, 0.0116 -0.9677 0.7697, 0.0116 -0.9677 0.7795, 0.0225 -0.9632 0.7697, 0.0225 -0.9632 0.7795, 0.0318 -0.956 0.7697, 0.0318 -0.956 0.7795, 0.039 -0.9467 0.7697, 0.039 -0.9467 0.7795, 0.0435 -0.9359 0.7697, 0.0435 -0.9359 0.7795, 0.045 -0.9242 0.7697, 0.045 -0.9242 0.7795, -1.1417 -1.0177 0.7795, -1.1417 -0.498 0.7795, -1.1417 -1.0177 0.7402, -1.1417 -0.498 0.7402, 1.1417 -1.0177 0.7795, 1.1417 -1.0177 0.7402, 1.1417 -0.498 0.7795, 1.1417 -0.498 0.7402, -0.0116 -0.9677 0.7795, -0.0225 -0.9632 0.7795, -0.0318 -0.956 0.7795, -0.039 -0.9467 0.7795, -0.0435 -0.9359 0.7795, -0.6682 -0.5912 0.7795, -0.661 -0.6005 0.7795, -0.0435 -0.6114 0.7795, 0.661 -0.9467 0.7795, 0.6682 -0.956 0.7795, 0.6775 -0.9632 0.7795, 0.6884 -0.9677 0.7795, 0.739 -0.6005 0.7795, 0.7318 -0.5912 0.7795, 0.7225 -0.5841 0.7795, -0.739 -0.9467 0.7795, -0.7318 -0.956 0.7795, -0.7225 -0.9632 0.7795, -0.7435 -0.6114 0.7795, -0.739 -0.6005 0.7795, -0.7318 -0.5912 0.7795, -0.045 -0.623 0.7795, -0.7225 -0.5841 0.7795, -0.7116 -0.5796 0.7795, -0.7 -0.578 0.7795, -0.6884 -0.5796 0.7795, -0.6775 -0.5841 0.7795, -0.045 -0.9242 0.7795, -0.7116 -0.9677 0.7795, -0.0318 -0.5912 0.7795, -0.0225 -0.5841 0.7795, -0.7435 -0.9359 0.7795, -0.745 -0.9242 0.7795, -0.745 -0.623 0.7795, -0.039 -0.6005 0.7795, -0.0116 -0.5796 0.7795, 0.0 -0.578 0.7795, 0.0116 -0.5796 0.7795, 0.0225 -0.5841 0.7795, 0.661 -0.6005 0.7795, 0.6682 -0.5912 0.7795, 0.6775 -0.5841 0.7795, 0.6884 -0.5796 0.7795, 0.7 -0.578 0.7795, 0.7116 -0.5796 0.7795, -0.6565 -0.6114 0.7795, -0.655 -0.623 0.7795, 0.7435 -0.6114 0.7795, 0.745 -0.623 0.7795, 0.0318 -0.5912 0.7795, 0.039 -0.6005 0.7795, 0.6565 -0.6114 0.7795, 0.0435 -0.6114 0.7795, 0.045 -0.623 0.7795, 0.6565 -0.9359 0.7795, 0.655 -0.9242 0.7795, 0.655 -0.623 0.7795, 0.045 -0.623 0.7697, 0.0435 -0.6114 0.7697, 0.039 -0.6005 0.7697, 0.0318 -0.5912 0.7697, 0.0225 -0.5841 0.7697, 0.0116 -0.5796 0.7697, 0.0 -0.578 0.7697, -0.0116 -0.5796 0.7697, -0.0225 -0.5841 0.7697, -0.0318 -0.5912 0.7697, -0.039 -0.6005 0.7697, -0.0435 -0.6114 0.7697, -0.045 -0.623 0.7697, -0.045 -0.9242 0.7697, -0.0435 -0.9359 0.7697, -0.039 -0.9467 0.7697, -0.0318 -0.956 0.7697, -0.0225 -0.9632 0.7697, -0.0116 -0.9677 0.7697, 0.745 -0.623 0.7697, 0.7435 -0.6114 0.7697, 0.739 -0.6005 0.7697, 0.7318 -0.5912 0.7697, 0.7225 -0.5841 0.7697, 0.7116 -0.5796 0.7697, 0.7 -0.578 0.7697, 0.6884 -0.5796 0.7697, 0.6775 -0.5841 0.7697, 0.6682 -0.5912 0.7697, 0.661 -0.6005 0.7697, 0.6565 -0.6114 0.7697, 0.655 -0.623 0.7697, 0.655 -0.9242 0.7697, 0.6565 -0.9359 0.7697, 0.661 -0.9467 0.7697, 0.6682 -0.956 0.7697, 0.6775 -0.9632 0.7697, 0.6884 -0.9677 0.7697, -0.655 -0.623 0.7697, -0.6565 -0.6114 0.7697, -0.661 -0.6005 0.7697, -0.6682 -0.5912 0.7697, -0.6775 -0.5841 0.7697, -0.6884 -0.5796 0.7697, -0.7 -0.578 0.7697, -0.7116 -0.5796 0.7697, -0.7225 -0.5841 0.7697, -0.7318 -0.5912 0.7697, -0.739 -0.6005 0.7697, -0.7435 -0.6114 0.7697, -0.745 -0.623 0.7697, -0.745 -0.9242 0.7697, -0.7435 -0.9359 0.7697, -0.739 -0.9467 0.7697, -0.7318 -0.956 0.7697, -0.7225 -0.9632 0.7697, -0.7116 -0.9677 0.7697
            ]
        }
        coordIndex [
            0,1,2,-1,2,1,3,-1,2,3,4,-1,4,3,5,-1,4,5,6,-1,6,5,7,-1,6,7,8,-1,8,7,9,-1,8,9,10,-1,10,9,11,-1,10,11,12,-1,12,11,13,-1,14,15,16,-1,16,15,17,-1,16,17,18,-1,18,17,19,-1,18,19,20,-1,20,19,21,-1,20,21,22,-1,22,21,23,-1,22,23,24,-1,24,23,25,-1,24,25,26,-1,26,25,27,-1,28,29,30,-1,30,29,31,-1,30,31,32,-1,32,31,33,-1,32,33,34,-1,34,33,35,-1,34,35,36,-1,36,35,37,-1,36,37,38,-1,38,37,39,-1,38,39,40,-1,40,39,41,-1,42,43,44,-1,44,43,45,-1,46,42,47,-1,47,42,44,-1,48,46,49,-1,49,46,47,-1,43,48,45,-1,45,48,49,-1,37,35,46,-1,46,35,33,-1,33,31,46,-1,46,31,29,-1,46,29,42,-1,42,29,50,-1,42,50,51,-1,51,52,42,-1,42,52,53,-1,42,53,54,-1,46,17,15,-1,55,56,57,-1,58,41,59,-1,59,41,60,-1,37,46,39,-1,39,46,15,-1,39,15,41,-1,41,15,61,-1,41,61,60,-1,62,48,63,-1,63,48,64,-1,65,42,66,-1,66,42,67,-1,68,69,43,-1,43,69,70,-1,71,11,9,-1,46,25,23,-1,70,72,43,-1,43,72,73,-1,43,73,74,-1,74,75,57,-1,57,75,76,-1,57,76,55,-1,9,7,71,-1,71,7,5,-1,71,5,77,-1,77,5,3,-1,77,3,54,-1,54,3,1,-1,54,1,42,-1,42,1,78,-1,42,78,67,-1,79,80,43,-1,23,21,46,-1,46,21,19,-1,46,19,17,-1,65,81,42,-1,42,81,82,-1,42,82,43,-1,43,82,83,-1,43,83,68,-1,74,57,43,-1,43,57,84,-1,43,84,79,-1,80,85,43,-1,43,85,86,-1,43,86,48,-1,48,86,87,-1,48,87,88,-1,89,90,88,-1,88,90,91,-1,91,92,88,-1,88,92,93,-1,88,93,48,-1,48,93,94,-1,48,94,64,-1,56,95,57,-1,57,95,96,-1,57,96,71,-1,71,96,13,-1,71,13,11,-1,62,97,48,-1,48,97,98,-1,48,98,46,-1,46,98,27,-1,46,27,25,-1,88,99,89,-1,89,99,100,-1,89,100,101,-1,101,100,102,-1,101,102,103,-1,58,104,41,-1,41,104,105,-1,41,105,103,-1,103,105,106,-1,103,106,101,-1,49,47,45,-1,45,47,44,-1,107,103,108,-1,108,103,102,-1,108,102,109,-1,109,102,100,-1,109,100,110,-1,110,100,99,-1,110,99,111,-1,111,99,88,-1,111,88,112,-1,112,88,87,-1,112,87,113,-1,113,87,86,-1,113,86,114,-1,114,86,85,-1,114,85,115,-1,115,85,80,-1,115,80,116,-1,116,80,79,-1,116,79,117,-1,117,79,84,-1,117,84,118,-1,118,84,57,-1,118,57,119,-1,119,57,71,-1,107,40,103,-1,103,40,41,-1,120,77,121,-1,121,77,54,-1,121,54,122,-1,122,54,53,-1,122,53,123,-1,123,53,52,-1,123,52,124,-1,124,52,51,-1,124,51,125,-1,125,51,50,-1,125,50,28,-1,28,50,29,-1,120,119,77,-1,77,119,71,-1,107,108,119,-1,119,108,109,-1,107,119,40,-1,40,119,120,-1,40,120,121,-1,121,122,40,-1,40,122,123,-1,40,123,124,-1,124,125,40,-1,40,125,28,-1,40,28,38,-1,109,110,119,-1,119,110,111,-1,119,111,112,-1,112,113,119,-1,119,113,114,-1,119,114,115,-1,28,30,38,-1,38,30,32,-1,38,32,36,-1,36,32,34,-1,115,116,119,-1,119,116,117,-1,119,117,118,-1,126,98,127,-1,127,98,97,-1,127,97,128,-1,128,97,62,-1,128,62,129,-1,129,62,63,-1,129,63,130,-1,130,63,64,-1,130,64,131,-1,131,64,94,-1,131,94,132,-1,132,94,93,-1,132,93,133,-1,133,93,92,-1,133,92,134,-1,134,92,91,-1,134,91,135,-1,135,91,90,-1,135,90,136,-1,136,90,89,-1,136,89,137,-1,137,89,101,-1,137,101,138,-1,138,101,106,-1,126,26,98,-1,98,26,27,-1,139,105,140,-1,140,105,104,-1,140,104,141,-1,141,104,58,-1,141,58,142,-1,142,58,59,-1,142,59,143,-1,143,59,60,-1,143,60,144,-1,144,60,61,-1,144,61,14,-1,14,61,15,-1,139,138,105,-1,105,138,106,-1,137,138,126,-1,141,142,26,-1,141,26,140,-1,126,138,26,-1,26,138,139,-1,26,139,140,-1,137,132,133,-1,142,143,26,-1,26,143,144,-1,26,144,14,-1,126,127,137,-1,137,127,128,-1,137,128,129,-1,18,20,22,-1,129,130,137,-1,137,130,131,-1,137,131,132,-1,133,134,137,-1,137,134,135,-1,137,135,136,-1,14,16,26,-1,26,16,18,-1,26,18,24,-1,24,18,22,-1,145,96,146,-1,146,96,95,-1,146,95,147,-1,147,95,56,-1,147,56,148,-1,148,56,55,-1,148,55,149,-1,149,55,76,-1,149,76,150,-1,150,76,75,-1,150,75,151,-1,151,75,74,-1,151,74,152,-1,152,74,73,-1,152,73,153,-1,153,73,72,-1,153,72,154,-1,154,72,70,-1,154,70,155,-1,155,70,69,-1,155,69,156,-1,156,69,68,-1,156,68,157,-1,157,68,83,-1,145,12,96,-1,96,12,13,-1,158,82,159,-1,159,82,81,-1,159,81,160,-1,160,81,65,-1,160,65,161,-1,161,65,66,-1,161,66,162,-1,162,66,67,-1,162,67,163,-1,163,67,78,-1,163,78,0,-1,0,78,1,-1,158,157,82,-1,82,157,83,-1,160,161,10,-1,145,157,12,-1,12,157,158,-1,12,158,10,-1,10,158,159,-1,10,159,160,-1,145,146,157,-1,157,146,147,-1,157,147,148,-1,148,149,157,-1,157,149,150,-1,157,150,156,-1,156,150,151,-1,156,151,152,-1,161,162,10,-1,10,162,163,-1,10,163,0,-1,0,2,10,-1,10,2,4,-1,10,4,8,-1,8,4,6,-1,152,153,156,-1,156,153,154,-1,156,154,155,-1,
        ]
    }
}
Shape{
    appearance Appearance {
        material  Material 	{
            diffuseColor 1.0 0.8117647058823529 0.5019607843137255
            specularColor 1.0 0.8117647058823529 0.5019607843137255
            ambientIntensity 0.8327
            transparency 0.0
            shininess 0.5
        }
    }
    geometry IndexedFaceSet {
        ccw TRUE
        solid FALSE
        coord DEF co Coordinate {
            point [
                -0.7283 -1.8268 0.7008, -0.7283 -1.0492 0.7008, -0.7283 -1.8268 0.6417, -0.7283 -1.0492 0.6417, -0.7134 -1.9154 0.6713, -0.7134 -1.9154 0.6417, -0.6646 -1.9154 0.6713, -0.6646 -1.9154 0.6417, -0.6496 -1.8268 0.7008, -0.6496 -1.8268 0.6417, -0.6496 -1.0492 0.7008, -0.6496 -1.0492 0.6417
            ]
        }
        coordIndex [
            0,1,2,-1,2,1,3,-1,0,2,4,-1,4,2,5,-1,4,5,6,-1,6,5,7,-1,6,7,8,-1,8,7,9,-1,10,8,11,-1,11,8,9,-1,1,10,3,-1,3,10,11,-1,10,1,8,-1,8,1,0,-1,7,5,9,-1,9,5,2,-1,9,2,11,-1,11,2,3,-1,8,0,6,-1,6,0,4,-1,
        ]
    }
}
Shape{
    appearance Appearance {
        material  Material 	{
            diffuseColor 0.7529411764705882 0.7529411764705882 0.7529411764705882
            specularColor 0.3764705882352941 0.3764705882352941 0.3764705882352941
            ambientIntensity 0.7529
            transparency 0.0
            shininess 0.5
        }
    }
    geometry IndexedFaceSet {
        ccw TRUE
        solid FALSE
        coord DEF co Coordinate {
            point [
                -0.3602 0.7047 0.0394, -0.2697 0.7047 0.0394, -0.3602 0.7638 0.0394, -0.2697 0.7638 0.0394, -0.3602 0.7047 -0.6496, -0.3602 0.7638 -0.6496, -0.3396 0.7047 -0.7874, -0.3396 0.7638 -0.7874, -0.2903 0.7047 -0.7874, -0.2903 0.7638 -0.7874, -0.2697 0.7047 -0.6496, -0.2697 0.7638 -0.6496
            ]
        }
        coordIndex [
            0,1,2,-1,2,1,3,-1,4,0,5,-1,5,0,2,-1,6,4,7,-1,7,4,5,-1,8,6,9,-1,9,6,7,-1,10,8,11,-1,11,8,9,-1,1,10,3,-1,3,10,11,-1,6,8,4,-1,4,8,10,-1,4,10,0,-1,0,10,1,-1,9,7,11,-1,11,7,5,-1,11,5,3,-1,3,5,2,-1,
        ]
    }
}
Shape{
    appearance Appearance {
        material  Material 	{
            diffuseColor 1.0 0.8117647058823529 0.5019607843137255
            specularColor 1.0 0.8117647058823529 0.5019607843137255
            ambientIntensity 0.8327
            transparency 0.0
            shininess 0.5
        }
    }
    geometry IndexedFaceSet {
        ccw TRUE
        solid FALSE
        coord DEF co Coordinate {
            point [
                0.0591 -1.0492 0.3858, 0.0591 -1.8268 0.3858, 0.0591 -1.0492 0.4449, 0.0591 -1.8268 0.4449, 0.074 -1.9154 0.4449, 0.074 -1.9154 0.4154, 0.1228 -1.9154 0.4449, 0.1228 -1.9154 0.4154, 0.1378 -1.8268 0.4449, 0.1378 -1.8268 0.3858, 0.1378 -1.0492 0.3858, 0.1378 -1.0492 0.4449
            ]
        }
        coordIndex [
            0,1,2,-1,2,1,3,-1,3,1,4,-1,4,1,5,-1,4,5,6,-1,6,5,7,-1,6,7,8,-1,8,7,9,-1,9,10,8,-1,8,10,11,-1,10,0,11,-1,11,0,2,-1,0,10,1,-1,1,10,9,-1,4,6,3,-1,3,6,8,-1,3,8,2,-1,2,8,11,-1,1,9,5,-1,5,9,7,-1,
        ]
    }
}
Shape{
    appearance Appearance {
        material  Material 	{
            diffuseColor 0.25098039215686274 0.25098039215686274 0.25098039215686274
            specularColor 0.12549019607843137 0.12549019607843137 0.12549019607843137
            ambientIntensity 0.251
            transparency 0.0
            shininess 0.5
        }
    }
    geometry IndexedFaceSet {
        ccw TRUE
        solid FALSE
        coord DEF co Coordinate {
            point [
                1.122 1.372 0.3394, 1.1827 1.372 0.3394, 1.122 1.372 0.0394, 1.1827 1.372 0.0394, 1.0433 1.372 0.0394, 0.9252 1.372 0.0394, 1.0433 1.372 0.3394, 0.9252 1.372 0.3394, 0.8465 1.372 0.0394, 0.7283 1.372 0.0394, 0.8465 1.372 0.3394, 0.7283 1.372 0.3394, 0.6496 1.372 0.0394, 0.5315 1.372 0.0394, 0.6496 1.372 0.3394, 0.5315 1.372 0.3394, 0.4528 1.372 0.0394, 0.3346 1.372 0.0394, 0.4528 1.372 0.3394, 0.3346 1.372 0.3394, 0.2559 1.372 0.0394, 0.1378 1.372 0.0394, 0.2559 1.372 0.3394, 0.1378 1.372 0.3394, 0.0591 1.372 0.0394, -0.0591 1.372 0.0394, 0.0591 1.372 0.3394, -0.0591 1.372 0.3394, -0.1378 1.372 0.0394, -0.2559 1.372 0.0394, -0.1378 1.372 0.3394, -0.2559 1.372 0.3394, -0.3346 1.372 0.0394, -0.4528 1.372 0.0394, -0.3346 1.372 0.3394, -0.4528 1.372 0.3394, -0.5315 1.372 0.0394, -0.6496 1.372 0.0394, -0.5315 1.372 0.3394, -0.6496 1.372 0.3394, -0.7283 1.372 0.0394, -0.8465 1.372 0.0394, -0.7283 1.372 0.3394, -0.8465 1.372 0.3394, -0.9252 1.372 0.0394, -1.0433 1.372 0.0394, -0.9252 1.372 0.3394, -1.0433 1.372 0.3394, -1.3169 -1.7776 0.5138, -1.3169 -1.7776 0.4646, -1.3169 -1.9941 0.5138, -1.3169 -1.9941 0.4646, 1.3169 -1.7776 0.5728, 1.3169 -1.7776 0.622, 1.3169 -1.9941 0.5728, 1.3169 -1.9941 0.622, -1.1988 -2.2894 0.4547, -1.1988 -2.2894 0.5138, -1.3169 -1.9943 0.4596, -1.3166 -1.9949 0.4547, 1.1988 -2.2894 0.6319, 1.1988 -2.2894 0.5728, 1.3169 -1.9943 0.627, 1.3166 -1.9949 0.6319, -1.2185 -1.3276 0.5138, -1.2185 -1.3276 0.4547, -1.2185 -1.637 0.5138, -1.2185 -1.637 0.4547, -1.2844 -1.761 0.5138, -1.285 -1.7602 0.4547, -1.2989 -1.7696 0.4547, -1.3169 -1.7775 0.4596, -1.3166 -1.7774 0.4547, -1.2704 -1.7503 0.4547, -1.2569 -1.7371 0.5138, -1.2576 -1.7364 0.4547, -1.2471 -1.725 0.4547, -1.236 -1.7072 0.5138, -1.2368 -1.7067 0.4547, -1.2302 -1.695 0.4547, -1.2229 -1.6732 0.5138, -1.2238 -1.6729 0.4547, -1.2206 -1.6619 0.4547, 1.2844 -1.761 0.5728, 1.2989 -1.7696 0.6319, 1.3169 -1.7775 0.627, 1.3166 -1.7774 0.6319, 1.2185 -1.637 0.6319, 1.2206 -1.6619 0.6319, 1.2185 -1.637 0.5728, 1.2229 -1.6732 0.5728, 1.2238 -1.6729 0.6319, 1.2302 -1.695 0.6319, 1.236 -1.7072 0.5728, 1.2368 -1.7067 0.6319, 1.2471 -1.725 0.6319, 1.2569 -1.7371 0.5728, 1.2576 -1.7364 0.6319, 1.2704 -1.7503 0.6319, 1.285 -1.7602 0.6319, 1.2185 -1.3276 0.5728, 1.2185 -1.3276 0.6319, -0.0433 -1.9547 0.4055, -0.0433 -1.0492 0.4055, 0.0433 -1.0492 0.4055, -0.437 -2.1516 0.4055, 0.0433 -1.9547 0.4055, 0.1535 -1.9547 0.4055, 0.1535 -1.0492 0.4055, 0.2402 -1.0492 0.4055, 0.2402 -1.9547 0.4055, -0.437 -1.0492 0.4055, -0.3504 -1.0492 0.4055, -0.3504 -1.9547 0.4055, -0.2402 -1.9547 0.4055, 0.5472 -1.0492 0.4055, 0.6339 -1.0492 0.4055, 0.5472 -2.1516 0.4055, 0.6339 -1.9547 0.4055, -1.0276 -2.1516 0.4055, -1.0276 -1.0492 0.4055, -0.9409 -1.0492 0.4055, -0.2402 -1.0492 0.4055, -0.1535 -1.0492 0.4055, -0.1535 -1.9547 0.4055, -1.1721 -1.2944 0.4055, -1.1848 -1.2505 0.4055, -1.1378 -1.0492 0.4055, -1.3054 -1.1389 0.4055, -1.3054 -1.0492 0.4055, -1.2761 -1.1513 0.4055, 0.3504 -1.0492 0.4055, 0.437 -1.0492 0.4055, 0.3504 -1.9547 0.4055, 0.437 -2.1516 0.4055, -1.2761 -1.8132 0.4055, -1.2383 -1.7876 0.4055, -1.1378 -2.1516 0.4055, -1.2073 -1.7539 0.4055, -1.1848 -1.7141 0.4055, -1.2073 -1.2106 0.4055, -1.2383 -1.177 0.4055, -1.1655 -2.2402 0.4055, -0.9409 -1.9547 0.4055, -0.8307 -1.9547 0.4055, -0.5472 -2.1516 0.4055, 1.1655 -2.2402 0.4055, 0.9409 -1.0492 0.4055, 1.0276 -1.0492 0.4055, 0.9409 -1.9547 0.4055, 1.0276 -2.1516 0.4055, 0.8307 -1.9547 0.4055, 0.7441 -1.9547 0.4055, 0.8307 -1.0492 0.4055, 0.7441 -1.0492 0.4055, -1.3054 -1.8903 0.4055, -1.3054 -1.8257 0.4055, -0.6339 -1.0492 0.4055, -0.5472 -1.0492 0.4055, -0.6339 -1.9547 0.4055, -0.7441 -1.9547 0.4055, -0.7441 -1.0492 0.4055, -0.8307 -1.0492 0.4055, 1.3054 -1.0492 0.4055, 1.3054 -1.1389 0.4055, 1.1378 -1.0492 0.4055, 1.2761 -1.1513 0.4055, 1.2383 -1.177 0.4055, 1.1848 -1.7141 0.4055, 1.2073 -1.7539 0.4055, 1.1378 -2.1516 0.4055, 1.2383 -1.7876 0.4055, 1.2761 -1.8132 0.4055, 1.2073 -1.2106 0.4055, 1.1848 -1.2505 0.4055, 1.1721 -1.2944 0.4055, 1.3054 -1.8903 0.4055, 1.3054 -1.8257 0.4055, -1.1721 -1.6702 0.4055, -1.1693 -1.637 0.4055, -1.1693 -1.3276 0.4055, 1.1693 -1.3276 0.4055, 1.1693 -1.637 0.4055, 1.1721 -1.6702 0.4055, -1.3169 -1.187 0.622, -1.3169 -1.187 0.627, -1.3169 -0.5374 0.622, -1.3166 -1.1871 0.6319, -1.3146 -1.1844 0.6484, -1.3147 -0.5374 0.6484, -1.3154 -1.186 0.644, -1.3158 -1.1863 0.6401, -1.314 -1.1833 0.6516, -1.3134 -1.182 0.6553, -1.3117 -1.1776 0.662, -1.311 -1.1756 0.6649, -1.3092 -1.1694 0.6705, -1.3085 -1.1667 0.6729, -1.3071 -1.1593 0.6769, -1.3068 -1.1577 0.6777, -1.3057 -1.1475 0.6804, -1.3057 -1.1468 0.6805, -1.3054 -1.1389 0.6811, -1.3054 -1.0492 0.6811, -1.3036 -0.5374 0.6856, -1.3031 -1.0479 0.6853, -1.2857 -1.038 0.7162, -1.2837 -0.5374 0.7188, -1.2834 -1.0372 0.7186, -1.2602 -1.0294 0.7431, -1.2562 -0.5374 0.7463, -1.256 -1.0285 0.7458, -1.2281 -1.0228 0.7638, -1.223 -0.5374 0.7662, -1.1594 -0.5309 0.7795, -1.1614 -0.5321 0.7795, -1.1594 -1.0177 0.7795, -1.1627 -0.5328 0.7795, -1.1709 -0.536 0.7791, -1.2228 -1.0222 0.7656, -1.1925 -1.0188 0.776, -1.1858 -0.5374 0.7773, -1.1858 -1.0186 0.7767, -1.1811 -0.5374 0.778, -1.1717 -0.5363 0.7791, -1.3169 -1.187 0.4646, -1.3169 -0.5374 0.4646, -1.1965 -1.0191 0.3115, -1.2226 -1.0223 0.3214, -1.223 -0.5374 0.3205, -1.3075 -1.162 0.4109, -1.3147 -0.5374 0.4382, -1.3071 -1.1593 0.4098, -1.3058 -1.1474 0.4065, -1.306 -1.1518 0.407, -1.3094 -1.1704 0.4166, -1.3117 -1.1777 0.4246, -1.312 -1.1785 0.4254, -1.3036 -0.5374 0.4011, -1.2837 -0.5374 0.3678, -1.2833 -1.0373 0.3681, -1.3031 -1.0479 0.4013, -1.2868 -1.0385 0.3719, -1.2562 -0.5374 0.3404, -1.2328 -1.0235 0.3252, -1.2559 -1.0285 0.3408, -1.2611 -1.0296 0.3443, -1.1857 -1.0187 0.3102, -1.1858 -0.5374 0.3093, -1.1594 -1.0177 0.3071, -1.1811 -0.5374 0.3086, -1.1771 -0.5372 0.3081, -1.1746 -0.5366 0.3079, -1.1679 -0.5351 0.3073, -1.1653 -0.5338 0.3073, -1.1594 -0.5309 0.3071, -1.316 -1.1868 0.4472, -1.3166 -1.1871 0.4547, -1.3169 -1.187 0.4596, -1.3142 -1.1839 0.4356, -1.3146 -1.1845 0.4382, -1.3159 -1.1866 0.4465, 1.3169 -1.187 0.4646, 1.3169 -1.187 0.4596, 1.3169 -0.5374 0.4646, 1.3166 -1.1871 0.4547, 1.3146 -1.1844 0.4382, 1.3147 -0.5374 0.4382, 1.3154 -1.186 0.4427, 1.3158 -1.1863 0.4465, 1.314 -1.1833 0.435, 1.3111 -1.166 0.422, 1.3134 -1.182 0.4313, 1.3117 -1.1776 0.4246, 1.311 -1.1756 0.4217, 1.3092 -1.1694 0.4161, 1.3085 -1.1667 0.4137, 1.3071 -1.1593 0.4098, 1.3068 -1.1577 0.4089, 1.3057 -1.1475 0.4062, 1.3057 -1.1468 0.4061, 1.3036 -0.5374 0.4011, 1.3031 -1.0479 0.4013, 1.2857 -1.038 0.3705, 1.2837 -0.5374 0.3678, 1.2834 -1.0372 0.368, 1.2602 -1.0294 0.3436, 1.2562 -0.5374 0.3404, 1.256 -1.0285 0.3408, 1.2281 -1.0228 0.3228, 1.223 -0.5374 0.3205, 1.1594 -0.5309 0.3071, 1.1614 -0.5321 0.3071, 1.1594 -1.0177 0.3071, 1.1627 -0.5328 0.3071, 1.1709 -0.536 0.3075, 1.2228 -1.0222 0.321, 1.1925 -1.0188 0.3106, 1.1858 -0.5374 0.3093, 1.1858 -1.0186 0.3099, 1.1811 -0.5374 0.3086, 1.1717 -0.5363 0.3076, 1.3169 -1.187 0.622, 1.3169 -0.5374 0.622, 1.1965 -1.0191 0.7751, 1.2226 -1.0223 0.7652, 1.223 -0.5374 0.7662, 1.3111 -1.166 0.6645, 1.3054 -1.0492 0.6811, 1.3054 -1.1389 0.6811, 1.3058 -1.1474 0.6801, 1.306 -1.1518 0.6796, 1.3071 -1.1593 0.6768, 1.3075 -1.162 0.6758, 1.3094 -1.1704 0.6701, 1.3117 -1.1777 0.6621, 1.312 -1.1785 0.6613, 1.3142 -1.1839 0.651, 1.3146 -1.1845 0.6484, 1.3036 -0.5374 0.6856, 1.2837 -0.5374 0.7188, 1.2833 -1.0373 0.7185, 1.3147 -0.5374 0.6484, 1.3031 -1.0479 0.6853, 1.2868 -1.0385 0.7147, 1.2562 -0.5374 0.7463, 1.2328 -1.0235 0.7614, 1.2559 -1.0285 0.7458, 1.2611 -1.0296 0.7423, 1.1857 -1.0187 0.7764, 1.1858 -0.5374 0.7773, 1.1594 -1.0177 0.7795, 1.1811 -0.5374 0.778, 1.1771 -0.5372 0.7785, 1.1746 -0.5366 0.7787, 1.1679 -0.5351 0.7793, 1.1653 -0.5338 0.7794, 1.1594 -0.5309 0.7795, 1.316 -1.1868 0.6394, 1.3166 -1.1871 0.6319, 1.3169 -1.187 0.627, 1.3159 -1.1866 0.6401, -1.1417 -1.0177 0.7795, -1.1417 -0.498 0.7795, -1.1431 -0.5082 0.7795, -1.1533 -0.5259 0.7795, -1.147 -0.5177 0.7795, -1.15 -0.5222 0.3071, -1.1451 -0.5139 0.3071, -1.1417 -1.0177 0.3071, -1.1423 -0.5046 0.3071, -1.1417 -0.498 0.3071, -1.1569 -0.5291 0.3071, -1.1417 -0.498 0.7402, 1.1417 -0.498 0.7402, 1.1417 -0.498 0.7795, -1.1417 -0.498 1.0472, 1.1417 -0.498 1.0472, 1.1417 -0.498 0.3465, -1.1417 -0.498 0.3465, 1.1417 -0.498 0.3071, 1.1417 -0.498 0.0394, -1.1417 -0.498 0.0394, 1.1431 -0.5082 0.0394, 1.1431 -0.5082 0.3071, 1.147 -0.5177 0.0394, 1.147 -0.5177 0.3071, 1.1533 -0.5259 0.0394, 1.1533 -0.5259 0.3071, 1.1614 -0.5321 0.0394, 1.1627 -0.5328 0.3071, 1.1709 -0.5361 0.0394, 1.1717 -0.5363 0.3076, 1.1811 -0.5374 0.0394, 1.1745 -0.5368 1.0472, 1.1811 -0.5374 1.0472, 1.1569 -0.5291 0.7795, 1.1652 -0.5341 1.0472, 1.1569 -0.5291 1.0472, 1.15 -0.5222 1.0472, 1.15 -0.5222 0.7795, 1.1451 -0.5139 1.0472, 1.1451 -0.5139 0.7795, 1.1423 -0.5046 1.0472, 1.1423 -0.5046 0.7795, -1.1431 -0.5082 1.0472, -1.147 -0.5177 1.0472, -1.1533 -0.5259 1.0472, -1.1614 -0.5321 1.0472, -1.1627 -0.5328 0.7795, -1.1709 -0.5361 1.0472, -1.1717 -0.5363 0.7791, -1.1811 -0.5374 1.0472, -1.1745 -0.5368 0.0394, -1.1811 -0.5374 0.0394, -1.1652 -0.5341 0.0394, -1.1569 -0.5291 0.0394, -1.15 -0.5222 0.0394, -1.1451 -0.5139 0.0394, -1.1423 -0.5046 0.0394, -1.5009 -0.5374 0.9656, -1.5601 -0.5374 0.9064, -1.2677 -0.5374 1.0472, -1.3509 -0.5374 1.0379, -1.43 -0.5374 1.0102, -1.2677 -0.5374 0.0394, -1.3509 -0.5374 0.0487, -1.43 -0.5374 0.0764, -1.5009 -0.5374 0.121, -1.6047 -0.5374 0.8355, -1.6324 -0.5374 0.7565, -1.6417 -0.5374 0.6732, -1.6417 -0.5374 0.4134, -1.6324 -0.5374 0.3302, -1.6047 -0.5374 0.2511, -1.5601 -0.5374 0.1802, 1.6417 0.2047 0.5512, 1.6167 0.2047 0.5512, 1.6167 0.2047 0.2789, 1.5601 0.2047 0.1802, 1.5009 0.2047 0.121, 1.6417 0.2047 0.0394, 1.43 0.2047 0.0764, 1.3509 0.2047 0.0487, 1.2677 0.2047 0.0394, 1.6047 0.2047 0.2511, -1.1827 0.9095 0.3394, -1.1827 1.372 0.3394, -1.1827 0.9095 0.0394, -1.1827 1.372 0.0394, 1.1827 0.9095 0.0394, 1.1827 0.9095 0.3394, -1.122 1.372 0.0394, -1.122 1.372 0.3394, 1.122 1.3327 0.3394, 1.0433 1.3327 0.3394, 0.8465 1.3327 0.3394, 0.7283 1.3327 0.3394, 0.6496 1.3327 0.3394, 0.9252 1.3327 0.3394, 0.4528 1.3327 0.3394, 0.3346 1.3327 0.3394, 0.2559 1.3327 0.3394, 0.5315 1.3327 0.3394, 0.0591 1.3327 0.3394, -0.0591 1.3327 0.3394, -0.1378 1.3327 0.3394, 0.1378 1.3327 0.3394, -0.3346 1.3327 0.3394, -0.4528 1.3327 0.3394, -0.5315 1.3327 0.3394, -0.2559 1.3327 0.3394, -0.7283 1.3327 0.3394, -0.8465 1.3327 0.3394, -0.9252 1.3327 0.3394, -0.6496 1.3327 0.3394, -1.122 1.3327 0.3394, -1.0433 1.3327 0.3394, -1.2677 0.2047 0.0394, -1.6417 0.2047 0.0394, -1.6417 0.9095 0.0394, 1.2677 -0.5374 0.0394, 1.6417 0.9095 0.0394, -0.0591 1.3327 0.0394, 0.0591 1.3327 0.0394, -1.122 1.3327 0.0394, -1.0433 1.3327 0.0394, -0.9252 1.3327 0.0394, -0.4528 1.3327 0.0394, 0.3346 1.3327 0.0394, 0.4528 1.3327 0.0394, 0.5315 1.3327 0.0394, 0.2559 1.3327 0.0394, 0.1378 1.3327 0.0394, -0.2559 1.3327 0.0394, -0.1378 1.3327 0.0394, 0.7283 1.3327 0.0394, -0.8465 1.3327 0.0394, 0.8465 1.3327 0.0394, 0.9252 1.3327 0.0394, 0.6496 1.3327 0.0394, -0.7283 1.3327 0.0394, -0.6496 1.3327 0.0394, 1.122 1.3327 0.0394, 1.0433 1.3327 0.0394, -0.3346 1.3327 0.0394, -0.5315 1.3327 0.0394, 1.6417 0.9095 0.6732, 1.6324 0.9095 0.7565, -1.6417 0.9095 0.6732, 1.2677 0.9095 1.0472, -1.2677 0.9095 1.0472, -1.3509 0.9095 1.0379, 1.3509 0.9095 1.0379, 1.43 0.9095 1.0102, 1.5009 0.9095 0.9656, 1.5601 0.9095 0.9064, 1.6047 0.9095 0.8355, -1.6324 0.9095 0.7565, -1.6047 0.9095 0.8355, -1.5601 0.9095 0.9064, -1.5009 0.9095 0.9656, -1.43 0.9095 1.0102, -1.6417 -0.0236 0.4134, -1.6417 -0.0236 0.5512, -1.6417 0.2047 0.5512, 1.6417 -0.5374 0.6732, 1.6417 -0.5374 0.4134, 1.6417 -0.0236 0.4134, 1.6417 -0.0236 0.5512, 1.6324 -0.5374 0.7565, 1.6047 -0.5374 0.8355, 1.5601 -0.5374 0.9064, 1.5009 -0.5374 0.9656, 1.43 -0.5374 1.0102, 1.3509 -0.5374 1.0379, 1.2677 -0.5374 1.0472, -1.6167 0.2047 0.5512, -1.6167 0.2047 0.2789, -1.6047 0.2047 0.2511, -1.43 0.2047 0.0764, -1.3509 0.2047 0.0487, -1.5009 0.2047 0.121, -1.5601 0.2047 0.1802, -1.6167 -0.0236 0.2789, -1.6324 -0.0236 0.3302, 1.6324 -0.0236 0.3302, 1.6324 -0.5374 0.3302, 1.6167 -0.0236 0.2789, 1.6047 -0.5374 0.2511, 1.5601 -0.5374 0.1802, 1.5009 -0.5374 0.121, 1.43 -0.5374 0.0764, 1.3509 -0.5374 0.0487, 1.6167 -0.0236 0.5512, -1.6167 -0.0236 0.5512, 1.1417 -1.0177 0.7795, -1.3058 -1.8171 0.6801, -1.306 -1.8127 0.6796, -1.3071 -1.8053 0.6768, -1.3086 -1.9571 0.6725, -1.3072 -1.9388 0.6765, -1.3092 -1.9617 0.6705, -1.3112 -1.9758 0.6643, -1.3064 -1.929 0.6787, -1.3059 -1.9109 0.6798, -1.3054 -1.8903 0.6811, -1.3054 -1.8257 0.6811, -1.3117 -1.9787 0.6621, -1.313 -1.9852 0.6571, -1.3094 -1.7941 0.6701, -1.3117 -1.7868 0.6621, -1.314 -1.9892 0.6521, -1.3075 -1.8025 0.6758, -1.3169 -1.7776 0.622, -1.3169 -1.9941 0.622, -1.3169 -1.7775 0.627, -1.3169 -1.9943 0.627, -1.3166 -1.7774 0.6319, -1.316 -1.7778 0.6394, -1.3161 -1.9951 0.6378, -1.3159 -1.9946 0.6401, -1.3159 -1.778 0.6401, -1.3166 -1.9949 0.6319, -1.3155 -1.9939 0.6435, -1.3143 -1.9906 0.6505, -1.3141 -1.9896 0.6516, -1.312 -1.7861 0.6613, -1.314 -1.7813 0.6521, -1.3142 -1.7807 0.651, -1.3169 -1.9941 0.5728, -1.3169 -1.7776 0.5728, -1.3147 -1.9916 0.4384, -1.3153 -1.9934 0.4419, -1.3139 -1.7814 0.4345, -1.3159 -1.9946 0.4465, -1.3161 -1.995 0.4483, -1.3166 -1.995 0.4539, -1.314 -1.7813 0.435, -1.3154 -1.7786 0.4427, -1.3158 -1.7782 0.4465, -1.3134 -1.7826 0.4313, -1.314 -1.9893 0.4345, -1.3141 -1.9898 0.435, -1.3141 -1.9898 0.4351, -1.3117 -1.787 0.4246, -1.311 -1.7889 0.4217, -1.3092 -1.7951 0.4161, -1.3085 -1.7978 0.4137, -1.3071 -1.8052 0.4098, -1.3068 -1.8068 0.4089, -1.306 -1.9109 0.4068, -1.3111 -1.9642 0.4221, -1.3057 -1.8171 0.4062, -1.3057 -1.8177 0.4061, -1.3064 -1.9297 0.408, -1.3071 -1.939 0.41, -1.3084 -1.9549 0.4134, -1.3093 -1.9616 0.4162, -1.3108 -1.9734 0.4209, -1.3117 -1.9787 0.4246, -1.3126 -1.9836 0.428, 1.1417 -1.0177 0.3071, 1.3117 -1.9787 0.4246, 1.314 -1.7813 0.4345, 1.313 -1.9852 0.4295, 1.314 -1.9892 0.4345, 1.3112 -1.9758 0.4223, 1.3092 -1.9617 0.4161, 1.3086 -1.9571 0.4141, 1.3072 -1.9388 0.4101, 1.3064 -1.929 0.4079, 1.3059 -1.9109 0.4068, 1.3091 -1.802 0.4154, 1.3058 -1.8171 0.4065, 1.306 -1.8127 0.407, 1.3071 -1.8053 0.4098, 1.3075 -1.8025 0.4109, 1.3094 -1.7941 0.4166, 1.3117 -1.7868 0.4246, 1.312 -1.7861 0.4254, 1.3169 -1.7776 0.4646, 1.3169 -1.9941 0.4646, 1.3169 -1.7775 0.4596, 1.3169 -1.9943 0.4596, 1.3166 -1.7774 0.4547, 1.316 -1.7778 0.4472, 1.3161 -1.9951 0.4488, 1.3159 -1.9946 0.4465, 1.3159 -1.778 0.4465, 1.3166 -1.9949 0.4547, 1.3155 -1.9939 0.4432, 1.3143 -1.9906 0.4361, 1.3141 -1.9896 0.435, 1.3142 -1.7807 0.4356, 1.3169 -1.9941 0.5138, 1.3169 -1.7776 0.5138, 1.3147 -1.9916 0.6482, 1.3139 -1.7814 0.6521, 1.3141 -1.9898 0.6517, 1.314 -1.9893 0.6521, 1.3141 -1.9898 0.6516, 1.3153 -1.9934 0.6447, 1.3159 -1.9946 0.6401, 1.3161 -1.995 0.6383, 1.3166 -1.995 0.6327, 1.314 -1.7813 0.6516, 1.3154 -1.7786 0.644, 1.3158 -1.7782 0.6401, 1.3117 -1.9787 0.662, 1.3117 -1.787 0.662, 1.311 -1.7889 0.6649, 1.3071 -1.8052 0.6769, 1.3091 -1.9448 0.671, 1.3085 -1.7978 0.6729, 1.3092 -1.7951 0.6705, 1.3068 -1.8068 0.6777, 1.3057 -1.8171 0.6804, 1.3054 -1.8257 0.6811, 1.3057 -1.8177 0.6805, 1.3054 -1.8903 0.6811, 1.306 -1.9109 0.6798, 1.3064 -1.9297 0.6786, 1.3071 -1.939 0.6766, 1.3084 -1.9549 0.6732, 1.3093 -1.9616 0.6705, 1.3108 -1.9734 0.6657, 1.3134 -1.7826 0.6553, 1.3126 -1.9836 0.6587, -1.1417 -1.0303 0.3465, 1.1417 -1.0303 0.3465, 1.1417 -1.0303 0.7402, -1.1378 -1.0492 0.6811, -1.1417 -1.0303 0.7402, -1.0276 -1.0492 0.6811, -0.9409 -1.0492 0.6811, -0.8307 -1.0492 0.6811, -0.7441 -1.0492 0.6811, -0.6339 -1.0492 0.6811, -0.5472 -1.0492 0.6811, -0.437 -1.0492 0.6811, -0.3504 -1.0492 0.6811, -0.2402 -1.0492 0.6811, -0.1535 -1.0492 0.6811, -0.0433 -1.0492 0.6811, 0.0433 -1.0492 0.6811, 0.1535 -1.0492 0.6811, 0.2402 -1.0492 0.6811, 0.3504 -1.0492 0.6811, 0.437 -1.0492 0.6811, 0.5472 -1.0492 0.6811, 0.6339 -1.0492 0.6811, 0.7441 -1.0492 0.6811, 0.8307 -1.0492 0.6811, 0.9409 -1.0492 0.6811, 1.0276 -1.0492 0.6811, 1.1378 -1.0492 0.6811, -0.437 -2.1516 0.6811, -0.5472 -2.1516 0.6811, -1.1655 -2.2402 0.6811, 0.1535 -1.9547 0.6811, 0.0433 -1.9547 0.6811, 1.1655 -2.2402 0.6811, 1.0276 -2.1516 0.6811, 1.1378 -2.1516 0.6811, 0.2402 -1.9547 0.6811, 0.9409 -1.9547 0.6811, -0.6339 -1.9547 0.6811, 1.2761 -1.8132 0.6811, 1.2383 -1.7876 0.6811, 1.2073 -1.7539 0.6811, 1.1848 -1.7141 0.6811, 1.2761 -1.1513 0.6811, 1.2383 -1.177 0.6811, 0.437 -2.1516 0.6811, 0.3504 -1.9547 0.6811, -0.1535 -1.9547 0.6811, -0.0433 -1.9547 0.6811, 1.1721 -1.2944 0.6811, 1.1848 -1.2505 0.6811, 1.2073 -1.2106 0.6811, 0.5472 -2.1516 0.6811, 0.8307 -1.9547 0.6811, 0.6339 -1.9547 0.6811, 0.7441 -1.9547 0.6811, -0.9409 -1.9547 0.6811, -1.0276 -2.1516 0.6811, -0.8307 -1.9547 0.6811, -0.7441 -1.9547 0.6811, -0.3504 -1.9547 0.6811, -0.2402 -1.9547 0.6811, -1.2761 -1.1513 0.6811, -1.2383 -1.177 0.6811, -1.2073 -1.2106 0.6811, -1.1848 -1.2505 0.6811, -1.1721 -1.2944 0.6811, -1.1848 -1.7141 0.6811, -1.2073 -1.7539 0.6811, -1.1378 -2.1516 0.6811, -1.2383 -1.7876 0.6811, -1.2761 -1.8132 0.6811, 1.1721 -1.6702 0.6811, 1.1693 -1.637 0.6811, 1.1693 -1.3276 0.6811, -1.1693 -1.3276 0.6811, -1.1693 -1.637 0.6811, -1.1721 -1.6702 0.6811, 0.689 -2.2894 0.5728, 1.1988 -2.2894 0.4547, 0.689 -2.2894 0.5138, 1.1988 -2.2894 0.5138, -1.1988 -2.2894 0.6319, -1.1988 -2.2894 0.5728, -0.689 -2.2894 0.5728, -0.689 -2.2894 0.5138, -1.2989 -1.1949 0.6319, -1.2989 -1.1949 0.4547, -1.2185 -1.3276 0.5728, -1.2185 -1.3276 0.6319, -1.2206 -1.3026 0.6319, -1.2206 -1.3026 0.4547, -1.2238 -1.2916 0.4547, -1.2238 -1.2916 0.6319, -1.2302 -1.2696 0.4547, -1.2302 -1.2696 0.6319, -1.2368 -1.2578 0.4547, -1.2368 -1.2578 0.6319, -1.2471 -1.2396 0.4547, -1.2471 -1.2396 0.6319, -1.2576 -1.2282 0.4547, -1.2576 -1.2282 0.6319, -1.2704 -1.2143 0.4547, -1.2704 -1.2143 0.6319, -1.285 -1.2044 0.4547, -1.285 -1.2044 0.6319, -1.2185 -1.637 0.5728, -1.2185 -1.637 0.6319, -1.2989 -1.7696 0.6319, -1.2844 -1.761 0.5728, -1.285 -1.7602 0.6319, -1.2704 -1.7503 0.6319, -1.2569 -1.7371 0.5728, -1.2576 -1.7364 0.6319, -1.2471 -1.725 0.6319, -1.236 -1.7072 0.5728, -1.2368 -1.7067 0.6319, -1.2302 -1.695 0.6319, -1.2229 -1.6732 0.5728, -1.2206 -1.6619 0.6319, -1.2238 -1.6729 0.6319, 1.2989 -1.1949 0.4547, 1.2989 -1.1949 0.6319, 1.285 -1.2044 0.4547, 1.285 -1.2044 0.6319, 1.2704 -1.2143 0.4547, 1.2704 -1.2143 0.6319, 1.2576 -1.2282 0.4547, 1.2576 -1.2282 0.6319, 1.2471 -1.2396 0.4547, 1.2471 -1.2396 0.6319, 1.2368 -1.2578 0.4547, 1.2368 -1.2578 0.6319, 1.2302 -1.2696 0.4547, 1.2302 -1.2696 0.6319, 1.2238 -1.2916 0.4547, 1.2238 -1.2916 0.6319, 1.2206 -1.3026 0.4547, 1.2206 -1.3026 0.6319, 1.2185 -1.3276 0.5138, 1.2185 -1.3276 0.4547, 1.2989 -1.7696 0.4547, 1.2844 -1.761 0.5138, 1.2185 -1.637 0.4547, 1.2185 -1.637 0.5138, 1.2206 -1.6619 0.4547, 1.2229 -1.6732 0.5138, 1.236 -1.7072 0.5138, 1.2302 -1.695 0.4547, 1.2238 -1.6729 0.4547, 1.2569 -1.7371 0.5138, 1.2471 -1.725 0.4547, 1.2368 -1.7067 0.4547, 1.285 -1.7602 0.4547, 1.2704 -1.7503 0.4547, 1.2576 -1.7364 0.4547, -1.201 -2.2812 0.6401, -1.1851 -2.2445 0.6768, 1.1938 -2.2507 0.6706, 1.1898 -2.2471 0.6742, 1.1851 -2.2444 0.6768, 1.2007 -2.2812 0.64, 1.2023 -2.2747 0.6466, 1.2018 -2.2697 0.6516, 1.2013 -2.2637 0.6576, 1.1994 -2.2593 0.662, 1.1978 -2.2555 0.6657, 1.1951 -2.2519 0.6694, 1.1836 -2.2436 0.6776, 1.1764 -2.2413 0.68, 1.174 -2.241 0.6803, -1.202 -2.2775 0.6438, -1.1741 -2.2409 0.6804, -1.1747 -2.241 0.6803, -1.1819 -2.2429 0.6783, 1.1686 -2.2402 0.681, -1.1995 -2.2592 0.662, -1.2016 -2.265 0.6562, -1.2018 -2.2697 0.6516, -1.1885 -2.2462 0.6751, -1.1939 -2.2506 0.6707, -1.1988 -2.2572 0.6641, -1.1941 -2.2507 0.6705, 1.201 -2.2812 0.4465, 1.1851 -2.2445 0.4098, -1.1938 -2.2507 0.416, -1.1898 -2.2471 0.4124, -1.1851 -2.2444 0.4098, -1.2007 -2.2812 0.4466, -1.2023 -2.2747 0.44, -1.2018 -2.2697 0.435, -1.2013 -2.2637 0.4291, -1.1994 -2.2593 0.4246, -1.1978 -2.2555 0.4209, -1.1951 -2.2519 0.4172, -1.1836 -2.2436 0.409, -1.1764 -2.2413 0.4067, -1.174 -2.241 0.4063, 1.202 -2.2775 0.4428, 1.1741 -2.2409 0.4063, 1.1747 -2.241 0.4063, 1.1819 -2.2429 0.4083, -1.1686 -2.2402 0.4056, 1.1995 -2.2592 0.4246, 1.2016 -2.265 0.4304, 1.2018 -2.2697 0.435, 1.1885 -2.2462 0.4115, 1.1939 -2.2506 0.4159, 1.1988 -2.2572 0.4226, 1.1941 -2.2507 0.4161, 1.1802 -1.2958 0.6804, 1.2296 -1.2693 0.6401, 1.2466 -1.2392 0.6401, 1.2986 -1.1943 0.6401, 1.2178 -1.3276 0.6401, 1.2199 -1.3025 0.6401, 1.2165 -1.3276 0.6445, 1.2165 -1.3019 0.6517, 1.2104 -1.3009 0.6621, 1.2116 -1.3276 0.6563, 1.2143 -1.3276 0.6517, 1.2019 -1.2995 0.6707, 1.2038 -1.3276 0.6664, 1.2081 -1.3276 0.6621, 1.1916 -1.2977 0.6769, 1.1937 -1.3276 0.6742, 1.1995 -1.3276 0.6707, 1.1775 -1.3276 0.6804, 1.1819 -1.3276 0.6791, 1.1891 -1.3276 0.6769, 1.28 -1.1586 0.6804, 1.2853 -1.1689 0.6769, 1.2901 -1.1781 0.6707, 1.2941 -1.1857 0.6621, 1.297 -1.1912 0.6517, 1.2437 -1.1832 0.6804, 1.2513 -1.192 0.6769, 1.258 -1.1999 0.6707, 1.2636 -1.2064 0.6621, 1.2677 -1.2111 0.6517, 1.27 -1.2137 0.6401, 1.214 -1.2155 0.6804, 1.2234 -1.2223 0.6769, 1.2318 -1.2284 0.6707, 1.2387 -1.2335 0.6621, 1.2437 -1.2371 0.6517, 1.1924 -1.2537 0.6804, 1.2031 -1.2582 0.6769, 1.2127 -1.2622 0.6707, 1.2206 -1.2655 0.6621, 1.2264 -1.2679 0.6517, 1.1775 -1.637 0.6804, 1.1819 -1.637 0.6791, 1.1891 -1.637 0.6769, 1.1937 -1.637 0.6742, 1.1995 -1.637 0.6707, 1.2038 -1.637 0.6664, 1.2081 -1.637 0.6621, 1.2116 -1.637 0.6563, 1.2143 -1.637 0.6517, 1.2165 -1.637 0.6445, 1.2178 -1.637 0.6401, 1.28 -1.8059 0.6804, 1.1802 -1.6688 0.6804, 1.1916 -1.6668 0.6769, 1.2019 -1.6651 0.6707, 1.2104 -1.6637 0.6621, 1.2165 -1.6626 0.6517, 1.2199 -1.6621 0.6401, 1.2296 -1.6953 0.6401, 1.2466 -1.7254 0.6401, 1.2986 -1.7702 0.6401, 1.2941 -1.7788 0.6621, 1.297 -1.7733 0.6517, 1.2853 -1.7957 0.6769, 1.2901 -1.7864 0.6707, 1.1924 -1.7109 0.6804, 1.2031 -1.7064 0.6769, 1.2127 -1.7023 0.6707, 1.2206 -1.699 0.6621, 1.2264 -1.6966 0.6517, 1.214 -1.7491 0.6804, 1.2234 -1.7422 0.6769, 1.2318 -1.7361 0.6707, 1.2387 -1.7311 0.6621, 1.2437 -1.7274 0.6517, 1.2437 -1.7813 0.6804, 1.2513 -1.7725 0.6769, 1.258 -1.7647 0.6707, 1.2636 -1.7582 0.6621, 1.2677 -1.7535 0.6517, 1.27 -1.7508 0.6401, 1.1802 -1.6688 0.4062, 1.2296 -1.6953 0.4465, 1.2466 -1.7254 0.4465, 1.2986 -1.7702 0.4465, 1.2178 -1.637 0.4465, 1.2199 -1.6621 0.4465, 1.2165 -1.637 0.4421, 1.2165 -1.6626 0.4349, 1.2104 -1.6637 0.4245, 1.2116 -1.637 0.4303, 1.2143 -1.637 0.4349, 1.2019 -1.6651 0.4159, 1.2038 -1.637 0.4202, 1.2081 -1.637 0.4245, 1.1916 -1.6668 0.4097, 1.1937 -1.637 0.4124, 1.1995 -1.637 0.4159, 1.1775 -1.637 0.4062, 1.1819 -1.637 0.4075, 1.1891 -1.637 0.4097, 1.28 -1.8059 0.4062, 1.2853 -1.7957 0.4097, 1.2901 -1.7864 0.4159, 1.2941 -1.7788 0.4245, 1.297 -1.7733 0.4349, 1.2437 -1.7813 0.4062, 1.2513 -1.7725 0.4097, 1.258 -1.7647 0.4159, 1.2636 -1.7582 0.4245, 1.2677 -1.7535 0.4349, 1.27 -1.7508 0.4465, 1.214 -1.7491 0.4062, 1.2234 -1.7422 0.4097, 1.2318 -1.7361 0.4159, 1.2387 -1.7311 0.4245, 1.2437 -1.7274 0.4349, 1.1924 -1.7109 0.4062, 1.2031 -1.7064 0.4097, 1.2127 -1.7023 0.4159, 1.2206 -1.699 0.4245, 1.2264 -1.6966 0.4349, 1.1775 -1.3276 0.4062, 1.1819 -1.3276 0.4075, 1.1891 -1.3276 0.4097, 1.1937 -1.3276 0.4124, 1.1995 -1.3276 0.4159, 1.2038 -1.3276 0.4202, 1.2081 -1.3276 0.4245, 1.2116 -1.3276 0.4303, 1.2143 -1.3276 0.4349, 1.2165 -1.3276 0.4421, 1.2178 -1.3276 0.4465, 1.28 -1.1586 0.4062, 1.1802 -1.2958 0.4062, 1.1916 -1.2977 0.4097, 1.2019 -1.2995 0.4159, 1.2104 -1.3009 0.4245, 1.2165 -1.3019 0.4349, 1.2199 -1.3025 0.4465, 1.2296 -1.2693 0.4465, 1.2466 -1.2392 0.4465, 1.2986 -1.1943 0.4465, 1.297 -1.1912 0.4349, 1.2941 -1.1857 0.4245, 1.2853 -1.1689 0.4097, 1.2901 -1.1781 0.4159, 1.1924 -1.2537 0.4062, 1.2031 -1.2582 0.4097, 1.2127 -1.2622 0.4159, 1.2206 -1.2655 0.4245, 1.2264 -1.2679 0.4349, 1.214 -1.2155 0.4062, 1.2234 -1.2223 0.4097, 1.2318 -1.2284 0.4159, 1.2387 -1.2335 0.4245, 1.2437 -1.2371 0.4349, 1.2437 -1.1832 0.4062, 1.2513 -1.192 0.4097, 1.258 -1.1999 0.4159, 1.2636 -1.2064 0.4245, 1.2677 -1.2111 0.4349, 1.27 -1.2137 0.4465, -1.28 -1.1586 0.6804, -1.1775 -1.3276 0.6804, -1.1802 -1.2958 0.6804, -1.1819 -1.3276 0.6791, -1.1916 -1.2977 0.6769, -1.2019 -1.2995 0.6707, -1.1937 -1.3276 0.6742, -1.1891 -1.3276 0.6769, -1.2104 -1.3009 0.6621, -1.2038 -1.3276 0.6664, -1.1995 -1.3276 0.6707, -1.2165 -1.3019 0.6517, -1.2116 -1.3276 0.6563, -1.2081 -1.3276 0.6621, -1.2178 -1.3276 0.6401, -1.2199 -1.3025 0.6401, -1.2165 -1.3276 0.6445, -1.2143 -1.3276 0.6517, -1.2296 -1.2693 0.6401, -1.2466 -1.2392 0.6401, -1.2986 -1.1943 0.6401, -1.297 -1.1912 0.6517, -1.2941 -1.1857 0.6621, -1.2853 -1.1689 0.6769, -1.2901 -1.1781 0.6707, -1.1924 -1.2537 0.6804, -1.2031 -1.2582 0.6769, -1.2127 -1.2622 0.6707, -1.2206 -1.2655 0.6621, -1.2264 -1.2679 0.6517, -1.214 -1.2155 0.6804, -1.2234 -1.2223 0.6769, -1.2318 -1.2284 0.6707, -1.2387 -1.2335 0.6621, -1.2437 -1.2371 0.6517, -1.2437 -1.1832 0.6804, -1.2513 -1.192 0.6769, -1.258 -1.1999 0.6707, -1.2636 -1.2064 0.6621, -1.2677 -1.2111 0.6517, -1.27 -1.2137 0.6401, -1.2178 -1.637 0.6401, -1.2165 -1.637 0.6445, -1.2143 -1.637 0.6517, -1.2116 -1.637 0.6563, -1.2081 -1.637 0.6621, -1.2038 -1.637 0.6664, -1.1995 -1.637 0.6707, -1.1937 -1.637 0.6742, -1.1891 -1.637 0.6769, -1.1819 -1.637 0.6791, -1.1775 -1.637 0.6804, -1.2296 -1.6953 0.6401, -1.2466 -1.7254 0.6401, -1.1802 -1.6688 0.6804, -1.28 -1.8059 0.6804, -1.2853 -1.7957 0.6769, -1.2901 -1.7864 0.6707, -1.2941 -1.7788 0.6621, -1.2986 -1.7702 0.6401, -1.297 -1.7733 0.6517, -1.2199 -1.6621 0.6401, -1.2165 -1.6626 0.6517, -1.2104 -1.6637 0.6621, -1.2019 -1.6651 0.6707, -1.1916 -1.6668 0.6769, -1.2437 -1.7813 0.6804, -1.2513 -1.7725 0.6769, -1.258 -1.7647 0.6707, -1.2636 -1.7582 0.6621, -1.2677 -1.7535 0.6517, -1.27 -1.7508 0.6401, -1.214 -1.7491 0.6804, -1.2234 -1.7422 0.6769, -1.2318 -1.7361 0.6707, -1.2387 -1.7311 0.6621, -1.2437 -1.7274 0.6517, -1.1924 -1.7109 0.6804, -1.2031 -1.7064 0.6769, -1.2127 -1.7023 0.6707, -1.2206 -1.699 0.6621, -1.2264 -1.6966 0.6517, -1.1802 -1.2958 0.4062, -1.2296 -1.2693 0.4465, -1.2466 -1.2392 0.4465, -1.2986 -1.1943 0.4465, -1.2178 -1.3276 0.4465, -1.2199 -1.3025 0.4465, -1.2165 -1.3276 0.4421, -1.2165 -1.3019 0.4349, -1.2104 -1.3009 0.4245, -1.2116 -1.3276 0.4303, -1.2143 -1.3276 0.4349, -1.2019 -1.2995 0.4159, -1.2038 -1.3276 0.4202, -1.2081 -1.3276 0.4245, -1.1916 -1.2977 0.4097, -1.1937 -1.3276 0.4124, -1.1995 -1.3276 0.4159, -1.1775 -1.3276 0.4062, -1.1819 -1.3276 0.4075, -1.1891 -1.3276 0.4097, -1.28 -1.1586 0.4062, -1.2853 -1.1689 0.4097, -1.2901 -1.1781 0.4159, -1.2941 -1.1857 0.4245, -1.297 -1.1912 0.4349, -1.2437 -1.1832 0.4062, -1.2513 -1.192 0.4097, -1.258 -1.1999 0.4159, -1.2636 -1.2064 0.4245, -1.2677 -1.2111 0.4349, -1.27 -1.2137 0.4465, -1.214 -1.2155 0.4062, -1.2234 -1.2223 0.4097, -1.2318 -1.2284 0.4159, -1.2387 -1.2335 0.4245, -1.2437 -1.2371 0.4349, -1.1924 -1.2537 0.4062, -1.2031 -1.2582 0.4097, -1.2127 -1.2622 0.4159, -1.2206 -1.2655 0.4245, -1.2264 -1.2679 0.4349, -1.2178 -1.637 0.4465, -1.2165 -1.637 0.4421, -1.2143 -1.637 0.4349, -1.2116 -1.637 0.4303, -1.2081 -1.637 0.4245, -1.2038 -1.637 0.4202, -1.1995 -1.637 0.4159, -1.1937 -1.637 0.4124, -1.1891 -1.637 0.4097, -1.1819 -1.637 0.4075, -1.1775 -1.637 0.4062, -1.28 -1.8059 0.4062, -1.1802 -1.6688 0.4062, -1.1916 -1.6668 0.4097, -1.2019 -1.6651 0.4159, -1.2104 -1.6637 0.4245, -1.2165 -1.6626 0.4349, -1.2199 -1.6621 0.4465, -1.2296 -1.6953 0.4465, -1.2466 -1.7254 0.4465, -1.2986 -1.7702 0.4465, -1.2941 -1.7788 0.4245, -1.297 -1.7733 0.4349, -1.2853 -1.7957 0.4097, -1.2901 -1.7864 0.4159, -1.1924 -1.7109 0.4062, -1.2031 -1.7064 0.4097, -1.2127 -1.7023 0.4159, -1.2206 -1.699 0.4245, -1.2264 -1.6966 0.4349, -1.214 -1.7491 0.4062, -1.2234 -1.7422 0.4097, -1.2318 -1.7361 0.4159, -1.2387 -1.7311 0.4245, -1.2437 -1.7274 0.4349, -1.2437 -1.7813 0.4062, -1.2513 -1.7725 0.4097, -1.258 -1.7647 0.4159, -1.2636 -1.7582 0.4245, -1.2677 -1.7535 0.4349, -1.27 -1.7508 0.4465, -0.3504 -1.9547 0.6417, -0.3504 -1.0492 0.6417, -0.2402 -1.0492 0.6417, -0.2402 -1.9547 0.6417, -0.7441 -1.9547 0.6417, -0.7441 -1.0492 0.6417, -0.6339 -1.0492 0.6417, -0.6339 -1.9547 0.6417, -0.5472 -2.1516 0.6417, -0.5472 -1.0492 0.6417, -0.437 -1.0492 0.6417, -0.437 -2.1516 0.6417, -0.9409 -1.9547 0.6417, -0.9409 -1.0492 0.6417, -0.8307 -1.0492 0.6417, -0.8307 -1.9547 0.6417, -0.1535 -1.9547 0.6417, -0.1535 -1.0492 0.6417, -0.0433 -1.0492 0.6417, -0.0433 -1.9547 0.6417, 0.0433 -1.0492 0.6417, 0.1535 -1.0492 0.6417, 0.1535 -1.9547 0.6417, 0.0433 -1.9547 0.6417, 0.2402 -1.0492 0.6417, 0.3504 -1.0492 0.6417, 0.3504 -1.9547 0.6417, 0.2402 -1.9547 0.6417, 0.6339 -1.0492 0.6417, 0.7441 -1.0492 0.6417, 0.7441 -1.9547 0.6417, 0.6339 -1.9547 0.6417, 0.8307 -1.0492 0.6417, 0.9409 -1.0492 0.6417, 0.9409 -1.9547 0.6417, 0.8307 -1.9547 0.6417, 0.437 -1.0492 0.6417, 0.5472 -1.0492 0.6417, 0.5472 -2.1516 0.6417, 0.437 -2.1516 0.6417, 1.0276 -1.0492 0.6417, 1.1378 -1.0492 0.6417, 1.1378 -2.1516 0.6417, 1.0276 -2.1516 0.6417, -1.1378 -2.1516 0.6417, -1.1378 -1.0492 0.6417, -1.0276 -1.0492 0.6417, -1.0276 -2.1516 0.6417, -0.3504 -1.0492 0.4449, -0.3504 -1.9547 0.4449, -0.2402 -1.9547 0.4449, -0.2402 -1.0492 0.4449, -0.7441 -1.0492 0.4449, -0.7441 -1.9547 0.4449, -0.6339 -1.9547 0.4449, -0.6339 -1.0492 0.4449, -0.5472 -1.0492 0.4449, -0.5472 -2.1516 0.4449, -0.437 -2.1516 0.4449, -0.437 -1.0492 0.4449, -0.9409 -1.0492 0.4449, -0.9409 -1.9547 0.4449, -0.8307 -1.9547 0.4449, -0.8307 -1.0492 0.4449, -0.1535 -1.0492 0.4449, -0.1535 -1.9547 0.4449, -0.0433 -1.9547 0.4449, -0.0433 -1.0492 0.4449, 0.1535 -1.0492 0.4449, 0.0433 -1.0492 0.4449, 0.0433 -1.9547 0.4449, 0.1535 -1.9547 0.4449, 0.3504 -1.0492 0.4449, 0.2402 -1.0492 0.4449, 0.2402 -1.9547 0.4449, 0.3504 -1.9547 0.4449, 0.7441 -1.0492 0.4449, 0.6339 -1.0492 0.4449, 0.6339 -1.9547 0.4449, 0.7441 -1.9547 0.4449, 0.9409 -1.0492 0.4449, 0.8307 -1.0492 0.4449, 0.8307 -1.9547 0.4449, 0.9409 -1.9547 0.4449, 0.5472 -1.0492 0.4449, 0.437 -1.0492 0.4449, 0.437 -2.1516 0.4449, 0.5472 -2.1516 0.4449, 1.1378 -1.0492 0.4449, 1.0276 -1.0492 0.4449, 1.0276 -2.1516 0.4449, 1.1378 -2.1516 0.4449, -1.1378 -1.0492 0.4449, -1.1378 -2.1516 0.4449, -1.0276 -2.1516 0.4449, -1.0276 -1.0492 0.4449, 0.689 -1.3276 0.5728, 0.689 -1.3276 0.5138, -0.689 -1.3276 0.5728, -0.689 -1.3276 0.5138
            ]
        }
        coordIndex [
            0,1,2,-1,2,1,3,-1,4,5,6,-1,6,5,7,-1,8,9,10,-1,10,9,11,-1,12,13,14,-1,14,13,15,-1,16,17,18,-1,18,17,19,-1,20,21,22,-1,22,21,23,-1,24,25,26,-1,26,25,27,-1,28,29,30,-1,30,29,31,-1,32,33,34,-1,34,33,35,-1,36,37,38,-1,38,37,39,-1,40,41,42,-1,42,41,43,-1,44,45,46,-1,46,45,47,-1,48,49,50,-1,50,49,51,-1,52,53,54,-1,54,53,55,-1,56,57,50,-1,50,51,56,-1,56,51,58,-1,56,58,59,-1,60,61,54,-1,54,55,60,-1,60,55,62,-1,60,62,63,-1,64,65,66,-1,66,65,67,-1,68,69,70,-1,48,68,49,-1,49,68,70,-1,49,70,71,-1,71,70,72,-1,69,68,73,-1,73,68,74,-1,73,74,75,-1,75,74,76,-1,76,74,77,-1,76,77,78,-1,78,77,79,-1,79,77,80,-1,79,80,81,-1,81,80,82,-1,82,80,66,-1,82,66,67,-1,52,83,53,-1,53,83,84,-1,53,84,85,-1,85,84,86,-1,87,88,89,-1,89,88,90,-1,88,91,90,-1,90,91,92,-1,90,92,93,-1,92,94,93,-1,93,94,95,-1,93,95,96,-1,95,97,96,-1,96,97,98,-1,96,98,83,-1,83,98,99,-1,83,99,84,-1,100,101,89,-1,89,101,87,-1,102,103,104,-1,105,106,107,-1,108,109,107,-1,107,109,110,-1,107,110,105,-1,111,112,105,-1,105,112,113,-1,105,113,114,-1,115,116,117,-1,117,116,118,-1,119,120,121,-1,122,123,114,-1,114,123,124,-1,114,124,105,-1,105,124,102,-1,105,102,106,-1,106,102,104,-1,125,126,127,-1,128,129,130,-1,130,129,127,-1,131,132,133,-1,133,132,134,-1,135,136,137,-1,137,136,138,-1,137,138,139,-1,126,140,127,-1,127,140,141,-1,127,141,130,-1,142,137,119,-1,143,144,145,-1,117,146,134,-1,134,146,142,-1,147,148,149,-1,149,148,150,-1,149,150,151,-1,151,150,152,-1,151,152,153,-1,153,152,154,-1,137,142,135,-1,135,142,155,-1,135,155,156,-1,121,143,119,-1,119,143,145,-1,119,145,142,-1,142,145,105,-1,142,105,134,-1,134,105,110,-1,134,110,133,-1,157,158,159,-1,159,158,145,-1,159,145,160,-1,160,145,144,-1,160,144,161,-1,161,144,162,-1,163,164,165,-1,165,164,166,-1,165,166,167,-1,168,169,170,-1,170,169,171,-1,170,171,172,-1,167,173,165,-1,165,173,174,-1,165,174,175,-1,118,152,117,-1,117,152,150,-1,117,150,146,-1,146,150,170,-1,146,170,176,-1,176,170,172,-1,176,172,177,-1,139,178,137,-1,137,178,179,-1,137,179,127,-1,127,179,180,-1,127,180,125,-1,175,181,165,-1,165,181,182,-1,165,182,170,-1,170,182,183,-1,170,183,168,-1,184,185,186,-1,186,185,187,-1,188,189,190,-1,190,189,186,-1,190,186,191,-1,191,186,187,-1,188,192,189,-1,189,192,193,-1,189,193,194,-1,194,195,189,-1,189,195,196,-1,189,196,197,-1,197,198,189,-1,189,198,199,-1,189,199,200,-1,201,202,200,-1,200,202,203,-1,200,203,189,-1,189,203,204,-1,203,205,204,-1,204,205,206,-1,204,206,207,-1,206,208,207,-1,207,208,209,-1,207,209,210,-1,209,211,210,-1,210,211,212,-1,210,212,213,-1,214,215,216,-1,216,215,217,-1,216,217,218,-1,212,219,213,-1,213,219,220,-1,213,220,221,-1,221,220,222,-1,221,222,223,-1,223,222,216,-1,223,216,224,-1,224,216,218,-1,184,186,225,-1,225,186,226,-1,227,228,229,-1,230,231,232,-1,232,231,233,-1,232,233,234,-1,230,235,231,-1,231,235,236,-1,231,236,237,-1,238,239,240,-1,128,233,129,-1,129,233,231,-1,129,231,241,-1,241,231,238,-1,241,238,242,-1,242,238,240,-1,229,228,243,-1,228,244,243,-1,243,244,245,-1,243,245,239,-1,239,245,246,-1,239,246,240,-1,227,229,247,-1,247,229,248,-1,247,248,249,-1,248,250,249,-1,249,250,251,-1,249,251,252,-1,252,253,249,-1,249,253,254,-1,249,254,255,-1,256,257,226,-1,226,257,258,-1,226,258,225,-1,237,259,231,-1,231,259,260,-1,231,260,226,-1,226,260,261,-1,226,261,256,-1,262,263,264,-1,264,263,265,-1,266,267,268,-1,268,267,264,-1,268,264,269,-1,269,264,265,-1,266,270,271,-1,271,270,272,-1,271,272,273,-1,273,274,271,-1,271,274,275,-1,271,275,276,-1,276,277,271,-1,271,277,278,-1,271,278,279,-1,279,280,271,-1,271,280,164,-1,271,164,163,-1,266,271,267,-1,267,271,163,-1,267,163,281,-1,163,282,281,-1,281,282,283,-1,281,283,284,-1,283,285,284,-1,284,285,286,-1,284,286,287,-1,286,288,287,-1,287,288,289,-1,287,289,290,-1,291,292,293,-1,293,292,294,-1,293,294,295,-1,289,296,290,-1,290,296,297,-1,290,297,298,-1,298,297,299,-1,298,299,300,-1,300,299,293,-1,300,293,301,-1,301,293,295,-1,262,264,302,-1,302,264,303,-1,304,305,306,-1,307,308,309,-1,309,310,307,-1,307,310,311,-1,307,311,312,-1,312,313,307,-1,307,313,314,-1,307,314,315,-1,315,316,307,-1,307,316,317,-1,307,317,318,-1,319,320,321,-1,308,322,323,-1,323,322,319,-1,323,319,324,-1,324,319,321,-1,306,305,325,-1,305,326,325,-1,325,326,327,-1,325,327,320,-1,320,327,328,-1,320,328,321,-1,304,306,329,-1,329,306,330,-1,329,330,331,-1,330,332,331,-1,331,332,333,-1,331,333,334,-1,334,335,331,-1,331,335,336,-1,331,336,337,-1,338,339,303,-1,303,339,340,-1,303,340,302,-1,308,307,322,-1,322,307,318,-1,322,318,303,-1,303,318,341,-1,303,341,338,-1,342,343,344,-1,214,216,345,-1,345,216,342,-1,345,342,346,-1,346,342,344,-1,347,348,349,-1,349,348,350,-1,349,350,351,-1,249,255,349,-1,349,255,352,-1,349,352,347,-1,353,354,343,-1,343,354,355,-1,343,355,356,-1,356,355,357,-1,358,359,360,-1,360,359,351,-1,360,351,361,-1,361,351,362,-1,360,361,363,-1,360,363,364,-1,364,363,365,-1,364,365,366,-1,366,365,367,-1,366,367,368,-1,368,367,291,-1,291,367,369,-1,291,369,292,-1,292,369,370,-1,370,369,371,-1,370,371,295,-1,295,371,372,-1,372,371,373,-1,372,373,300,-1,374,334,375,-1,375,334,333,-1,375,333,332,-1,376,337,377,-1,377,337,336,-1,377,336,374,-1,374,336,335,-1,374,335,334,-1,377,378,376,-1,376,378,379,-1,376,379,380,-1,380,379,381,-1,380,381,382,-1,382,381,383,-1,382,383,384,-1,384,383,357,-1,384,357,355,-1,343,356,385,-1,343,385,344,-1,344,385,386,-1,344,386,346,-1,346,386,387,-1,346,387,345,-1,345,387,214,-1,214,387,388,-1,214,388,215,-1,215,388,389,-1,389,388,390,-1,389,390,218,-1,218,390,391,-1,391,390,392,-1,391,392,223,-1,393,252,394,-1,394,252,251,-1,394,251,250,-1,352,255,395,-1,395,255,254,-1,395,254,393,-1,393,254,253,-1,393,253,252,-1,395,396,352,-1,352,396,397,-1,352,397,347,-1,347,397,398,-1,347,398,348,-1,348,398,399,-1,348,399,350,-1,350,399,362,-1,350,362,351,-1,210,400,207,-1,207,400,401,-1,207,401,204,-1,223,392,221,-1,221,392,402,-1,221,402,213,-1,213,402,403,-1,213,403,210,-1,210,403,404,-1,210,404,400,-1,394,250,405,-1,405,250,248,-1,405,248,406,-1,406,248,229,-1,406,229,407,-1,407,229,243,-1,407,243,408,-1,408,243,239,-1,401,409,204,-1,204,409,410,-1,204,410,189,-1,189,410,411,-1,189,411,186,-1,186,411,226,-1,226,411,412,-1,226,412,231,-1,231,412,413,-1,231,413,238,-1,238,413,414,-1,238,414,239,-1,239,414,415,-1,239,415,408,-1,416,417,418,-1,419,420,421,-1,420,422,421,-1,421,422,423,-1,421,423,424,-1,416,418,421,-1,421,418,425,-1,421,425,419,-1,426,427,428,-1,428,427,429,-1,430,3,431,-1,431,3,1,-1,432,429,433,-1,433,429,427,-1,1,0,434,-1,1,434,431,-1,431,434,435,-1,431,435,426,-1,436,10,11,-1,437,438,426,-1,11,437,436,-1,436,437,426,-1,436,426,439,-1,439,426,435,-1,439,435,7,-1,7,435,6,-1,440,18,19,-1,441,442,426,-1,19,441,440,-1,440,441,426,-1,440,426,443,-1,443,426,438,-1,443,438,15,-1,15,438,14,-1,444,26,27,-1,445,446,426,-1,27,445,444,-1,444,445,426,-1,444,426,447,-1,447,426,442,-1,447,442,23,-1,23,442,22,-1,448,34,35,-1,449,450,426,-1,35,449,448,-1,448,449,426,-1,448,426,451,-1,451,426,446,-1,451,446,31,-1,31,446,30,-1,452,42,43,-1,453,454,426,-1,43,453,452,-1,452,453,426,-1,452,426,455,-1,455,426,450,-1,455,450,39,-1,39,450,38,-1,433,427,456,-1,456,427,426,-1,456,426,457,-1,457,426,454,-1,457,454,47,-1,47,454,46,-1,394,405,458,-1,459,460,458,-1,458,460,428,-1,361,424,373,-1,373,424,461,-1,361,362,424,-1,424,362,430,-1,424,430,421,-1,421,430,462,-1,394,458,393,-1,25,24,463,-1,463,24,464,-1,429,432,465,-1,45,44,466,-1,466,44,467,-1,468,33,32,-1,367,373,369,-1,369,373,371,-1,367,365,373,-1,373,365,363,-1,373,363,361,-1,469,17,16,-1,396,399,397,-1,397,399,398,-1,458,362,393,-1,393,362,399,-1,393,399,395,-1,395,399,396,-1,470,471,430,-1,16,470,469,-1,469,470,430,-1,469,430,472,-1,472,430,473,-1,472,473,20,-1,20,473,21,-1,29,28,474,-1,474,28,475,-1,476,9,8,-1,429,465,428,-1,428,465,466,-1,428,466,458,-1,458,466,467,-1,458,467,477,-1,478,479,430,-1,8,478,476,-1,476,478,430,-1,476,430,480,-1,480,430,471,-1,480,471,12,-1,12,471,13,-1,41,40,477,-1,477,40,481,-1,477,481,458,-1,458,481,482,-1,2,3,483,-1,483,3,430,-1,483,430,484,-1,484,430,479,-1,484,479,4,-1,4,479,5,-1,32,485,468,-1,468,485,458,-1,468,458,486,-1,486,458,482,-1,486,482,36,-1,36,482,37,-1,485,474,458,-1,458,474,475,-1,458,475,362,-1,362,475,463,-1,362,463,430,-1,430,463,464,-1,430,464,473,-1,462,430,487,-1,487,430,431,-1,487,431,488,-1,428,460,426,-1,426,460,489,-1,490,431,491,-1,491,431,426,-1,491,426,492,-1,490,493,431,-1,431,493,494,-1,431,494,495,-1,495,496,431,-1,431,496,497,-1,431,497,488,-1,489,498,426,-1,426,498,499,-1,426,499,500,-1,500,501,426,-1,426,501,502,-1,426,502,492,-1,503,412,504,-1,504,412,411,-1,504,411,505,-1,505,411,489,-1,505,489,459,-1,459,489,460,-1,416,421,462,-1,506,507,508,-1,508,509,506,-1,506,509,416,-1,506,416,487,-1,487,416,462,-1,506,487,488,-1,506,488,510,-1,510,488,497,-1,510,497,511,-1,511,497,496,-1,511,496,512,-1,512,496,495,-1,512,495,513,-1,513,495,494,-1,513,494,514,-1,514,494,493,-1,514,493,515,-1,515,493,490,-1,515,490,516,-1,356,357,490,-1,491,402,392,-1,490,491,356,-1,356,491,392,-1,356,392,385,-1,388,387,386,-1,516,490,375,-1,375,490,357,-1,375,357,374,-1,374,357,383,-1,385,392,386,-1,386,392,390,-1,386,390,388,-1,383,381,374,-1,374,381,379,-1,374,379,377,-1,377,379,378,-1,402,491,492,-1,402,492,403,-1,403,492,502,-1,403,502,404,-1,404,502,501,-1,404,501,400,-1,400,501,500,-1,400,500,401,-1,401,500,499,-1,401,499,409,-1,409,499,498,-1,409,498,410,-1,410,498,489,-1,410,489,411,-1,517,505,518,-1,518,505,459,-1,518,459,519,-1,520,459,521,-1,521,459,458,-1,520,522,459,-1,459,522,523,-1,459,523,519,-1,524,518,519,-1,525,524,414,-1,414,413,525,-1,525,413,412,-1,525,412,503,-1,524,519,414,-1,414,519,523,-1,414,523,415,-1,415,523,522,-1,415,522,408,-1,408,522,520,-1,408,520,407,-1,407,520,521,-1,407,521,406,-1,406,521,458,-1,406,458,405,-1,526,508,527,-1,527,508,507,-1,425,418,528,-1,526,527,528,-1,528,527,529,-1,528,529,425,-1,425,529,530,-1,425,530,419,-1,419,530,531,-1,419,531,420,-1,420,531,532,-1,420,532,422,-1,422,532,533,-1,422,533,423,-1,423,533,461,-1,423,461,424,-1,300,373,298,-1,298,373,461,-1,298,461,290,-1,290,461,533,-1,290,533,287,-1,375,332,516,-1,516,332,330,-1,516,330,515,-1,515,330,306,-1,515,306,514,-1,514,306,325,-1,514,325,513,-1,513,325,320,-1,281,527,267,-1,267,527,507,-1,267,507,264,-1,533,532,287,-1,287,532,531,-1,287,531,284,-1,284,531,530,-1,284,530,281,-1,281,530,529,-1,281,529,527,-1,264,507,303,-1,303,507,506,-1,303,506,322,-1,322,506,510,-1,322,510,319,-1,319,510,511,-1,319,511,320,-1,320,511,512,-1,320,512,513,-1,534,528,417,-1,417,528,418,-1,509,508,534,-1,534,508,526,-1,534,526,528,-1,509,534,416,-1,416,534,417,-1,524,525,535,-1,535,525,503,-1,535,503,504,-1,517,518,535,-1,535,518,524,-1,517,535,505,-1,505,535,504,-1,380,382,536,-1,536,382,384,-1,536,384,355,-1,331,337,536,-1,536,337,376,-1,536,376,380,-1,537,538,539,-1,540,541,542,-1,542,541,537,-1,542,537,543,-1,541,544,545,-1,541,545,537,-1,537,545,546,-1,537,546,547,-1,543,537,548,-1,548,537,539,-1,548,539,549,-1,550,551,552,-1,549,539,552,-1,552,539,553,-1,552,553,550,-1,554,555,556,-1,556,555,557,-1,556,557,558,-1,558,557,559,-1,560,561,562,-1,559,557,562,-1,562,557,563,-1,562,563,560,-1,561,564,562,-1,562,564,565,-1,562,565,566,-1,551,567,552,-1,552,567,568,-1,552,568,566,-1,566,568,569,-1,566,569,562,-1,570,555,571,-1,571,555,554,-1,572,573,574,-1,574,573,575,-1,574,575,576,-1,576,577,574,-1,574,577,59,-1,574,59,578,-1,578,59,58,-1,578,58,579,-1,51,49,58,-1,58,49,71,-1,71,72,58,-1,58,72,580,-1,58,580,579,-1,581,582,574,-1,574,582,583,-1,574,583,572,-1,572,583,584,-1,572,584,573,-1,581,585,582,-1,582,585,586,-1,582,586,587,-1,587,588,582,-1,582,588,589,-1,582,589,590,-1,155,591,592,-1,593,594,592,-1,592,594,156,-1,592,156,155,-1,591,595,592,-1,592,595,596,-1,592,596,597,-1,597,598,592,-1,592,598,599,-1,592,599,600,-1,590,593,582,-1,582,593,592,-1,582,592,601,-1,601,592,600,-1,602,360,364,-1,291,293,368,-1,368,293,602,-1,368,602,366,-1,366,602,364,-1,603,604,605,-1,605,604,606,-1,603,607,604,-1,604,607,608,-1,604,608,609,-1,609,610,604,-1,604,610,611,-1,604,611,612,-1,612,176,613,-1,613,176,177,-1,613,177,614,-1,614,615,613,-1,613,615,616,-1,613,616,617,-1,617,618,613,-1,613,618,619,-1,613,619,612,-1,612,619,620,-1,612,620,604,-1,621,622,623,-1,623,622,624,-1,623,624,625,-1,625,624,626,-1,627,628,629,-1,626,624,629,-1,629,624,630,-1,629,630,627,-1,628,631,629,-1,629,631,632,-1,629,632,633,-1,606,604,633,-1,633,604,634,-1,633,634,629,-1,635,622,636,-1,636,622,621,-1,637,638,639,-1,639,638,640,-1,639,641,637,-1,637,641,642,-1,637,642,638,-1,638,642,643,-1,638,643,644,-1,644,645,638,-1,638,645,63,-1,638,63,646,-1,646,63,62,-1,646,62,647,-1,55,53,62,-1,62,53,85,-1,85,86,62,-1,62,86,648,-1,62,648,647,-1,649,650,651,-1,652,653,654,-1,654,653,655,-1,652,656,653,-1,653,656,657,-1,653,657,658,-1,658,657,659,-1,658,660,653,-1,653,660,661,-1,653,661,662,-1,662,663,653,-1,653,663,664,-1,653,664,665,-1,651,655,649,-1,649,655,653,-1,649,653,666,-1,666,653,665,-1,638,667,640,-1,640,667,650,-1,640,650,668,-1,668,650,649,-1,227,247,669,-1,669,247,249,-1,669,249,349,-1,670,163,165,-1,246,245,669,-1,299,670,293,-1,293,670,602,-1,245,244,669,-1,669,244,228,-1,669,228,227,-1,165,148,670,-1,670,148,147,-1,670,147,153,-1,299,297,670,-1,670,297,296,-1,670,296,289,-1,289,288,670,-1,670,288,286,-1,670,286,285,-1,241,242,669,-1,669,242,240,-1,669,240,246,-1,285,283,670,-1,670,283,282,-1,670,282,163,-1,153,154,670,-1,670,154,116,-1,670,116,115,-1,115,132,670,-1,670,132,131,-1,670,131,109,-1,109,108,670,-1,670,108,104,-1,670,104,669,-1,669,104,103,-1,669,103,123,-1,123,122,669,-1,669,122,112,-1,669,112,111,-1,111,158,669,-1,669,158,157,-1,669,157,161,-1,161,162,669,-1,669,162,121,-1,669,121,120,-1,120,127,669,-1,669,127,129,-1,669,129,241,-1,331,536,671,-1,203,672,673,-1,673,672,674,-1,326,305,671,-1,212,211,673,-1,673,211,209,-1,673,209,208,-1,208,206,673,-1,673,206,205,-1,673,205,203,-1,305,304,671,-1,671,304,329,-1,671,329,331,-1,222,673,216,-1,216,673,342,-1,222,220,673,-1,673,220,219,-1,673,219,212,-1,674,675,673,-1,673,675,676,-1,673,676,677,-1,321,671,324,-1,324,671,323,-1,321,328,671,-1,671,328,327,-1,671,327,326,-1,677,678,673,-1,673,678,679,-1,673,679,680,-1,680,681,673,-1,673,681,682,-1,673,682,683,-1,683,684,673,-1,673,684,685,-1,673,685,671,-1,671,685,686,-1,686,687,671,-1,671,687,688,-1,671,688,689,-1,689,690,671,-1,671,690,691,-1,671,691,692,-1,692,693,671,-1,671,693,694,-1,671,694,695,-1,695,696,671,-1,671,696,308,-1,671,308,323,-1,343,342,353,-1,353,342,673,-1,354,671,355,-1,355,671,536,-1,353,673,354,-1,354,673,671,-1,359,669,351,-1,351,669,349,-1,358,670,359,-1,359,670,669,-1,360,602,358,-1,358,602,670,-1,697,698,699,-1,700,701,697,-1,699,702,703,-1,703,702,704,-1,705,687,686,-1,695,694,703,-1,703,694,706,-1,679,678,698,-1,698,678,707,-1,708,709,704,-1,704,709,710,-1,704,710,711,-1,309,308,712,-1,712,308,696,-1,712,696,713,-1,689,688,714,-1,714,688,715,-1,714,715,705,-1,716,697,717,-1,717,697,701,-1,717,701,684,-1,684,701,685,-1,704,702,708,-1,708,702,660,-1,708,660,658,-1,718,719,696,-1,696,719,720,-1,696,720,713,-1,686,700,705,-1,705,700,697,-1,705,697,714,-1,714,697,699,-1,714,699,721,-1,721,699,703,-1,721,703,722,-1,722,703,706,-1,691,690,723,-1,723,690,721,-1,723,721,724,-1,724,721,722,-1,724,722,692,-1,692,722,693,-1,675,674,725,-1,725,674,726,-1,725,726,727,-1,727,726,728,-1,727,728,676,-1,676,728,677,-1,681,680,729,-1,729,680,697,-1,729,697,730,-1,730,697,716,-1,730,716,682,-1,682,716,683,-1,203,202,672,-1,672,202,731,-1,672,731,732,-1,732,733,672,-1,672,733,734,-1,672,734,735,-1,736,737,738,-1,738,737,739,-1,738,739,740,-1,711,741,704,-1,704,741,742,-1,704,742,696,-1,696,742,743,-1,696,743,718,-1,707,728,698,-1,698,728,726,-1,698,726,699,-1,699,726,738,-1,699,738,546,-1,546,738,740,-1,546,740,547,-1,735,744,672,-1,672,744,745,-1,672,745,738,-1,738,745,746,-1,738,746,736,-1,747,61,60,-1,56,748,749,-1,749,748,750,-1,751,752,753,-1,57,56,754,-1,754,56,749,-1,754,749,753,-1,753,749,747,-1,753,747,751,-1,751,747,60,-1,570,752,555,-1,555,752,751,-1,555,751,557,-1,557,751,563,-1,635,750,622,-1,622,750,748,-1,622,748,624,-1,624,748,630,-1,755,187,185,-1,184,225,756,-1,756,225,258,-1,756,258,257,-1,757,758,759,-1,757,759,64,-1,65,64,760,-1,760,64,759,-1,760,759,761,-1,761,759,762,-1,761,762,763,-1,763,762,764,-1,763,764,765,-1,765,764,766,-1,765,766,767,-1,767,766,768,-1,767,768,769,-1,769,768,770,-1,769,770,771,-1,771,770,772,-1,771,772,773,-1,773,772,774,-1,773,774,756,-1,756,774,755,-1,756,755,184,-1,184,755,185,-1,775,776,757,-1,757,776,758,-1,777,778,571,-1,571,554,777,-1,777,554,556,-1,777,556,558,-1,777,779,778,-1,778,779,780,-1,778,780,781,-1,780,782,781,-1,781,782,783,-1,781,783,784,-1,783,785,784,-1,784,785,786,-1,784,786,787,-1,776,775,788,-1,788,775,787,-1,788,787,789,-1,789,787,786,-1,790,265,263,-1,262,302,791,-1,791,302,340,-1,791,340,339,-1,263,262,790,-1,790,262,791,-1,790,791,792,-1,792,791,793,-1,792,793,794,-1,794,793,795,-1,794,795,796,-1,796,795,797,-1,796,797,798,-1,798,797,799,-1,798,799,800,-1,800,799,801,-1,800,801,802,-1,802,801,803,-1,802,803,804,-1,804,803,805,-1,804,805,806,-1,806,805,807,-1,807,101,100,-1,807,100,806,-1,806,100,808,-1,806,808,809,-1,810,811,636,-1,636,621,810,-1,810,621,623,-1,810,623,625,-1,812,813,814,-1,814,813,815,-1,816,817,815,-1,815,817,818,-1,815,818,814,-1,819,820,816,-1,816,820,821,-1,816,821,817,-1,810,822,811,-1,811,822,823,-1,811,823,819,-1,819,823,824,-1,819,824,820,-1,813,812,808,-1,808,812,809,-1,825,751,826,-1,827,828,829,-1,830,831,832,-1,751,60,830,-1,830,832,751,-1,751,832,833,-1,751,833,834,-1,834,835,751,-1,751,835,836,-1,751,836,827,-1,837,838,829,-1,829,838,839,-1,829,839,827,-1,825,826,840,-1,841,842,751,-1,751,842,843,-1,751,843,826,-1,839,844,827,-1,827,844,702,-1,827,702,751,-1,751,702,699,-1,751,699,841,-1,845,846,826,-1,826,846,847,-1,826,847,840,-1,826,848,845,-1,845,848,849,-1,845,849,850,-1,850,849,851,-1,852,748,853,-1,854,855,856,-1,857,858,859,-1,748,56,857,-1,857,859,748,-1,748,859,860,-1,748,860,861,-1,861,862,748,-1,748,862,863,-1,748,863,854,-1,864,865,856,-1,856,865,866,-1,856,866,854,-1,852,853,867,-1,868,869,748,-1,748,869,870,-1,748,870,853,-1,866,871,854,-1,854,871,142,-1,854,142,748,-1,748,142,146,-1,748,146,868,-1,872,873,853,-1,853,873,874,-1,853,874,867,-1,853,875,872,-1,872,875,876,-1,872,876,877,-1,877,876,878,-1,879,718,743,-1,805,803,880,-1,801,799,881,-1,339,338,882,-1,795,793,882,-1,882,793,791,-1,882,791,339,-1,101,807,883,-1,883,807,884,-1,883,884,885,-1,885,884,886,-1,887,888,886,-1,886,888,889,-1,886,889,885,-1,890,891,887,-1,887,891,892,-1,887,892,888,-1,893,894,890,-1,890,894,895,-1,890,895,891,-1,743,896,879,-1,879,896,897,-1,879,897,893,-1,893,897,898,-1,893,898,894,-1,899,310,712,-1,712,310,309,-1,314,313,900,-1,900,313,312,-1,900,312,899,-1,899,312,311,-1,899,311,310,-1,900,901,314,-1,314,901,902,-1,314,902,315,-1,338,341,882,-1,882,341,318,-1,882,318,903,-1,903,318,317,-1,903,317,902,-1,902,317,316,-1,902,316,315,-1,712,713,899,-1,899,713,904,-1,899,904,900,-1,900,904,905,-1,900,905,901,-1,901,905,906,-1,901,906,902,-1,902,906,907,-1,902,907,903,-1,903,907,908,-1,903,908,882,-1,882,908,909,-1,882,909,795,-1,795,909,797,-1,713,720,904,-1,904,720,910,-1,904,910,905,-1,905,910,911,-1,905,911,906,-1,906,911,912,-1,906,912,907,-1,907,912,913,-1,907,913,908,-1,908,913,914,-1,908,914,909,-1,909,914,881,-1,909,881,797,-1,797,881,799,-1,720,719,910,-1,910,719,915,-1,910,915,911,-1,911,915,916,-1,911,916,912,-1,912,916,917,-1,912,917,913,-1,913,917,918,-1,913,918,914,-1,914,918,919,-1,914,919,881,-1,881,919,880,-1,881,880,801,-1,801,880,803,-1,719,718,915,-1,915,718,879,-1,915,879,916,-1,916,879,893,-1,916,893,917,-1,917,893,890,-1,917,890,918,-1,918,890,887,-1,918,887,919,-1,919,887,886,-1,919,886,880,-1,880,886,884,-1,880,884,805,-1,805,884,807,-1,743,742,896,-1,896,742,920,-1,896,920,897,-1,897,920,921,-1,897,921,898,-1,898,921,922,-1,898,922,894,-1,894,922,923,-1,894,923,895,-1,895,923,924,-1,895,924,891,-1,891,924,925,-1,891,925,892,-1,892,925,926,-1,892,926,888,-1,888,926,927,-1,888,927,889,-1,889,927,928,-1,889,928,885,-1,885,928,929,-1,885,929,883,-1,883,929,930,-1,883,930,101,-1,101,930,87,-1,708,658,659,-1,708,659,931,-1,742,741,920,-1,920,741,932,-1,920,932,921,-1,921,932,933,-1,934,923,933,-1,933,923,922,-1,933,922,921,-1,935,925,934,-1,934,925,924,-1,934,924,923,-1,936,927,935,-1,935,927,926,-1,935,926,925,-1,87,930,937,-1,937,930,929,-1,937,929,936,-1,936,929,928,-1,936,928,927,-1,92,91,937,-1,937,91,88,-1,937,88,87,-1,95,94,938,-1,98,97,939,-1,940,648,84,-1,84,648,86,-1,941,650,942,-1,942,650,667,-1,667,638,942,-1,942,638,646,-1,942,646,940,-1,940,646,647,-1,940,647,648,-1,943,654,944,-1,944,654,655,-1,944,655,941,-1,941,655,651,-1,941,651,650,-1,659,657,931,-1,931,657,656,-1,931,656,943,-1,943,656,652,-1,943,652,654,-1,741,711,932,-1,932,711,945,-1,932,945,933,-1,933,945,946,-1,933,946,934,-1,934,946,947,-1,934,947,935,-1,935,947,948,-1,935,948,936,-1,936,948,949,-1,936,949,937,-1,937,949,938,-1,937,938,92,-1,92,938,94,-1,711,710,945,-1,945,710,950,-1,945,950,946,-1,946,950,951,-1,946,951,947,-1,947,951,952,-1,947,952,948,-1,948,952,953,-1,948,953,949,-1,949,953,954,-1,949,954,938,-1,938,954,939,-1,938,939,95,-1,95,939,97,-1,710,709,950,-1,950,709,955,-1,950,955,951,-1,951,955,956,-1,951,956,952,-1,952,956,957,-1,952,957,953,-1,953,957,958,-1,953,958,954,-1,954,958,959,-1,954,959,939,-1,939,959,960,-1,939,960,98,-1,98,960,99,-1,709,708,955,-1,955,708,931,-1,955,931,956,-1,956,931,943,-1,956,943,957,-1,957,943,944,-1,957,944,958,-1,958,944,941,-1,958,941,959,-1,959,941,942,-1,959,942,960,-1,960,942,940,-1,960,940,99,-1,99,940,84,-1,961,183,182,-1,818,817,962,-1,821,820,963,-1,625,626,964,-1,823,822,964,-1,964,822,810,-1,964,810,625,-1,812,814,965,-1,965,814,966,-1,965,966,967,-1,967,966,968,-1,969,970,968,-1,968,970,971,-1,968,971,967,-1,972,973,969,-1,969,973,974,-1,969,974,970,-1,975,976,972,-1,972,976,977,-1,972,977,973,-1,182,978,961,-1,961,978,979,-1,961,979,975,-1,975,979,980,-1,975,980,976,-1,981,614,172,-1,172,614,177,-1,618,617,982,-1,982,617,616,-1,982,616,981,-1,981,616,615,-1,981,615,614,-1,982,983,618,-1,618,983,984,-1,618,984,619,-1,626,629,964,-1,964,629,634,-1,964,634,985,-1,985,634,604,-1,985,604,984,-1,984,604,620,-1,984,620,619,-1,172,171,981,-1,981,171,986,-1,981,986,982,-1,982,986,987,-1,982,987,983,-1,983,987,988,-1,983,988,984,-1,984,988,989,-1,984,989,985,-1,985,989,990,-1,985,990,964,-1,964,990,991,-1,964,991,823,-1,823,991,824,-1,171,169,986,-1,986,169,992,-1,986,992,987,-1,987,992,993,-1,987,993,988,-1,988,993,994,-1,988,994,989,-1,989,994,995,-1,989,995,990,-1,990,995,996,-1,990,996,991,-1,991,996,963,-1,991,963,824,-1,824,963,820,-1,169,168,992,-1,992,168,997,-1,992,997,993,-1,993,997,998,-1,993,998,994,-1,994,998,999,-1,994,999,995,-1,995,999,1000,-1,995,1000,996,-1,996,1000,1001,-1,996,1001,963,-1,963,1001,962,-1,963,962,821,-1,821,962,817,-1,168,183,997,-1,997,183,961,-1,997,961,998,-1,998,961,975,-1,998,975,999,-1,999,975,972,-1,999,972,1000,-1,1000,972,969,-1,1000,969,1001,-1,1001,969,968,-1,1001,968,962,-1,962,968,966,-1,962,966,818,-1,818,966,814,-1,182,181,978,-1,978,181,1002,-1,978,1002,979,-1,979,1002,1003,-1,979,1003,980,-1,980,1003,1004,-1,980,1004,976,-1,976,1004,1005,-1,976,1005,977,-1,977,1005,1006,-1,977,1006,973,-1,973,1006,1007,-1,973,1007,974,-1,974,1007,1008,-1,974,1008,970,-1,970,1008,1009,-1,970,1009,971,-1,971,1009,1010,-1,971,1010,967,-1,967,1010,1011,-1,967,1011,965,-1,965,1011,1012,-1,965,1012,812,-1,812,1012,809,-1,166,164,280,-1,166,280,1013,-1,181,175,1002,-1,1002,175,1014,-1,1002,1014,1003,-1,1003,1014,1015,-1,1016,1005,1015,-1,1015,1005,1004,-1,1015,1004,1003,-1,1017,1007,1016,-1,1016,1007,1006,-1,1016,1006,1005,-1,1018,1009,1017,-1,1017,1009,1008,-1,1017,1008,1007,-1,809,1012,1019,-1,1019,1012,1011,-1,1019,1011,1018,-1,1018,1011,1010,-1,1018,1010,1009,-1,802,804,1019,-1,1019,804,806,-1,1019,806,809,-1,798,800,1020,-1,794,796,1021,-1,265,790,269,-1,269,790,1022,-1,269,1022,268,-1,268,1022,266,-1,266,1022,1023,-1,266,1023,270,-1,1024,273,1023,-1,1023,273,272,-1,1023,272,270,-1,1025,276,1026,-1,1026,276,275,-1,1026,275,1024,-1,1024,275,274,-1,1024,274,273,-1,280,279,1013,-1,1013,279,278,-1,1013,278,1025,-1,1025,278,277,-1,1025,277,276,-1,175,174,1014,-1,1014,174,1027,-1,1014,1027,1015,-1,1015,1027,1028,-1,1015,1028,1016,-1,1016,1028,1029,-1,1016,1029,1017,-1,1017,1029,1030,-1,1017,1030,1018,-1,1018,1030,1031,-1,1018,1031,1019,-1,1019,1031,1020,-1,1019,1020,802,-1,802,1020,800,-1,174,173,1027,-1,1027,173,1032,-1,1027,1032,1028,-1,1028,1032,1033,-1,1028,1033,1029,-1,1029,1033,1034,-1,1029,1034,1030,-1,1030,1034,1035,-1,1030,1035,1031,-1,1031,1035,1036,-1,1031,1036,1020,-1,1020,1036,1021,-1,1020,1021,798,-1,798,1021,796,-1,173,167,1032,-1,1032,167,1037,-1,1032,1037,1033,-1,1033,1037,1038,-1,1033,1038,1034,-1,1034,1038,1039,-1,1034,1039,1035,-1,1035,1039,1040,-1,1035,1040,1036,-1,1036,1040,1041,-1,1036,1041,1021,-1,1021,1041,1042,-1,1021,1042,794,-1,794,1042,792,-1,167,166,1037,-1,1037,166,1013,-1,1037,1013,1038,-1,1038,1013,1025,-1,1038,1025,1039,-1,1039,1025,1026,-1,1039,1026,1040,-1,1040,1026,1024,-1,1040,1024,1041,-1,1041,1024,1023,-1,1041,1023,1042,-1,1042,1023,1022,-1,1042,1022,792,-1,792,1022,790,-1,731,202,201,-1,731,201,1043,-1,744,735,1044,-1,1044,735,1045,-1,1044,1045,1046,-1,1046,1045,1047,-1,1048,1049,1047,-1,1047,1049,1050,-1,1047,1050,1046,-1,1051,1052,1048,-1,1048,1052,1053,-1,1048,1053,1049,-1,1054,1055,1051,-1,1051,1055,1056,-1,1051,1056,1052,-1,758,1057,1058,-1,1058,1057,1059,-1,1058,1059,1054,-1,1054,1059,1060,-1,1054,1060,1055,-1,764,762,1058,-1,1058,762,759,-1,1058,759,758,-1,768,766,1061,-1,772,770,1062,-1,187,755,191,-1,191,755,1063,-1,191,1063,190,-1,190,1063,188,-1,188,1063,1064,-1,188,1064,192,-1,1065,194,1064,-1,1064,194,193,-1,1064,193,192,-1,1066,197,1067,-1,1067,197,196,-1,1067,196,1065,-1,1065,196,195,-1,1065,195,194,-1,201,200,1043,-1,1043,200,199,-1,1043,199,1066,-1,1066,199,198,-1,1066,198,197,-1,735,734,1045,-1,1045,734,1068,-1,1045,1068,1047,-1,1047,1068,1069,-1,1047,1069,1048,-1,1048,1069,1070,-1,1048,1070,1051,-1,1051,1070,1071,-1,1051,1071,1054,-1,1054,1071,1072,-1,1054,1072,1058,-1,1058,1072,1061,-1,1058,1061,764,-1,764,1061,766,-1,734,733,1068,-1,1068,733,1073,-1,1068,1073,1069,-1,1069,1073,1074,-1,1069,1074,1070,-1,1070,1074,1075,-1,1070,1075,1071,-1,1071,1075,1076,-1,1071,1076,1072,-1,1072,1076,1077,-1,1072,1077,1061,-1,1061,1077,1062,-1,1061,1062,768,-1,768,1062,770,-1,733,732,1073,-1,1073,732,1078,-1,1073,1078,1074,-1,1074,1078,1079,-1,1074,1079,1075,-1,1075,1079,1080,-1,1075,1080,1076,-1,1076,1080,1081,-1,1076,1081,1077,-1,1077,1081,1082,-1,1077,1082,1062,-1,1062,1082,1083,-1,1062,1083,772,-1,772,1083,774,-1,732,731,1078,-1,1078,731,1043,-1,1078,1043,1079,-1,1079,1043,1066,-1,1079,1066,1080,-1,1080,1066,1067,-1,1080,1067,1081,-1,1081,1067,1065,-1,1081,1065,1082,-1,1082,1065,1064,-1,1082,1064,1083,-1,1083,1064,1063,-1,1083,1063,774,-1,774,1063,755,-1,758,776,1057,-1,1057,776,1084,-1,1057,1084,1059,-1,1059,1084,1085,-1,1059,1085,1060,-1,1060,1085,1086,-1,1060,1086,1055,-1,1055,1086,1087,-1,1055,1087,1056,-1,1056,1087,1088,-1,1056,1088,1052,-1,1052,1088,1089,-1,1052,1089,1053,-1,1053,1089,1090,-1,1053,1090,1049,-1,1049,1090,1091,-1,1049,1091,1050,-1,1050,1091,1092,-1,1050,1092,1046,-1,1046,1092,1093,-1,1046,1093,1044,-1,1044,1093,1094,-1,1044,1094,744,-1,744,1094,745,-1,789,786,1095,-1,785,783,1096,-1,1097,746,745,-1,1098,537,740,-1,740,537,547,-1,550,553,1099,-1,1099,553,539,-1,1099,539,1098,-1,1098,539,538,-1,1098,538,537,-1,1099,1100,550,-1,550,1100,1101,-1,550,1101,551,-1,1102,569,1103,-1,1103,569,568,-1,1103,568,1101,-1,1101,568,567,-1,1101,567,551,-1,558,559,1102,-1,1102,559,562,-1,1102,562,569,-1,780,779,1102,-1,1102,779,777,-1,1102,777,558,-1,776,788,1084,-1,1084,788,1104,-1,1084,1104,1085,-1,1085,1104,1105,-1,1106,1087,1105,-1,1105,1087,1086,-1,1105,1086,1085,-1,1107,1089,1106,-1,1106,1089,1088,-1,1106,1088,1087,-1,1108,1091,1107,-1,1107,1091,1090,-1,1107,1090,1089,-1,745,1094,1097,-1,1097,1094,1093,-1,1097,1093,1108,-1,1108,1093,1092,-1,1108,1092,1091,-1,740,739,1098,-1,1098,739,1109,-1,1098,1109,1099,-1,1099,1109,1110,-1,1099,1110,1100,-1,1100,1110,1111,-1,1100,1111,1101,-1,1101,1111,1112,-1,1101,1112,1103,-1,1103,1112,1113,-1,1103,1113,1102,-1,1102,1113,1114,-1,1102,1114,780,-1,780,1114,782,-1,739,737,1109,-1,1109,737,1115,-1,1109,1115,1110,-1,1110,1115,1116,-1,1110,1116,1111,-1,1111,1116,1117,-1,1111,1117,1112,-1,1112,1117,1118,-1,1112,1118,1113,-1,1113,1118,1119,-1,1113,1119,1114,-1,1114,1119,1096,-1,1114,1096,782,-1,782,1096,783,-1,737,736,1115,-1,1115,736,1120,-1,1115,1120,1116,-1,1116,1120,1121,-1,1116,1121,1117,-1,1117,1121,1122,-1,1117,1122,1118,-1,1118,1122,1123,-1,1118,1123,1119,-1,1119,1123,1124,-1,1119,1124,1096,-1,1096,1124,1095,-1,1096,1095,785,-1,785,1095,786,-1,736,746,1120,-1,1120,746,1097,-1,1120,1097,1121,-1,1121,1097,1108,-1,1121,1108,1122,-1,1122,1108,1107,-1,1122,1107,1123,-1,1123,1107,1106,-1,1123,1106,1124,-1,1124,1106,1105,-1,1124,1105,1095,-1,1095,1105,1104,-1,1095,1104,789,-1,789,1104,788,-1,1125,125,180,-1,761,763,1126,-1,765,767,1127,-1,257,256,1128,-1,771,773,1128,-1,1128,773,756,-1,1128,756,257,-1,65,760,1129,-1,1129,760,1130,-1,1129,1130,1131,-1,1131,1130,1132,-1,1133,1134,1132,-1,1132,1134,1135,-1,1132,1135,1131,-1,1136,1137,1133,-1,1133,1137,1138,-1,1133,1138,1134,-1,1139,1140,1136,-1,1136,1140,1141,-1,1136,1141,1137,-1,180,1142,1125,-1,1125,1142,1143,-1,1125,1143,1139,-1,1139,1143,1144,-1,1139,1144,1140,-1,1145,233,130,-1,130,233,128,-1,235,230,1146,-1,1146,230,232,-1,1146,232,1145,-1,1145,232,234,-1,1145,234,233,-1,1146,1147,235,-1,235,1147,1148,-1,235,1148,236,-1,256,261,1128,-1,1128,261,260,-1,1128,260,1149,-1,1149,260,259,-1,1149,259,1148,-1,1148,259,237,-1,1148,237,236,-1,130,141,1145,-1,1145,141,1150,-1,1145,1150,1146,-1,1146,1150,1151,-1,1146,1151,1147,-1,1147,1151,1152,-1,1147,1152,1148,-1,1148,1152,1153,-1,1148,1153,1149,-1,1149,1153,1154,-1,1149,1154,1128,-1,1128,1154,1155,-1,1128,1155,771,-1,771,1155,769,-1,141,140,1150,-1,1150,140,1156,-1,1150,1156,1151,-1,1151,1156,1157,-1,1151,1157,1152,-1,1152,1157,1158,-1,1152,1158,1153,-1,1153,1158,1159,-1,1153,1159,1154,-1,1154,1159,1160,-1,1154,1160,1155,-1,1155,1160,1127,-1,1155,1127,769,-1,769,1127,767,-1,140,126,1156,-1,1156,126,1161,-1,1156,1161,1157,-1,1157,1161,1162,-1,1157,1162,1158,-1,1158,1162,1163,-1,1158,1163,1159,-1,1159,1163,1164,-1,1159,1164,1160,-1,1160,1164,1165,-1,1160,1165,1127,-1,1127,1165,1126,-1,1127,1126,765,-1,765,1126,763,-1,126,125,1161,-1,1161,125,1125,-1,1161,1125,1162,-1,1162,1125,1139,-1,1162,1139,1163,-1,1163,1139,1136,-1,1163,1136,1164,-1,1164,1136,1133,-1,1164,1133,1165,-1,1165,1133,1132,-1,1165,1132,1126,-1,1126,1132,1130,-1,1126,1130,761,-1,761,1130,760,-1,67,65,1166,-1,1166,65,1129,-1,1166,1129,1167,-1,1167,1129,1131,-1,1167,1131,1168,-1,1168,1131,1135,-1,1168,1135,1169,-1,1169,1135,1134,-1,1169,1134,1170,-1,1170,1134,1138,-1,1170,1138,1171,-1,1171,1138,1137,-1,1171,1137,1172,-1,1172,1137,1141,-1,1172,1141,1173,-1,1173,1141,1140,-1,1173,1140,1174,-1,1174,1140,1144,-1,1174,1144,1175,-1,1175,1144,1143,-1,1175,1143,1176,-1,1176,1143,1142,-1,1176,1142,179,-1,179,1142,180,-1,135,156,594,-1,135,594,1177,-1,179,178,1176,-1,1176,178,1178,-1,1176,1178,1175,-1,1175,1178,1179,-1,1180,1173,1179,-1,1179,1173,1174,-1,1179,1174,1175,-1,1181,1171,1180,-1,1180,1171,1172,-1,1180,1172,1173,-1,1182,1169,1181,-1,1181,1169,1170,-1,1181,1170,1171,-1,67,1166,1183,-1,1183,1166,1167,-1,1183,1167,1182,-1,1182,1167,1168,-1,1182,1168,1169,-1,79,81,1183,-1,1183,81,82,-1,1183,82,67,-1,76,78,1184,-1,73,75,1185,-1,1186,580,70,-1,70,580,72,-1,1187,585,1188,-1,1188,585,581,-1,581,574,1188,-1,1188,574,578,-1,1188,578,1186,-1,1186,578,579,-1,1186,579,580,-1,1189,588,1190,-1,1190,588,587,-1,1190,587,1187,-1,1187,587,586,-1,1187,586,585,-1,594,593,1177,-1,1177,593,590,-1,1177,590,1189,-1,1189,590,589,-1,1189,589,588,-1,178,139,1178,-1,1178,139,1191,-1,1178,1191,1179,-1,1179,1191,1192,-1,1179,1192,1180,-1,1180,1192,1193,-1,1180,1193,1181,-1,1181,1193,1194,-1,1181,1194,1182,-1,1182,1194,1195,-1,1182,1195,1183,-1,1183,1195,1184,-1,1183,1184,79,-1,79,1184,78,-1,139,138,1191,-1,1191,138,1196,-1,1191,1196,1192,-1,1192,1196,1197,-1,1192,1197,1193,-1,1193,1197,1198,-1,1193,1198,1194,-1,1194,1198,1199,-1,1194,1199,1195,-1,1195,1199,1200,-1,1195,1200,1184,-1,1184,1200,1185,-1,1184,1185,76,-1,76,1185,75,-1,138,136,1196,-1,1196,136,1201,-1,1196,1201,1197,-1,1197,1201,1202,-1,1197,1202,1198,-1,1198,1202,1203,-1,1198,1203,1199,-1,1199,1203,1204,-1,1199,1204,1200,-1,1200,1204,1205,-1,1200,1205,1185,-1,1185,1205,1206,-1,1185,1206,73,-1,73,1206,69,-1,136,135,1201,-1,1201,135,1177,-1,1201,1177,1202,-1,1202,1177,1189,-1,1202,1189,1203,-1,1203,1189,1190,-1,1203,1190,1204,-1,1204,1190,1187,-1,1204,1187,1205,-1,1205,1187,1188,-1,1205,1188,1206,-1,1206,1188,1186,-1,1206,1186,69,-1,69,1186,70,-1,146,176,868,-1,868,176,612,-1,868,612,869,-1,869,612,870,-1,870,612,611,-1,870,611,853,-1,611,610,853,-1,853,610,609,-1,853,609,875,-1,875,609,608,-1,875,608,876,-1,876,608,607,-1,876,607,878,-1,878,607,603,-1,878,603,877,-1,877,603,872,-1,633,873,606,-1,606,873,872,-1,606,872,605,-1,605,872,603,-1,631,852,632,-1,632,852,867,-1,632,867,633,-1,633,867,874,-1,633,874,873,-1,630,748,627,-1,627,748,852,-1,627,852,628,-1,628,852,631,-1,644,643,830,-1,666,665,827,-1,827,665,828,-1,837,829,663,-1,660,702,844,-1,660,844,661,-1,661,844,839,-1,661,839,838,-1,837,663,838,-1,838,663,662,-1,838,662,661,-1,828,665,829,-1,829,665,664,-1,829,664,663,-1,835,834,649,-1,666,827,649,-1,649,827,836,-1,649,836,835,-1,639,640,834,-1,834,640,668,-1,834,668,649,-1,834,833,639,-1,639,833,832,-1,639,832,641,-1,641,832,642,-1,642,832,643,-1,643,832,831,-1,643,831,830,-1,60,63,830,-1,830,63,645,-1,830,645,644,-1,576,575,857,-1,599,598,854,-1,854,598,855,-1,864,856,596,-1,155,142,871,-1,155,871,591,-1,591,871,866,-1,591,866,865,-1,864,596,865,-1,865,596,595,-1,865,595,591,-1,855,598,856,-1,856,598,597,-1,856,597,596,-1,862,861,600,-1,599,854,600,-1,600,854,863,-1,600,863,862,-1,583,582,861,-1,861,582,601,-1,861,601,600,-1,861,860,583,-1,583,860,859,-1,583,859,584,-1,584,859,573,-1,573,859,575,-1,575,859,858,-1,575,858,857,-1,56,59,857,-1,857,59,577,-1,857,577,576,-1,699,546,841,-1,841,546,545,-1,841,545,842,-1,842,545,843,-1,843,545,544,-1,843,544,826,-1,544,541,826,-1,826,541,540,-1,826,540,848,-1,848,540,542,-1,848,542,849,-1,849,542,543,-1,849,543,851,-1,851,543,548,-1,851,548,850,-1,850,548,845,-1,566,846,552,-1,552,846,845,-1,552,845,549,-1,549,845,548,-1,564,825,565,-1,565,825,840,-1,565,840,566,-1,566,840,847,-1,566,847,846,-1,563,751,560,-1,560,751,825,-1,560,825,561,-1,561,825,564,-1,1207,1208,729,-1,729,1208,681,-1,1208,1209,681,-1,681,1209,682,-1,1209,1210,682,-1,682,1210,730,-1,1210,1207,730,-1,730,1207,729,-1,1210,1209,1207,-1,1207,1209,1208,-1,1211,1212,728,-1,728,1212,677,-1,1212,1213,677,-1,677,1213,678,-1,1213,1214,678,-1,678,1214,707,-1,1214,1211,707,-1,707,1211,728,-1,1214,1213,1211,-1,1211,1213,1212,-1,1215,1216,698,-1,698,1216,679,-1,1216,1217,679,-1,679,1217,680,-1,1217,1218,680,-1,680,1218,697,-1,1218,1215,697,-1,697,1215,698,-1,1218,1217,1215,-1,1215,1217,1216,-1,1219,1220,725,-1,725,1220,675,-1,1220,1221,675,-1,675,1221,676,-1,1221,1222,676,-1,676,1222,727,-1,1222,1219,727,-1,727,1219,725,-1,1222,1221,1219,-1,1219,1221,1220,-1,1223,1224,716,-1,716,1224,683,-1,1224,1225,683,-1,683,1225,684,-1,1225,1226,684,-1,684,1226,717,-1,1226,1223,717,-1,717,1223,716,-1,1226,1225,1223,-1,1223,1225,1224,-1,1227,1228,685,-1,685,1228,686,-1,1228,1229,686,-1,686,1229,700,-1,1229,1230,700,-1,700,1230,701,-1,1230,1227,701,-1,701,1227,685,-1,1230,1229,1227,-1,1227,1229,1228,-1,1231,1232,687,-1,687,1232,688,-1,1232,1233,688,-1,688,1233,715,-1,1233,1234,715,-1,715,1234,705,-1,1234,1231,705,-1,705,1231,687,-1,1234,1233,1231,-1,1231,1233,1232,-1,1235,1236,691,-1,691,1236,692,-1,1236,1237,692,-1,692,1237,724,-1,1237,1238,724,-1,724,1238,723,-1,1238,1235,723,-1,723,1235,691,-1,1238,1237,1235,-1,1235,1237,1236,-1,1239,1240,693,-1,693,1240,694,-1,1240,1241,694,-1,694,1241,706,-1,1241,1242,706,-1,706,1242,722,-1,1242,1239,722,-1,722,1239,693,-1,1242,1241,1239,-1,1239,1241,1240,-1,1243,1244,689,-1,689,1244,690,-1,1244,1245,690,-1,690,1245,721,-1,1245,1246,721,-1,721,1246,714,-1,1246,1243,714,-1,714,1243,689,-1,1246,1245,1243,-1,1243,1245,1244,-1,1247,1248,695,-1,695,1248,696,-1,1248,1249,696,-1,696,1249,704,-1,1249,1250,704,-1,704,1250,703,-1,1250,1247,703,-1,703,1247,695,-1,1250,1249,1247,-1,1247,1249,1248,-1,1251,1252,738,-1,738,1252,672,-1,1252,1253,672,-1,672,1253,674,-1,1253,1254,674,-1,674,1254,726,-1,1254,1251,726,-1,726,1251,738,-1,1254,1253,1251,-1,1251,1253,1252,-1,1255,1256,112,-1,112,1256,113,-1,1256,1257,113,-1,113,1257,114,-1,1257,1258,114,-1,114,1258,122,-1,1258,1255,122,-1,122,1255,112,-1,1258,1257,1255,-1,1255,1257,1256,-1,1259,1260,161,-1,161,1260,160,-1,1260,1261,160,-1,160,1261,159,-1,1261,1262,159,-1,159,1262,157,-1,1262,1259,157,-1,157,1259,161,-1,1262,1261,1259,-1,1259,1261,1260,-1,1263,1264,158,-1,158,1264,145,-1,1264,1265,145,-1,145,1265,105,-1,1265,1266,105,-1,105,1266,111,-1,1266,1263,111,-1,111,1263,158,-1,1266,1265,1263,-1,1263,1265,1264,-1,1267,1268,121,-1,121,1268,143,-1,1268,1269,143,-1,143,1269,144,-1,1269,1270,144,-1,144,1270,162,-1,1270,1267,162,-1,162,1267,121,-1,1270,1269,1267,-1,1267,1269,1268,-1,1271,1272,123,-1,123,1272,124,-1,1272,1273,124,-1,124,1273,102,-1,1273,1274,102,-1,102,1274,103,-1,1274,1271,103,-1,103,1271,123,-1,1274,1273,1271,-1,1271,1273,1272,-1,1275,1276,108,-1,108,1276,104,-1,1276,1277,104,-1,104,1277,106,-1,1277,1278,106,-1,106,1278,107,-1,1278,1275,107,-1,107,1275,108,-1,1278,1277,1275,-1,1275,1277,1276,-1,1279,1280,131,-1,131,1280,109,-1,1280,1281,109,-1,109,1281,110,-1,1281,1282,110,-1,110,1282,133,-1,1282,1279,133,-1,133,1279,131,-1,1282,1281,1279,-1,1279,1281,1280,-1,1283,1284,154,-1,154,1284,116,-1,1284,1285,116,-1,116,1285,118,-1,1285,1286,118,-1,118,1286,152,-1,1286,1283,152,-1,152,1283,154,-1,1286,1285,1283,-1,1283,1285,1284,-1,1287,1288,147,-1,147,1288,153,-1,1288,1289,153,-1,153,1289,151,-1,1289,1290,151,-1,151,1290,149,-1,1290,1287,149,-1,149,1287,147,-1,1290,1289,1287,-1,1287,1289,1288,-1,1291,1292,115,-1,115,1292,132,-1,1292,1293,132,-1,132,1293,134,-1,1293,1294,134,-1,134,1294,117,-1,1294,1291,117,-1,117,1291,115,-1,1294,1293,1291,-1,1291,1293,1292,-1,1295,1296,165,-1,165,1296,148,-1,1296,1297,148,-1,148,1297,150,-1,1297,1298,150,-1,150,1298,170,-1,1298,1295,170,-1,170,1295,165,-1,1298,1297,1295,-1,1295,1297,1296,-1,1299,1300,127,-1,127,1300,137,-1,1300,1301,137,-1,137,1301,119,-1,1301,1302,119,-1,119,1302,120,-1,1302,1299,120,-1,120,1299,127,-1,1302,1301,1299,-1,1299,1301,1300,-1,54,61,747,-1,1303,100,89,-1,1303,89,747,-1,747,89,90,-1,747,90,93,-1,52,54,83,-1,83,54,747,-1,83,747,96,-1,96,747,93,-1,819,816,749,-1,749,816,815,-1,749,815,1304,-1,1304,815,813,-1,1304,813,808,-1,749,750,635,-1,819,749,811,-1,811,749,635,-1,811,635,636,-1,1304,808,1303,-1,1303,808,100,-1,1304,1303,749,-1,749,1303,747,-1,1305,757,1306,-1,1306,757,64,-1,50,57,754,-1,754,80,77,-1,80,754,66,-1,66,754,1306,-1,66,1306,64,-1,48,50,68,-1,68,50,754,-1,68,754,74,-1,74,754,77,-1,753,752,570,-1,781,784,753,-1,753,784,787,-1,753,787,1305,-1,1305,787,775,-1,1305,775,757,-1,781,753,778,-1,778,753,570,-1,778,570,571,-1,1305,1306,753,-1,753,1306,754,-1,466,457,45,-1,45,457,47,-1,456,465,433,-1,433,465,432,-1,465,456,466,-1,466,456,457,-1,477,453,41,-1,41,453,43,-1,454,467,46,-1,46,467,44,-1,467,454,477,-1,477,454,453,-1,482,455,37,-1,37,455,39,-1,452,481,42,-1,42,481,40,-1,481,452,482,-1,482,452,455,-1,468,449,33,-1,33,449,35,-1,450,486,38,-1,38,486,36,-1,486,450,468,-1,468,450,449,-1,474,451,29,-1,29,451,31,-1,448,485,34,-1,34,485,32,-1,485,448,474,-1,474,448,451,-1,463,445,25,-1,25,445,27,-1,446,475,30,-1,30,475,28,-1,475,446,463,-1,463,446,445,-1,473,447,21,-1,21,447,23,-1,444,464,26,-1,26,464,24,-1,464,444,473,-1,473,444,447,-1,469,441,17,-1,17,441,19,-1,442,472,22,-1,22,472,20,-1,472,442,469,-1,469,442,441,-1,471,443,13,-1,13,443,15,-1,440,470,18,-1,18,470,16,-1,470,440,471,-1,471,440,443,-1,476,437,9,-1,9,437,11,-1,438,480,14,-1,14,480,12,-1,480,438,476,-1,476,438,437,-1,479,439,5,-1,5,439,7,-1,436,478,10,-1,10,478,8,-1,478,436,479,-1,479,436,439,-1,483,434,2,-1,2,434,0,-1,435,484,6,-1,6,484,4,-1,484,435,483,-1,483,435,434,-1,
        ]
    }
}
Shape{
    appearance Appearance {
        material  Material 	{
            diffuseColor 1.0 0.8117647058823529 0.5019607843137255
            specularColor 1.0 0.8117647058823529 0.5019607843137255
            ambientIntensity 0.8327
            transparency 0.0
            shininess 0.5
        }
    }
    geometry IndexedFaceSet {
        ccw TRUE
        solid FALSE
        coord DEF co Coordinate {
            point [
                -0.7283 -1.0492 0.3858, -0.7283 -1.8268 0.3858, -0.7283 -1.0492 0.4449, -0.7283 -1.8268 0.4449, -0.7134 -1.9154 0.4449, -0.7134 -1.9154 0.4154, -0.6646 -1.9154 0.4449, -0.6646 -1.9154 0.4154, -0.6496 -1.8268 0.4449, -0.6496 -1.8268 0.3858, -0.6496 -1.0492 0.3858, -0.6496 -1.0492 0.4449, -0.9252 -1.8268 0.7008, -0.9252 -1.0492 0.7008, -0.9252 -1.8268 0.6417, -0.9252 -1.0492 0.6417, -0.9102 -1.9154 0.6713, -0.9102 -1.9154 0.6417, -0.8614 -1.9154 0.6713, -0.8614 -1.9154 0.6417, -0.8465 -1.8268 0.7008, -0.8465 -1.8268 0.6417, -0.8465 -1.0492 0.7008, -0.8465 -1.0492 0.6417, 1.0433 -1.0492 0.3858, 1.0433 -2.0236 0.3858, 1.0433 -1.0492 0.4449, 1.0433 -2.0236 0.4449, 1.0583 -2.1122 0.4449, 1.0583 -2.1122 0.4154, 1.1071 -2.1122 0.4449, 1.1071 -2.1122 0.4154, 1.122 -2.0236 0.4449, 1.122 -2.0236 0.3858, 1.122 -1.0492 0.3858, 1.122 -1.0492 0.4449, 1.0433 -2.0236 0.7008, 1.0433 -1.0492 0.7008, 1.0433 -2.0236 0.6417, 1.0433 -1.0492 0.6417, 1.0583 -2.1122 0.6713, 1.0583 -2.1122 0.6417, 1.1071 -2.1122 0.6713, 1.1071 -2.1122 0.6417, 1.122 -2.0236 0.7008, 1.122 -2.0236 0.6417, 1.122 -1.0492 0.7008, 1.122 -1.0492 0.6417
            ]
        }
        coordIndex [
            0,1,2,-1,2,1,3,-1,3,1,4,-1,4,1,5,-1,4,5,6,-1,6,5,7,-1,6,7,8,-1,8,7,9,-1,9,10,8,-1,8,10,11,-1,10,0,11,-1,11,0,2,-1,0,10,1,-1,1,10,9,-1,4,6,3,-1,3,6,8,-1,3,8,2,-1,2,8,11,-1,1,9,5,-1,5,9,7,-1,12,13,14,-1,14,13,15,-1,12,14,16,-1,16,14,17,-1,16,17,18,-1,18,17,19,-1,18,19,20,-1,20,19,21,-1,22,20,23,-1,23,20,21,-1,13,22,15,-1,15,22,23,-1,22,13,20,-1,20,13,12,-1,19,17,21,-1,21,17,14,-1,21,14,23,-1,23,14,15,-1,20,12,18,-1,18,12,16,-1,24,25,26,-1,26,25,27,-1,27,25,28,-1,28,25,29,-1,28,29,30,-1,30,29,31,-1,30,31,32,-1,32,31,33,-1,33,34,32,-1,32,34,35,-1,34,24,35,-1,35,24,26,-1,24,34,25,-1,25,34,33,-1,28,30,27,-1,27,30,32,-1,27,32,26,-1,26,32,35,-1,25,33,29,-1,29,33,31,-1,36,37,38,-1,38,37,39,-1,36,38,40,-1,40,38,41,-1,40,41,42,-1,42,41,43,-1,42,43,44,-1,44,43,45,-1,46,44,47,-1,47,44,45,-1,37,46,39,-1,39,46,47,-1,46,37,44,-1,44,37,36,-1,39,47,38,-1,38,47,45,-1,38,45,41,-1,41,45,43,-1,44,36,42,-1,42,36,40,-1,
        ]
    }
}
Shape{
    appearance Appearance {
        material  Material 	{
            diffuseColor 0.7529411764705882 0.7529411764705882 0.7529411764705882
            specularColor 0.3764705882352941 0.3764705882352941 0.3764705882352941
            ambientIntensity 0.7529
            transparency 0.0
            shininess 0.5
        }
    }
    geometry IndexedFaceSet {
        ccw TRUE
        solid FALSE
        coord DEF co Coordinate {
            point [
                -0.0372 0.6413 1.126, -0.0372 0.6096 1.126, 0.0399 0.6096 1.126, 0.2065 0.6992 1.126, 0.1837 0.6413 1.126, 0.2119 0.6413 1.126, 0.0706 0.849 1.126, 0.0765 0.8497 1.126, 0.0447 0.8497 1.126, 0.0911 0.7688 1.126, 0.0859 0.7683 1.126, 0.1124 0.7683 1.126, 0.9127 1.1602 1.126, 0.9127 1.1752 1.126, 0.3429 1.1752 1.126, 0.1274 0.8399 1.126, 0.1274 0.8142 1.126, 0.149 0.8142 1.126, 0.1315 0.6415 1.126, 0.1297 0.6413 1.126, 0.149 0.6413 1.126, 0.1145 0.6416 1.126, 0.1124 0.6423 1.126, 0.1124 0.6413 1.126, 0.2277 0.678 1.126, 0.2277 0.6511 1.126, 0.2427 0.6511 1.126, -0.2769 0.7083 1.126, -0.267 0.6992 1.126, -0.2439 0.7113 1.126, -0.4135 -2.0515 1.126, -0.4166 -2.0374 1.126, -0.7241 -2.0374 1.126, -0.4292 0.7591 1.126, -0.4251 0.7683 1.126, -0.7241 0.7683 1.126, -0.0912 0.7736 1.126, -0.0874 0.7683 1.126, -0.0372 0.7683 1.126, -0.17 0.8497 1.126, -0.1571 0.8409 1.126, -0.0372 0.8497 1.126, -0.1382 0.819 1.126, -0.1263 0.796 1.126, -0.1236 0.795 1.126, -0.1066 0.7866 1.126, -0.2099 0.8678 1.126, -0.1814 0.8575 1.126, -0.0372 1.1752 1.126, -0.2887 0.8571 1.126, -0.2624 0.8671 1.126, -0.7241 1.1752 1.126, -0.2345 0.8705 1.126, -0.3006 0.8497 1.126, -0.7241 0.8497 1.126, -0.3028 0.8483 1.126, -0.4201 0.7796 1.126, -0.4064 0.7971 1.126, -0.3634 0.8217 1.126, -0.341 0.8244 1.126, -0.3162 0.8369 1.126, -0.3344 0.8241 1.126, -0.3279 0.8233 1.126, -0.4026 0.8007 1.126, -0.3845 0.8135 1.126, -0.7241 0.7113 1.126, -0.4332 0.7322 1.126, -0.433 0.7377 1.126, -0.3915 0.655 1.126, -0.4093 0.6702 1.126, -0.7241 0.6413 1.126, -0.3709 0.645 1.126, -0.4223 0.6887 1.126, -0.4304 0.7099 1.126, -0.4306 0.7113 1.126, -0.7241 0.6096 1.126, -0.3332 0.6096 1.126, -0.3384 0.6118 1.126, -0.3637 0.6428 1.126, -0.363 0.6413 1.126, -0.358 0.6306 1.126, -0.3495 0.6202 1.126, -0.2878 -2.0562 1.126, -0.2945 -2.0713 1.126, -0.0372 -3.0374 1.126, -0.3049 -2.0842 1.126, -0.3182 -2.0941 1.126, -0.4832 -1.2569 1.126, -0.4533 -1.3018 1.126, -0.4352 -1.3527 1.126, -0.2865 -2.0233 1.126, -0.285 -2.0398 1.126, -0.3336 -2.1003 1.126, -0.35 -2.1024 1.126, -0.7241 -3.0374 1.126, -0.3645 -2.1008 1.126, -0.3783 -2.0959 1.126, -0.2861 0.6096 1.126, -0.5707 -1.1951 1.126, -0.5231 -1.2206 1.126, -0.3907 -2.0881 1.126, -0.401 -2.0777 1.126, -0.4087 -2.0653 1.126, -0.7293 -1.1951 1.126, -0.7241 -1.1938 1.126, -0.677 -1.182 1.126, -0.623 -1.182 1.126, -0.3253 0.6063 1.126, -0.2959 0.6058 1.126, -0.3097 0.6041 1.126, -0.3118 0.6042 1.126, -0.2563 0.6413 1.126, -0.2564 0.641 1.126, -0.2631 0.6283 1.126, -0.2718 0.6186 1.126, -0.2832 0.6107 1.126, -0.0372 0.7113 1.126, -0.0713 0.7113 1.126, -0.0726 0.7011 1.126, -0.1836 0.6749 1.126, -0.1797 0.6764 1.126, -0.173 0.7089 1.126, -0.0911 0.6673 1.126, -0.1065 0.6542 1.126, -0.1871 0.6724 1.126, -0.1753 0.677 1.126, -0.1748 0.677 1.126, -0.173 0.6766 1.126, -0.0797 0.6831 1.126, -0.193 0.6593 1.126, -0.1928 0.6616 1.126, -0.2527 0.6667 1.126, -0.1917 0.6659 1.126, -0.1895 0.6698 1.126, -0.1168 0.6907 1.126, -0.1106 0.6996 1.126, -0.1797 0.6422 1.126, -0.1834 0.6437 1.126, -0.1871 0.6463 1.126, -0.1884 0.6477 1.126, -0.1909 0.6512 1.126, -0.1924 0.6551 1.126, -0.253 0.6551 1.126, -0.2527 0.6611 1.126, -0.1239 0.6457 1.126, -0.1429 0.6417 1.126, -0.1764 0.6417 1.126, -0.1719 0.6764 1.126, -0.1463 0.6764 1.126, -0.136 0.6784 1.126, -0.126 0.6831 1.126, -0.1176 0.6899 1.126, -0.3028 0.7181 1.126, -0.289 0.7147 1.126, -0.1549 0.7683 1.126, -0.3097 0.7185 1.126, -0.1067 0.7097 1.126, -0.1065 0.7113 1.126, -0.1744 0.7113 1.126, -0.1053 0.7208 1.126, -0.1056 0.7259 1.126, -0.3233 0.7169 1.126, -0.3848 0.7683 1.126, -0.3358 0.7121 1.126, -0.3907 0.7598 1.126, -0.3956 0.7471 1.126, -0.3927 0.7113 1.126, -0.337 0.7113 1.126, -0.3966 0.7245 1.126, -0.3973 0.7334 1.126, -0.1201 0.7539 1.126, -0.1289 0.7601 1.126, -0.1083 0.7368 1.126, -0.1136 0.7466 1.126, -0.1542 0.7652 1.126, -0.1907 0.739 1.126, -0.1497 0.7652 1.126, -0.1388 0.7639 1.126, -0.2825 0.7113 1.126, -0.3925 0.7106 1.126, -0.3569 0.6932 1.126, -0.3475 0.704 1.126, -0.3858 0.6991 1.126, -0.3756 0.6886 1.126, -0.3632 0.681 1.126, -0.1665 0.7995 1.126, -0.1794 0.8148 1.126, -0.3102 0.7817 1.126, -0.1808 0.8161 1.126, -0.1968 0.8272 1.126, -0.3015 0.7998 1.126, -0.3142 0.7839 1.126, -0.1577 0.7811 1.126, -0.327 0.7886 1.126, -0.3404 0.7903 1.126, -0.3464 0.79 1.126, -0.2888 0.815 1.126, -0.2146 0.834 1.126, -0.2735 0.8261 1.126, -0.2339 0.8364 1.126, -0.2549 0.8337 1.126, -0.3604 0.7866 1.126, -0.3731 0.7799 1.126, -0.3829 0.7712 1.126, -0.0796 0.7574 1.126, -0.0726 0.74 1.126, -0.07 0.7214 1.126, 0.3757 0.722 1.126, 0.3429 0.7683 1.126, 0.3715 0.7113 1.126, 0.3429 0.7113 1.126, 0.3452 0.642 1.126, 0.3429 0.6413 1.126, 0.3566 0.642 1.126, 0.4058 0.642 1.126, 0.3976 0.6639 1.126, 0.3643 0.6639 1.126, 0.4172 0.642 1.126, 1.2677 0.6413 1.126, 0.3908 0.7113 1.126, 1.2677 0.7113 1.126, 0.3867 0.722 1.126, 1.2677 0.7683 1.126, 0.3315 0.7086 1.126, 0.3365 0.7016 1.126, 0.311 0.6436 1.126, 0.2975 0.642 1.126, 0.3381 0.6674 1.126, 0.3339 0.6593 1.126, 0.268 0.6413 1.126, 0.3286 0.6532 1.126, 0.3202 0.6471 1.126, 0.3394 0.694 1.126, 0.3407 0.683 1.126, 0.3403 0.6766 1.126, 0.2755 0.642 1.126, 0.2755 0.7113 1.126, 0.268 0.7113 1.126, 0.2755 0.722 1.126, 0.268 0.7683 1.126, 0.2984 0.722 1.126, 0.3106 0.7207 1.126, 0.3203 0.7172 1.126, 0.3286 0.7114 1.126, 0.3288 0.7113 1.126, 0.2427 0.7113 1.126, 0.2427 0.6872 1.126, 0.2563 0.6872 1.126, 0.2563 0.678 1.126, 0.2427 0.6413 1.126, 0.2604 0.642 1.126, 0.2604 0.6511 1.126, 0.2427 0.678 1.126, 0.2277 0.6872 1.126, 0.2277 0.7113 1.126, 0.2277 0.7128 1.126, 0.2427 0.7128 1.126, 0.2173 0.642 1.126, 0.2173 0.7113 1.126, 0.2119 0.7113 1.126, 0.2173 0.722 1.126, 0.0538 0.6854 1.126, 0.0538 0.6951 1.126, 0.0447 0.7113 1.126, 0.1078 0.6543 1.126, 0.0942 0.6788 1.126, 0.1078 0.644 1.126, 0.0942 0.642 1.126, 0.0792 0.645 1.126, 0.0756 0.6427 1.126, 0.0842 0.642 1.126, 0.0718 0.6413 1.126, 0.1094 0.6905 1.126, 0.1113 0.6933 1.126, 0.0447 0.6096 1.126, 0.0606 0.6413 1.126, 0.0447 0.6413 1.126, 0.0604 0.6413 1.126, 0.0565 0.6428 1.126, 0.0522 0.6691 1.126, 0.0552 0.6718 1.126, 0.0594 0.674 1.126, 0.0603 0.6895 1.126, 0.0672 0.676 1.126, 0.076 0.692 1.126, 0.0726 0.6923 1.126, 0.0665 0.6917 1.126, 0.0532 0.6451 1.126, 0.052 0.6463 1.126, 0.05 0.6493 1.126, 0.0842 0.6508 1.126, 0.0839 0.6508 1.126, 0.0823 0.6484 1.126, 0.0487 0.6527 1.126, 0.0482 0.6573 1.126, 0.0489 0.6627 1.126, 0.0502 0.6662 1.126, 0.1082 0.6873 1.126, 0.0897 0.6943 1.126, 0.1113 0.6521 1.126, 0.1124 0.6517 1.126, 0.1124 0.6729 1.126, 0.0933 0.6867 1.126, 0.1083 0.6798 1.126, 0.0842 0.6783 1.126, 0.0838 0.6828 1.126, 0.0828 0.6863 1.126, 0.0816 0.6884 1.126, 0.0917 0.6912 1.126, 0.1079 0.6837 1.126, 0.056 0.6964 1.126, 0.0634 0.6993 1.126, 0.0735 0.7005 1.126, 0.0793 0.7 1.126, 0.0836 0.6987 1.126, 0.087 0.6969 1.126, 0.0801 0.69 1.126, 0.0783 0.6912 1.126, 0.1123 0.673 1.126, 0.1107 0.6747 1.126, 0.1094 0.6768 1.126, 0.1171 0.6413 1.126, 0.1124 0.6096 1.126, 0.1233 0.6406 1.126, 0.149 0.6096 1.126, 0.149 0.7113 1.126, 0.1437 0.6979 1.126, 0.1437 0.6882 1.126, 0.1431 0.667 1.126, 0.1449 0.6642 1.126, 0.1447 0.6503 1.126, 0.1428 0.6477 1.126, 0.1124 0.6943 1.126, 0.1124 0.7113 1.126, 0.1143 0.6959 1.126, 0.1171 0.6976 1.126, 0.146 0.6613 1.126, 0.1464 0.6575 1.126, 0.1459 0.6535 1.126, 0.1225 0.6996 1.126, 0.1301 0.7005 1.126, 0.1366 0.6999 1.126, 0.14 0.6452 1.126, 0.137 0.6434 1.126, 0.1291 0.6923 1.126, 0.1262 0.6921 1.126, 0.1182 0.6846 1.126, 0.1235 0.6914 1.126, 0.1212 0.6902 1.126, 0.1183 0.6833 1.126, 0.1187 0.6817 1.126, 0.1194 0.6804 1.126, 0.1204 0.6793 1.126, 0.1239 0.6771 1.126, 0.1361 0.6915 1.126, 0.1301 0.6744 1.126, 0.1418 0.6893 1.126, 0.134 0.6728 1.126, 0.1407 0.6691 1.126, 0.1197 0.6889 1.126, 0.1189 0.6876 1.126, 0.1184 0.6862 1.126, 0.1176 0.6496 1.126, 0.123 0.6671 1.126, 0.1171 0.6698 1.126, 0.1243 0.6488 1.126, 0.1247 0.6488 1.126, 0.1296 0.6644 1.126, 0.1299 0.6494 1.126, 0.1361 0.6565 1.126, 0.136 0.6578 1.126, 0.1325 0.6503 1.126, 0.1334 0.6509 1.126, 0.1345 0.6519 1.126, 0.1354 0.6532 1.126, 0.1359 0.6546 1.126, 0.1356 0.6594 1.126, 0.1348 0.6607 1.126, 0.1335 0.662 1.126, 0.3169 0.769 1.126, 0.3055 0.769 1.126, 0.2973 0.7909 1.126, 0.268 0.7909 1.126, 0.2864 0.8491 1.126, 0.3429 0.8497 1.126, 0.268 0.8497 1.126, 0.264 0.7909 1.126, 0.2563 0.769 1.126, 0.2427 0.7683 1.126, 0.2449 0.769 1.126, 0.2427 0.8497 1.126, 0.268 0.8296 1.126, 0.2754 0.8491 1.126, 0.2119 0.7683 1.126, 0.2108 0.7706 1.126, 0.1973 0.769 1.126, 0.1981 0.8491 1.126, 0.2119 0.8497 1.126, 0.1677 0.8497 1.126, 0.1677 0.7683 1.126, 0.1753 0.769 1.126, 0.1753 0.8491 1.126, 0.2312 0.8357 1.126, 0.2362 0.8287 1.126, 0.2284 0.8385 1.126, 0.2379 0.7944 1.126, 0.2336 0.7863 1.126, 0.2103 0.8477 1.126, 0.2119 0.8471 1.126, 0.22 0.8442 1.126, 0.2284 0.7802 1.126, 0.2199 0.7742 1.126, 0.2119 0.7711 1.126, 0.2391 0.821 1.126, 0.2404 0.8101 1.126, 0.24 0.8036 1.126, 0.149 0.8497 1.126, 0.1583 0.8491 1.126, 0.149 0.8491 1.126, 0.1583 0.8399 1.126, 0.1601 0.7781 1.126, 0.1601 0.769 1.126, 0.149 0.7683 1.126, 0.1274 0.7781 1.126, 0.149 0.7781 1.126, 0.1274 0.8051 1.126, 0.149 0.8051 1.126, 0.156 0.8051 1.126, 0.156 0.8142 1.126, 0.149 0.8399 1.126, 0.1171 0.8491 1.126, 0.1124 0.8497 1.126, 0.1171 0.769 1.126, -1.2529 1.062 1.126, -1.2577 1.064 1.126, -1.2677 0.8497 1.126, -1.2619 1.0672 1.126, -1.265 1.0713 1.126, -1.267 1.0761 1.126, -1.2677 1.0813 1.126, -0.9127 1.1752 1.126, -0.9127 1.1602 1.126, -0.9137 1.1524 1.126, -0.9167 1.1452 1.126, -0.9215 1.139 1.126, -1.1837 1.0835 1.126, -1.1867 1.0763 1.126, -1.1915 1.0701 1.126, -1.1977 1.0653 1.126, -1.205 1.0623 1.126, -0.9277 1.1342 1.126, -0.935 1.1312 1.126, -0.9427 1.1302 1.126, -1.2127 1.0613 1.126, -1.2477 1.0613 1.126, -0.9977 1.1342 1.126, -0.9905 1.1312 1.126, -0.9827 1.1302 1.126, -1.0039 1.139 1.126, -1.0087 1.1452 1.126, -1.1827 1.0913 1.126, -1.0117 1.1524 1.126, -1.1827 1.1752 1.126, -1.0127 1.1602 1.126, -1.0127 1.1752 1.126, 1.2677 0.8497 1.126, 1.2677 1.0813 1.126, 1.267 1.0761 1.126, 1.265 1.0713 1.126, 1.2619 1.0672 1.126, 1.2577 1.064 1.126, 1.205 1.0623 1.126, 1.1977 1.0653 1.126, 1.0039 1.139 1.126, 0.9977 1.1342 1.126, 1.1837 1.0835 1.126, 1.1915 1.0701 1.126, 1.1867 1.0763 1.126, 0.935 1.1312 1.126, 0.9277 1.1342 1.126, 0.9137 1.1524 1.126, 1.1827 1.1752 1.126, 1.0127 1.1752 1.126, 1.0127 1.1602 1.126, 1.2529 1.062 1.126, 1.2477 1.0613 1.126, 1.2127 1.0613 1.126, 1.1827 1.0913 1.126, 1.0117 1.1524 1.126, 1.0087 1.1452 1.126, 0.9215 1.139 1.126, 0.9167 1.1452 1.126, 0.9905 1.1312 1.126, 0.9827 1.1302 1.126, 0.9427 1.1302 1.126, 1.2677 0.6096 1.126, 0.7293 -1.1951 1.126, 0.7769 -1.2206 1.126, 0.9818 -2.0941 1.126, 1.2677 -3.0374 1.126, 0.9951 -2.0842 1.126, 1.0055 -2.0713 1.126, 0.5231 -1.2206 1.126, 0.3429 0.6096 1.126, 0.4832 -1.2569 1.126, 0.4533 -1.3018 1.126, 0.5707 -1.1951 1.126, 0.623 -1.182 1.126, 0.677 -1.182 1.126, 0.9664 -2.1003 1.126, 0.95 -2.1024 1.126, 0.3429 -3.0374 1.126, 0.9355 -2.1008 1.126, 0.9217 -2.0959 1.126, 0.8168 -1.2569 1.126, 0.8467 -1.3018 1.126, 0.8648 -1.3527 1.126, 1.0135 -2.0233 1.126, 1.015 -2.0398 1.126, 1.0122 -2.0562 1.126, 0.8865 -2.0515 1.126, 0.8834 -2.0374 1.126, 0.4166 -2.0374 1.126, 0.9093 -2.0881 1.126, 0.899 -2.0777 1.126, 0.3645 -2.1008 1.126, 0.8913 -2.0653 1.126, 0.3783 -2.0959 1.126, 0.3907 -2.0881 1.126, 0.4135 -2.0515 1.126, 0.4087 -2.0653 1.126, 0.401 -2.0777 1.126, 0.35 -2.1024 1.126, 0.3429 -2.1015 1.126, 0.268 -3.0374 1.126, 0.3336 -2.1003 1.126, 0.3182 -2.0941 1.126, 0.3049 -2.0842 1.126, 0.2945 -2.0713 1.126, 0.2878 -2.0562 1.126, 0.285 -2.0398 1.126, 0.2865 -2.0233 1.126, 0.268 0.6096 1.126, 0.3429 -1.769 1.126, 0.4352 -1.3527 1.126, -0.9664 -2.1003 1.126, -1.2677 -3.0374 1.126, -0.95 -2.1024 1.126, -0.9818 -2.0941 1.126, -0.9951 -2.0842 1.126, -1.0055 -2.0713 1.126, -0.8648 -1.3527 1.126, -0.8467 -1.3018 1.126, -1.2677 0.6096 1.126, -0.8168 -1.2569 1.126, -0.7769 -1.2206 1.126, -0.9093 -2.0881 1.126, -0.9217 -2.0959 1.126, -0.9355 -2.1008 1.126, -1.0122 -2.0562 1.126, -1.015 -2.0398 1.126, -1.0135 -2.0233 1.126, -0.8834 -2.0374 1.126, -0.8865 -2.0515 1.126, -0.8913 -2.0653 1.126, -0.899 -2.0777 1.126, 0.0939 0.8493 1.126, 0.101 0.8471 1.126, 0.149 0.769 1.126, 0.101 0.8363 1.126, 0.0997 0.7716 1.126, 0.0598 0.7853 1.126, 0.0617 0.7834 1.126, 0.0804 0.7769 1.126, 0.0852 0.7771 1.126, 0.0559 0.7907 1.126, 0.0941 0.779 1.126, 0.101 0.7822 1.126, 0.101 0.7723 1.126, 0.067 0.7798 1.126, 0.0728 0.7777 1.126, 0.0822 0.8411 1.126, 0.079 0.841 1.126, 0.0603 0.8322 1.126, 0.072 0.8396 1.126, 0.0657 0.8367 1.126, 0.0598 0.8315 1.126, 0.0559 0.826 1.126, 0.1001 0.8368 1.126, 0.0532 0.819 1.126, 0.0519 0.8081 1.126, 0.052 0.8052 1.126, 0.0533 0.7972 1.126, 0.092 0.8399 1.126, 0.0821 0.8504 1.126, 0.0447 1.1752 1.126, 0.1124 1.1752 1.126, 0.0836 0.8504 1.126, 0.09 0.8497 1.126, 0.0622 0.8458 1.126, 0.0476 0.8322 1.126, 0.0526 0.8386 1.126, 0.0544 0.8403 1.126, 0.0399 0.8497 1.126, 0.0435 0.8236 1.126, 0.0447 0.8261 1.126, 0.0447 0.7893 1.126, 0.0426 0.7946 1.126, 0.0399 0.7683 1.126, 0.0411 0.8075 1.126, 0.0414 0.8134 1.126, 0.0646 0.7699 1.126, 0.0572 0.7736 1.126, 0.0447 0.7683 1.126, 0.0514 0.7786 1.126, 0.0506 0.7794 1.126, 0.0459 0.7862 1.126, 0.0716 0.7683 1.126, 0.0732 0.768 1.126, 0.0789 0.7676 1.126, 0.0059 0.678 1.126, 0.0059 0.6511 1.126, 0.0346 0.678 1.126, 0.0386 0.6511 1.126, 0.0059 0.7113 1.126, 0.0059 0.6872 1.126, 0.0399 0.7113 1.126, 0.0346 0.6872 1.126, 0.0399 0.6413 1.126, 0.0386 0.642 1.126, -0.0044 0.642 1.126, 0.0716 0.6412 1.126, 0.0664 0.6406 1.126, 0.1961 0.6992 1.126, 0.2427 0.642 1.126, 0.1778 0.6562 1.126, 0.179 0.6515 1.126, 0.1793 0.6515 1.126, 0.1677 0.7113 1.126, 0.1677 0.6852 1.126, 0.1805 0.6561 1.126, 0.1797 0.6534 1.126, 0.1677 0.6583 1.126, 0.1516 0.6992 1.126, 0.1628 0.6992 1.126, 0.1737 0.6413 1.126, 0.1741 0.6421 1.126, 0.1677 0.6281 1.126, 0.1677 0.6281 1.126, 0.1677 0.6413 1.126, 0.1697 0.6317 1.126, 0.1537 0.6248 1.126, 0.1537 0.6159 1.126, 0.1558 0.6241 1.126, 0.1594 0.6236 1.126, 0.1618 0.6239 1.126, 0.1677 0.6168 1.126, 0.1642 0.6155 1.126, 0.1677 0.6096 1.126, 0.1602 0.615 1.126, 0.158 0.6151 1.126, 0.164 0.6247 1.126, 0.1658 0.626 1.126, 0.1806 0.6333 1.126, 0.176 0.6245 1.126, 0.2119 0.6096 1.126, 0.1724 0.6201 1.126, 0.1717 0.6195 1.126, 0.1682 0.617 1.126, -1.2677 0.6413 1.126, -1.2677 0.7113 1.126, -1.2677 0.7683 1.126, 0.0059 0.8491 1.126, 0.0059 0.7781 1.126, 0.0378 0.7781 1.126, -0.0044 0.769 1.126, -0.0044 0.8491 1.126, 0.0378 0.769 1.126, 0.0059 0.7128 1.126, 0.0368 0.7128 1.126, 0.0368 0.722 1.126, -0.0044 0.722 1.126, -0.0044 0.7113 1.126, 0.0399 1.1752 1.126, 0.2586 0.7128 1.126, 0.2586 0.722 1.126, 0.2427 0.722 1.126, 0.2427 0.6096 1.126, 0.2427 -3.0374 1.126, 0.2119 -3.0374 1.126, 0.1677 -3.0374 1.126, 0.149 -3.0374 1.126, 0.1124 -3.0374 1.126, 0.0447 -3.0374 1.126, 0.0399 -3.0374 1.126, 0.268 1.1752 1.126, 0.2427 1.1752 1.126, 0.2119 1.1752 1.126, 0.1677 1.1752 1.126, 0.149 1.1752 1.126, -0.35 -2.1024 1.0472, -0.3336 -2.1003 1.0472, -0.3182 -2.0941 1.0472, -0.3049 -2.0842 1.0472, -0.2945 -2.0713 1.0472, -0.2878 -2.0562 1.0472, -0.285 -2.0398 1.0472, -0.2865 -2.0233 1.0472, -0.95 -2.1024 1.0472, -0.9355 -2.1008 1.0472, -0.9217 -2.0959 1.0472, -0.9093 -2.0881 1.0472, -0.899 -2.0777 1.0472, -0.8913 -2.0653 1.0472, -0.8865 -2.0515 1.0472, 0.95 -2.1024 1.0472, 0.9664 -2.1003 1.0472, 0.9818 -2.0941 1.0472, 0.9951 -2.0842 1.0472, 1.0055 -2.0713 1.0472, 1.0122 -2.0562 1.0472, 1.015 -2.0398 1.0472, 1.0135 -2.0233 1.0472, 0.35 -2.1024 1.0472, 0.3645 -2.1008 1.0472, 0.3783 -2.0959 1.0472, 0.3907 -2.0881 1.0472, 0.401 -2.0777 1.0472, 0.4087 -2.0653 1.0472, 0.4135 -2.0515 1.0472, -1.6417 0.2572 0.5512, -1.6417 0.0164 0.5512, -1.7205 0.2572 0.5512, -1.7205 0.0164 0.5512, -1.7205 0.8569 0.5512, -1.7205 1.1063 0.5512, -1.6417 0.8569 0.5512, -1.6417 1.1063 0.5512, -1.6417 -1.605 0.5512, -1.6417 -1.6588 0.5512, -1.7205 -1.605 0.5512, -1.7205 -1.6588 0.5512, -1.7205 -1.0053 0.5512, -1.7205 -0.9514 0.5512, -1.6417 -1.0053 0.5512, -1.6417 -0.9514 0.5512, 1.6417 0.8569 0.5512, 1.6417 1.1063 0.5512, 1.7205 0.8569 0.5512, 1.7205 1.1063 0.5512, 1.6417 -1.0053 0.5512, 1.6417 -0.9514 0.5512, 1.7205 -1.0053 0.5512, 1.7205 -0.9514 0.5512, -0.8834 -2.0098 1.1236, -0.4166 -2.0098 1.1236, -0.7379 -1.4002 1.0161, -0.5623 -1.3994 1.0159, -0.7362 -1.394 1.015, -0.5702 -1.3788 1.0123, -0.5819 -1.3621 1.0094, -0.7286 -1.3766 1.0119, -0.5957 -1.3495 1.0071, -0.6811 -1.3372 1.005, -0.7003 -1.3468 1.0067, -0.7169 -1.3607 1.0091, -0.6593 -1.3323 1.0041, -0.6141 -1.3391 1.0053, -0.6368 -1.3328 1.0042, -0.7722 -1.5577 0.9639, -0.5278 -1.5577 0.9639, -0.8834 -2.0235 1.046, -0.4166 -2.0235 1.046, 0.4166 -2.0098 1.1236, 0.8834 -2.0098 1.1236, 0.5621 -1.4002 1.0161, 0.7379 -1.4002 1.0161, 0.5639 -1.3935 1.0149, 0.5716 -1.3762 1.0118, 0.7302 -1.3795 1.0124, 0.7187 -1.3627 1.0095, 0.7047 -1.3498 1.0072, 0.6195 -1.337 1.0049, 0.6001 -1.3465 1.0066, 0.5835 -1.3603 1.0091, 0.6413 -1.3322 1.0041, 0.6865 -1.3393 1.0053, 0.6638 -1.3329 1.0042, 0.5278 -1.5577 0.9639, 0.7722 -1.5577 0.9639, 0.4166 -2.0235 1.046, 0.8834 -2.0235 1.046, -1.7205 -2.6358 0.4348, -1.7205 -2.6358 0.6518, -1.7199 -2.622 0.6512, -1.7181 -2.6083 0.6506, -1.7181 -2.6083 0.436, -1.7199 -2.622 0.4354, -1.6405 -2.6219 0.436, -1.6405 -2.6219 0.6506, -1.6414 -2.6289 0.4354, -1.6414 -2.6289 0.6512, -1.6417 -2.6358 0.4348, -1.6417 -2.6358 0.6518, -1.6412 -2.1724 0.455, -1.6412 -2.1724 0.6316, -1.6404 -2.1678 0.6308, -1.6396 -2.1635 0.629, -1.6389 -2.1594 0.6259, -1.6382 -2.1554 0.6202, -1.6379 -2.1539 0.6158, -1.6379 -2.1535 0.6119, -1.6379 -2.1535 0.4747, -1.6386 -2.1579 0.6243, -1.6392 -2.161 0.4593, -1.6399 -2.1651 0.4568, -1.6407 -2.1695 0.4554, -1.6387 -2.1584 0.4617, -1.638 -2.1541 0.4702, -1.6382 -2.1556 0.4659, -1.5603 -2.1672 0.4747, -1.5603 -2.1672 0.6119, -1.5637 -2.186 0.6316, -1.5604 -2.1676 0.6158, -1.5607 -2.169 0.6202, -1.5611 -2.1716 0.6243, -1.5614 -2.1731 0.6259, -1.5628 -2.1814 0.6308, -1.5621 -2.1771 0.629, -1.5637 -2.186 0.455, -1.5632 -2.1832 0.4554, -1.5624 -2.1788 0.4568, -1.5617 -2.1747 0.4593, -1.5612 -2.1721 0.4617, -1.5604 -2.1677 0.4702, -1.5607 -2.1693 0.4659, 1.7181 -2.6083 0.436, 1.7181 -2.6083 0.6506, 1.7199 -2.622 0.4354, 1.7199 -2.622 0.6512, 1.7205 -2.6358 0.4348, 1.7205 -2.6358 0.6518, 1.6417 -2.6358 0.4348, 1.6417 -2.6358 0.6518, 1.6414 -2.6289 0.6512, 1.6405 -2.6219 0.6506, 1.6405 -2.6219 0.436, 1.6414 -2.6289 0.4354, 1.6379 -2.1535 0.4747, 1.6379 -2.1535 0.6119, 1.6412 -2.1724 0.6316, 1.6379 -2.1539 0.6158, 1.6382 -2.1554 0.6202, 1.6386 -2.1579 0.6243, 1.6389 -2.1594 0.6259, 1.6404 -2.1678 0.6308, 1.6396 -2.1635 0.629, 1.6412 -2.1724 0.455, 1.6407 -2.1695 0.4554, 1.6399 -2.1651 0.4568, 1.6392 -2.161 0.4593, 1.6387 -2.1584 0.4617, 1.638 -2.1541 0.4702, 1.6382 -2.1556 0.4659, 1.5637 -2.186 0.455, 1.5637 -2.186 0.6316, 1.5628 -2.1814 0.6308, 1.5621 -2.1771 0.629, 1.5614 -2.1731 0.6259, 1.5607 -2.169 0.6202, 1.5604 -2.1676 0.6158, 1.5603 -2.1672 0.6119, 1.5603 -2.1672 0.4747, 1.5611 -2.1716 0.6243, 1.5617 -2.1747 0.4593, 1.5624 -2.1788 0.4568, 1.5632 -2.1832 0.4554, 1.5612 -2.1721 0.4617, 1.5604 -2.1677 0.4702, 1.5607 -2.1693 0.4659, -0.11 -3.0374 0.0, -0.11 -3.0374 -0.0394, 1.2677 -3.0374 0.0, 1.2677 -3.0374 -0.0394, 0.9705 0.3307 0.0394, 0.9705 0.3307 -0.0394, -0.11 0.3307 0.0394, -0.11 0.3307 -0.0394, 0.5517 -2.0907 -0.0394, 0.56 -2.097 -0.0394, 0.6 -2.1024 -0.0394, 0.6 -2.0824 -0.0394, 0.8 -2.0824 -0.0394, 0.5454 -2.0824 -0.0394, 0.1199 -0.0244 -0.0394, 0.1138 -0.0155 -0.0394, 0.8 -2.1024 -0.0394, 0.82 -2.1024 -0.0394, 0.8304 -2.101 -0.0394, 0.84 -2.097 -0.0394, 0.58 -2.1024 -0.0394, 0.5696 -2.101 -0.0394, 0.1237 -0.0345 -0.0394, 0.1058 -0.0083 -0.0394, 0.0963 -0.0033 -0.0394, 0.0859 -0.0006 -0.0394, 0.0751 -0.0005 -0.0394, 0.9705 -1.0098 -0.0394, 0.8546 -1.5024 -0.0394, 0.8483 -1.4941 -0.0394, 0.9837 0.0256 -0.0394, 0.9837 -0.9606 -0.0394, 0.9738 -0.9844 -0.0394, 0.0646 -0.0029 -0.0394, -0.0697 -0.0518 -0.0394, -0.11 -0.0236 -0.0394, -0.11 -0.5668 -0.0394, 0.0963 -1.2 -0.0394, 0.0859 -1.1973 -0.0394, 0.8483 -2.0907 -0.0394, 0.8546 -2.0824 -0.0394, 0.8586 -2.0728 -0.0394, 0.9738 0.0493 -0.0394, 0.82 -1.4824 -0.0394, 0.8304 -1.4838 -0.0394, 0.84 -1.4878 -0.0394, 0.5696 -1.4838 -0.0394, 0.58 -1.4824 -0.0394, 0.9705 0.0748 -0.0394, -0.0839 -0.537 -0.0394, -0.0767 -0.537 -0.0394, 0.56 -1.4878 -0.0394, 0.0646 -0.5875 -0.0394, 0.0751 -0.5899 -0.0394, -0.1066 -0.5529 -0.0394, -0.1026 -0.547 -0.0394, -0.0972 -0.5422 -0.0394, 0.5517 -1.4941 -0.0394, -0.0697 -0.5386 -0.0394, 0.125 -1.2419 -0.0394, 0.5414 -1.512 -0.0394, 0.54 -1.5224 -0.0394, 0.8586 -1.512 -0.0394, 0.9705 -1.6004 -0.0394, 0.86 -1.5224 -0.0394, 0.9738 -1.6259 -0.0394, 0.86 -2.0624 -0.0394, 0.9837 -1.6496 -0.0394, 0.9993 -1.67 -0.0394, 1.0197 -1.6856 -0.0394, 1.0434 -1.6955 -0.0394, 0.9993 0.0052 -0.0394, 1.0197 -0.9246 -0.0394, 0.9993 -0.9402 -0.0394, 0.1058 -0.5821 -0.0394, 0.0963 -0.5871 -0.0394, 0.0859 -0.5898 -0.0394, 0.1138 -0.5749 -0.0394, 0.1199 -0.566 -0.0394, 0.1237 -0.5559 -0.0394, -0.1091 -0.5596 -0.0394, 0.1237 -1.2312 -0.0394, 0.5454 -1.5024 -0.0394, 0.1199 -1.2211 -0.0394, 0.1138 -1.2122 -0.0394, 0.1058 -1.205 -0.0394, 0.0646 -1.7842 -0.0394, 0.0751 -1.7866 -0.0394, 0.5414 -2.0728 -0.0394, 0.0859 -1.7865 -0.0394, 0.0963 -1.7838 -0.0394, 1.0689 -1.6988 -0.0394, 1.2677 -1.6988 -0.0394, -0.1066 -0.0375 -0.0394, -0.0839 -0.0534 -0.0394, -0.1026 -0.0434 -0.0394, -0.0909 -0.0516 -0.0394, -0.0972 -0.0482 -0.0394, -0.0909 -0.5388 -0.0394, -0.11 -1.7635 -0.0394, 0.1058 -1.7788 -0.0394, 0.1138 -1.7716 -0.0394, 0.54 -2.0624 -0.0394, 0.1199 -1.7627 -0.0394, 0.1237 -1.7526 -0.0394, 0.125 -1.7419 -0.0394, -0.0767 -0.0534 -0.0394, -0.1091 -0.0308 -0.0394, 0.125 -0.5452 -0.0394, 0.125 -0.0452 -0.0394, 0.0751 -1.1972 -0.0394, 0.0646 -1.1996 -0.0394, -0.11 -1.2203 -0.0394, -0.0697 -1.2485 -0.0394, -0.0767 -1.2501 -0.0394, 1.0689 -0.0236 -0.0394, 1.2677 -0.0236 -0.0394, 1.2677 -0.9114 -0.0394, 1.0197 -0.0104 -0.0394, 1.0434 -0.0203 -0.0394, 1.0434 -0.9148 -0.0394, 1.0689 -0.9114 -0.0394, -0.0839 -1.2501 -0.0394, -0.0909 -1.2483 -0.0394, -0.0972 -1.2449 -0.0394, -0.1026 -1.2401 -0.0394, -0.1066 -1.2342 -0.0394, -0.1091 -1.2275 -0.0394, -0.1091 -1.7563 -0.0394, -0.1066 -1.7496 -0.0394, -0.1026 -1.7437 -0.0394, -0.0972 -1.7389 -0.0394, -0.0909 -1.7355 -0.0394, -0.0839 -1.7337 -0.0394, -0.0767 -1.7337 -0.0394, -0.0697 -1.7353 -0.0394, 0.8 -2.0824 0.0394, 0.6 -2.0824 0.0394, 0.8 -2.1024 0.0394, 0.6 -2.1024 0.0394, 0.84 -2.097 0.0394, 0.8304 -2.101 0.0394, 1.2677 -2.9292 0.0394, 0.82 -2.1024 0.0394, 0.5696 -2.101 0.0394, 0.56 -2.097 0.0394, -0.11 -2.9292 0.0394, 0.5517 -2.0907 0.0394, 0.58 -2.1024 0.0394, 0.9738 -0.9844 0.0394, 0.8304 -1.4838 0.0394, 0.9705 -1.0098 0.0394, 0.84 -1.4878 0.0394, 0.1237 -0.5559 0.0394, 0.1199 -0.566 0.0394, 0.5696 -1.4838 0.0394, 1.0197 -0.9246 0.0394, 1.0434 -0.0203 0.0394, 0.9993 -0.9402 0.0394, 1.0197 -0.0104 0.0394, 0.8586 -2.0728 0.0394, 0.8546 -2.0824 0.0394, 0.8483 -2.0907 0.0394, 0.0963 -1.2 0.0394, -0.11 -0.5668 0.0394, 0.0859 -1.1973 0.0394, 0.0751 -1.1972 0.0394, 0.5517 -1.4941 0.0394, 0.56 -1.4878 0.0394, -0.0767 -0.537 0.0394, -0.0839 -0.537 0.0394, 0.125 -0.5452 0.0394, 0.9705 0.0748 0.0394, 0.0751 -0.0005 0.0394, 0.9738 0.0493 0.0394, 0.0646 -1.1996 0.0394, -0.11 -1.2203 0.0394, -0.0697 -1.2485 0.0394, 0.1237 -1.2312 0.0394, 0.5454 -1.5024 0.0394, 0.125 -1.2419 0.0394, 0.5414 -1.512 0.0394, 0.1237 -0.0345 0.0394, 0.58 -1.4824 0.0394, 0.82 -1.4824 0.0394, 0.9993 0.0052 0.0394, 0.1138 -0.0155 0.0394, 0.1058 -0.0083 0.0394, 1.0197 -1.6856 0.0394, 0.9993 -1.67 0.0394, 0.86 -2.0624 0.0394, 0.9837 -1.6496 0.0394, 0.86 -1.5224 0.0394, 0.9738 -1.6259 0.0394, 0.8586 -1.512 0.0394, 0.9705 -1.6004 0.0394, 0.8546 -1.5024 0.0394, 0.8483 -1.4941 0.0394, 0.5454 -2.0824 0.0394, 0.5414 -2.0728 0.0394, 0.1058 -1.7788 0.0394, 0.0963 -1.7838 0.0394, 0.0859 -1.7865 0.0394, 0.0751 -1.7866 0.0394, 0.1058 -1.205 0.0394, 0.1138 -1.2122 0.0394, 0.1199 -1.2211 0.0394, -0.0972 -0.5422 0.0394, -0.1026 -0.547 0.0394, -0.1066 -0.5529 0.0394, 0.125 -0.0452 0.0394, 0.0859 -0.5898 0.0394, 0.0751 -0.5899 0.0394, 0.0646 -0.5875 0.0394, -0.0697 -0.5386 0.0394, 0.1199 -0.0244 0.0394, 0.9837 -0.9606 0.0394, 1.0689 -0.9114 0.0394, 1.2677 -0.9114 0.0394, 1.2677 -0.0236 0.0394, 1.0434 -1.6955 0.0394, 1.0689 -1.6988 0.0394, 1.2677 -1.6988 0.0394, 0.54 -1.5224 0.0394, 0.125 -1.7419 0.0394, 0.54 -2.0624 0.0394, 0.1237 -1.7526 0.0394, 0.1199 -1.7627 0.0394, 0.1138 -1.7716 0.0394, -0.0909 -0.5388 0.0394, -0.1091 -0.5596 0.0394, 0.1138 -0.5749 0.0394, 0.1058 -0.5821 0.0394, 0.0963 -0.5871 0.0394, 1.0434 -0.9148 0.0394, 1.0689 -0.0236 0.0394, 0.9837 0.0256 0.0394, 0.0859 -0.0006 0.0394, 0.0963 -0.0033 0.0394, -0.1026 -0.0434 0.0394, -0.11 -0.0236 0.0394, -0.1066 -0.0375 0.0394, -0.1091 -0.0308 0.0394, -0.0972 -0.0482 0.0394, -0.0909 -0.0516 0.0394, -0.0839 -0.0534 0.0394, -0.0767 -0.0534 0.0394, -0.0697 -0.0518 0.0394, 0.0646 -0.0029 0.0394, -0.1091 -1.2275 0.0394, -0.1066 -1.2342 0.0394, -0.1026 -1.2401 0.0394, -0.0972 -1.2449 0.0394, -0.0909 -1.2483 0.0394, -0.0839 -1.2501 0.0394, -0.0767 -1.2501 0.0394, 0.0646 -1.7842 0.0394, -0.0697 -1.7353 0.0394, -0.11 -1.7635 0.0394, -0.0767 -1.7337 0.0394, -0.0839 -1.7337 0.0394, -0.0909 -1.7355 0.0394, -0.0972 -1.7389 0.0394, -0.1026 -1.7437 0.0394, -0.1066 -1.7496 0.0394, -0.1091 -1.7563 0.0394, 1.1827 1.1752 1.0472, 1.0127 1.1752 1.0472, 0.9127 1.1752 1.0472, -0.9127 1.1752 1.0472, -1.1827 1.1752 1.0472, -1.0127 1.1752 1.0472, 1.7141 -2.0531 0.7491, 1.7205 -2.0531 0.6732, 1.7141 1.1063 0.7491, 1.7205 1.1063 0.6732, 1.6919 -2.6661 0.8316, 1.6919 -2.6661 0.8316, 1.682 -3.0374 0.8558, 1.7141 -2.6752 0.7491, 1.6977 -2.6752 0.815, 1.6966 -2.6748 0.8184, 1.696 -2.6746 0.8199, 1.6954 -2.6739 0.8216, 1.6946 -2.673 0.8242, 1.6932 -2.6703 0.8279, 1.6931 -2.6701 0.8282, 1.6943 -2.6725 0.8249, 1.6938 -2.6714 0.8264, 1.6928 -2.669 0.8292, 1.6923 -2.6675 0.8304, 1.6915 -2.6644 0.8325, 1.6911 -2.6621 0.8336, 1.691 -2.6609 0.8338, 1.6908 -2.6578 0.8345, 1.6908 -2.6572 0.8346, 1.6907 -2.6555 0.8346, 1.6907 -2.0728 0.8346, 1.682 1.1063 0.8558, 1.6908 -2.0712 0.8346, 1.6908 -2.0708 0.8345, 1.691 -2.0675 0.8338, 1.6911 -2.0667 0.8337, 1.6916 -2.064 0.8324, 1.6918 -2.0627 0.8318, 1.6919 -2.0623 0.8315, 1.6923 -2.0609 0.8303, 1.6938 -2.057 0.8263, 1.6943 -2.0559 0.8248, 1.6928 -2.0594 0.8291, 1.693 -2.0588 0.8286, 1.6933 -2.0581 0.8278, 1.6944 -2.0557 0.8245, 1.6955 -2.0545 0.8216, 1.696 -2.0538 0.8199, 1.6966 -2.0536 0.8184, 1.6977 -2.0531 0.815, 1.7141 -3.0374 0.7491, 1.7205 -3.0374 0.6732, 1.7205 -2.6752 0.6732, 1.2826 1.1055 1.1257, 1.2841 1.106 1.1257, 1.2877 1.1063 1.1255, 1.2794 1.1045 1.1258, 1.2778 1.1035 1.1259, 1.2752 1.1019 1.1259, 1.2736 1.1004 1.1259, 1.2731 1.0999 1.126, 1.2704 1.0963 1.126, 1.2702 1.0959 1.126, 1.2684 1.0915 1.126, 1.2677 1.0863 1.126, 1.2684 1.0913 1.126, 1.3436 1.1063 1.1196, 1.6248 1.1063 0.9515, 1.6248 -3.0374 0.9515, 1.546 1.1063 1.0304, 1.546 -3.0374 1.0304, 1.4503 1.1063 1.0875, 1.4503 -3.0374 1.0875, 1.3436 -3.0374 1.1196, 1.6364 -2.6752 0.7359, 1.6417 -2.6752 0.6732, 1.6417 -2.9292 0.6732, 1.622 -2.0535 0.7932, 1.6219 -2.0535 0.7935, 1.61 1.1063 0.8241, 1.6211 -2.0543 0.7959, 1.6208 -2.0546 0.7965, 1.6201 -2.0559 0.7985, 1.6199 -2.0563 0.7992, 1.6197 -2.0569 0.7998, 1.6193 -2.0581 0.8009, 1.6188 -2.0593 0.8021, 1.6187 -2.0598 0.8025, 1.6185 -2.0608 0.8031, 1.6181 -2.0623 0.804, 1.6178 -2.0639 0.8049, 1.6178 -2.064 0.8049, 1.6174 -2.0675 0.8059, 1.6173 -2.0687 0.8062, 1.6172 -2.0712 0.8064, 1.6172 -2.0728 0.8066, 1.6172 -2.6555 0.8066, 1.6071 -2.9292 0.8229, 1.6172 -2.6572 0.8065, 1.6172 -2.6582 0.8064, 1.6174 -2.6608 0.8058, 1.6177 -2.6634 0.8052, 1.6179 -2.6643 0.8047, 1.6182 -2.666 0.8039, 1.6185 -2.6676 0.8031, 1.6185 -2.6677 0.803, 1.6189 -2.6689 0.802, 1.6193 -2.6702 0.8009, 1.6196 -2.6712 0.8001, 1.6197 -2.6714 0.7997, 1.6201 -2.6724 0.7984, 1.6207 -2.6734 0.7969, 1.6211 -2.6739 0.7958, 1.6218 -2.6747 0.7937, 1.622 -2.6748 0.7932, 1.6229 -2.6752 0.7903, 1.629 -2.9292 0.77, 1.6335 -2.9292 0.7355, 1.6417 1.1063 0.6732, 1.6417 -2.0531 0.6732, 1.6364 1.1063 0.7359, 1.6364 -2.0531 0.7359, 1.6229 -2.0531 0.7903, 1.2677 -2.9292 1.0472, 1.2677 1.0813 1.0472, 1.3304 1.1063 1.042, 1.2677 1.0863 1.0472, 1.2684 1.0913 1.0472, 1.2684 1.0915 1.0472, 1.2702 1.0959 1.0472, 1.2704 1.0963 1.0472, 1.2731 1.0999 1.0472, 1.2736 1.1004 1.0472, 1.2752 1.1019 1.0472, 1.2778 1.1035 1.0471, 1.2794 1.1045 1.0471, 1.2826 1.1055 1.0469, 1.2841 1.106 1.0469, 1.2877 1.1063 1.0467, 1.5916 -2.9292 0.8602, 1.5627 1.1063 0.9031, 1.5602 -2.9292 0.9012, 1.5322 -2.9292 0.9377, 1.4976 1.1063 0.9682, 1.4957 -2.9292 0.9657, 1.4547 -2.9292 0.9971, 1.4186 1.1063 1.0155, 1.4174 -2.9292 1.0126, 1.3645 -2.9292 1.0345, 1.33 -2.9292 1.039, 1.267 1.0761 1.0472, 1.265 1.0713 1.0472, -1.0039 1.139 1.0472, -0.9977 1.1342 1.0472, -1.1837 1.0835 1.0472, -0.9905 1.1312 1.0472, 0.9905 1.1312 1.0472, 0.9977 1.1342 1.0472, -1.0127 1.1602 1.0472, 1.2529 1.062 1.0472, 1.2577 1.064 1.0472, 1.2619 1.0672 1.0472, -0.9827 1.1302 1.0472, -0.9427 1.1302 1.0472, -0.935 1.1312 1.0472, -0.4352 -1.3527 1.0472, -0.4533 -1.3018 1.0472, -0.4832 -1.2569 1.0472, 1.0039 1.139 1.0472, 1.0087 1.1452 1.0472, 1.1837 1.0835 1.0472, 1.1915 1.0701 1.0472, 1.1977 1.0653 1.0472, 1.205 1.0623 1.0472, -0.9277 1.1342 1.0472, -0.623 -1.182 1.0472, -0.9215 1.139 1.0472, -0.9167 1.1452 1.0472, -0.9137 1.1524 1.0472, -1.1827 1.0913 1.0472, -1.0117 1.1524 1.0472, -1.0087 1.1452 1.0472, -0.9127 1.1602 1.0472, -0.5707 -1.1951 1.0472, -0.5231 -1.2206 1.0472, 0.8467 -1.3018 1.0472, 0.8168 -1.2569 1.0472, 1.1827 1.0913 1.0472, 1.0117 1.1524 1.0472, 1.0127 1.1602 1.0472, 0.9127 1.1602 1.0472, 0.9137 1.1524 1.0472, 0.9167 1.1452 1.0472, 1.2127 1.0613 1.0472, 1.2477 1.0613 1.0472, -1.2529 1.062 1.0472, -1.2477 1.0613 1.0472, -1.2127 1.0613 1.0472, -1.205 1.0623 1.0472, -1.265 1.0713 1.0472, -1.2619 1.0672 1.0472, -1.2577 1.064 1.0472, -1.1977 1.0653 1.0472, -1.1915 1.0701 1.0472, -1.1867 1.0763 1.0472, 0.8648 -1.3527 1.0472, 0.623 -1.182 1.0472, 0.5707 -1.1951 1.0472, 0.935 1.1312 1.0472, 0.677 -1.182 1.0472, 0.5231 -1.2206 1.0472, 0.4832 -1.2569 1.0472, 0.4533 -1.3018 1.0472, 0.7769 -1.2206 1.0472, 0.7293 -1.1951 1.0472, 0.9827 1.1302 1.0472, 0.9427 1.1302 1.0472, -1.267 1.0761 1.0472, -0.677 -1.182 1.0472, -0.7293 -1.1951 1.0472, -1.0135 -2.0233 1.0472, -1.015 -2.0398 1.0472, -1.2677 -2.9292 1.0472, -1.0122 -2.0562 1.0472, -1.0055 -2.0713 1.0472, -0.9951 -2.0842 1.0472, -0.9818 -2.0941 1.0472, -0.9664 -2.1003 1.0472, 0.2945 -2.0713 1.0472, 0.3049 -2.0842 1.0472, 0.3182 -2.0941 1.0472, 0.3336 -2.1003 1.0472, 0.9215 1.139 1.0472, 0.9277 1.1342 1.0472, 1.1867 1.0763 1.0472, -0.7769 -1.2206 1.0472, -0.8168 -1.2569 1.0472, -0.8467 -1.3018 1.0472, 0.4352 -1.3527 1.0472, 0.2865 -2.0233 1.0472, 0.285 -2.0398 1.0472, 0.2878 -2.0562 1.0472, -1.2677 1.0813 1.0472, -0.8648 -1.3527 1.0472, 0.9217 -2.0959 1.0472, 0.9355 -2.1008 1.0472, -0.3645 -2.1008 1.0472, -0.8834 -2.0374 1.0472, -0.4166 -2.0374 1.0472, -0.3783 -2.0959 1.0472, -0.3907 -2.0881 1.0472, -0.4135 -2.0515 1.0472, -0.4087 -2.0653 1.0472, -0.401 -2.0777 1.0472, 0.9093 -2.0881 1.0472, 0.899 -2.0777 1.0472, 0.4166 -2.0374 1.0472, 0.8834 -2.0374 1.0472, 0.8865 -2.0515 1.0472, 0.8913 -2.0653 1.0472, -0.9705 -1.0098 0.0394, -0.9705 -1.0098 -0.0394, -0.9705 -1.6004 0.0394, -0.9705 -1.6004 -0.0394, -1.0689 -0.9114 0.0394, -1.0689 -0.9114 -0.0394, -1.0434 -0.9148 0.0394, -1.0434 -0.9148 -0.0394, -1.0197 -0.9246 0.0394, -1.0197 -0.9246 -0.0394, -0.9993 -0.9402 0.0394, -0.9993 -0.9402 -0.0394, -0.9837 -0.9606 0.0394, -0.9837 -0.9606 -0.0394, -0.9738 -0.9844 0.0394, -0.9738 -0.9844 -0.0394, -1.2677 -0.9114 0.0394, -1.2677 -0.9114 -0.0394, -1.6417 -0.9114 0.4134, -1.7205 -0.9114 0.4134, -1.629 -0.9114 0.3166, -1.7091 -0.9114 0.3126, -1.5916 -0.9114 0.2264, -1.6756 -0.9114 0.2169, -1.5322 -0.9114 0.1489, -1.3685 -0.9114 -0.028, -1.3645 -0.9114 0.0521, -1.4642 -0.9114 0.0055, -1.4547 -0.9114 0.0895, -1.55 -0.9114 0.0594, -1.6217 -0.9114 0.1311, -1.6417 -0.9114 0.5112, -1.7205 -0.9114 0.5112, -1.6417 -0.9411 0.5498, -1.7205 -0.9411 0.5498, -1.6417 -0.9314 0.5458, -1.7205 -0.9314 0.5458, -1.6417 -0.9231 0.5395, -1.7205 -0.9231 0.5395, -1.6417 -0.9168 0.5312, -1.7205 -0.9168 0.5312, -1.6417 -0.9128 0.5215, -1.7205 -0.9128 0.5215, -1.6417 -1.6988 0.5112, -1.7205 -1.6988 0.5112, -1.6417 -1.6975 0.5215, -1.7205 -1.6975 0.5215, -1.6417 -1.6935 0.5312, -1.7205 -1.6935 0.5312, -1.6417 -1.6871 0.5395, -1.7205 -1.6871 0.5395, -1.6417 -1.6788 0.5458, -1.7205 -1.6788 0.5458, -1.6417 -1.6692 0.5498, -1.7205 -1.6692 0.5498, -1.6417 -1.6988 0.4134, -1.7205 -1.6988 0.4134, -1.2677 -1.6988 0.0394, -1.2677 -1.6988 -0.0394, -1.3304 -1.6988 0.0447, -1.3436 -1.6988 -0.033, -1.4186 -1.6988 0.0711, -1.4503 -1.6988 -0.0009, -1.4976 -1.6988 0.1184, -1.546 -1.6988 0.0563, -1.5627 -1.6988 0.1835, -1.6248 -1.6988 0.1351, -1.61 -1.6988 0.2625, -1.682 -1.6988 0.2308, -1.6364 -1.6988 0.3507, -1.7141 -1.6988 0.3375, -1.0689 -1.6988 0.0394, -1.0689 -1.6988 -0.0394, 1.7205 -1.605 0.5512, 1.7205 -1.6588 0.5512, 1.6417 -1.605 0.5512, 1.6417 -1.6588 0.5512, 1.7205 -0.9411 0.5498, 1.6417 -0.9411 0.5498, 1.7205 -0.9314 0.5458, 1.6417 -0.9314 0.5458, 1.7205 -0.9231 0.5395, 1.6417 -0.9231 0.5395, 1.7205 -0.9168 0.5312, 1.6417 -0.9168 0.5312, 1.7205 -0.9128 0.5215, 1.6417 -0.9128 0.5215, 1.7205 -0.9114 0.5112, 1.6417 -0.9114 0.5112, 1.6417 -0.9114 0.4134, 1.7205 -0.9114 0.4134, 1.3645 -0.9114 0.0521, 1.3685 -0.9114 -0.028, 1.4547 -0.9114 0.0895, 1.4642 -0.9114 0.0055, 1.5322 -0.9114 0.1489, 1.7091 -0.9114 0.3126, 1.629 -0.9114 0.3166, 1.6756 -0.9114 0.2169, 1.5916 -0.9114 0.2264, 1.6217 -0.9114 0.1311, 1.55 -0.9114 0.0594, 1.6417 -1.6988 0.4134, 1.7205 -1.6988 0.4134, 1.6364 -1.6988 0.3507, 1.7141 -1.6988 0.3375, 1.61 -1.6988 0.2625, 1.682 -1.6988 0.2308, 1.5627 -1.6988 0.1835, 1.6248 -1.6988 0.1351, 1.4976 -1.6988 0.1184, 1.546 -1.6988 0.0563, 1.4186 -1.6988 0.0711, 1.4503 -1.6988 -0.0009, 1.3304 -1.6988 0.0447, 1.3436 -1.6988 -0.033, 1.6417 -1.6988 0.5112, 1.7205 -1.6988 0.5112, 1.6417 -2.6752 0.6724, 1.7205 -2.6752 0.6724, 1.6417 -2.0531 0.4134, 1.7205 -2.0531 0.4134, 1.6229 -2.0531 0.2963, 1.6977 -2.0531 0.2717, 1.6364 -2.0531 0.3507, 1.7141 -2.0531 0.3375, 1.6172 -2.0728 0.28, 1.6907 -2.0728 0.252, 1.6172 -2.0712 0.2801, 1.6908 -2.0712 0.2521, 1.6172 -2.0701 0.2802, 1.6908 -2.0706 0.2521, 1.6174 -2.0675 0.2808, 1.691 -2.0675 0.2528, 1.6911 -2.0662 0.2531, 1.6177 -2.065 0.2814, 1.6915 -2.064 0.2542, 1.6179 -2.064 0.2819, 1.6919 -2.0623 0.255, 1.6182 -2.0624 0.2827, 1.6919 -2.0622 0.255, 1.6185 -2.0608 0.2835, 1.6923 -2.0608 0.2562, 1.6185 -2.0606 0.2836, 1.6189 -2.0594 0.2846, 1.6928 -2.0594 0.2575, 1.6931 -2.0582 0.2585, 1.6193 -2.0581 0.2857, 1.6932 -2.058 0.2588, 1.6196 -2.0572 0.2866, 1.6938 -2.0569 0.2603, 1.6197 -2.0569 0.2869, 1.6201 -2.056 0.2882, 1.6943 -2.0559 0.2618, 1.6207 -2.0549 0.2897, 1.6946 -2.0554 0.2624, 1.6211 -2.0545 0.2908, 1.6966 -2.0536 0.2682, 1.6218 -2.0536 0.2929, 1.696 -2.0537 0.2667, 1.6954 -2.0544 0.265, 1.622 -2.0535 0.2935, 1.6172 -2.6555 0.28, 1.6907 -2.6555 0.252, 1.6229 -2.6752 0.2963, 1.6977 -2.6752 0.2717, 1.6225 -2.6751 0.295, 1.6972 -2.6751 0.2701, 1.6225 -2.6751 0.2949, 1.6968 -2.675 0.2688, 1.6216 -2.6745 0.2923, 1.6961 -2.6745 0.2669, 1.6214 -2.6743 0.2916, 1.6952 -2.6738 0.2641, 1.6206 -2.6732 0.2895, 1.6949 -2.6733 0.2633, 1.6202 -2.6726 0.2884, 1.6201 -2.6724 0.2881, 1.6943 -2.6724 0.2617, 1.6937 -2.6715 0.2601, 1.6197 -2.6712 0.2868, 1.6937 -2.6714 0.26, 1.6192 -2.6701 0.2856, 1.6932 -2.6701 0.2587, 1.619 -2.6695 0.285, 1.6188 -2.6688 0.2845, 1.6927 -2.6688 0.2573, 1.6925 -2.6682 0.2566, 1.6185 -2.6674 0.2835, 1.6923 -2.6675 0.2561, 1.6181 -2.666 0.2826, 1.6919 -2.6659 0.2551, 1.6181 -2.6658 0.2825, 1.6915 -2.6645 0.2541, 1.6176 -2.6627 0.2813, 1.6913 -2.6628 0.2534, 1.6174 -2.6611 0.2807, 1.6909 -2.6604 0.2525, 1.6173 -2.6593 0.2805, 1.6909 -2.6594 0.2524, 1.6417 -2.6752 0.4142, 1.7205 -2.6752 0.4142, 1.6417 -2.6752 0.4134, 1.7205 -2.6752 0.4134, 1.6364 -2.6752 0.3507, 1.7141 -2.6752 0.3375, -1.2677 -3.0374 0.0, -1.2677 -3.0374 -0.0394, -0.125 -3.0374 0.0, -0.125 -3.0374 -0.0394, -1.6229 -2.6752 0.2963, -1.6977 -2.6752 0.2717, -1.6364 -2.6752 0.3507, -1.7141 -2.6752 0.3375, -1.6417 -2.6752 0.4134, -1.7205 -2.6752 0.4134, -1.6417 -2.6752 0.4142, -1.7205 -2.6752 0.4142, -1.6972 -2.6751 0.2701, -1.6225 -2.6751 0.295, -1.6968 -2.675 0.2689, -1.6224 -2.6751 0.2946, -1.6961 -2.6744 0.2669, -1.6216 -2.6745 0.2923, -1.6212 -2.6743 0.2912, -1.6951 -2.6736 0.2639, -1.6206 -2.6733 0.2894, -1.6949 -2.6732 0.2634, -1.6943 -2.6723 0.2617, -1.6201 -2.6725 0.2881, -1.6201 -2.6725 0.288, -1.6937 -2.6713 0.2601, -1.6196 -2.6713 0.2868, -1.6935 -2.671 0.2596, -1.6192 -2.6701 0.2856, -1.6932 -2.6701 0.2587, -1.6927 -2.6688 0.2573, -1.6189 -2.6694 0.2847, -1.6188 -2.6688 0.2844, -1.6924 -2.668 0.2565, -1.6185 -2.6674 0.2835, -1.6923 -2.6674 0.2561, -1.6919 -2.6659 0.2551, -1.6181 -2.666 0.2826, -1.6179 -2.6653 0.2821, -1.6915 -2.6642 0.254, -1.6176 -2.6628 0.2813, -1.6172 -2.6555 0.28, -1.6907 -2.6555 0.252, -1.6173 -2.6594 0.2805, -1.6909 -2.6594 0.2524, -1.6174 -2.6609 0.2806, -1.6909 -2.6601 0.2525, -1.6913 -2.6628 0.2535, -1.6172 -2.0728 0.28, -1.6907 -2.0728 0.252, -1.6928 -2.0594 0.2575, -1.6188 -2.0593 0.2845, -1.693 -2.0588 0.258, -1.6193 -2.0581 0.2857, -1.6933 -2.0581 0.2588, -1.6938 -2.057 0.2603, -1.6908 -2.0712 0.2521, -1.6172 -2.0712 0.2802, -1.6908 -2.0708 0.2521, -1.6173 -2.0687 0.2804, -1.691 -2.0675 0.2528, -1.6174 -2.0675 0.2807, -1.6911 -2.0667 0.253, -1.6178 -2.064 0.2817, -1.6916 -2.064 0.2542, -1.6178 -2.0639 0.2818, -1.6918 -2.0627 0.2548, -1.6181 -2.0623 0.2827, -1.6919 -2.0623 0.2551, -1.6923 -2.0609 0.2563, -1.6185 -2.0608 0.2836, -1.6187 -2.0598 0.2841, -1.6197 -2.0569 0.2869, -1.6199 -2.0563 0.2874, -1.6943 -2.0559 0.2618, -1.6201 -2.0559 0.2881, -1.6944 -2.0557 0.2621, -1.6208 -2.0546 0.2901, -1.6955 -2.0545 0.265, -1.6211 -2.0543 0.2908, -1.696 -2.0538 0.2667, -1.6219 -2.0535 0.2931, -1.6966 -2.0536 0.2682, -1.622 -2.0535 0.2935, -1.6977 -2.0531 0.2717, -1.6229 -2.0531 0.2963, -1.6417 -2.0531 0.4134, -1.7205 -2.0531 0.4134, -1.6364 -2.0531 0.3507, -1.7141 -2.0531 0.3375, -1.6417 -2.0531 0.6732, -1.7205 -2.0531 0.6732, -1.6229 -2.0531 0.7903, -1.6977 -2.0531 0.815, -1.6364 -2.0531 0.7359, -1.7141 -2.0531 0.7491, -1.6972 -2.0533 0.8166, -1.6225 -2.0532 0.7916, -1.6968 -2.0534 0.8177, -1.6224 -2.0532 0.792, -1.6961 -2.0539 0.8197, -1.6216 -2.0538 0.7943, -1.6212 -2.0541 0.7954, -1.6951 -2.0548 0.8227, -1.6206 -2.0551 0.7972, -1.6949 -2.0551 0.8233, -1.6943 -2.0561 0.8249, -1.6201 -2.0558 0.7986, -1.6201 -2.0559 0.7986, -1.6937 -2.0571 0.8265, -1.6197 -2.057 0.7998, -1.6935 -2.0574 0.827, -1.6192 -2.0582 0.8011, -1.6932 -2.0582 0.8279, -1.6927 -2.0596 0.8293, -1.6189 -2.059 0.8019, -1.6188 -2.0595 0.8022, -1.6924 -2.0604 0.8301, -1.6185 -2.0609 0.8031, -1.6923 -2.0609 0.8305, -1.6919 -2.0624 0.8315, -1.6181 -2.0624 0.804, -1.6179 -2.0631 0.8045, -1.6915 -2.0641 0.8326, -1.6176 -2.0656 0.8053, -1.6172 -2.0728 0.8066, -1.6907 -2.0728 0.8346, -1.6173 -2.069 0.8062, -1.6909 -2.069 0.8342, -1.6174 -2.0674 0.806, -1.6909 -2.0682 0.8341, -1.6913 -2.0656 0.8331, -1.6172 -2.6555 0.8066, -1.6907 -2.6555 0.8346, -1.6229 -2.6752 0.7903, -1.6977 -2.6752 0.815, -1.6225 -2.6751 0.7916, -1.6972 -2.6751 0.8166, -1.6225 -2.6751 0.7918, -1.6968 -2.675 0.8178, -1.6216 -2.6745 0.7943, -1.6961 -2.6745 0.8198, -1.6214 -2.6743 0.795, -1.6952 -2.6738 0.8225, -1.6206 -2.6732 0.7971, -1.6949 -2.6733 0.8233, -1.6202 -2.6726 0.7983, -1.6201 -2.6724 0.7985, -1.6943 -2.6724 0.8249, -1.6937 -2.6715 0.8265, -1.6197 -2.6712 0.7998, -1.6937 -2.6714 0.8266, -1.6192 -2.6701 0.801, -1.6932 -2.6701 0.828, -1.619 -2.6695 0.8016, -1.6188 -2.6688 0.8021, -1.6927 -2.6688 0.8293, -1.6925 -2.6682 0.83, -1.6185 -2.6674 0.8031, -1.6923 -2.6675 0.8305, -1.6181 -2.666 0.804, -1.6919 -2.6659 0.8315, -1.6181 -2.6658 0.8041, -1.6915 -2.6645 0.8326, -1.6176 -2.6627 0.8053, -1.6913 -2.6628 0.8332, -1.6174 -2.6611 0.8059, -1.6909 -2.6604 0.8341, -1.6173 -2.6593 0.8061, -1.6909 -2.6594 0.8342, -1.6417 -2.6752 0.6724, -1.7205 -2.6752 0.6724, -1.6417 -2.6752 0.6732, -1.7205 -2.6752 0.6732, -1.6364 -2.6752 0.7359, -1.7141 -2.6752 0.7491, -1.56 -3.0374 0.1211, -1.546 -3.0374 0.0563, -1.4744 -3.0374 0.0554, -1.4503 -3.0374 -0.0009, -1.3747 -3.0374 0.0141, -1.3436 -3.0374 -0.033, -1.2677 -3.0374 1.0866, -1.3747 -3.0374 1.0725, -1.3436 -3.0374 1.1196, -1.4744 -3.0374 1.0312, -1.4503 -3.0374 1.0875, -1.56 -3.0374 0.9655, -1.546 -3.0374 1.0304, -1.6248 -3.0374 0.9515, -1.6257 -3.0374 0.8799, -1.682 -3.0374 0.8558, -1.667 -3.0374 0.7802, -1.7141 -3.0374 0.7491, -1.6811 -3.0374 0.6732, -1.7205 -3.0374 0.6732, -1.6811 -3.0374 0.4134, -1.7205 -3.0374 0.4134, -1.667 -3.0374 0.3064, -1.7141 -3.0374 0.3375, -1.6257 -3.0374 0.2067, -1.682 -3.0374 0.2308, -1.6248 -3.0374 0.1351, 1.2677 -3.0374 1.0866, 1.3747 -3.0374 1.0725, 1.4744 -3.0374 1.0312, 1.56 -3.0374 0.9655, 1.3747 -3.0374 0.0141, 1.3436 -3.0374 -0.033, 1.4744 -3.0374 0.0554, 1.4503 -3.0374 -0.0009, 1.56 -3.0374 0.1211, 1.546 -3.0374 0.0563, 1.6248 -3.0374 0.1351, 1.6257 -3.0374 0.2067, 1.682 -3.0374 0.2308, 1.667 -3.0374 0.3064, 1.7141 -3.0374 0.3375, 1.6811 -3.0374 0.4134, 1.7205 -3.0374 0.4134, 1.6811 -3.0374 0.6732, 1.667 -3.0374 0.7802, 1.6257 -3.0374 0.8799, -1.6417 1.1063 0.6732, -1.7205 1.1063 0.6732, -1.6364 1.1063 0.7359, -1.7141 1.1063 0.7491, -1.61 1.1063 0.8241, -1.682 1.1063 0.8558, -1.5627 1.1063 0.9031, -1.6248 1.1063 0.9515, -1.4976 1.1063 0.9682, -1.546 1.1063 1.0304, -1.4186 1.1063 1.0155, -1.4503 1.1063 1.0875, -1.3304 1.1063 1.042, -1.3436 1.1063 1.1196, -1.2877 1.1063 1.0467, -1.2877 1.1063 1.1255, -1.6417 -0.0236 0.5112, -1.7205 -0.0236 0.5112, -1.6417 -0.0223 0.5215, -1.7205 -0.0223 0.5215, -1.6417 -0.0183 0.5312, -1.7205 -0.0183 0.5312, -1.6417 -0.0119 0.5395, -1.7205 -0.0119 0.5395, -1.6417 -0.0036 0.5458, -1.7205 -0.0036 0.5458, -1.6417 0.006 0.5498, -1.7205 0.006 0.5498, -1.6417 -0.0236 0.4134, -1.7205 -0.0236 0.4134, -1.2677 -0.0236 0.0394, -1.2677 -0.0236 -0.0394, -1.3645 -0.0236 0.0521, -1.3685 -0.0236 -0.028, -1.4547 -0.0236 0.0895, -1.4642 -0.0236 0.0055, -1.5322 -0.0236 0.1489, -1.7091 -0.0236 0.3126, -1.629 -0.0236 0.3166, -1.6756 -0.0236 0.2169, -1.5916 -0.0236 0.2264, -1.6217 -0.0236 0.1311, -1.55 -0.0236 0.0594, -1.0689 -0.0236 0.0394, -1.0689 -0.0236 -0.0394, -0.9705 0.0748 0.0394, -0.9705 0.0748 -0.0394, -0.9738 0.0493 0.0394, -0.9738 0.0493 -0.0394, -0.9837 0.0256 0.0394, -0.9837 0.0256 -0.0394, -0.9993 0.0052 0.0394, -0.9993 0.0052 -0.0394, -1.0197 -0.0104 0.0394, -1.0197 -0.0104 -0.0394, -1.0434 -0.0203 0.0394, -1.0434 -0.0203 -0.0394, -0.9705 0.3307 0.0394, -0.9705 0.3307 -0.0394, -0.125 0.3307 -0.0394, -0.125 0.3307 0.0394, 1.6417 -0.0236 0.4134, 1.7205 -0.0236 0.4134, 1.629 -0.0236 0.3166, 1.7091 -0.0236 0.3126, 1.5916 -0.0236 0.2264, 1.6756 -0.0236 0.2169, 1.5322 -0.0236 0.1489, 1.3685 -0.0236 -0.028, 1.3645 -0.0236 0.0521, 1.4642 -0.0236 0.0055, 1.4547 -0.0236 0.0895, 1.55 -0.0236 0.0594, 1.6217 -0.0236 0.1311, 1.6417 -0.0236 0.5112, 1.7205 -0.0236 0.5112, 1.7205 -0.0223 0.5215, 1.6417 -0.0223 0.5215, 1.7205 -0.0183 0.5312, 1.6417 -0.0183 0.5312, 1.7205 -0.0119 0.5395, 1.6417 -0.0119 0.5395, 1.7205 -0.0036 0.5458, 1.6417 -0.0036 0.5458, 1.7205 0.006 0.5498, 1.6417 0.006 0.5498, 1.7205 0.0164 0.5512, 1.6417 0.0164 0.5512, 1.7205 0.2572 0.5512, 1.6417 0.2572 0.5512, -0.9738 -1.6259 0.0394, -0.9738 -1.6259 -0.0394, -0.9837 -1.6496 0.0394, -0.9837 -1.6496 -0.0394, -0.9993 -1.67 0.0394, -0.9993 -1.67 -0.0394, -1.0197 -1.6856 0.0394, -1.0197 -1.6856 -0.0394, -1.0434 -1.6955 0.0394, -1.0434 -1.6955 -0.0394, 1.7205 -1.6975 0.5215, 1.6417 -1.6975 0.5215, 1.7205 -1.6935 0.5312, 1.6417 -1.6935 0.5312, 1.7205 -1.6871 0.5395, 1.6417 -1.6871 0.5395, 1.7205 -1.6788 0.5458, 1.6417 -1.6788 0.5458, 1.7205 -1.6692 0.5498, 1.6417 -1.6692 0.5498, 1.7205 -1.585 0.5458, 1.7205 -1.5767 0.5395, 1.7205 -1.5703 0.5312, 1.7205 -1.5663 0.5215, 1.7205 0.8223 0.5312, 1.7205 0.8286 0.5395, 1.7205 0.2772 0.5458, 1.7205 -1.0453 0.5112, 1.7205 -1.0439 0.5215, 1.7205 -1.0399 0.5312, 1.7205 -1.0336 0.5395, 1.7205 -1.0253 0.5458, 1.7205 0.8369 0.5458, 1.7205 0.2676 0.5498, 1.7205 -1.5946 0.5498, 1.7205 -1.5629 0.0551, 1.7205 -1.5569 0.0406, 1.7205 -1.565 0.0706, 1.7205 -1.565 0.5112, 1.7205 0.2993 0.0551, 1.7205 0.3053 0.0406, 1.7205 0.2972 0.0706, 1.7205 0.2972 0.5112, 1.7205 0.6928 -0.0069, 1.7205 0.4309 -0.0194, 1.7205 0.6832 -0.0194, 1.7205 0.6772 -0.0338, 1.7205 -1.4532 0.0026, 1.7205 -1.1425 0.0086, 1.7205 -1.4408 -0.0069, 1.7205 -1.4313 -0.0194, 1.7205 -1.185 -0.0338, 1.7205 -1.179 -0.0194, 1.7205 -1.4253 -0.0338, 1.7205 -1.1694 -0.0069, 1.7205 -1.157 0.0026, 1.7205 -1.127 0.0106, 1.7205 -1.0453 0.0706, 1.7205 0.2855 0.5395, 1.7205 0.2919 0.5312, 1.7205 0.7197 0.0086, 1.7205 0.2959 0.5215, 1.7205 0.409 0.0026, 1.7205 0.8169 0.0706, 1.7205 0.8169 0.5112, 1.7205 0.7352 0.0106, 1.7205 0.7052 0.0026, 1.7205 0.4214 -0.0069, 1.7205 0.8466 0.5498, 1.7205 -1.5474 0.0282, 1.7205 -1.535 0.0187, 1.7205 -1.5205 0.0127, 1.7205 0.3148 0.0282, 1.7205 0.3272 0.0187, 1.7205 0.3417 0.0127, 1.7205 0.442 -0.4918, 1.7205 0.6752 -0.4576, 1.7205 0.439 -0.4576, 1.7205 0.6752 -0.0494, 1.7205 0.439 -0.0494, 1.7205 0.4369 -0.0338, 1.7205 0.8183 0.5215, 1.7205 -1.0628 0.0282, 1.7205 -1.0533 0.0406, 1.7205 -1.0473 0.0551, 1.7205 -1.0156 0.5498, 1.7205 -1.505 0.0106, 1.7205 -1.4832 0.0106, 1.7205 -1.4677 0.0086, 1.7205 0.3572 0.0106, 1.7205 0.379 0.0106, 1.7205 0.3945 0.0086, 1.7205 0.5151 -0.7874, 1.7205 0.5991 -0.7874, 1.7205 0.6237 -0.7667, 1.7205 -1.1053 0.0106, 1.7205 -1.0897 0.0127, 1.7205 -1.0753 0.0187, 1.7205 0.4921 -0.7723, 1.7205 0.4905 -0.7667, 1.7205 0.6722 -0.4918, 1.7205 0.7994 0.0282, 1.7205 0.8089 0.0406, 1.7205 0.7869 0.0187, 1.7205 0.7725 0.0127, 1.7205 0.7569 0.0106, 1.7205 0.8149 0.0551, 1.7205 0.6103 -0.7847, 1.7205 0.6152 -0.7816, 1.7205 0.6049 -0.7867, 1.7205 0.6192 -0.7773, 1.7205 0.6221 -0.7723, 1.7205 0.495 -0.7773, 1.7205 0.499 -0.7816, 1.7205 0.5093 -0.7867, 1.7205 0.5039 -0.7847, 1.7205 -1.3471 -0.7874, 1.7205 -1.2631 -0.7874, 1.7205 -1.2385 -0.7667, 1.7205 -1.187 -0.0494, 1.7205 -1.4232 -0.0494, 1.7205 -1.187 -0.4576, 1.7205 -1.4232 -0.4576, 1.7205 -1.19 -0.4918, 1.7205 -1.4202 -0.4918, 1.7205 -1.3718 -0.7667, 1.7205 -1.3701 -0.7723, 1.7205 -1.3672 -0.7773, 1.7205 -1.3632 -0.7816, 1.7205 -1.3584 -0.7847, 1.7205 -1.3529 -0.7867, 1.7205 -1.2519 -0.7847, 1.7205 -1.247 -0.7816, 1.7205 -1.2573 -0.7867, 1.7205 -1.243 -0.7773, 1.7205 -1.2401 -0.7723, -0.5696 -2.101 -0.0394, -0.56 -2.097 -0.0394, -0.8 -2.0824 -0.0394, -0.6 -2.0824 -0.0394, -0.8 -2.1024 -0.0394, -0.6 -2.1024 -0.0394, -0.84 -2.097 -0.0394, -0.8304 -2.101 -0.0394, -0.82 -2.1024 -0.0394, -0.58 -2.1024 -0.0394, -0.8586 -2.0728 -0.0394, -0.8546 -2.0824 -0.0394, -0.8483 -2.0907 -0.0394, 0.0767 -0.0154 -0.0394, 0.0839 -0.0155 -0.0394, -0.0646 -0.5245 -0.0394, -0.84 -1.4878 -0.0394, -0.8304 -1.4838 -0.0394, -0.82 -1.4824 -0.0394, -0.58 -1.4824 -0.0394, -0.1138 -1.7338 -0.0394, -0.1199 -1.7427 -0.0394, -0.5414 -2.0728 -0.0394, -0.56 -1.4878 -0.0394, -0.1199 -0.546 -0.0394, -0.5517 -1.4941 -0.0394, -0.1237 -0.5561 -0.0394, -0.1058 -1.2572 -0.0394, -0.5414 -1.512 -0.0394, -0.1138 -1.25 -0.0394, -0.5454 -1.5024 -0.0394, -0.1199 -1.2411 -0.0394, -0.1237 -1.231 -0.0394, -0.86 -2.0624 -0.0394, -0.5517 -2.0907 -0.0394, -0.5454 -2.0824 -0.0394, -0.125 -1.7635 -0.0394, -0.1237 -1.7528 -0.0394, -0.0751 -1.7187 -0.0394, 0.11 -1.2419 -0.0394, -0.0646 -1.7212 -0.0394, 0.11 -1.7419 -0.0394, -0.0859 -1.7189 -0.0394, -0.0963 -1.7215 -0.0394, -0.1058 -1.7266 -0.0394, -0.54 -1.5224 -0.0394, -0.0963 -1.2623 -0.0394, -0.0859 -1.2649 -0.0394, -0.0751 -1.2651 -0.0394, -0.125 -0.5668 -0.0394, -0.125 -1.2203 -0.0394, -0.86 -1.5224 -0.0394, -0.8586 -1.512 -0.0394, -0.8546 -1.5024 -0.0394, -0.8483 -1.4941 -0.0394, -0.1237 -0.0343 -0.0394, -0.1199 -0.0444 -0.0394, -0.5696 -1.4838 -0.0394, -0.1138 -0.0533 -0.0394, -0.1058 -0.0605 -0.0394, -0.54 -2.0624 -0.0394, 0.0839 -0.5749 -0.0394, 0.0767 -0.575 -0.0394, 0.11 -0.5452 -0.0394, -0.125 -0.0236 -0.0394, -0.0859 -0.0682 -0.0394, -0.1058 -0.5299 -0.0394, -0.0963 -0.0656 -0.0394, -0.0646 -1.2626 -0.0394, 0.0697 -0.5734 -0.0394, 0.11 -0.0452 -0.0394, 0.0909 -0.0172 -0.0394, -0.1138 -0.5371 -0.0394, 0.0697 -1.2137 -0.0394, 0.0767 -1.2121 -0.0394, 0.0839 -1.2122 -0.0394, 0.1066 -0.0313 -0.0394, 0.1091 -0.0381 -0.0394, 0.1026 -0.0254 -0.0394, 0.0972 -0.0206 -0.0394, -0.0751 -0.522 -0.0394, -0.0859 -0.5222 -0.0394, -0.0963 -0.5248 -0.0394, 0.1066 -0.5591 -0.0394, 0.1026 -0.565 -0.0394, 0.1091 -0.5523 -0.0394, 0.0972 -0.5698 -0.0394, 0.0909 -0.5732 -0.0394, -0.0751 -0.0684 -0.0394, -0.0646 -0.0659 -0.0394, 0.0697 -0.017 -0.0394, 0.1066 -1.7558 -0.0394, 0.0839 -1.7716 -0.0394, 0.1091 -1.749 -0.0394, 0.0767 -1.7717 -0.0394, 0.0697 -1.7701 -0.0394, 0.1026 -1.7617 -0.0394, 0.0972 -1.7665 -0.0394, 0.0909 -1.7699 -0.0394, 0.1091 -1.2348 -0.0394, 0.1066 -1.228 -0.0394, 0.1026 -1.2221 -0.0394, 0.0909 -1.2139 -0.0394, 0.0972 -1.2173 -0.0394, -1.2677 1.0863 1.126, -1.2681 1.09 1.126, -1.2685 1.0914 1.126, -1.2696 1.0947 1.126, -1.2705 1.0962 1.126, -1.2722 1.0989 1.126, -1.2736 1.1004 1.1259, -1.2741 1.1009 1.1259, -1.2777 1.1036 1.1259, -1.2781 1.1038 1.1259, -1.2825 1.1056 1.1257, -1.2827 1.1057 1.1257, -1.7205 -1.0253 0.5458, -1.7205 -1.0336 0.5395, -1.7205 -1.5663 0.5215, -1.7205 -1.5767 0.5395, -1.7205 -1.5703 0.5312, -1.7205 0.8286 0.5395, -1.7205 0.2676 0.5498, -1.7205 0.2772 0.5458, -1.7205 -1.0399 0.5312, -1.7205 -1.0439 0.5215, -1.7205 -1.0453 0.5112, -1.7205 -1.585 0.5458, -1.7205 -1.5946 0.5498, -1.7205 0.7352 0.0106, -1.7205 0.7197 0.0086, -1.7205 0.2855 0.5395, -1.7205 0.6928 -0.0069, -1.7205 0.6832 -0.0194, -1.7205 0.4309 -0.0194, -1.7205 0.6772 -0.0338, -1.7205 0.4369 -0.0338, -1.7205 0.4214 -0.0069, -1.7205 0.409 0.0026, -1.7205 0.2972 0.5112, -1.7205 -1.1425 0.0086, -1.7205 -1.157 0.0026, -1.7205 -1.4313 -0.0194, -1.7205 -1.1694 -0.0069, -1.7205 -1.4253 -0.0338, -1.7205 -1.179 -0.0194, -1.7205 -1.4408 -0.0069, -1.7205 -1.127 0.0106, -1.7205 -1.0453 0.0706, -1.7205 0.7052 0.0026, -1.7205 0.2959 0.5215, -1.7205 0.2919 0.5312, -1.7205 0.3945 0.0086, -1.7205 0.379 0.0106, -1.7205 0.2972 0.0706, -1.7205 0.3572 0.0106, -1.7205 0.3417 0.0127, -1.7205 -1.0156 0.5498, -1.7205 0.8466 0.5498, -1.7205 0.8369 0.5458, -1.7205 0.8223 0.5312, -1.7205 0.8183 0.5215, -1.7205 0.8169 0.5112, -1.7205 0.8169 0.0706, -1.7205 0.7569 0.0106, -1.7205 0.7725 0.0127, -1.7205 -1.0473 0.0551, -1.7205 -1.0897 0.0127, -1.7205 -1.1053 0.0106, -1.7205 -1.185 -0.0338, -1.7205 -1.187 -0.0494, -1.7205 -1.4232 -0.0494, -1.7205 -1.4232 -0.4576, -1.7205 0.439 -0.0494, -1.7205 0.6752 -0.0494, -1.7205 0.439 -0.4576, -1.7205 0.6752 -0.4576, -1.7205 0.442 -0.4918, -1.7205 0.6722 -0.4918, -1.7205 0.4905 -0.7667, -1.7205 0.3272 0.0187, -1.7205 0.3148 0.0282, -1.7205 0.2993 0.0551, -1.7205 0.3053 0.0406, -1.7205 -1.0533 0.0406, -1.7205 -1.0628 0.0282, -1.7205 -1.0753 0.0187, -1.7205 -1.4532 0.0026, -1.7205 -1.4677 0.0086, -1.7205 -1.565 0.5112, -1.7205 -1.4832 0.0106, -1.7205 -1.565 0.0706, -1.7205 -1.505 0.0106, -1.7205 -1.5205 0.0127, -1.7205 0.8149 0.0551, -1.7205 0.8089 0.0406, -1.7205 0.7869 0.0187, -1.7205 0.7994 0.0282, -1.7205 -1.5569 0.0406, -1.7205 -1.5629 0.0551, -1.7205 -1.5474 0.0282, -1.7205 -1.535 0.0187, -1.7205 0.6237 -0.7667, -1.7205 0.5991 -0.7874, -1.7205 0.5151 -0.7874, -1.7205 -1.187 -0.4576, -1.7205 -1.19 -0.4918, -1.7205 -1.4202 -0.4918, -1.7205 -1.3718 -0.7667, -1.7205 0.6152 -0.7816, -1.7205 0.6192 -0.7773, -1.7205 0.6221 -0.7723, -1.7205 0.6103 -0.7847, -1.7205 0.6049 -0.7867, -1.7205 0.5039 -0.7847, -1.7205 0.499 -0.7816, -1.7205 0.495 -0.7773, -1.7205 0.5093 -0.7867, -1.7205 0.4921 -0.7723, -1.7205 -1.247 -0.7816, -1.7205 -1.2385 -0.7667, -1.7205 -1.243 -0.7773, -1.7205 -1.2401 -0.7723, -1.7205 -1.2631 -0.7874, -1.7205 -1.3471 -0.7874, -1.7205 -1.2519 -0.7847, -1.7205 -1.2573 -0.7867, -1.7205 -1.3632 -0.7816, -1.7205 -1.3584 -0.7847, -1.7205 -1.3529 -0.7867, -1.7205 -1.3672 -0.7773, -1.7205 -1.3701 -0.7723, 1.6071 -2.9292 0.2637, 1.629 -2.9292 0.3166, 1.6417 -2.9292 0.4134, 1.6335 -2.9292 0.3511, 1.33 -2.9292 0.0476, 1.3645 -2.9292 0.0521, 1.4174 -2.9292 0.074, 1.4547 -2.9292 0.0895, 1.4957 -2.9292 0.1209, 1.5322 -2.9292 0.1489, 1.5916 -2.9292 0.2264, 1.5602 -2.9292 0.1854, 1.6417 0.6832 -0.0194, 1.6417 0.6772 -0.0338, 1.6417 0.4309 -0.0194, 1.6417 -1.5767 0.5395, 1.6417 -1.5703 0.5312, 1.6417 -1.5663 0.5215, 1.6417 -1.1425 0.0086, 1.6417 -1.157 0.0026, 1.6417 -1.4313 -0.0194, 1.6417 -1.0253 0.5458, 1.6417 -1.0336 0.5395, 1.6417 -1.0399 0.5312, 1.6417 -1.0439 0.5215, 1.6417 -1.585 0.5458, 1.6417 -1.5946 0.5498, 1.6417 0.8149 0.0551, 1.6417 0.8089 0.0406, 1.6417 0.8169 0.0706, 1.6417 0.8169 0.5112, 1.6417 -1.1053 0.0106, 1.6417 -1.127 0.0106, 1.6417 -1.0453 0.0706, 1.6417 0.8183 0.5215, 1.6417 0.7052 0.0026, 1.6417 0.6928 -0.0069, 1.6417 0.2919 0.5312, 1.6417 0.2855 0.5395, 1.6417 0.8466 0.5498, 1.6417 0.2772 0.5458, 1.6417 0.2676 0.5498, 1.6417 -1.0897 0.0127, 1.6417 -1.4232 -0.0494, 1.6417 -1.4253 -0.0338, 1.6417 -1.187 -0.0494, 1.6417 -1.0453 0.5112, 1.6417 -1.4408 -0.0069, 1.6417 0.8223 0.5312, 1.6417 -1.0473 0.0551, 1.6417 -1.0533 0.0406, 1.6417 -1.0628 0.0282, 1.6417 0.7994 0.0282, 1.6417 0.7869 0.0187, 1.6417 0.7725 0.0127, 1.6417 0.2959 0.5215, 1.6417 0.8369 0.5458, 1.6417 0.8286 0.5395, 1.6417 -1.0156 0.5498, 1.6417 -1.1694 -0.0069, 1.6417 -1.179 -0.0194, 1.6417 -1.185 -0.0338, 1.6417 0.6237 -0.7667, 1.6417 0.4905 -0.7667, 1.6417 0.6722 -0.4918, 1.6417 0.442 -0.4918, 1.6417 0.6752 -0.4576, 1.6417 0.439 -0.4576, 1.6417 0.6752 -0.0494, 1.6417 0.439 -0.0494, 1.6417 0.4369 -0.0338, 1.6417 -1.0753 0.0187, 1.6417 0.7569 0.0106, 1.6417 0.7352 0.0106, 1.6417 0.7197 0.0086, 1.6417 -1.4202 -0.4918, 1.6417 -1.4232 -0.4576, 1.6417 -1.19 -0.4918, 1.6417 0.5991 -0.7874, 1.6417 0.5151 -0.7874, 1.6417 0.4921 -0.7723, 1.6417 -1.187 -0.4576, 1.6417 -1.5569 0.0406, 1.6417 -1.5629 0.0551, 1.6417 -1.5474 0.0282, 1.6417 -1.565 0.0706, 1.6417 -1.535 0.0187, 1.6417 0.6221 -0.7723, 1.6417 0.6192 -0.7773, 1.6417 0.6049 -0.7867, 1.6417 0.6152 -0.7816, 1.6417 0.6103 -0.7847, 1.6417 0.5093 -0.7867, 1.6417 0.5039 -0.7847, 1.6417 0.499 -0.7816, 1.6417 0.4214 -0.0069, 1.6417 0.409 0.0026, 1.6417 0.3945 0.0086, 1.6417 0.379 0.0106, 1.6417 0.2972 0.5112, 1.6417 0.3572 0.0106, 1.6417 0.2972 0.0706, 1.6417 0.2993 0.0551, 1.6417 -1.4532 0.0026, 1.6417 -1.4677 0.0086, 1.6417 -1.4832 0.0106, 1.6417 -1.565 0.5112, 1.6417 -1.505 0.0106, 1.6417 -1.5205 0.0127, 1.6417 0.495 -0.7773, 1.6417 0.3417 0.0127, 1.6417 0.3272 0.0187, 1.6417 0.3148 0.0282, 1.6417 -1.2631 -0.7874, 1.6417 -1.3471 -0.7874, 1.6417 -1.3718 -0.7667, 1.6417 0.3053 0.0406, 1.6417 -1.2385 -0.7667, 1.6417 -1.3632 -0.7816, 1.6417 -1.3584 -0.7847, 1.6417 -1.3529 -0.7867, 1.6417 -1.3672 -0.7773, 1.6417 -1.3701 -0.7723, 1.6417 -1.2401 -0.7723, 1.6417 -1.243 -0.7773, 1.6417 -1.2573 -0.7867, 1.6417 -1.247 -0.7816, 1.6417 -1.2519 -0.7847, -1.6071 -2.9292 0.2637, -1.629 -2.9292 0.3166, -1.6417 -2.9292 0.4134, -1.6335 -2.9292 0.3511, -1.5916 -2.9292 0.2264, -1.5602 -2.9292 0.1854, -1.5322 -2.9292 0.1489, -1.4957 -2.9292 0.1209, -1.4547 -2.9292 0.0895, -1.2677 -2.9292 0.0394, -1.33 -2.9292 0.0476, -1.3645 -2.9292 0.0521, -1.4174 -2.9292 0.074, -0.6 -2.0824 0.0394, -0.8 -2.0824 0.0394, -0.6 -2.1024 0.0394, -0.8 -2.1024 0.0394, -0.8304 -2.101 0.0394, -0.84 -2.097 0.0394, -0.5517 -2.0907 0.0394, -0.56 -2.097 0.0394, -0.125 -2.9292 0.0394, -0.5696 -2.101 0.0394, -0.58 -2.1024 0.0394, -0.8483 -2.0907 0.0394, -0.8546 -2.0824 0.0394, -0.8586 -2.0728 0.0394, -0.8546 -1.5024 0.0394, -0.8483 -1.4941 0.0394, -0.82 -2.1024 0.0394, -0.86 -2.0624 0.0394, -0.84 -1.4878 0.0394, -0.8304 -1.4838 0.0394, -0.8586 -1.512 0.0394, -0.86 -1.5224 0.0394, -0.1138 -0.5371 0.0394, -0.1058 -0.5299 0.0394, -0.125 -0.0236 0.0394, -0.1237 -1.231 0.0394, -0.125 -1.2203 0.0394, -0.5517 -1.4941 0.0394, -0.125 -0.5668 0.0394, -0.56 -1.4878 0.0394, -0.0963 -0.5248 0.0394, -0.0859 -0.5222 0.0394, -0.1237 -0.0343 0.0394, -0.0859 -1.2649 0.0394, -0.0963 -1.2623 0.0394, -0.5414 -1.512 0.0394, -0.1058 -1.2572 0.0394, -0.5454 -1.5024 0.0394, -0.1138 -1.25 0.0394, -0.1199 -1.2411 0.0394, -0.54 -1.5224 0.0394, -0.54 -2.0624 0.0394, -0.125 -1.7635 0.0394, -0.5414 -2.0728 0.0394, -0.5454 -2.0824 0.0394, -0.1058 -1.7266 0.0394, -0.0963 -1.7215 0.0394, 0.11 -1.7419 0.0394, 0.11 -1.2419 0.0394, -0.0646 -1.7212 0.0394, -0.0751 -1.7187 0.0394, -0.82 -1.4824 0.0394, -0.58 -1.4824 0.0394, -0.5696 -1.4838 0.0394, -0.0751 -0.522 0.0394, -0.0751 -0.0684 0.0394, 0.0839 -0.0155 0.0394, 0.0767 -0.0154 0.0394, -0.0646 -0.5245 0.0394, 0.0697 -0.017 0.0394, -0.0646 -0.0659 0.0394, -0.0859 -1.7189 0.0394, -0.0859 -0.0682 0.0394, -0.0963 -0.0656 0.0394, -0.1058 -0.0605 0.0394, 0.0697 -0.5734 0.0394, 0.11 -0.5452 0.0394, 0.0767 -0.575 0.0394, 0.11 -0.0452 0.0394, 0.0909 -0.0172 0.0394, 0.1066 -0.0313 0.0394, 0.1026 -0.0254 0.0394, 0.0972 -0.0206 0.0394, 0.0767 -1.2121 0.0394, 0.0697 -1.2137 0.0394, -0.0646 -1.2626 0.0394, -0.0751 -1.2651 0.0394, -0.1237 -1.7528 0.0394, -0.1199 -1.7427 0.0394, -0.1138 -1.7338 0.0394, -0.1138 -0.0533 0.0394, -0.1199 -0.0444 0.0394, -0.1237 -0.5561 0.0394, -0.1199 -0.546 0.0394, 0.1091 -0.0381 0.0394, 0.0839 -0.5749 0.0394, 0.0909 -0.5732 0.0394, 0.0972 -0.5698 0.0394, 0.1026 -0.565 0.0394, 0.1066 -0.5591 0.0394, 0.1091 -0.5523 0.0394, 0.1091 -1.2348 0.0394, 0.1066 -1.228 0.0394, 0.1026 -1.2221 0.0394, 0.0972 -1.2173 0.0394, 0.0909 -1.2139 0.0394, 0.0839 -1.2122 0.0394, 0.1026 -1.7617 0.0394, 0.0839 -1.7716 0.0394, 0.0972 -1.7665 0.0394, 0.0909 -1.7699 0.0394, 0.0697 -1.7701 0.0394, 0.0767 -1.7717 0.0394, 0.1091 -1.749 0.0394, 0.1066 -1.7558 0.0394, -1.33 -2.9292 1.039, -1.2827 1.1057 1.0469, -1.2825 1.1056 1.047, -1.2781 1.1038 1.0471, -1.2777 1.1036 1.0471, -1.2741 1.1009 1.0472, -1.2736 1.1004 1.0472, -1.2722 1.0989 1.0472, -1.2705 1.0962 1.0472, -1.2696 1.0947 1.0472, -1.2685 1.0914 1.0472, -1.2681 1.09 1.0472, -1.2677 1.0863 1.0472, -1.629 -2.9292 0.77, -1.6071 -2.9292 0.8229, -1.6417 -2.9292 0.6732, -1.6335 -2.9292 0.7355, -1.3645 -2.9292 1.0345, -1.4174 -2.9292 1.0126, -1.4547 -2.9292 0.9971, -1.4957 -2.9292 0.9657, -1.5322 -2.9292 0.9377, -1.5916 -2.9292 0.8602, -1.5602 -2.9292 0.9012, -1.6417 -1.585 0.5458, -1.6417 -1.5767 0.5395, -1.6417 -1.5703 0.5312, -1.6417 -1.5663 0.5215, -1.6417 -1.0399 0.5312, -1.6417 -1.0336 0.5395, -1.6417 -1.0253 0.5458, -1.6417 0.6772 -0.0338, -1.6417 0.6832 -0.0194, -1.6417 0.4309 -0.0194, -1.6417 0.6928 -0.0069, -1.6417 0.4214 -0.0069, -1.6417 0.8286 0.5395, -1.6417 0.8369 0.5458, -1.6417 -1.5946 0.5498, -1.6417 -1.157 0.0026, -1.6417 -1.4313 -0.0194, -1.6417 -1.1694 -0.0069, -1.6417 -1.4253 -0.0338, -1.6417 -1.179 -0.0194, -1.6417 -1.185 -0.0338, -1.6417 0.2993 0.0551, -1.6417 0.3053 0.0406, -1.6417 0.2972 0.0706, -1.6417 0.2972 0.5112, -1.6417 -1.4832 0.0106, -1.6417 -1.4677 0.0086, -1.6417 -1.0439 0.5215, -1.6417 -1.4532 0.0026, -1.6417 -1.0453 0.5112, -1.6417 -1.4408 -0.0069, -1.6417 -1.0453 0.0706, -1.6417 -1.1425 0.0086, -1.6417 0.8169 0.5112, -1.6417 0.8183 0.5215, -1.6417 0.2855 0.5395, -1.6417 0.2772 0.5458, -1.6417 0.2676 0.5498, -1.6417 0.8223 0.5312, -1.6417 0.3148 0.0282, -1.6417 0.3272 0.0187, -1.6417 0.3417 0.0127, -1.6417 0.8466 0.5498, -1.6417 -1.5629 0.0551, -1.6417 -1.5569 0.0406, -1.6417 -1.565 0.0706, -1.6417 -1.565 0.5112, -1.6417 -1.0156 0.5498, -1.6417 0.442 -0.4918, -1.6417 0.6752 -0.4576, -1.6417 0.439 -0.4576, -1.6417 0.6752 -0.0494, -1.6417 0.439 -0.0494, -1.6417 0.4369 -0.0338, -1.6417 -1.127 0.0106, -1.6417 -1.1053 0.0106, -1.6417 -1.0897 0.0127, -1.6417 0.3572 0.0106, -1.6417 0.379 0.0106, -1.6417 0.2959 0.5215, -1.6417 0.3945 0.0086, -1.6417 0.409 0.0026, -1.6417 0.2919 0.5312, -1.6417 0.7052 0.0026, -1.6417 0.7197 0.0086, -1.6417 0.7352 0.0106, -1.6417 0.8169 0.0706, -1.6417 -1.5474 0.0282, -1.6417 -1.535 0.0187, -1.6417 -1.5205 0.0127, -1.6417 -1.0533 0.0406, -1.6417 -1.0473 0.0551, -1.6417 -1.0628 0.0282, -1.6417 -1.0753 0.0187, -1.6417 -1.505 0.0106, -1.6417 -1.243 -0.7773, -1.6417 -1.2401 -0.7723, -1.6417 -1.2385 -0.7667, -1.6417 0.495 -0.7773, -1.6417 0.499 -0.7816, -1.6417 0.5039 -0.7847, -1.6417 0.5093 -0.7867, -1.6417 0.5151 -0.7874, -1.6417 0.4905 -0.7667, -1.6417 0.6237 -0.7667, -1.6417 0.6722 -0.4918, -1.6417 0.5991 -0.7874, -1.6417 0.6049 -0.7867, -1.6417 0.6103 -0.7847, -1.6417 0.6152 -0.7816, -1.6417 0.6192 -0.7773, -1.6417 0.6221 -0.7723, -1.6417 0.7994 0.0282, -1.6417 0.8089 0.0406, -1.6417 0.7869 0.0187, -1.6417 0.7725 0.0127, -1.6417 0.7569 0.0106, -1.6417 0.8149 0.0551, -1.6417 0.4921 -0.7723, -1.6417 -1.3471 -0.7874, -1.6417 -1.2631 -0.7874, -1.6417 -1.2573 -0.7867, -1.6417 -1.2519 -0.7847, -1.6417 -1.247 -0.7816, -1.6417 -1.187 -0.0494, -1.6417 -1.4232 -0.0494, -1.6417 -1.187 -0.4576, -1.6417 -1.4232 -0.4576, -1.6417 -1.19 -0.4918, -1.6417 -1.4202 -0.4918, -1.6417 -1.3718 -0.7667, -1.6417 -1.3701 -0.7723, -1.6417 -1.3672 -0.7773, -1.6417 -1.3632 -0.7816, -1.6417 -1.3584 -0.7847, -1.6417 -1.3529 -0.7867, -1.2827 1.1057 1.0469, -1.2827 1.1057 1.1257, -1.2781 1.1038 1.0471, -1.2781 1.1038 1.1259, -1.2741 1.1009 1.0472, -1.2741 1.1009 1.1259, -1.2722 1.0989 1.0472, -1.2722 1.0989 1.126, -1.2696 1.0947 1.0472, -1.2696 1.0947 1.126, -1.2681 1.09 1.0472, 1.2684 1.0913 1.0472, 1.2684 1.0913 1.126, 1.2702 1.0959 1.126, 1.2702 1.0959 1.0472, 1.2731 1.0999 1.126, 1.2731 1.0999 1.0472, 1.2752 1.1019 1.0472, 1.2752 1.1019 1.1259, 1.2794 1.1045 1.1258, 1.2794 1.1045 1.0471, 1.6417 -2.6746 0.6674, 1.7205 -2.6746 0.6674, 1.6417 -2.6727 0.6628, 1.7205 -2.6727 0.6628, 1.6417 -2.6697 0.6588, 1.7205 -2.6697 0.6588, 1.6417 -2.6658 0.6556, 1.7205 -2.6658 0.6556, 1.6417 -2.6613 0.6536, 1.7205 -2.6613 0.6536, 1.6417 -2.6564 0.6527, 1.7205 -2.6564 0.6527, 1.6417 -2.6564 0.4339, 1.7205 -2.6564 0.4339, 1.6417 -2.6613 0.433, 1.7205 -2.6613 0.433, 1.6417 -2.6658 0.431, 1.7205 -2.6658 0.431, 1.6417 -2.6697 0.4278, 1.7205 -2.6697 0.4278, 1.6417 -2.6727 0.4238, 1.7205 -2.6727 0.4238, 1.6417 -2.6746 0.4192, 1.7205 -2.6746 0.4192, -1.6417 -2.6746 0.4192, -1.7205 -2.6746 0.4192, -1.6417 -2.6727 0.4238, -1.7205 -2.6727 0.4238, -1.6417 -2.6697 0.4278, -1.7205 -2.6697 0.4278, -1.6417 -2.6658 0.431, -1.7205 -2.6658 0.431, -1.6417 -2.6613 0.433, -1.7205 -2.6613 0.433, -1.6417 -2.6564 0.4339, -1.7205 -2.6564 0.4339, -1.6417 -2.6564 0.6527, -1.7205 -2.6564 0.6527, -1.6417 -2.6613 0.6536, -1.7205 -2.6613 0.6536, -1.6417 -2.6658 0.6556, -1.7205 -2.6658 0.6556, -1.6417 -2.6697 0.6588, -1.7205 -2.6697 0.6588, -1.6417 -2.6727 0.6628, -1.7205 -2.6727 0.6628, -1.6417 -2.6746 0.6674, -1.7205 -2.6746 0.6674, -0.6 -2.0685 0.0406, -0.6 -2.0548 -0.037, -0.8 -2.0548 -0.037, -0.8 -2.0685 0.0406, -0.8 -1.6284 0.0382, -0.8 -1.6421 0.1158, -0.6 -1.6421 0.1158, -0.6 -1.6284 0.0382, -0.76 -1.589 0.0452, -0.64 -1.589 0.0452, -0.6296 -1.5904 0.0449, -0.62 -1.5943 0.0442, -0.6117 -1.6006 0.0431, -0.6054 -1.6087 0.0417, -0.6014 -1.6182 0.04, -0.7986 -1.6182 0.04, -0.7946 -1.6087 0.0417, -0.7883 -1.6006 0.0431, -0.78 -1.5943 0.0442, -0.7704 -1.5904 0.0449, -0.76 -1.6027 0.1227, -0.64 -1.6027 0.1227, -0.6296 -1.604 0.1225, -0.62 -1.608 0.1218, -0.6117 -1.6142 0.1207, -0.7883 -1.6142 0.1207, -0.78 -1.608 0.1218, -0.7704 -1.604 0.1225, -0.7946 -1.6224 0.1192, -0.7986 -1.6319 0.1176, -0.6014 -1.6319 0.1176, -0.6054 -1.6224 0.1192, 0.8 -2.0685 0.0406, 0.8 -2.0548 -0.037, 0.6 -2.0548 -0.037, 0.6 -2.0685 0.0406, 0.6 -1.6284 0.0382, 0.6 -1.6421 0.1158, 0.8 -1.6421 0.1158, 0.8 -1.6284 0.0382, 0.76 -1.589 0.0452, 0.64 -1.589 0.0452, 0.6296 -1.5904 0.0449, 0.62 -1.5943 0.0442, 0.6014 -1.6182 0.04, 0.6054 -1.6087 0.0417, 0.6117 -1.6006 0.0431, 0.7883 -1.6006 0.0431, 0.78 -1.5943 0.0442, 0.7704 -1.5904 0.0449, 0.7946 -1.6087 0.0417, 0.7986 -1.6182 0.04, 0.64 -1.6027 0.1227, 0.76 -1.6027 0.1227, 0.6296 -1.604 0.1225, 0.62 -1.608 0.1218, 0.6117 -1.6142 0.1207, 0.6054 -1.6224 0.1192, 0.6014 -1.6319 0.1176, 0.7986 -1.6319 0.1176, 0.7946 -1.6224 0.1192, 0.7883 -1.6142 0.1207, 0.78 -1.608 0.1218, 0.7704 -1.604 0.1225, -0.7722 -1.5579 0.9627, -0.5278 -1.5579 0.9627, -0.5623 -1.4133 0.9372, -0.7379 -1.4141 0.9373, -0.7362 -1.4079 0.9362, -0.7286 -1.3905 0.9331, -0.7169 -1.3746 0.9303, -0.7003 -1.3607 0.9279, -0.6811 -1.3511 0.9262, -0.6593 -1.3462 0.9253, -0.6368 -1.3467 0.9254, -0.6141 -1.353 0.9265, -0.5957 -1.3634 0.9284, -0.5819 -1.376 0.9306, -0.5702 -1.3927 0.9335, 0.7722 -1.5579 0.9627, 0.7379 -1.4141 0.9373, 0.5278 -1.5579 0.9627, 0.5621 -1.4141 0.9373, 0.5639 -1.4074 0.9361, 0.5716 -1.3901 0.9331, 0.5835 -1.3742 0.9303, 0.6001 -1.3603 0.9278, 0.6195 -1.3509 0.9262, 0.6413 -1.3461 0.9253, 0.6638 -1.3467 0.9254, 0.6865 -1.3532 0.9266, 0.7047 -1.3637 0.9284, 0.7187 -1.3766 0.9307, 0.7302 -1.3934 0.9336
            ]
        }
        coordIndex [
            0,1,2,-1,3,4,5,-1,6,7,8,-1,9,10,11,-1,12,13,14,-1,15,16,17,-1,18,19,20,-1,21,22,23,-1,24,25,26,-1,27,28,29,-1,30,31,32,-1,33,34,35,-1,36,37,38,-1,39,40,41,-1,41,40,42,-1,42,43,41,-1,41,43,44,-1,41,44,45,-1,46,47,48,-1,49,50,51,-1,51,50,48,-1,48,50,52,-1,48,52,46,-1,49,51,53,-1,53,51,54,-1,53,54,55,-1,35,34,54,-1,54,34,56,-1,54,56,57,-1,54,58,55,-1,55,58,59,-1,55,59,60,-1,60,59,61,-1,60,61,62,-1,57,63,54,-1,54,63,64,-1,54,64,58,-1,65,66,35,-1,35,66,67,-1,35,67,33,-1,68,69,70,-1,68,70,71,-1,69,72,70,-1,70,72,73,-1,70,73,65,-1,65,73,74,-1,65,74,66,-1,75,76,77,-1,78,71,79,-1,79,71,70,-1,79,70,80,-1,80,70,75,-1,80,75,81,-1,81,75,77,-1,82,83,84,-1,84,83,85,-1,84,85,86,-1,87,88,1,-1,88,89,1,-1,1,89,90,-1,1,90,91,-1,86,92,84,-1,84,92,93,-1,84,93,94,-1,94,93,95,-1,94,95,96,-1,97,98,1,-1,1,98,99,-1,1,99,87,-1,96,100,94,-1,94,100,101,-1,94,101,32,-1,32,101,102,-1,32,102,30,-1,103,104,75,-1,75,104,105,-1,75,105,76,-1,76,105,106,-1,76,106,107,-1,97,108,98,-1,98,108,109,-1,98,109,106,-1,106,109,110,-1,106,110,107,-1,0,111,1,-1,1,111,112,-1,1,112,113,-1,113,114,1,-1,1,114,115,-1,1,115,97,-1,116,117,118,-1,119,120,121,-1,122,123,0,-1,119,121,124,-1,120,125,121,-1,121,125,126,-1,121,126,127,-1,116,118,0,-1,0,118,128,-1,0,128,122,-1,129,130,131,-1,131,130,132,-1,131,132,121,-1,121,132,133,-1,121,133,124,-1,121,134,135,-1,136,137,111,-1,111,137,138,-1,111,138,139,-1,139,140,111,-1,111,140,141,-1,111,141,142,-1,142,141,129,-1,142,129,143,-1,143,129,131,-1,123,144,0,-1,0,144,145,-1,0,145,111,-1,111,145,146,-1,111,146,136,-1,127,147,121,-1,121,147,148,-1,121,148,149,-1,149,150,121,-1,121,150,151,-1,121,151,134,-1,152,153,154,-1,152,154,155,-1,135,156,121,-1,121,156,157,-1,121,157,158,-1,158,157,159,-1,158,159,160,-1,161,162,163,-1,163,162,164,-1,163,164,165,-1,166,167,168,-1,168,167,163,-1,168,163,169,-1,169,163,165,-1,158,170,171,-1,160,172,158,-1,158,172,173,-1,158,173,170,-1,174,175,176,-1,176,175,158,-1,176,158,177,-1,177,158,171,-1,174,154,175,-1,175,154,153,-1,175,153,29,-1,29,153,178,-1,29,178,27,-1,179,180,166,-1,166,180,181,-1,166,181,167,-1,179,182,180,-1,180,182,183,-1,180,183,184,-1,185,186,187,-1,186,188,187,-1,187,188,189,-1,187,189,190,-1,162,187,191,-1,161,155,162,-1,162,155,154,-1,162,154,187,-1,187,154,192,-1,187,192,185,-1,191,193,162,-1,162,193,194,-1,162,194,195,-1,190,189,196,-1,196,189,197,-1,196,197,198,-1,198,197,199,-1,198,199,200,-1,201,202,195,-1,195,202,203,-1,195,203,162,-1,37,204,38,-1,38,204,205,-1,38,205,116,-1,116,205,206,-1,116,206,117,-1,207,208,209,-1,209,208,210,-1,209,210,211,-1,211,210,212,-1,211,212,213,-1,214,215,216,-1,216,213,214,-1,214,213,212,-1,214,212,217,-1,217,212,218,-1,217,218,219,-1,219,218,220,-1,219,220,221,-1,221,220,222,-1,223,224,210,-1,212,225,226,-1,212,227,228,-1,212,226,229,-1,228,230,212,-1,212,230,231,-1,212,231,225,-1,224,232,210,-1,210,232,233,-1,210,233,212,-1,212,233,234,-1,212,234,227,-1,235,236,237,-1,237,236,238,-1,237,238,239,-1,239,238,240,-1,241,242,208,-1,208,242,243,-1,208,243,210,-1,210,243,244,-1,210,244,223,-1,245,246,237,-1,237,246,247,-1,226,235,229,-1,229,235,237,-1,229,237,248,-1,248,237,247,-1,249,229,250,-1,250,229,251,-1,251,229,248,-1,251,248,26,-1,26,248,252,-1,26,252,24,-1,253,246,254,-1,254,246,245,-1,254,245,255,-1,255,245,256,-1,257,258,259,-1,259,258,260,-1,261,262,263,-1,264,265,266,-1,266,265,267,-1,266,267,22,-1,268,269,270,-1,270,269,271,-1,270,271,267,-1,263,272,273,-1,274,275,276,-1,276,275,277,-1,276,277,278,-1,279,280,261,-1,261,280,281,-1,261,281,282,-1,282,281,283,-1,284,285,283,-1,283,285,286,-1,283,286,282,-1,278,287,276,-1,276,287,288,-1,276,288,289,-1,290,291,270,-1,270,291,292,-1,270,292,268,-1,289,293,276,-1,276,293,294,-1,276,294,263,-1,263,294,295,-1,263,295,261,-1,261,295,296,-1,261,296,279,-1,297,272,298,-1,299,300,301,-1,302,265,303,-1,304,305,283,-1,283,305,306,-1,283,306,307,-1,298,308,297,-1,297,308,302,-1,297,302,309,-1,309,302,303,-1,262,310,263,-1,263,310,311,-1,263,311,312,-1,299,301,264,-1,312,313,263,-1,263,313,314,-1,263,314,272,-1,272,314,315,-1,272,315,298,-1,307,316,283,-1,283,316,317,-1,283,317,284,-1,301,318,264,-1,264,318,319,-1,264,319,265,-1,265,319,320,-1,265,320,303,-1,21,23,321,-1,321,23,322,-1,321,322,323,-1,323,322,19,-1,19,322,324,-1,19,324,20,-1,325,326,327,-1,328,329,327,-1,20,330,331,-1,273,332,333,-1,333,332,334,-1,333,334,335,-1,336,337,20,-1,20,337,338,-1,20,338,330,-1,335,339,333,-1,333,339,340,-1,333,340,325,-1,325,340,341,-1,325,341,326,-1,331,342,20,-1,20,342,343,-1,20,343,18,-1,344,345,346,-1,346,345,347,-1,346,347,348,-1,346,349,344,-1,344,349,350,-1,344,350,351,-1,351,352,344,-1,344,352,353,-1,344,353,354,-1,354,353,355,-1,354,355,356,-1,356,355,357,-1,356,357,327,-1,327,357,358,-1,327,358,328,-1,359,360,348,-1,348,360,361,-1,348,361,346,-1,362,363,300,-1,300,363,364,-1,300,364,301,-1,362,365,363,-1,363,365,366,-1,363,366,367,-1,367,366,368,-1,367,369,370,-1,368,371,367,-1,367,371,372,-1,367,372,373,-1,373,374,367,-1,367,374,375,-1,367,375,369,-1,370,376,367,-1,367,376,377,-1,367,377,378,-1,208,379,380,-1,381,382,380,-1,380,382,239,-1,380,239,208,-1,208,239,240,-1,208,240,241,-1,379,208,383,-1,383,208,384,-1,383,384,385,-1,382,386,239,-1,239,386,387,-1,239,387,388,-1,388,387,389,-1,388,389,390,-1,390,389,391,-1,390,391,385,-1,385,391,392,-1,385,392,383,-1,393,394,395,-1,396,397,398,-1,393,395,399,-1,399,395,400,-1,399,400,398,-1,398,400,401,-1,398,401,396,-1,402,403,390,-1,402,390,404,-1,388,405,406,-1,396,407,397,-1,397,407,408,-1,397,408,390,-1,390,408,409,-1,390,409,404,-1,406,410,388,-1,388,410,411,-1,388,411,393,-1,393,411,412,-1,393,412,394,-1,403,413,390,-1,390,413,414,-1,390,414,388,-1,388,414,415,-1,388,415,405,-1,398,416,417,-1,417,416,418,-1,417,419,398,-1,398,419,420,-1,398,420,399,-1,399,420,421,-1,399,421,422,-1,423,424,425,-1,425,424,426,-1,426,424,427,-1,427,424,420,-1,427,420,428,-1,428,420,419,-1,428,419,17,-1,17,419,429,-1,17,429,15,-1,418,416,430,-1,430,416,431,-1,430,431,432,-1,433,434,435,-1,435,434,436,-1,436,437,435,-1,435,437,438,-1,435,438,439,-1,440,441,51,-1,51,441,442,-1,51,442,54,-1,54,442,443,-1,54,443,444,-1,445,446,54,-1,54,446,447,-1,448,449,435,-1,444,450,54,-1,54,450,451,-1,54,451,452,-1,449,453,435,-1,435,453,454,-1,435,454,433,-1,455,445,456,-1,456,445,54,-1,456,54,457,-1,457,54,452,-1,455,458,445,-1,445,458,459,-1,445,459,460,-1,460,459,461,-1,460,461,462,-1,462,461,463,-1,462,463,464,-1,465,466,467,-1,467,468,465,-1,465,468,469,-1,465,469,470,-1,471,472,384,-1,473,474,475,-1,472,476,384,-1,384,476,477,-1,384,477,475,-1,478,479,384,-1,12,14,480,-1,481,482,483,-1,470,484,465,-1,465,484,485,-1,465,485,486,-1,481,483,487,-1,487,483,488,-1,487,488,475,-1,475,488,489,-1,475,489,473,-1,479,490,384,-1,384,490,491,-1,384,491,480,-1,474,492,475,-1,475,492,493,-1,475,493,384,-1,384,493,494,-1,384,494,478,-1,495,496,497,-1,498,499,500,-1,500,499,501,-1,502,503,504,-1,504,503,505,-1,502,506,503,-1,503,506,507,-1,503,507,495,-1,495,507,508,-1,495,508,496,-1,498,509,499,-1,499,509,510,-1,499,510,511,-1,511,510,512,-1,511,512,513,-1,497,514,495,-1,495,514,515,-1,495,515,516,-1,516,517,495,-1,495,517,518,-1,495,518,499,-1,499,518,519,-1,499,519,501,-1,520,521,522,-1,513,523,511,-1,511,523,524,-1,511,524,525,-1,525,524,526,-1,525,526,527,-1,527,526,528,-1,522,529,520,-1,520,529,530,-1,520,530,526,-1,526,530,531,-1,526,531,528,-1,525,532,511,-1,511,532,533,-1,511,533,534,-1,533,535,534,-1,534,535,536,-1,534,536,537,-1,537,538,534,-1,534,538,539,-1,534,539,540,-1,540,541,542,-1,542,541,543,-1,542,543,503,-1,503,543,544,-1,503,544,505,-1,545,546,547,-1,547,546,94,-1,545,548,546,-1,546,548,549,-1,546,549,550,-1,551,552,553,-1,553,552,554,-1,553,554,555,-1,556,557,94,-1,94,557,558,-1,94,558,547,-1,550,559,546,-1,546,559,560,-1,546,560,553,-1,553,560,561,-1,553,561,551,-1,562,563,32,-1,32,563,564,-1,32,564,94,-1,94,564,565,-1,94,565,556,-1,566,567,431,-1,421,568,422,-1,422,568,432,-1,422,432,11,-1,11,432,431,-1,11,431,569,-1,569,431,567,-1,9,11,570,-1,571,572,569,-1,569,573,574,-1,571,569,575,-1,574,576,569,-1,569,576,577,-1,569,577,11,-1,11,577,578,-1,11,578,570,-1,572,579,569,-1,569,579,580,-1,569,580,573,-1,581,582,583,-1,583,582,584,-1,583,584,585,-1,586,587,588,-1,588,587,589,-1,589,590,588,-1,588,590,591,-1,588,591,569,-1,569,591,592,-1,569,592,575,-1,586,588,583,-1,583,588,593,-1,583,593,581,-1,7,594,595,-1,595,594,596,-1,596,594,597,-1,596,597,598,-1,6,8,599,-1,600,601,8,-1,8,601,602,-1,8,602,599,-1,603,604,8,-1,8,604,605,-1,8,605,600,-1,606,607,608,-1,608,607,609,-1,608,609,603,-1,603,609,610,-1,603,610,604,-1,611,612,613,-1,612,614,613,-1,613,614,615,-1,613,615,616,-1,611,613,617,-1,617,613,263,-1,617,263,618,-1,273,333,263,-1,263,333,619,-1,263,619,618,-1,620,621,622,-1,622,621,623,-1,624,625,626,-1,626,625,627,-1,627,622,626,-1,626,622,623,-1,626,623,628,-1,628,623,629,-1,628,629,630,-1,22,267,23,-1,23,267,271,-1,23,271,322,-1,322,271,631,-1,322,631,274,-1,274,631,632,-1,274,632,275,-1,633,3,259,-1,259,3,5,-1,259,5,257,-1,257,5,249,-1,257,249,634,-1,634,249,250,-1,635,636,637,-1,259,638,633,-1,633,638,639,-1,633,639,640,-1,640,639,635,-1,640,635,641,-1,641,635,637,-1,642,643,20,-1,329,336,327,-1,327,336,20,-1,327,20,325,-1,325,20,643,-1,325,643,638,-1,638,643,644,-1,638,644,639,-1,645,646,642,-1,647,648,649,-1,649,648,650,-1,649,650,645,-1,645,642,649,-1,649,642,20,-1,649,20,651,-1,651,20,324,-1,651,324,652,-1,651,653,649,-1,649,653,654,-1,649,654,655,-1,656,657,658,-1,658,657,659,-1,658,659,324,-1,324,659,660,-1,324,660,652,-1,655,661,649,-1,649,661,662,-1,649,662,647,-1,663,664,665,-1,663,665,4,-1,664,666,665,-1,665,666,667,-1,665,667,658,-1,658,667,668,-1,658,668,656,-1,555,103,553,-1,553,103,75,-1,553,75,669,-1,669,75,70,-1,669,70,670,-1,670,70,65,-1,670,65,671,-1,671,65,35,-1,671,35,435,-1,435,35,54,-1,435,54,448,-1,448,54,447,-1,672,673,674,-1,608,675,38,-1,38,675,41,-1,38,41,36,-1,36,41,45,-1,675,676,41,-1,41,676,672,-1,41,672,603,-1,603,672,674,-1,603,674,608,-1,608,674,677,-1,608,677,675,-1,678,624,679,-1,679,624,626,-1,679,626,680,-1,680,626,608,-1,680,608,681,-1,681,608,38,-1,681,38,682,-1,682,38,116,-1,682,116,630,-1,630,116,0,-1,630,0,628,-1,628,0,2,-1,7,595,8,-1,8,595,683,-1,8,683,603,-1,603,683,48,-1,603,48,41,-1,41,48,47,-1,41,47,39,-1,2,274,628,-1,628,274,276,-1,628,276,626,-1,626,276,263,-1,626,263,608,-1,608,263,613,-1,608,613,606,-1,606,613,616,-1,256,245,684,-1,684,245,237,-1,684,237,685,-1,685,237,239,-1,685,239,686,-1,686,239,388,-1,686,388,260,-1,260,388,393,-1,260,393,259,-1,259,393,399,-1,259,399,638,-1,638,399,422,-1,638,422,325,-1,325,422,11,-1,325,11,333,-1,333,11,10,-1,333,10,619,-1,540,542,534,-1,534,542,687,-1,534,687,688,-1,688,687,665,-1,688,665,689,-1,689,665,658,-1,689,658,690,-1,690,658,324,-1,690,324,691,-1,691,324,322,-1,691,322,692,-1,692,322,274,-1,692,274,693,-1,693,274,2,-1,693,2,694,-1,694,2,1,-1,694,1,84,-1,84,1,91,-1,84,91,82,-1,480,14,384,-1,384,14,695,-1,384,695,385,-1,385,695,696,-1,385,696,390,-1,390,696,697,-1,390,697,397,-1,397,697,698,-1,397,698,398,-1,398,698,699,-1,398,699,416,-1,416,699,596,-1,416,596,431,-1,431,596,598,-1,431,598,566,-1,207,221,208,-1,208,221,222,-1,208,222,384,-1,384,222,465,-1,384,465,471,-1,471,465,486,-1,4,665,5,-1,5,665,687,-1,5,687,249,-1,249,687,542,-1,249,542,229,-1,229,542,503,-1,229,503,212,-1,212,503,495,-1,212,495,218,-1,700,93,701,-1,701,93,92,-1,701,92,702,-1,702,92,86,-1,702,86,703,-1,703,86,85,-1,703,85,704,-1,704,85,83,-1,704,83,705,-1,705,83,82,-1,705,82,706,-1,706,82,91,-1,706,91,707,-1,707,91,90,-1,708,547,709,-1,709,547,558,-1,709,558,710,-1,710,558,557,-1,710,557,711,-1,711,557,556,-1,711,556,712,-1,712,556,565,-1,712,565,713,-1,713,565,564,-1,713,564,714,-1,714,564,563,-1,715,510,716,-1,716,510,509,-1,716,509,717,-1,717,509,498,-1,717,498,718,-1,718,498,500,-1,718,500,719,-1,719,500,501,-1,719,501,720,-1,720,501,519,-1,720,519,721,-1,721,519,518,-1,721,518,722,-1,722,518,517,-1,723,532,724,-1,724,532,525,-1,724,525,725,-1,725,525,527,-1,725,527,726,-1,726,527,528,-1,726,528,727,-1,727,528,531,-1,727,531,728,-1,728,531,530,-1,728,530,729,-1,729,530,529,-1,730,731,732,-1,732,731,733,-1,734,735,736,-1,736,735,737,-1,738,739,740,-1,740,739,741,-1,742,743,744,-1,744,743,745,-1,746,747,748,-1,748,747,749,-1,750,751,752,-1,752,751,753,-1,754,755,756,-1,756,755,757,-1,756,757,758,-1,757,759,758,-1,758,759,760,-1,758,760,761,-1,761,760,762,-1,763,764,762,-1,762,764,765,-1,762,765,761,-1,763,762,766,-1,766,762,767,-1,766,767,768,-1,769,770,771,-1,771,770,772,-1,773,774,775,-1,775,774,776,-1,775,776,777,-1,777,776,778,-1,776,779,778,-1,778,779,780,-1,778,780,781,-1,782,783,781,-1,781,783,784,-1,781,784,778,-1,782,781,785,-1,785,781,786,-1,785,786,787,-1,788,789,790,-1,790,789,791,-1,792,793,794,-1,795,796,794,-1,794,796,797,-1,794,797,792,-1,798,799,800,-1,800,799,801,-1,800,801,802,-1,802,801,803,-1,796,795,804,-1,804,795,805,-1,806,807,808,-1,809,810,805,-1,805,810,811,-1,805,811,804,-1,804,811,812,-1,806,808,805,-1,805,808,813,-1,805,813,809,-1,814,815,812,-1,812,815,816,-1,812,816,804,-1,814,812,817,-1,817,812,818,-1,817,818,819,-1,820,821,822,-1,822,821,823,-1,822,823,824,-1,824,825,822,-1,822,825,826,-1,822,826,827,-1,827,826,828,-1,799,798,822,-1,822,798,829,-1,822,829,820,-1,820,829,830,-1,820,830,831,-1,831,832,820,-1,820,832,833,-1,820,833,834,-1,834,833,835,-1,836,837,838,-1,838,837,839,-1,838,839,840,-1,840,839,841,-1,842,843,844,-1,845,846,844,-1,844,846,847,-1,844,847,842,-1,848,849,850,-1,850,849,851,-1,850,851,852,-1,852,853,850,-1,850,853,854,-1,850,854,855,-1,855,854,856,-1,837,836,850,-1,850,836,857,-1,850,857,848,-1,848,857,858,-1,848,858,859,-1,859,860,848,-1,848,860,861,-1,848,861,862,-1,862,861,863,-1,846,845,864,-1,864,845,865,-1,866,867,868,-1,869,870,865,-1,865,870,871,-1,865,871,864,-1,864,871,872,-1,866,868,865,-1,865,868,873,-1,865,873,869,-1,874,875,872,-1,872,875,876,-1,872,876,864,-1,874,872,877,-1,877,872,878,-1,877,878,879,-1,880,881,882,-1,882,881,883,-1,884,885,886,-1,886,885,887,-1,888,889,881,-1,890,891,892,-1,888,881,893,-1,894,895,885,-1,896,897,883,-1,883,897,898,-1,883,898,899,-1,892,896,890,-1,890,896,883,-1,890,883,900,-1,900,883,881,-1,900,881,901,-1,901,881,889,-1,894,885,902,-1,895,903,885,-1,885,903,904,-1,885,904,887,-1,887,904,905,-1,887,905,906,-1,907,908,909,-1,910,911,912,-1,906,913,887,-1,887,913,914,-1,887,914,915,-1,916,917,918,-1,899,919,883,-1,883,919,920,-1,883,920,921,-1,922,910,923,-1,923,910,912,-1,923,912,924,-1,924,912,907,-1,924,907,925,-1,925,907,909,-1,926,902,927,-1,927,902,885,-1,927,885,923,-1,923,885,928,-1,923,928,922,-1,929,930,916,-1,931,932,933,-1,934,935,936,-1,931,937,932,-1,932,937,916,-1,932,916,938,-1,938,916,930,-1,939,940,941,-1,908,907,942,-1,942,907,943,-1,942,943,944,-1,944,943,945,-1,944,945,946,-1,946,945,947,-1,946,947,948,-1,948,949,946,-1,946,949,950,-1,946,950,921,-1,951,952,910,-1,910,952,953,-1,910,953,911,-1,954,926,955,-1,955,926,931,-1,955,931,956,-1,956,931,933,-1,954,957,926,-1,926,957,958,-1,926,958,959,-1,934,936,960,-1,961,937,939,-1,939,937,962,-1,939,962,940,-1,961,963,937,-1,937,963,964,-1,937,964,916,-1,916,964,965,-1,916,965,917,-1,966,967,968,-1,968,967,969,-1,968,969,970,-1,921,950,883,-1,883,950,971,-1,883,971,972,-1,973,974,975,-1,975,974,976,-1,975,976,977,-1,960,936,916,-1,916,936,978,-1,916,978,929,-1,893,881,968,-1,968,881,979,-1,968,979,966,-1,970,980,968,-1,968,980,981,-1,968,981,982,-1,981,983,982,-1,982,983,984,-1,982,984,941,-1,941,984,985,-1,941,985,939,-1,914,986,915,-1,915,986,974,-1,915,974,987,-1,987,974,973,-1,959,988,926,-1,926,988,989,-1,926,989,902,-1,918,990,916,-1,916,990,991,-1,916,991,992,-1,992,991,993,-1,992,993,994,-1,995,996,997,-1,951,998,952,-1,952,998,999,-1,952,999,1000,-1,1000,999,995,-1,1000,995,1001,-1,1001,995,997,-1,994,1002,992,-1,992,1002,1003,-1,992,1003,1004,-1,1004,1005,992,-1,992,1005,1006,-1,992,1006,1007,-1,1008,1009,979,-1,979,1009,1010,-1,1010,1011,979,-1,979,1011,1012,-1,979,1012,1013,-1,1013,1014,979,-1,979,1014,1015,-1,979,1015,966,-1,1016,1017,1018,-1,1018,1017,1019,-1,1020,1021,1022,-1,1022,1021,1023,-1,1024,1025,1026,-1,1026,1025,1027,-1,1023,1018,1022,-1,1022,1018,1019,-1,1022,1019,1026,-1,1026,1019,1028,-1,1026,1028,1024,-1,1029,1030,1031,-1,1031,1030,1032,-1,1033,1034,1035,-1,1036,1037,1038,-1,1038,1037,1039,-1,1040,1041,1022,-1,1022,1041,1042,-1,1022,1042,1020,-1,1043,1044,1045,-1,1045,1044,1046,-1,1044,1047,1048,-1,1049,1050,1044,-1,1033,1035,1051,-1,884,886,1052,-1,1052,886,1053,-1,1052,1053,1054,-1,1046,1044,1055,-1,1055,1044,1056,-1,1055,1056,1057,-1,1047,1058,1059,-1,1059,1058,1060,-1,1059,1060,1061,-1,1062,1063,1064,-1,1039,1065,1066,-1,1066,1065,1067,-1,1068,1069,1070,-1,1070,1069,1071,-1,1070,1071,1072,-1,1072,1071,1073,-1,1072,1073,1074,-1,1074,1073,1075,-1,1074,1075,1076,-1,1076,1075,1031,-1,1076,1031,1077,-1,1077,1031,1032,-1,1027,1078,1026,-1,1026,1078,1079,-1,1026,1079,1080,-1,1080,1081,1026,-1,1026,1081,1082,-1,1026,1082,1083,-1,1043,1084,1044,-1,1044,1084,1085,-1,1044,1085,1047,-1,1047,1085,1086,-1,1047,1086,1058,-1,1087,1088,1089,-1,1063,1062,1035,-1,1035,1062,1090,-1,1035,1090,1051,-1,1091,1092,1048,-1,1048,1092,1093,-1,1048,1093,1044,-1,1044,1093,1094,-1,1044,1094,1049,-1,1039,1066,1038,-1,1038,1066,1095,-1,1038,1095,1096,-1,1096,1095,1062,-1,1096,1062,1029,-1,1029,1062,1064,-1,1029,1064,1030,-1,1097,1098,1099,-1,1068,1070,1100,-1,1100,1070,1040,-1,1100,1040,1101,-1,1101,1040,1022,-1,1101,1022,1102,-1,1061,1060,1103,-1,1103,1060,1104,-1,1103,1104,1105,-1,1104,1106,1105,-1,1105,1106,1107,-1,1105,1107,1079,-1,1079,1107,1108,-1,1079,1108,1080,-1,1050,1109,1044,-1,1044,1109,1087,-1,1044,1087,1110,-1,1110,1087,1089,-1,1034,1111,1035,-1,1035,1111,1112,-1,1035,1112,1048,-1,1048,1112,1113,-1,1048,1113,1091,-1,1036,1114,1037,-1,1037,1114,1097,-1,1037,1097,1115,-1,1115,1097,1099,-1,1054,1053,1116,-1,1116,1053,1117,-1,1116,1117,1065,-1,1065,1117,1118,-1,1065,1118,1067,-1,1119,1120,1121,-1,1121,1120,1122,-1,1119,1123,1120,-1,1120,1123,1124,-1,1120,1124,1125,-1,1125,1126,1120,-1,1120,1126,1127,-1,1120,1127,886,-1,886,1127,1128,-1,886,1128,1053,-1,1056,1129,1130,-1,1130,1131,1056,-1,1056,1131,1132,-1,1056,1132,1133,-1,1133,1134,1056,-1,1056,1134,1135,-1,1056,1135,1057,-1,1083,1136,1026,-1,1026,1136,1137,-1,1026,1137,1138,-1,1138,1137,1139,-1,1139,1140,1138,-1,1138,1140,1141,-1,1138,1141,1142,-1,1142,1143,1138,-1,1138,1143,1144,-1,1138,1144,1145,-1,1146,1147,481,-1,481,1147,482,-1,683,1148,48,-1,48,1148,1149,-1,48,1149,51,-1,51,1149,440,-1,683,595,1148,-1,1148,595,596,-1,1148,596,699,-1,699,698,1148,-1,1148,698,697,-1,1148,697,696,-1,696,695,1148,-1,1148,695,14,-1,1148,14,13,-1,1150,462,1151,-1,1151,462,464,-1,1152,1153,1154,-1,1154,1153,1155,-1,1156,1157,1158,-1,1159,1160,1158,-1,1158,1160,1161,-1,1161,1162,1158,-1,1158,1162,1163,-1,1158,1163,1164,-1,1165,1166,1158,-1,1164,1167,1158,-1,1158,1167,1168,-1,1158,1168,1165,-1,1166,1169,1158,-1,1158,1169,1170,-1,1158,1170,1156,-1,1157,1171,1158,-1,1158,1171,1172,-1,1158,1172,1173,-1,1173,1174,1158,-1,1158,1174,1175,-1,1158,1175,1176,-1,1176,1177,1178,-1,1178,1177,1179,-1,1178,1179,1180,-1,1180,1181,1178,-1,1178,1181,1182,-1,1178,1182,1183,-1,1183,1184,1178,-1,1178,1184,1185,-1,1178,1185,1186,-1,1187,1188,1154,-1,1186,1189,1178,-1,1178,1189,1190,-1,1178,1190,1154,-1,1154,1190,1191,-1,1154,1191,1187,-1,1188,1192,1154,-1,1154,1192,1193,-1,1154,1193,1194,-1,1194,1195,1154,-1,1154,1195,1196,-1,1154,1196,1152,-1,1158,1197,1159,-1,1159,1197,1198,-1,1159,1198,1199,-1,1200,466,1201,-1,1201,466,1202,-1,1200,1203,466,-1,466,1203,1204,-1,466,1204,1205,-1,1205,1206,466,-1,466,1206,1207,-1,466,1207,1208,-1,1208,1209,466,-1,466,1209,1210,-1,466,1210,1211,-1,1211,1210,1212,-1,1202,466,1213,-1,1213,466,465,-1,1213,465,222,-1,222,220,1213,-1,1213,220,218,-1,1213,218,495,-1,1176,1178,1158,-1,1158,1178,1214,-1,1158,1214,1215,-1,1215,1214,1216,-1,1215,1216,1217,-1,1217,1216,1218,-1,1217,1218,1219,-1,1219,1218,1213,-1,1219,1213,1220,-1,1220,1213,495,-1,1220,495,499,-1,1221,1222,1223,-1,1224,1225,1226,-1,1226,1225,1227,-1,1227,1228,1226,-1,1226,1228,1229,-1,1226,1229,1230,-1,1230,1231,1226,-1,1226,1231,1232,-1,1226,1232,1233,-1,1233,1234,1226,-1,1226,1234,1235,-1,1226,1235,1236,-1,1236,1237,1226,-1,1226,1237,1238,-1,1226,1238,1239,-1,1239,1240,1226,-1,1226,1240,1241,-1,1226,1241,1242,-1,1242,1243,1244,-1,1244,1243,1245,-1,1245,1246,1244,-1,1244,1246,1247,-1,1244,1247,1248,-1,1248,1249,1244,-1,1244,1249,1250,-1,1244,1250,1251,-1,1251,1252,1244,-1,1244,1252,1253,-1,1244,1253,1254,-1,1254,1255,1244,-1,1244,1255,1256,-1,1244,1256,1257,-1,1257,1258,1244,-1,1244,1258,1259,-1,1244,1259,1260,-1,1260,1261,1244,-1,1244,1261,1262,-1,1244,1262,1263,-1,1263,1262,1221,-1,1263,1221,1264,-1,1264,1221,1223,-1,1265,1266,1267,-1,1267,1266,1268,-1,1267,1268,1226,-1,1226,1268,1269,-1,1226,1269,1224,-1,1270,1271,1272,-1,1273,1274,1275,-1,1273,1275,1271,-1,1271,1275,1276,-1,1271,1276,1277,-1,1277,1278,1271,-1,1271,1278,1279,-1,1271,1279,1280,-1,1280,1281,1271,-1,1271,1281,1282,-1,1271,1282,1283,-1,1283,1284,1271,-1,1271,1284,1285,-1,1271,1285,1272,-1,1242,1244,1226,-1,1226,1244,1286,-1,1226,1286,1287,-1,1286,1288,1287,-1,1287,1288,1289,-1,1287,1289,1290,-1,1289,1291,1290,-1,1290,1291,1292,-1,1290,1292,1293,-1,1292,1294,1293,-1,1293,1294,1295,-1,1293,1295,1272,-1,1272,1295,1296,-1,1272,1296,1270,-1,1271,1270,1297,-1,1297,1270,1298,-1,1299,1300,1301,-1,1301,1300,1302,-1,1303,1304,721,-1,1150,1151,1305,-1,1306,1307,1270,-1,1270,1307,1308,-1,1270,1308,1298,-1,1302,1309,1301,-1,1301,1309,1310,-1,1301,1310,1311,-1,707,1312,1148,-1,1148,1312,1313,-1,1148,1313,1314,-1,1315,1316,1317,-1,1318,1319,1270,-1,1270,1319,1320,-1,1311,1321,1322,-1,1321,1323,1322,-1,1322,1323,1324,-1,1322,1324,1325,-1,1150,1305,1326,-1,1326,1305,1327,-1,1326,1327,1301,-1,1301,1327,1328,-1,1301,1328,1299,-1,1325,1329,1322,-1,1322,1329,1149,-1,1322,1149,1330,-1,1330,1149,1148,-1,1330,1148,1331,-1,1331,1148,1314,-1,1332,1333,1303,-1,1317,1316,1334,-1,1334,1316,1335,-1,1334,1335,1146,-1,1146,1335,1336,-1,1146,1336,1147,-1,707,1148,706,-1,706,1148,1337,-1,706,1337,705,-1,705,1337,1338,-1,705,1338,1339,-1,1320,1340,1270,-1,1270,1340,1341,-1,1270,1341,1306,-1,1342,1343,1322,-1,1322,1343,1344,-1,1322,1344,1345,-1,1346,1347,1322,-1,1322,1347,1348,-1,1322,1348,1342,-1,1345,1349,1322,-1,1322,1349,1350,-1,1322,1350,1311,-1,1311,1350,1351,-1,1311,1351,1301,-1,721,722,1303,-1,1303,722,1352,-1,1303,1352,1332,-1,1353,1354,1355,-1,701,702,1270,-1,1353,1355,1356,-1,1354,1357,1355,-1,1355,1357,1358,-1,1355,1358,1359,-1,716,717,1270,-1,1333,1360,1303,-1,1303,1360,1361,-1,1303,1361,1362,-1,1362,1361,1356,-1,1362,1356,1363,-1,1363,1356,1355,-1,1346,1322,1364,-1,1364,1322,1365,-1,1364,1365,1366,-1,1367,1368,1369,-1,1369,1368,1370,-1,1369,1370,1371,-1,1371,1372,1369,-1,1369,1372,1373,-1,1369,1373,1374,-1,1375,1376,704,-1,704,1376,1377,-1,704,1377,703,-1,1378,1270,1377,-1,1377,1270,702,-1,1377,702,703,-1,1270,720,721,-1,1339,1379,705,-1,705,1379,1380,-1,705,1380,1355,-1,717,718,1270,-1,1270,718,719,-1,1270,719,720,-1,1318,1270,1381,-1,1381,1270,721,-1,1381,721,1317,-1,1317,721,1304,-1,1317,1304,1315,-1,1366,1382,1364,-1,1364,1382,1383,-1,1364,1383,1384,-1,1359,1385,1355,-1,1355,1385,1386,-1,1355,1386,705,-1,705,1386,1387,-1,705,1387,704,-1,704,1387,1388,-1,704,1388,1375,-1,1369,1389,1367,-1,1367,1389,1364,-1,1367,1364,1390,-1,1390,1364,1384,-1,1391,1392,1270,-1,1270,1392,715,-1,1270,715,716,-1,1374,708,1369,-1,1369,708,709,-1,1369,709,710,-1,701,1270,700,-1,700,1270,1369,-1,700,1369,1393,-1,1393,1369,710,-1,1393,710,711,-1,714,1394,1395,-1,711,712,1393,-1,1393,712,713,-1,1393,713,1396,-1,1396,713,1397,-1,1378,723,1270,-1,1270,723,724,-1,1270,724,725,-1,725,726,1270,-1,1270,726,727,-1,1270,727,728,-1,1395,1398,714,-1,714,1398,1399,-1,714,1399,713,-1,713,1399,1400,-1,713,1400,1397,-1,1391,1270,1401,-1,1401,1270,728,-1,1401,728,1402,-1,1403,1404,729,-1,729,1404,1405,-1,729,1405,728,-1,728,1405,1406,-1,728,1406,1402,-1,1407,1408,1409,-1,1409,1408,1410,-1,1411,1412,1413,-1,1413,1412,1414,-1,1413,1414,1415,-1,1415,1414,1416,-1,1415,1416,1417,-1,1417,1416,1418,-1,1417,1418,1419,-1,1419,1418,1420,-1,1419,1420,1421,-1,1421,1420,1422,-1,1421,1422,1407,-1,1407,1422,1408,-1,1423,1424,1411,-1,1411,1424,1412,-1,1425,1426,1427,-1,1427,1426,1428,-1,1427,1428,1429,-1,1429,1428,1430,-1,1429,1430,1431,-1,1424,1423,1432,-1,1432,1423,1433,-1,1432,1433,1434,-1,1434,1433,1435,-1,1434,1435,1436,-1,1436,1435,1431,-1,1436,1431,1437,-1,1437,1431,1430,-1,1438,1439,1425,-1,1425,1439,1426,-1,745,743,1440,-1,1440,743,1441,-1,1440,1441,1442,-1,1442,1441,1443,-1,1442,1443,1444,-1,1444,1443,1445,-1,1444,1445,1446,-1,1446,1445,1447,-1,1446,1447,1448,-1,1448,1447,1449,-1,1448,1449,1438,-1,1438,1449,1439,-1,1450,1451,1452,-1,1452,1451,1453,-1,1452,1453,1454,-1,1454,1453,1455,-1,1454,1455,1456,-1,1456,1455,1457,-1,1456,1457,1458,-1,1458,1457,1459,-1,1458,1459,1460,-1,1460,1459,1461,-1,1460,1461,739,-1,739,1461,741,-1,1462,1463,1450,-1,1450,1463,1451,-1,1464,1465,1466,-1,1466,1465,1467,-1,1466,1467,1468,-1,1468,1467,1469,-1,1468,1469,1470,-1,1470,1469,1471,-1,1470,1471,1472,-1,1472,1471,1473,-1,1472,1473,1474,-1,1474,1473,1475,-1,1474,1475,1476,-1,1476,1475,1477,-1,1476,1477,1462,-1,1462,1477,1463,-1,1478,1479,1464,-1,1464,1479,1465,-1,1480,1481,1482,-1,1482,1481,1483,-1,753,751,1484,-1,1484,751,1485,-1,1484,1485,1486,-1,1486,1485,1487,-1,1486,1487,1488,-1,1488,1487,1489,-1,1488,1489,1490,-1,1490,1489,1491,-1,1490,1491,1492,-1,1492,1491,1493,-1,1492,1493,1494,-1,1494,1493,1495,-1,1496,1497,1495,-1,1495,1497,1494,-1,1098,997,1498,-1,1498,997,1499,-1,1498,1499,1500,-1,1500,1499,1501,-1,1500,1501,1502,-1,1497,1496,1503,-1,1503,1496,1504,-1,1503,1504,1505,-1,1505,1504,1506,-1,1505,1506,1507,-1,1507,1506,1502,-1,1507,1502,1508,-1,1508,1502,1501,-1,1097,1001,1098,-1,1098,1001,997,-1,1031,907,1029,-1,1029,907,912,-1,1029,912,1096,-1,1096,912,911,-1,1096,911,1038,-1,1038,911,953,-1,1038,953,1036,-1,1036,953,952,-1,1036,952,1114,-1,1114,952,1000,-1,1114,1000,1097,-1,1097,1000,1001,-1,1075,943,1031,-1,1031,943,907,-1,1101,971,1100,-1,1100,971,950,-1,1100,950,1068,-1,1068,950,949,-1,1068,949,1069,-1,1069,949,948,-1,1069,948,1071,-1,1071,948,947,-1,1071,947,1073,-1,1073,947,945,-1,1073,945,1075,-1,1075,945,943,-1,1102,972,1101,-1,1101,972,971,-1,1509,1510,1511,-1,1511,1510,1512,-1,1511,1512,1513,-1,1513,1512,1514,-1,1513,1514,1515,-1,1515,1514,1516,-1,1515,1516,1517,-1,1517,1516,1518,-1,1517,1518,1519,-1,1519,1518,1520,-1,1519,1520,1521,-1,1521,1520,1522,-1,1521,1522,1102,-1,1102,1522,972,-1,1523,1524,1509,-1,1509,1524,1510,-1,1262,1160,1221,-1,1221,1160,1159,-1,1221,1159,1222,-1,1222,1159,1199,-1,1222,1199,1525,-1,1525,1199,1526,-1,1243,1176,1245,-1,1245,1176,1175,-1,1245,1175,1246,-1,1246,1175,1174,-1,1246,1174,1247,-1,1174,1173,1247,-1,1247,1173,1172,-1,1247,1172,1248,-1,1248,1172,1171,-1,1248,1171,1249,-1,1249,1171,1157,-1,1249,1157,1250,-1,1250,1157,1156,-1,1250,1156,1251,-1,1251,1156,1170,-1,1251,1170,1252,-1,1252,1170,1253,-1,1170,1169,1253,-1,1253,1169,1166,-1,1253,1166,1254,-1,1254,1166,1165,-1,1254,1165,1255,-1,1255,1165,1168,-1,1255,1168,1256,-1,1256,1168,1257,-1,1257,1168,1167,-1,1257,1167,1258,-1,1258,1167,1164,-1,1258,1164,1259,-1,1161,1260,1162,-1,1162,1260,1259,-1,1162,1259,1163,-1,1163,1259,1164,-1,1160,1262,1161,-1,1161,1262,1261,-1,1161,1261,1260,-1,1242,1177,1243,-1,1243,1177,1176,-1,1189,1233,1190,-1,1190,1233,1232,-1,1190,1232,1191,-1,1191,1232,1187,-1,1177,1242,1179,-1,1179,1242,1241,-1,1179,1241,1180,-1,1180,1241,1240,-1,1180,1240,1181,-1,1181,1240,1239,-1,1181,1239,1182,-1,1182,1239,1238,-1,1182,1238,1183,-1,1183,1238,1237,-1,1183,1237,1184,-1,1184,1237,1236,-1,1184,1236,1185,-1,1185,1236,1186,-1,1186,1236,1235,-1,1186,1235,1189,-1,1189,1235,1234,-1,1189,1234,1233,-1,1232,1231,1187,-1,1187,1231,1230,-1,1187,1230,1188,-1,1188,1230,1229,-1,1188,1229,1192,-1,1192,1229,1228,-1,1192,1228,1193,-1,1193,1228,1227,-1,1193,1227,1194,-1,1194,1227,1225,-1,1194,1225,1195,-1,1195,1225,1224,-1,1195,1224,1196,-1,1196,1224,1269,-1,1266,1153,1268,-1,1268,1153,1152,-1,1268,1152,1269,-1,1269,1152,1196,-1,1527,1528,1266,-1,1266,1528,1153,-1,1529,1530,1531,-1,1531,1530,1532,-1,1531,1532,1527,-1,1527,1532,1528,-1,1533,1534,1535,-1,1535,1534,1536,-1,1535,1536,1537,-1,1537,1536,1538,-1,1537,1538,1539,-1,1538,1540,1539,-1,1539,1540,1541,-1,1539,1541,1542,-1,1542,1541,1543,-1,1542,1543,1544,-1,1544,1543,1545,-1,1544,1545,1546,-1,1546,1545,1547,-1,1546,1547,1548,-1,1548,1547,1549,-1,1548,1549,1550,-1,1550,1549,1551,-1,1549,1552,1551,-1,1551,1552,1553,-1,1551,1553,1554,-1,1554,1553,1555,-1,1554,1555,1556,-1,1556,1555,1557,-1,1556,1557,1558,-1,1558,1557,1559,-1,1559,1557,1560,-1,1559,1560,1561,-1,1561,1560,1562,-1,1561,1562,1563,-1,1564,1565,1566,-1,1566,1565,1563,-1,1566,1563,1567,-1,1567,1563,1562,-1,1530,1529,1564,-1,1564,1529,1568,-1,1564,1568,1565,-1,1569,1570,1533,-1,1533,1570,1534,-1,1571,1572,1573,-1,1573,1572,1574,-1,1573,1574,1575,-1,1575,1574,1576,-1,1575,1576,1577,-1,1577,1576,1578,-1,1577,1578,1579,-1,1579,1578,1580,-1,1579,1580,1581,-1,1581,1580,1582,-1,1581,1582,1583,-1,1583,1582,1584,-1,1582,1585,1584,-1,1584,1585,1586,-1,1584,1586,1587,-1,1587,1586,1588,-1,1587,1588,1589,-1,1589,1588,1590,-1,1589,1590,1591,-1,1591,1590,1592,-1,1590,1593,1592,-1,1592,1593,1594,-1,1592,1594,1595,-1,1595,1594,1596,-1,1595,1596,1597,-1,1597,1596,1598,-1,1597,1598,1599,-1,1599,1598,1600,-1,1599,1600,1601,-1,1601,1600,1602,-1,1601,1602,1603,-1,1603,1602,1604,-1,1603,1604,1605,-1,1605,1604,1606,-1,1605,1606,1569,-1,1569,1606,1570,-1,1607,1608,1609,-1,1609,1608,1610,-1,1609,1610,1611,-1,1611,1610,1612,-1,1611,1612,1571,-1,1571,1612,1572,-1,1613,1614,1615,-1,1615,1614,1616,-1,1617,1618,1619,-1,1619,1618,1620,-1,1619,1620,1621,-1,1621,1620,1622,-1,1621,1622,1623,-1,1623,1622,1624,-1,1618,1617,1625,-1,1625,1617,1626,-1,1625,1626,1627,-1,1627,1626,1628,-1,1627,1628,1629,-1,1628,1630,1629,-1,1629,1630,1631,-1,1629,1631,1632,-1,1632,1631,1633,-1,1632,1633,1634,-1,1634,1633,1635,-1,1633,1636,1635,-1,1635,1636,1637,-1,1635,1637,1638,-1,1638,1637,1639,-1,1638,1639,1640,-1,1640,1639,1641,-1,1640,1641,1642,-1,1642,1641,1643,-1,1641,1644,1643,-1,1643,1644,1645,-1,1643,1645,1646,-1,1646,1645,1647,-1,1646,1647,1648,-1,1648,1647,1649,-1,1647,1650,1649,-1,1649,1650,1651,-1,1649,1651,1652,-1,1652,1651,1653,-1,1654,1655,1656,-1,1656,1655,1657,-1,1656,1657,1658,-1,1658,1657,1659,-1,1658,1659,1653,-1,1653,1659,1660,-1,1653,1660,1652,-1,1661,1662,1654,-1,1654,1662,1655,-1,1663,1664,1665,-1,1665,1664,1666,-1,1665,1666,1667,-1,1667,1666,1668,-1,1662,1661,1669,-1,1669,1661,1670,-1,1669,1670,1671,-1,1671,1670,1672,-1,1671,1672,1673,-1,1673,1672,1674,-1,1673,1674,1675,-1,1675,1674,1676,-1,1675,1676,1677,-1,1677,1676,1678,-1,1677,1678,1679,-1,1679,1678,1680,-1,1679,1680,1681,-1,1681,1680,1682,-1,1682,1680,1683,-1,1682,1683,1663,-1,1663,1683,1684,-1,1663,1684,1664,-1,1666,1685,1668,-1,1668,1685,1686,-1,1668,1686,1687,-1,1687,1686,1688,-1,1687,1688,1689,-1,1689,1688,1690,-1,1689,1690,1691,-1,1691,1690,1692,-1,1691,1692,1693,-1,1693,1692,1694,-1,1693,1694,1695,-1,1695,1694,1696,-1,1695,1696,1697,-1,1697,1696,1698,-1,1699,1700,1701,-1,1701,1700,1702,-1,1701,1702,1698,-1,1698,1702,1697,-1,1703,1704,1699,-1,1699,1704,1700,-1,1705,1706,1707,-1,1707,1706,1708,-1,1707,1708,1703,-1,1703,1708,1704,-1,1706,1705,1709,-1,1709,1705,1710,-1,1709,1710,1711,-1,1711,1710,1712,-1,1711,1712,1713,-1,1712,1714,1713,-1,1713,1714,1715,-1,1713,1715,1716,-1,1716,1715,1717,-1,1716,1717,1718,-1,1718,1717,1719,-1,1717,1720,1719,-1,1719,1720,1721,-1,1719,1721,1722,-1,1722,1721,1723,-1,1722,1723,1724,-1,1724,1723,1725,-1,1724,1725,1726,-1,1726,1725,1727,-1,1725,1728,1727,-1,1727,1728,1729,-1,1727,1729,1730,-1,1730,1729,1731,-1,1730,1731,1732,-1,1732,1731,1733,-1,1731,1734,1733,-1,1733,1734,1735,-1,1733,1735,1736,-1,1736,1735,1737,-1,1738,1739,1740,-1,1740,1739,1741,-1,1740,1741,1742,-1,1742,1741,1743,-1,1742,1743,1737,-1,1737,1743,1744,-1,1737,1744,1736,-1,1745,1746,1738,-1,1738,1746,1739,-1,1747,1748,1749,-1,1749,1748,1750,-1,1749,1750,1751,-1,1751,1750,1752,-1,1751,1752,1753,-1,1753,1752,1754,-1,1753,1754,1755,-1,1755,1754,1756,-1,1755,1756,1757,-1,1757,1756,1758,-1,1757,1758,1759,-1,1759,1758,1760,-1,1758,1761,1760,-1,1760,1761,1762,-1,1760,1762,1763,-1,1763,1762,1764,-1,1763,1764,1765,-1,1765,1764,1766,-1,1765,1766,1767,-1,1767,1766,1768,-1,1766,1769,1768,-1,1768,1769,1770,-1,1768,1770,1771,-1,1771,1770,1772,-1,1771,1772,1773,-1,1773,1772,1774,-1,1773,1774,1775,-1,1775,1774,1776,-1,1775,1776,1777,-1,1777,1776,1778,-1,1777,1778,1779,-1,1779,1778,1780,-1,1779,1780,1781,-1,1781,1780,1782,-1,1781,1782,1745,-1,1745,1782,1746,-1,1783,1784,1785,-1,1785,1784,1786,-1,1785,1786,1787,-1,1787,1786,1788,-1,1787,1788,1747,-1,1747,1788,1748,-1,1789,1790,1791,-1,1791,1790,1792,-1,1791,1792,1793,-1,1793,1792,1794,-1,1793,1794,1613,-1,1613,1794,1614,-1,1795,546,1796,-1,1796,546,1797,-1,1796,1797,1798,-1,1798,1797,1799,-1,1798,1799,1800,-1,1799,1801,1800,-1,1800,1801,1802,-1,1800,1802,1803,-1,1803,1802,1804,-1,1803,1804,1805,-1,1805,1804,1806,-1,1805,1806,1807,-1,1807,1806,1808,-1,1807,1808,1809,-1,1809,1808,1810,-1,1809,1810,1811,-1,1811,1810,1812,-1,1811,1812,1813,-1,1813,1812,1814,-1,1813,1814,1789,-1,1789,1814,1815,-1,1789,1815,1790,-1,499,511,1816,-1,1816,511,534,-1,1816,534,1795,-1,94,546,1795,-1,534,688,1795,-1,1795,688,689,-1,1795,689,690,-1,690,691,1795,-1,1795,691,692,-1,1795,692,693,-1,693,694,1795,-1,1795,694,84,-1,1795,84,94,-1,499,1816,1220,-1,1220,1816,1817,-1,1220,1817,1219,-1,1219,1817,1818,-1,1219,1818,1217,-1,1217,1818,1819,-1,882,883,1820,-1,1820,883,1821,-1,1820,1821,1822,-1,1822,1821,1823,-1,1822,1823,1824,-1,1823,1825,1824,-1,1824,1825,1826,-1,1824,1826,1827,-1,1827,1826,1828,-1,1827,1828,1829,-1,1829,1828,1830,-1,1829,1830,1831,-1,1831,1830,1832,-1,1831,1832,1833,-1,1833,1832,1198,-1,1833,1198,1834,-1,1834,1198,1197,-1,1834,1197,1835,-1,1835,1197,1158,-1,1835,1158,1819,-1,1819,1158,1215,-1,1819,1215,1217,-1,1836,1837,1838,-1,1838,1837,1839,-1,1838,1839,1840,-1,1840,1839,1841,-1,1840,1841,1842,-1,1842,1841,1843,-1,1842,1843,1844,-1,1844,1843,1845,-1,1844,1845,1846,-1,1846,1845,1847,-1,1846,1847,1848,-1,1848,1847,1849,-1,1848,1849,1850,-1,1850,1849,1851,-1,737,735,1836,-1,1836,735,1837,-1,1852,1853,1854,-1,1854,1853,1855,-1,1854,1855,1856,-1,1856,1855,1857,-1,1856,1857,1858,-1,1858,1857,1859,-1,1858,1859,1860,-1,1860,1859,1861,-1,1860,1861,1862,-1,1862,1861,1863,-1,1862,1863,731,-1,731,1863,733,-1,1864,1865,1852,-1,1852,1865,1853,-1,1866,1867,1868,-1,1868,1867,1869,-1,1868,1869,1870,-1,1870,1869,1871,-1,1870,1871,1872,-1,1865,1864,1873,-1,1873,1864,1874,-1,1873,1874,1875,-1,1875,1874,1876,-1,1875,1876,1877,-1,1877,1876,1872,-1,1877,1872,1878,-1,1878,1872,1871,-1,1879,1880,1866,-1,1866,1880,1867,-1,1881,1882,1883,-1,1883,1882,1884,-1,1883,1884,1885,-1,1885,1884,1886,-1,1885,1886,1887,-1,1887,1886,1888,-1,1887,1888,1889,-1,1889,1888,1890,-1,1889,1890,1891,-1,1891,1890,1892,-1,1891,1892,1879,-1,1879,1892,1880,-1,1893,1894,1881,-1,1881,1894,1882,-1,1894,1893,1895,-1,1895,1893,1896,-1,1052,928,884,-1,884,928,885,-1,1115,995,1037,-1,1037,995,999,-1,1037,999,1039,-1,1039,999,998,-1,1039,998,1065,-1,1065,998,951,-1,1065,951,1116,-1,1116,951,910,-1,1116,910,1054,-1,1054,910,922,-1,1054,922,1052,-1,1052,922,928,-1,1099,996,1115,-1,1115,996,995,-1,1897,1898,1899,-1,1899,1898,1900,-1,1899,1900,1901,-1,1901,1900,1902,-1,1901,1902,1903,-1,996,1099,1904,-1,1904,1099,1905,-1,1904,1905,1906,-1,1906,1905,1907,-1,1906,1907,1908,-1,1908,1907,1903,-1,1908,1903,1909,-1,1909,1903,1902,-1,1910,1911,1897,-1,1897,1911,1898,-1,1911,1910,1912,-1,1912,1910,1913,-1,1912,1913,1914,-1,1914,1913,1915,-1,1914,1915,1916,-1,1916,1915,1917,-1,1916,1917,1918,-1,1918,1917,1919,-1,1918,1919,1920,-1,1920,1919,1921,-1,1920,1921,1922,-1,1922,1921,1923,-1,1924,1922,1925,-1,1925,1922,1923,-1,1265,1155,747,-1,747,1155,749,-1,1285,1202,1272,-1,1272,1202,1213,-1,1272,1213,1293,-1,1293,1213,1218,-1,1293,1218,1290,-1,1290,1218,1216,-1,1290,1216,1287,-1,1287,1216,1214,-1,1287,1214,1226,-1,1226,1214,1178,-1,1226,1178,1267,-1,1267,1178,1154,-1,1267,1154,1265,-1,1265,1154,1155,-1,1409,1410,1926,-1,1926,1410,1927,-1,1926,1927,1928,-1,1928,1927,1929,-1,1928,1929,1930,-1,1930,1929,1931,-1,1930,1931,1932,-1,1932,1931,1933,-1,1932,1933,1934,-1,1934,1933,1935,-1,1934,1935,1478,-1,1478,1935,1479,-1,1524,1523,1936,-1,1936,1523,1937,-1,1936,1937,1938,-1,1938,1937,1939,-1,1938,1939,1940,-1,1940,1939,1941,-1,1940,1941,1942,-1,1942,1941,1943,-1,1942,1943,1944,-1,1944,1943,1945,-1,1944,1945,1481,-1,1481,1945,1483,-1,1510,1528,1532,-1,1832,1830,1610,-1,1610,1830,1612,-1,1547,1545,1514,-1,1566,1514,1564,-1,1564,1514,1530,-1,1566,1567,1514,-1,1514,1567,1562,-1,1514,1562,1560,-1,1560,1557,1514,-1,1514,1557,1555,-1,1514,1555,1553,-1,1553,1552,1514,-1,1514,1552,1549,-1,1514,1549,1547,-1,1545,1543,1514,-1,1514,1543,1541,-1,1514,1541,1540,-1,1540,1538,1514,-1,1514,1538,1536,-1,1514,1536,1534,-1,1828,1570,1606,-1,1606,1604,1828,-1,1828,1604,1602,-1,1828,1602,1830,-1,1830,1602,1600,-1,1600,1598,1830,-1,1830,1598,1596,-1,1830,1596,1594,-1,1594,1593,1830,-1,1830,1593,1590,-1,1830,1590,1588,-1,1588,1586,1830,-1,1830,1586,1585,-1,1830,1585,1582,-1,1582,1580,1830,-1,1830,1580,1578,-1,1830,1578,1576,-1,1576,1574,1830,-1,1830,1574,1572,-1,1830,1572,1612,-1,1530,1514,1532,-1,1532,1514,1512,-1,1532,1512,1510,-1,883,972,1522,-1,883,1522,1821,-1,1821,1522,1520,-1,1821,1520,1823,-1,1823,1520,1518,-1,1823,1518,1825,-1,1825,1518,1516,-1,1825,1516,1826,-1,1826,1516,1514,-1,1826,1514,1828,-1,1828,1514,1534,-1,1828,1534,1570,-1,1898,1497,1503,-1,1898,1503,1900,-1,1900,1503,1505,-1,1900,1505,1902,-1,1902,1505,1507,-1,1902,1507,1909,-1,1909,1507,1508,-1,1909,1508,1908,-1,1908,1508,1501,-1,1908,1501,1906,-1,1906,1501,1499,-1,1906,1499,1904,-1,1904,1499,997,-1,1904,997,996,-1,748,749,1155,-1,1936,1938,1153,-1,1936,1153,1524,-1,1524,1153,1528,-1,1524,1528,1510,-1,1938,1940,1153,-1,1153,1940,1942,-1,1153,1942,1944,-1,1946,1947,1155,-1,1155,1947,1948,-1,1155,1948,1949,-1,1950,1951,1952,-1,1953,1954,1949,-1,1954,1955,1949,-1,1949,1955,1956,-1,1949,1956,1957,-1,1490,1492,1155,-1,1958,1924,1951,-1,1951,1924,1959,-1,1951,1959,1952,-1,1944,1481,1153,-1,1153,1481,1480,-1,1153,1480,1155,-1,1155,1480,1960,-1,1155,1960,1946,-1,1961,1962,1963,-1,1963,1962,1964,-1,1965,1966,1967,-1,1967,1966,1968,-1,1969,1970,1971,-1,1971,1970,1972,-1,1949,1973,1974,-1,1974,1973,1975,-1,1974,1975,1976,-1,1977,1978,1979,-1,1979,1978,1980,-1,1979,1980,1976,-1,1976,1980,1981,-1,1976,1981,1974,-1,1949,1974,1953,-1,1953,1974,1982,-1,1953,1982,1983,-1,1484,1486,1155,-1,1155,1486,1488,-1,1155,1488,1490,-1,1984,1985,1986,-1,1986,1985,1987,-1,1986,1987,1988,-1,1989,1990,1991,-1,1916,1918,1492,-1,1969,1992,1970,-1,1970,1992,1986,-1,1970,1986,1993,-1,1993,1986,1988,-1,1916,1492,1914,-1,748,1155,1994,-1,1962,1995,1964,-1,1964,1995,1996,-1,1964,1996,1997,-1,1966,1998,1968,-1,1968,1998,1999,-1,1968,1999,2000,-1,2001,2002,2003,-1,2003,2002,2004,-1,2003,2004,2005,-1,2005,2004,1972,-1,2005,1972,2006,-1,2006,1972,1970,-1,1950,1952,2007,-1,2007,1952,1984,-1,2007,1984,1990,-1,1990,1984,1986,-1,1990,1986,1991,-1,1497,1898,1494,-1,1494,1898,1911,-1,1494,1911,1492,-1,1492,1911,1912,-1,1492,1912,1914,-1,2008,2009,2010,-1,1957,2011,1949,-1,1949,2011,752,-1,1949,752,1155,-1,1155,752,753,-1,1155,753,1484,-1,1958,1994,1924,-1,1924,1994,1155,-1,1924,1155,1922,-1,1922,1155,1492,-1,1922,1492,1920,-1,1920,1492,1918,-1,1997,2012,1964,-1,1964,2012,2013,-1,1964,2013,1949,-1,1949,2013,2014,-1,1949,2014,1973,-1,2000,2015,1968,-1,1968,2015,2016,-1,1968,2016,1987,-1,1987,2016,2017,-1,1987,2017,1988,-1,2018,2019,2020,-1,1982,2021,1983,-1,1983,2021,2022,-1,1983,2022,2010,-1,2010,2022,2023,-1,2010,2023,2008,-1,2024,2018,2025,-1,2025,2018,2020,-1,2025,2020,2001,-1,2001,2020,2026,-1,2001,2026,2002,-1,2027,2028,2029,-1,2029,2028,2030,-1,1991,2031,1989,-1,1989,2031,2030,-1,1989,2030,2032,-1,2032,2030,2028,-1,2033,2034,2035,-1,2035,2034,2036,-1,2035,2036,2019,-1,2019,2036,2037,-1,2019,2037,2020,-1,2024,2038,2018,-1,2018,2038,2039,-1,2018,2039,2040,-1,2040,2039,2041,-1,2042,2043,2044,-1,1977,1979,2045,-1,2045,1979,2046,-1,2045,2046,2047,-1,2047,2046,2048,-1,2047,2048,2049,-1,2049,2048,2050,-1,2049,2050,2044,-1,2044,2050,2051,-1,2044,2051,2042,-1,2042,2051,2052,-1,2042,2052,2053,-1,2053,2054,2042,-1,2042,2054,2055,-1,2042,2055,2056,-1,2057,2058,2059,-1,2059,2058,2060,-1,2059,2060,2043,-1,2043,2060,2061,-1,2043,2061,2044,-1,1700,1463,1477,-1,1620,1618,1814,-1,1618,1625,1814,-1,1814,1625,1627,-1,1814,1627,1629,-1,1629,1632,1814,-1,1814,1632,1634,-1,1814,1634,1635,-1,1635,1638,1814,-1,1814,1638,1640,-1,1814,1640,1642,-1,1642,1643,1814,-1,1814,1643,1646,-1,1814,1646,1648,-1,1648,1649,1814,-1,1814,1649,1652,-1,1814,1652,1660,-1,1660,1659,1814,-1,1814,1659,1657,-1,1814,1657,1655,-1,1475,1655,1662,-1,1662,1669,1475,-1,1475,1669,1671,-1,1475,1671,1673,-1,1673,1675,1475,-1,1475,1675,1677,-1,1475,1677,1679,-1,1663,1665,1475,-1,1679,1681,1475,-1,1475,1681,1682,-1,1475,1682,1663,-1,1665,1667,1475,-1,1475,1667,1668,-1,1475,1668,1687,-1,1687,1689,1475,-1,1475,1689,1691,-1,1475,1691,1693,-1,1693,1695,1475,-1,1475,1695,1697,-1,1475,1697,1477,-1,1477,1697,1702,-1,1477,1702,1700,-1,1814,1812,1620,-1,1620,1812,1810,-1,1620,1810,1622,-1,1655,1475,1814,-1,1814,1475,1473,-1,1814,1473,1815,-1,1815,1473,1471,-1,1815,1471,1790,-1,1790,1471,1469,-1,1790,1469,1792,-1,1792,1469,1467,-1,1792,1467,1794,-1,1794,1467,1465,-1,1794,1465,1614,-1,1867,1424,1432,-1,1867,1432,1869,-1,1869,1432,1434,-1,1869,1434,1871,-1,1871,1434,1436,-1,1871,1436,1878,-1,1878,1436,1437,-1,1878,1437,1877,-1,1877,1437,1430,-1,1877,1430,1875,-1,1875,1430,1428,-1,1875,1428,1873,-1,1873,1428,1426,-1,1873,1426,1865,-1,2062,2063,1616,-1,2064,2065,2066,-1,2066,2065,2067,-1,2068,2069,1614,-1,1614,2069,2070,-1,2070,2066,1614,-1,1614,2066,2067,-1,1614,2067,1616,-1,1616,2067,2071,-1,1616,2071,2062,-1,1422,1420,1895,-1,1895,1420,1418,-1,1418,1416,1895,-1,1895,1416,1888,-1,1895,1888,1886,-1,2072,2073,1614,-1,1614,2073,2074,-1,1614,2074,2068,-1,2075,2076,2077,-1,2078,1408,2079,-1,2079,1408,1422,-1,2079,1422,2080,-1,2080,1422,1895,-1,2080,1895,2081,-1,1886,1884,1895,-1,1895,1884,1882,-1,1895,1882,1894,-1,2082,2083,2084,-1,2085,2086,2087,-1,2087,2086,2088,-1,2089,2090,2091,-1,2091,2090,2092,-1,2091,2092,2093,-1,2093,2092,2087,-1,2093,2087,2094,-1,1933,2095,1935,-1,1935,2095,2072,-1,1935,2072,1479,-1,1479,2072,1614,-1,1479,1614,1465,-1,2063,2096,1616,-1,1616,2096,2097,-1,1616,2097,2098,-1,2098,2097,2084,-1,2098,2084,2099,-1,2099,2084,2083,-1,2100,2101,2102,-1,2102,2101,2103,-1,2104,2105,2090,-1,2090,2105,2106,-1,2090,2106,2107,-1,2089,2108,2090,-1,2090,2108,2109,-1,2090,2109,2110,-1,2088,2111,2087,-1,2087,2111,2112,-1,2087,2112,2094,-1,1424,1867,1412,-1,1412,1867,1880,-1,1412,1880,1414,-1,1414,1880,1892,-1,1414,1892,1416,-1,1416,1892,1890,-1,1416,1890,1888,-1,1933,1931,2095,-1,2095,1931,1929,-1,2095,1929,2113,-1,2113,1929,1927,-1,2113,1927,2114,-1,2114,1927,1410,-1,2114,1410,2115,-1,2115,1410,1408,-1,2115,1408,2116,-1,2116,1408,2078,-1,2117,2118,2119,-1,2119,2118,2120,-1,2119,2120,2121,-1,2082,2084,2106,-1,2106,2084,2122,-1,2106,2122,2107,-1,2123,2124,2125,-1,2081,1895,2119,-1,2119,1895,2126,-1,2119,2126,2117,-1,2127,2128,2129,-1,2129,2128,2121,-1,2110,2130,2090,-1,2090,2130,2101,-1,2090,2101,2104,-1,2104,2101,2100,-1,2124,2131,2125,-1,2125,2131,2077,-1,2125,2077,2132,-1,2132,2077,2076,-1,2132,2076,2133,-1,2085,2119,2086,-1,2086,2119,2121,-1,2086,2121,2134,-1,2134,2121,2128,-1,2130,2135,2101,-1,2101,2135,2136,-1,2101,2136,2137,-1,2138,2139,2140,-1,2140,2139,2132,-1,2140,2132,2141,-1,2141,2132,2133,-1,2142,2143,2127,-1,2127,2143,2144,-1,2127,2144,2128,-1,2145,2146,2147,-1,2147,2146,2148,-1,2147,2148,2125,-1,2125,2148,2149,-1,2125,2149,2123,-1,2127,2150,2142,-1,2142,2150,2151,-1,2142,2151,2077,-1,2077,2151,2152,-1,2077,2152,2075,-1,2153,2154,2155,-1,2155,2154,2156,-1,2155,2156,2103,-1,2103,2156,2157,-1,2103,2157,2102,-1,2153,2158,2154,-1,2154,2158,2159,-1,2154,2159,2160,-1,2161,2101,2162,-1,2162,2101,2163,-1,2137,2164,2101,-1,2101,2164,2165,-1,2101,2165,2163,-1,1837,1704,1708,-1,1797,546,553,-1,553,669,1849,-1,1849,669,670,-1,670,671,1849,-1,1849,671,435,-1,1849,435,439,-1,439,2166,1849,-1,1849,2166,2167,-1,1849,2167,2168,-1,2168,2169,1849,-1,1849,2169,2170,-1,1849,2170,2171,-1,2171,2172,1849,-1,1849,2172,2173,-1,1849,2173,2174,-1,2174,2175,1849,-1,1849,2175,2176,-1,1849,2176,1851,-1,1851,2176,2177,-1,1808,1806,1786,-1,1786,1806,1788,-1,1706,1709,1841,-1,1841,1709,1711,-1,1841,1711,1713,-1,1713,1716,1841,-1,1841,1716,1718,-1,1841,1718,1719,-1,1719,1722,1841,-1,1841,1722,1724,-1,1841,1724,1726,-1,1726,1727,1841,-1,1841,1727,1730,-1,1841,1730,1732,-1,1732,1733,1841,-1,1841,1733,1736,-1,1841,1736,1744,-1,1744,1743,1841,-1,1841,1743,1741,-1,1841,1741,1739,-1,1804,1746,1782,-1,1772,1770,1806,-1,1772,1806,1774,-1,1782,1780,1804,-1,1804,1780,1778,-1,1804,1778,1806,-1,1806,1778,1776,-1,1806,1776,1774,-1,1770,1769,1806,-1,1806,1769,1766,-1,1806,1766,1764,-1,1764,1762,1806,-1,1806,1762,1761,-1,1806,1761,1758,-1,1758,1756,1806,-1,1806,1756,1754,-1,1806,1754,1752,-1,1752,1750,1806,-1,1806,1750,1748,-1,1806,1748,1788,-1,1706,1841,1708,-1,1708,1841,1839,-1,1708,1839,1837,-1,553,1849,1797,-1,1797,1849,1847,-1,1797,1847,1799,-1,1799,1847,1845,-1,1799,1845,1801,-1,1801,1845,1843,-1,1801,1843,1802,-1,1802,1843,1841,-1,1802,1841,1804,-1,1804,1841,1739,-1,1804,1739,1746,-1,2178,2179,2180,-1,2181,1837,2182,-1,2182,1837,2180,-1,741,1461,1704,-1,1704,1461,1459,-1,1704,1459,1457,-1,1457,1455,1704,-1,1704,1455,1453,-1,1704,1453,1700,-1,1700,1453,1451,-1,1700,1451,1463,-1,732,2183,2184,-1,2184,2183,2185,-1,1837,1449,1447,-1,2179,2186,2180,-1,2180,2186,2187,-1,2180,2187,2188,-1,2181,2189,1837,-1,1837,2189,2190,-1,1837,2190,1704,-1,1704,2190,740,-1,1704,740,741,-1,2191,2192,2193,-1,2194,2195,2196,-1,2196,2195,2197,-1,2196,2197,2198,-1,2199,2200,2201,-1,1447,1445,1837,-1,1837,1445,1443,-1,1837,1443,1441,-1,1853,1865,1426,-1,2202,2203,2204,-1,2204,2203,2205,-1,2204,2205,2206,-1,2206,2205,2207,-1,2204,2208,2202,-1,2202,2208,2180,-1,2202,2180,2209,-1,2209,2180,2188,-1,2209,2188,2210,-1,1863,1861,1449,-1,1449,1861,1859,-1,1449,1859,1857,-1,1857,1855,1449,-1,1449,1855,1853,-1,1449,1853,1439,-1,1439,1853,1426,-1,2196,2199,2194,-1,2194,2199,2201,-1,2194,2201,2211,-1,2211,2201,2212,-1,2211,2212,2192,-1,2192,2212,2213,-1,2192,2213,2193,-1,1863,1449,733,-1,733,1449,1837,-1,733,1837,732,-1,2200,2214,2201,-1,2201,2214,2215,-1,2201,2215,2216,-1,2216,2215,2217,-1,2216,2217,2218,-1,1441,743,1837,-1,1837,743,742,-1,1837,742,2180,-1,2180,742,2219,-1,2180,2219,2178,-1,735,734,1837,-1,1837,734,2220,-1,1837,2220,732,-1,732,2220,2221,-1,732,2221,2183,-1,2183,2222,2185,-1,2185,2222,2223,-1,2185,2223,2193,-1,2193,2223,2224,-1,2193,2224,2191,-1,2191,2224,2225,-1,2191,2225,2226,-1,2226,2225,2227,-1,2228,2229,2210,-1,2210,2229,2230,-1,2210,2230,2209,-1,2207,2231,2206,-1,2206,2231,2232,-1,2206,2232,2233,-1,2233,2232,2234,-1,2198,2197,2235,-1,2235,2197,2236,-1,2235,2236,2237,-1,2237,2236,2238,-1,2237,2238,2239,-1,2239,2238,2240,-1,2239,2240,2241,-1,2218,2242,2216,-1,2216,2242,2243,-1,2216,2243,2244,-1,2244,2243,2245,-1,2246,2247,2228,-1,2228,2247,2248,-1,2228,2248,2229,-1,2208,2249,2180,-1,2180,2249,2250,-1,2180,2250,2251,-1,2251,2250,2252,-1,2251,2252,2253,-1,2253,2252,2254,-1,2253,2254,2255,-1,2225,2256,2227,-1,2227,2256,2257,-1,2227,2257,2258,-1,2258,2257,2259,-1,2260,2261,2262,-1,2262,2261,2253,-1,2262,2253,2263,-1,2263,2253,2255,-1,2240,2264,2241,-1,2241,2264,2265,-1,2241,2265,2266,-1,2232,2267,2234,-1,2234,2267,2268,-1,2234,2268,2269,-1,2269,2268,2270,-1,2271,2264,2272,-1,2272,2264,2273,-1,2271,2274,2264,-1,2264,2274,2275,-1,2264,2275,2265,-1,2276,2277,2278,-1,2266,2279,2241,-1,2241,2279,2276,-1,2241,2276,2280,-1,2280,2276,2278,-1,2281,2282,2283,-1,2283,2282,2284,-1,2268,2282,2270,-1,2270,2282,2285,-1,2270,2285,2286,-1,2281,2287,2282,-1,2282,2287,2288,-1,2282,2288,2285,-1,2289,2286,2290,-1,2290,2286,2291,-1,2289,2292,2286,-1,2286,2292,2293,-1,2286,2293,2270,-1,1521,1102,1022,-1,1575,2294,1573,-1,1573,2294,2295,-1,1575,1577,2294,-1,2294,1577,1579,-1,2294,1579,1581,-1,1581,1583,2294,-1,2294,1583,1584,-1,2294,1584,1587,-1,1587,1589,2294,-1,2294,1589,1591,-1,2294,1591,1592,-1,1592,1595,2294,-1,2294,1595,1597,-1,2294,1597,1599,-1,1599,1601,2294,-1,2294,1601,1603,-1,2294,1603,1605,-1,1569,1533,1513,-1,1513,1533,1535,-1,1535,1537,1513,-1,1513,1537,1539,-1,1513,1539,1542,-1,1542,1544,1513,-1,1513,1544,1546,-1,1513,1546,1548,-1,1548,1550,1513,-1,1513,1550,1551,-1,1513,1551,1554,-1,1554,1556,1513,-1,1513,1556,1558,-1,1513,1558,1559,-1,1559,1561,1513,-1,1513,1561,1563,-1,1513,1563,1565,-1,1527,1509,1531,-1,1531,1509,1511,-1,1531,1511,1529,-1,1529,1511,1513,-1,1529,1513,1568,-1,1568,1513,1565,-1,2296,1609,2297,-1,2297,1609,1611,-1,2297,1611,2295,-1,2295,1611,1571,-1,2295,1571,1573,-1,1022,2298,1521,-1,1521,2298,2299,-1,1521,2299,1519,-1,2299,2300,1519,-1,1519,2300,2301,-1,1519,2301,1517,-1,2301,2302,1517,-1,1517,2302,2303,-1,1517,2303,1515,-1,1605,1569,2294,-1,2294,1569,1513,-1,2294,1513,2304,-1,2304,1513,1515,-1,2304,1515,2305,-1,2305,1515,2303,-1,1099,1098,1905,-1,1905,1098,1498,-1,1905,1498,1907,-1,1907,1498,1500,-1,1907,1500,1903,-1,1903,1500,1502,-1,1903,1502,1901,-1,1901,1502,1506,-1,1901,1506,1899,-1,1899,1506,1504,-1,1899,1504,1897,-1,1897,1504,1496,-1,2306,2307,2308,-1,2309,1265,2310,-1,2310,1265,2311,-1,1483,1945,1266,-1,1266,1945,1943,-1,1266,1943,1941,-1,1941,1939,1266,-1,1266,1939,1937,-1,1266,1937,1527,-1,1527,1937,1523,-1,1527,1523,1509,-1,2312,2313,2314,-1,1265,1493,1491,-1,2315,2316,2311,-1,2311,2316,2317,-1,2311,2317,2318,-1,2309,2319,1265,-1,1265,2319,2320,-1,1265,2320,1266,-1,1266,2320,1482,-1,1266,1482,1483,-1,2321,2322,2323,-1,2323,2322,2324,-1,1491,1489,1265,-1,1265,1489,1487,-1,1265,1487,1485,-1,2325,2326,2327,-1,2328,2329,2330,-1,1910,1897,1496,-1,2331,2332,2333,-1,2333,2332,2334,-1,2333,2334,2335,-1,2325,2327,2336,-1,2337,2338,2339,-1,2326,2312,2327,-1,2327,2312,2314,-1,2327,2314,2340,-1,2340,2314,2341,-1,2340,2341,2318,-1,2342,2328,2308,-1,2308,2328,2330,-1,2308,2330,2306,-1,1921,1919,1493,-1,1493,1919,1917,-1,1493,1917,1915,-1,1915,1913,1493,-1,1493,1913,1910,-1,1493,1910,1495,-1,1495,1910,1496,-1,2343,2344,2345,-1,2322,2346,2324,-1,2324,2346,2347,-1,2324,2347,2348,-1,1921,1493,1923,-1,1923,1493,1265,-1,1923,1265,1925,-1,2331,2333,2349,-1,2349,2333,2350,-1,2349,2350,2351,-1,1485,751,1265,-1,1265,751,750,-1,1265,750,2311,-1,2311,750,2352,-1,2311,2352,2315,-1,2313,2353,2314,-1,2314,2353,2354,-1,2314,2354,2338,-1,2338,2354,2355,-1,2338,2355,2339,-1,2356,2357,2358,-1,2358,2357,2359,-1,2358,2359,2360,-1,2360,2359,2361,-1,2360,2361,2362,-1,2362,2361,2363,-1,2362,2363,2307,-1,2307,2363,2364,-1,2307,2364,2308,-1,747,746,1265,-1,1265,746,2333,-1,1265,2333,1925,-1,1925,2333,2335,-1,2343,2345,2327,-1,2327,2345,2365,-1,2327,2365,2336,-1,2348,2366,2324,-1,2324,2366,2367,-1,2324,2367,2328,-1,2328,2367,2368,-1,2328,2368,2329,-1,2369,2370,2371,-1,2356,2372,2357,-1,2357,2372,2373,-1,2357,2373,2374,-1,2337,2339,2370,-1,2370,2339,2375,-1,2370,2375,2371,-1,2376,2377,2378,-1,2378,2377,2379,-1,2378,2379,2380,-1,2356,2381,2372,-1,2372,2381,2382,-1,2372,2382,2383,-1,2383,2382,2384,-1,2383,2384,2385,-1,2386,2387,2388,-1,2308,2389,2342,-1,2342,2389,2390,-1,2342,2390,2351,-1,2351,2390,2391,-1,2351,2391,2349,-1,2349,2391,2392,-1,2349,2392,2393,-1,2393,2392,2394,-1,2393,2394,2395,-1,2395,2394,2396,-1,2341,2397,2318,-1,2318,2397,2398,-1,2318,2398,2311,-1,2311,2398,2399,-1,2311,2399,2400,-1,2400,2399,2401,-1,2400,2401,2379,-1,2379,2401,2402,-1,2379,2402,2380,-1,2386,2388,2373,-1,2373,2388,2403,-1,2373,2403,2374,-1,2404,2405,2406,-1,2407,2408,2409,-1,2404,2406,2394,-1,2394,2406,2410,-1,2394,2410,2396,-1,2369,2371,2409,-1,2409,2371,2411,-1,2409,2411,2407,-1,2412,2408,2413,-1,2413,2408,2414,-1,2412,2415,2408,-1,2408,2415,2416,-1,2408,2416,2409,-1,2411,2417,2407,-1,2407,2417,2418,-1,2407,2418,2419,-1,2419,2418,2420,-1,2419,2420,2421,-1,1696,1694,1474,-1,1474,1694,1692,-1,1692,1690,1474,-1,1474,1690,1688,-1,1474,1688,1686,-1,1686,1685,1474,-1,1474,1685,1666,-1,1474,1666,1664,-1,1664,1684,1474,-1,1474,1684,1683,-1,1474,1683,1680,-1,1680,1678,1474,-1,1474,1678,1676,-1,1474,1676,1674,-1,1674,1672,1474,-1,1474,1672,1670,-1,1474,1670,1661,-1,1661,1654,2422,-1,2422,1654,1656,-1,1656,1658,2422,-1,2422,1658,1653,-1,2422,1653,1651,-1,1645,1644,2422,-1,1651,1650,2422,-1,2422,1650,1647,-1,2422,1647,1645,-1,1644,1641,2422,-1,2422,1641,1639,-1,2422,1639,1637,-1,1637,1636,2422,-1,2422,1636,1633,-1,2422,1633,1631,-1,1631,1630,2422,-1,2422,1630,1628,-1,2422,1628,2423,-1,1621,2424,1619,-1,1619,2424,2425,-1,1619,2425,1617,-1,1617,2425,2423,-1,1617,2423,1626,-1,1626,2423,1628,-1,1462,1699,1476,-1,1476,1699,1701,-1,1476,1701,1474,-1,1474,1701,1698,-1,1474,1698,1696,-1,1661,2422,1474,-1,1474,2422,2426,-1,1474,2426,1472,-1,2426,2427,1472,-1,1472,2427,2428,-1,1472,2428,1470,-1,2428,2429,1470,-1,1470,2429,2430,-1,1470,2430,1468,-1,2431,1464,2432,-1,2432,1464,1466,-1,2432,1466,2433,-1,2433,1466,1468,-1,2433,1468,2434,-1,2434,1468,2430,-1,1864,1425,1874,-1,1874,1425,1427,-1,1874,1427,1876,-1,1876,1427,1429,-1,1876,1429,1872,-1,1872,1429,1431,-1,1872,1431,1870,-1,1870,1431,1435,-1,1870,1435,1868,-1,1868,1435,1433,-1,1868,1433,1866,-1,1866,1433,1423,-1,2435,2436,2437,-1,2437,2436,2438,-1,2439,2440,2431,-1,2441,2442,2443,-1,2443,2442,2444,-1,2443,2444,2445,-1,2440,2446,2431,-1,2431,2446,2447,-1,2431,2447,2448,-1,1407,2449,2450,-1,2445,2437,2443,-1,2443,2437,2438,-1,2443,2438,2431,-1,2431,2438,2451,-1,2431,2451,2439,-1,1889,1891,1415,-1,1930,1932,2452,-1,2452,1932,1934,-1,2452,1934,2448,-1,2450,2453,1407,-1,1407,2453,2454,-1,1407,2454,1421,-1,1896,1893,1881,-1,2448,1934,2431,-1,2431,1934,1478,-1,2431,1478,1464,-1,1881,1883,1896,-1,1896,1883,1885,-1,1896,1885,1415,-1,1415,1885,1887,-1,1415,1887,1889,-1,1415,1417,1896,-1,1896,1417,1419,-1,1896,1419,1421,-1,2449,1407,2455,-1,2455,1407,1409,-1,2455,1409,2456,-1,2456,1409,1926,-1,2456,1926,2452,-1,2452,1926,1928,-1,2452,1928,1930,-1,2457,2458,2459,-1,2460,2461,2462,-1,2462,2461,2463,-1,2462,2463,2464,-1,1866,1423,1879,-1,1879,1423,1411,-1,1879,1411,1891,-1,1891,1411,1413,-1,1891,1413,1415,-1,2458,2465,2459,-1,2459,2465,2466,-1,2459,2466,2467,-1,2468,2469,2470,-1,2470,2469,2471,-1,2470,2471,2472,-1,2472,2471,2473,-1,2472,2473,2462,-1,2462,2473,2474,-1,2462,2474,2460,-1,2475,2476,2477,-1,2477,2476,2478,-1,2477,2478,2443,-1,2443,2478,2479,-1,2443,2479,2441,-1,2480,2481,2470,-1,2482,2483,2484,-1,2484,2483,2485,-1,2454,2486,1421,-1,1421,2486,2487,-1,1421,2487,1896,-1,1896,2487,2488,-1,1896,2488,2459,-1,2466,2489,2490,-1,2491,2492,2493,-1,2493,2492,2494,-1,2493,2494,2489,-1,2489,2494,2495,-1,2489,2495,2490,-1,2470,2481,2483,-1,2483,2481,2496,-1,2483,2496,2485,-1,2490,2497,2466,-1,2466,2497,2498,-1,2466,2498,2499,-1,2493,2500,2501,-1,2501,2500,2502,-1,2493,2501,2491,-1,2491,2501,2503,-1,2491,2503,2504,-1,2505,2506,2507,-1,2508,2509,2483,-1,2483,2509,2510,-1,2483,2510,2470,-1,2470,2510,2511,-1,2470,2511,2468,-1,2477,2512,2475,-1,2475,2512,2513,-1,2475,2513,2470,-1,2470,2513,2514,-1,2470,2514,2480,-1,2499,2515,2466,-1,2466,2515,2516,-1,2466,2516,2467,-1,2464,2463,2488,-1,2488,2463,2517,-1,2488,2517,2459,-1,2459,2517,2518,-1,2459,2518,2457,-1,2504,2503,2507,-1,2507,2503,2519,-1,2507,2519,2505,-1,2502,2520,2501,-1,2501,2520,2521,-1,2501,2521,2522,-1,2522,2523,2501,-1,2501,2523,2524,-1,2501,2524,2525,-1,2526,2527,2483,-1,2483,2527,2528,-1,2483,2528,2529,-1,2529,2530,2483,-1,2483,2530,2531,-1,2483,2531,2508,-1,2532,2533,2534,-1,2534,2533,2535,-1,2484,2536,2482,-1,2482,2536,2537,-1,2482,2537,2538,-1,2538,2537,2533,-1,2538,2533,2539,-1,2539,2533,2532,-1,1389,1369,2540,-1,1850,2541,2542,-1,1850,2542,1848,-1,1848,2542,2543,-1,1848,2543,2544,-1,2544,2545,1848,-1,1848,2545,2546,-1,1848,2546,2547,-1,2547,2548,1848,-1,1848,2548,2549,-1,1848,2549,2550,-1,2550,2551,1848,-1,1848,2551,2552,-1,1848,2552,1389,-1,1838,1707,1836,-1,1836,1707,1703,-1,2553,1749,2554,-1,2554,1749,1751,-1,2554,1751,1753,-1,1753,1755,2554,-1,2554,1755,1757,-1,2554,1757,1759,-1,1765,1767,2554,-1,1759,1760,2554,-1,2554,1760,1763,-1,2554,1763,1765,-1,1773,1775,2554,-1,1767,1768,2554,-1,2554,1768,1771,-1,2554,1771,1773,-1,1775,1777,2554,-1,2554,1777,1779,-1,2554,1779,1781,-1,1745,1738,1840,-1,1840,1738,1740,-1,1740,1742,1840,-1,1840,1742,1737,-1,1840,1737,1735,-1,1735,1734,1840,-1,1840,1734,1731,-1,1840,1731,1729,-1,1729,1728,1840,-1,1840,1728,1725,-1,1840,1725,1723,-1,1723,1721,1840,-1,1840,1721,1720,-1,1840,1720,1838,-1,1838,1720,1717,-1,1717,1715,1838,-1,1838,1715,1714,-1,1838,1714,1712,-1,1712,1710,1838,-1,1838,1710,1705,-1,1838,1705,1707,-1,2555,1785,2556,-1,2556,1785,1787,-1,2556,1787,2553,-1,2553,1787,1747,-1,2553,1747,1749,-1,1389,2540,1848,-1,1848,2540,2557,-1,1848,2557,1846,-1,2557,2558,1846,-1,1846,2558,2559,-1,1846,2559,1844,-1,2559,2560,1844,-1,1844,2560,2561,-1,1844,2561,1842,-1,1781,1745,2554,-1,2554,1745,1840,-1,2554,1840,2562,-1,2562,1840,1842,-1,2562,1842,2563,-1,2563,1842,2561,-1,736,737,1836,-1,1452,1454,1703,-1,1452,1703,1450,-1,1450,1703,1699,-1,1450,1699,1462,-1,1454,1456,1703,-1,1703,1456,1458,-1,1703,1458,1460,-1,2564,2565,1836,-1,1836,2565,2566,-1,1836,2566,2567,-1,2568,2569,2567,-1,2567,2569,2570,-1,1446,1448,1836,-1,2571,2572,2573,-1,2573,2572,2574,-1,2573,2574,2575,-1,730,2576,2577,-1,1460,739,1703,-1,1703,739,738,-1,1703,738,1836,-1,1836,738,2578,-1,1836,2578,2564,-1,2579,2580,2581,-1,2581,2580,2582,-1,2581,2582,2583,-1,2583,2582,2584,-1,1440,1442,1836,-1,1836,1442,1444,-1,1836,1444,1446,-1,2585,2586,2587,-1,2587,2586,2588,-1,2589,2590,2591,-1,2591,2590,2592,-1,2591,2592,2593,-1,2593,2592,2594,-1,2593,2594,2595,-1,2595,2594,2580,-1,2595,2580,2596,-1,2596,2580,2579,-1,2597,2598,2599,-1,2599,2598,2600,-1,730,2601,2576,-1,2576,2601,2600,-1,2576,2600,2602,-1,2602,2600,2598,-1,1858,1860,1448,-1,2586,2603,2588,-1,2588,2603,2604,-1,2588,2604,2605,-1,1858,1448,1856,-1,736,1836,2606,-1,2607,2608,2609,-1,2609,2608,2610,-1,2570,2611,2567,-1,2567,2611,744,-1,2567,744,1836,-1,1836,744,745,-1,1836,745,1440,-1,2612,2613,2614,-1,2614,2613,2615,-1,2614,2615,2616,-1,2616,2615,2571,-1,2616,2571,2617,-1,2617,2571,2573,-1,1425,1864,1438,-1,1438,1864,1852,-1,1438,1852,1448,-1,1448,1852,1854,-1,1448,1854,1856,-1,2596,2618,2595,-1,2595,2618,2619,-1,2595,2619,2620,-1,2605,2621,2588,-1,2588,2621,2622,-1,2588,2622,2623,-1,2623,2622,2624,-1,2623,2624,2625,-1,2625,2575,2623,-1,2623,2575,2574,-1,2623,2574,2626,-1,2626,2574,2627,-1,2626,2627,2599,-1,2599,2627,2628,-1,2599,2628,2597,-1,2597,2628,2629,-1,2597,2629,2630,-1,2577,2606,730,-1,730,2606,1836,-1,730,1836,731,-1,731,1836,1448,-1,731,1448,1862,-1,1862,1448,1860,-1,2608,2631,2610,-1,2610,2631,2632,-1,2610,2632,2633,-1,2634,2635,2636,-1,2636,2635,2595,-1,2636,2595,2637,-1,2637,2595,2620,-1,2633,2638,2610,-1,2610,2638,2589,-1,2610,2589,2567,-1,2567,2589,2591,-1,2567,2591,2568,-1,2639,2640,2641,-1,2642,2643,2644,-1,2645,2646,2647,-1,2647,2646,2648,-1,2647,2648,2612,-1,2612,2648,2649,-1,2612,2649,2613,-1,2646,2650,2648,-1,2648,2650,2651,-1,2648,2651,2652,-1,2652,2653,2648,-1,2648,2653,2654,-1,2648,2654,2655,-1,2656,2657,2658,-1,2658,2657,2659,-1,2629,2660,2630,-1,2630,2660,2659,-1,2630,2659,2661,-1,2661,2659,2657,-1,2645,2647,2644,-1,2644,2647,2662,-1,2644,2662,2642,-1,2663,2664,2641,-1,2641,2664,2665,-1,2665,2666,2641,-1,2641,2666,2667,-1,2641,2667,2639,-1,2584,2582,2668,-1,2668,2582,2669,-1,2668,2669,2670,-1,2670,2669,2671,-1,2670,2671,2672,-1,2672,2671,2673,-1,2672,2673,2641,-1,2641,2673,2674,-1,2641,2674,2663,-1,2663,2674,2675,-1,2663,2675,2676,-1,2676,2677,2663,-1,2663,2677,2678,-1,2663,2678,2679,-1,522,1403,529,-1,529,1403,729,-1,1386,541,1387,-1,1387,541,540,-1,1387,540,1388,-1,1388,540,539,-1,1388,539,1375,-1,1375,539,538,-1,1375,538,1376,-1,1376,538,537,-1,1376,537,1377,-1,1377,537,536,-1,1377,536,1378,-1,532,723,533,-1,533,723,1378,-1,533,1378,535,-1,535,1378,536,-1,541,1386,543,-1,543,1386,1385,-1,543,1385,544,-1,1352,516,1332,-1,1332,516,515,-1,1332,515,1333,-1,1333,515,514,-1,1333,514,1360,-1,1360,514,497,-1,1360,497,1361,-1,1361,497,496,-1,1361,496,1356,-1,1356,496,508,-1,1356,508,1353,-1,1353,508,507,-1,1353,507,1354,-1,1354,507,506,-1,1354,506,1357,-1,1357,506,502,-1,1357,502,1358,-1,1358,502,504,-1,1358,504,1359,-1,1359,504,505,-1,1359,505,1385,-1,1385,505,544,-1,516,1352,517,-1,517,1352,722,-1,1405,520,1406,-1,1406,520,526,-1,1406,526,1402,-1,1402,526,524,-1,1402,524,1401,-1,1401,524,523,-1,1401,523,1391,-1,1391,523,513,-1,1391,513,1392,-1,1392,513,512,-1,1392,512,715,-1,715,512,510,-1,521,520,1404,-1,1404,520,1405,-1,1850,1851,2680,-1,2680,1851,2681,-1,2680,2681,2542,-1,2542,2681,2176,-1,2542,2176,2682,-1,2682,2176,2683,-1,2682,2683,2544,-1,2544,2683,2174,-1,2544,2174,2684,-1,2684,2174,2685,-1,2684,2685,2546,-1,2546,2685,2172,-1,2546,2172,2686,-1,2686,2172,2687,-1,2686,2687,2548,-1,2548,2687,2170,-1,2548,2170,2688,-1,2688,2170,2689,-1,2688,2689,2550,-1,2550,2689,2168,-1,2550,2168,2690,-1,2690,2168,2167,-1,2690,2167,2552,-1,2552,2167,2166,-1,454,453,1343,-1,1343,453,1344,-1,1389,439,1364,-1,1364,439,438,-1,1364,438,1346,-1,1346,438,437,-1,1346,437,1347,-1,1347,437,436,-1,1347,436,1348,-1,1348,436,434,-1,1348,434,1342,-1,1342,434,433,-1,1342,433,1343,-1,1343,433,454,-1,2166,439,2552,-1,2552,439,1389,-1,460,462,1326,-1,1326,462,1150,-1,1344,453,1345,-1,1345,453,449,-1,1345,449,1349,-1,1349,449,448,-1,1349,448,1350,-1,1350,448,447,-1,1350,447,1351,-1,1351,447,446,-1,1351,446,1301,-1,1301,446,445,-1,1301,445,1326,-1,1326,445,460,-1,1305,463,1327,-1,1327,463,461,-1,1327,461,1328,-1,1328,461,459,-1,1328,459,1299,-1,1299,459,458,-1,1299,458,1300,-1,1300,458,455,-1,1300,455,1302,-1,1302,455,456,-1,1302,456,1309,-1,1309,456,457,-1,464,463,1151,-1,1151,463,1305,-1,441,440,1329,-1,1329,440,1149,-1,1310,452,1311,-1,1311,452,451,-1,1311,451,1321,-1,1321,451,450,-1,1321,450,1323,-1,1323,450,444,-1,1323,444,1324,-1,1324,444,443,-1,1324,443,1325,-1,1325,443,442,-1,1325,442,1329,-1,1329,442,441,-1,457,452,1309,-1,1309,452,1310,-1,1337,12,1338,-1,1338,12,480,-1,1338,480,1339,-1,1339,480,491,-1,1339,491,1379,-1,1379,491,490,-1,1379,490,1380,-1,1380,490,479,-1,1380,479,1355,-1,1355,479,478,-1,1355,478,1363,-1,1363,478,494,-1,12,1337,13,-1,13,1337,1148,-1,482,1147,483,-1,483,1147,1336,-1,1362,493,1303,-1,1303,493,492,-1,1303,492,1304,-1,1304,492,474,-1,1304,474,1315,-1,1315,474,473,-1,1315,473,1316,-1,1316,473,489,-1,1316,489,1335,-1,1335,489,488,-1,1335,488,1336,-1,1336,488,483,-1,493,1362,494,-1,494,1362,1363,-1,562,1394,563,-1,563,1394,714,-1,1367,561,1368,-1,1368,561,560,-1,1368,560,1370,-1,1370,560,559,-1,1370,559,1371,-1,1371,559,550,-1,1371,550,1372,-1,1372,550,549,-1,1372,549,1373,-1,1373,549,548,-1,1373,548,1374,-1,1374,548,545,-1,1374,545,708,-1,708,545,547,-1,551,561,1390,-1,1390,561,1367,-1,1312,89,1313,-1,1313,89,88,-1,1313,88,1314,-1,1314,88,87,-1,1314,87,1331,-1,1331,87,99,-1,1331,99,1330,-1,1330,99,98,-1,1330,98,1322,-1,1322,98,106,-1,1322,106,1365,-1,106,105,1365,-1,1365,105,104,-1,1365,104,1366,-1,1366,104,103,-1,1366,103,1382,-1,1382,103,555,-1,1382,555,1383,-1,1383,555,554,-1,1383,554,1384,-1,1384,554,552,-1,1384,552,1390,-1,1390,552,551,-1,89,1312,90,-1,90,1312,707,-1,1398,30,1399,-1,1399,30,102,-1,1399,102,1400,-1,1400,102,101,-1,1400,101,1397,-1,1397,101,100,-1,1397,100,1396,-1,1396,100,96,-1,1396,96,1393,-1,1393,96,95,-1,1393,95,700,-1,700,95,93,-1,31,30,1395,-1,1395,30,1398,-1,1273,1211,2691,-1,2691,1211,2692,-1,2691,2692,1275,-1,2692,1210,1275,-1,1275,1210,2693,-1,1275,2693,2694,-1,2694,2693,1208,-1,2694,1208,1277,-1,1277,1208,2695,-1,1277,2695,2696,-1,2696,2695,1206,-1,2696,1206,1279,-1,1279,1206,2697,-1,2697,1206,2698,-1,2697,2698,1281,-1,2698,1204,1281,-1,1281,1204,2699,-1,1281,2699,2700,-1,2700,2699,1200,-1,2700,1200,1283,-1,1283,1200,1201,-1,1283,1201,1284,-1,1284,1201,1202,-1,1284,1202,1285,-1,1341,485,1306,-1,1306,485,484,-1,1306,484,1307,-1,1307,484,470,-1,1307,470,1308,-1,1308,470,469,-1,1308,469,1298,-1,1298,469,468,-1,1298,468,1297,-1,1297,468,467,-1,1297,467,1271,-1,1271,467,466,-1,485,1341,486,-1,486,1341,1340,-1,1334,487,1317,-1,1317,487,475,-1,1317,475,1381,-1,1381,475,477,-1,1381,477,1318,-1,1318,477,476,-1,1318,476,1319,-1,1319,476,472,-1,1319,472,1320,-1,1320,472,471,-1,1320,471,1340,-1,1340,471,486,-1,487,1334,481,-1,481,1334,1146,-1,466,1211,1271,-1,1271,1211,1273,-1,2098,2477,1616,-1,1616,2477,2443,-1,1616,2443,1615,-1,2477,2098,2512,-1,2512,2098,2099,-1,2512,2099,2513,-1,2513,2099,2083,-1,2513,2083,2514,-1,2514,2083,2082,-1,2514,2082,2480,-1,2480,2082,2106,-1,2480,2106,2481,-1,2481,2106,2105,-1,2481,2105,2496,-1,2496,2105,2104,-1,2496,2104,2485,-1,2485,2104,2100,-1,2485,2100,2484,-1,2484,2100,2102,-1,2157,2536,2102,-1,2102,2536,2484,-1,2536,2157,2156,-1,2536,2156,2537,-1,2537,2156,2154,-1,2537,2154,2533,-1,2533,2154,2160,-1,2533,2160,2535,-1,2535,2160,2159,-1,2535,2159,2534,-1,2534,2159,2158,-1,2534,2158,2532,-1,2532,2158,2153,-1,2532,2153,2539,-1,2539,2153,2155,-1,2539,2155,2538,-1,2538,2155,2103,-1,2538,2103,2482,-1,2101,2483,2103,-1,2103,2483,2482,-1,2483,2101,2161,-1,2483,2161,2526,-1,2526,2161,2162,-1,2526,2162,2527,-1,2527,2162,2163,-1,2527,2163,2528,-1,2528,2163,2165,-1,2528,2165,2529,-1,2529,2165,2164,-1,2529,2164,2530,-1,2530,2164,2137,-1,2530,2137,2531,-1,2531,2137,2136,-1,2531,2136,2508,-1,2508,2136,2135,-1,2508,2135,2509,-1,2130,2510,2135,-1,2135,2510,2509,-1,2510,2130,2511,-1,2511,2130,2110,-1,2511,2110,2468,-1,2468,2110,2109,-1,2468,2109,2469,-1,2469,2109,2108,-1,2469,2108,2471,-1,2471,2108,2089,-1,2471,2089,2473,-1,2473,2089,2091,-1,2473,2091,2474,-1,2474,2091,2093,-1,2474,2093,2460,-1,2460,2093,2094,-1,2460,2094,2461,-1,2461,2094,2112,-1,2111,2463,2112,-1,2112,2463,2461,-1,2463,2111,2517,-1,2517,2111,2088,-1,2517,2088,2518,-1,2518,2088,2086,-1,2518,2086,2457,-1,2457,2086,2134,-1,2457,2134,2458,-1,2458,2134,2128,-1,2458,2128,2465,-1,2465,2128,2144,-1,2465,2144,2466,-1,2466,2144,2143,-1,2466,2143,2489,-1,2489,2143,2142,-1,2489,2142,2493,-1,2493,2142,2077,-1,2131,2500,2077,-1,2077,2500,2493,-1,2500,2131,2124,-1,2500,2124,2502,-1,2502,2124,2123,-1,2502,2123,2520,-1,2520,2123,2149,-1,2520,2149,2521,-1,2521,2149,2148,-1,2521,2148,2522,-1,2522,2148,2146,-1,2522,2146,2523,-1,2523,2146,2145,-1,2523,2145,2524,-1,2524,2145,2147,-1,2524,2147,2525,-1,2525,2147,2125,-1,2525,2125,2501,-1,2132,2503,2125,-1,2125,2503,2501,-1,2503,2132,2139,-1,2503,2139,2519,-1,2519,2139,2138,-1,2519,2138,2505,-1,2505,2138,2140,-1,2505,2140,2506,-1,2506,2140,2141,-1,2506,2141,2507,-1,2507,2141,2133,-1,2507,2133,2504,-1,2504,2133,2076,-1,2504,2076,2491,-1,2491,2076,2075,-1,2491,2075,2492,-1,2492,2075,2152,-1,2492,2152,2494,-1,2151,2495,2152,-1,2152,2495,2494,-1,2495,2151,2490,-1,2490,2151,2150,-1,2490,2150,2497,-1,2497,2150,2127,-1,2497,2127,2498,-1,2498,2127,2129,-1,2498,2129,2499,-1,2499,2129,2121,-1,2499,2121,2515,-1,2515,2121,2120,-1,2515,2120,2516,-1,2516,2120,2118,-1,2516,2118,2467,-1,2467,2118,2117,-1,2467,2117,2459,-1,2459,2117,2126,-1,1895,1896,2126,-1,2126,1896,2459,-1,1138,979,1026,-1,1026,979,881,-1,1026,881,880,-1,1137,1015,1014,-1,1137,1014,1139,-1,1139,1014,1013,-1,1139,1013,1140,-1,1140,1013,1012,-1,1140,1012,1141,-1,1141,1012,1011,-1,1141,1011,1142,-1,1142,1011,1010,-1,1142,1010,1143,-1,1143,1010,1009,-1,1143,1009,1144,-1,1144,1009,1008,-1,1144,1008,1145,-1,1145,1008,979,-1,1145,979,1138,-1,1015,1137,966,-1,966,1137,1136,-1,1104,985,1106,-1,1106,985,984,-1,1106,984,1107,-1,1107,984,983,-1,1107,983,1108,-1,1108,983,981,-1,1108,981,1080,-1,1080,981,980,-1,1080,980,1081,-1,1081,980,970,-1,1081,970,1082,-1,1082,970,969,-1,1082,969,1083,-1,1083,969,967,-1,1083,967,1136,-1,1136,967,966,-1,985,1104,939,-1,939,1104,1060,-1,1055,991,1046,-1,1046,991,990,-1,1046,990,1045,-1,1045,990,918,-1,1045,918,1043,-1,1043,918,917,-1,1043,917,1084,-1,1084,917,965,-1,1084,965,1085,-1,1085,965,964,-1,1085,964,1086,-1,1086,964,963,-1,1086,963,1058,-1,1058,963,961,-1,1058,961,1060,-1,1060,961,939,-1,991,1055,993,-1,993,1055,1057,-1,1056,992,1007,-1,1056,1007,1129,-1,1129,1007,1006,-1,1129,1006,1130,-1,1130,1006,1005,-1,1130,1005,1131,-1,1131,1005,1004,-1,1131,1004,1132,-1,1132,1004,1003,-1,1132,1003,1133,-1,1133,1003,1002,-1,1133,1002,1134,-1,1134,1002,994,-1,1134,994,1135,-1,1135,994,993,-1,1135,993,1057,-1,992,1056,916,-1,916,1056,1044,-1,1094,938,930,-1,1094,930,1049,-1,1049,930,929,-1,1049,929,1050,-1,1050,929,978,-1,1050,978,1109,-1,1109,978,936,-1,1109,936,1087,-1,1087,936,935,-1,1087,935,1088,-1,1088,935,934,-1,1088,934,1089,-1,1089,934,960,-1,1089,960,1110,-1,1110,960,916,-1,1110,916,1044,-1,938,1094,932,-1,932,1094,1093,-1,1051,988,1033,-1,1033,988,959,-1,1033,959,1034,-1,1034,959,958,-1,1034,958,1111,-1,1111,958,957,-1,1111,957,1112,-1,1112,957,954,-1,1112,954,1113,-1,1113,954,955,-1,1113,955,1091,-1,1091,955,956,-1,1091,956,1092,-1,1092,956,933,-1,1092,933,1093,-1,1093,933,932,-1,988,1051,989,-1,989,1051,1090,-1,1128,913,1053,-1,1053,913,906,-1,1053,906,1117,-1,1117,906,905,-1,1117,905,1118,-1,1118,905,904,-1,1118,904,1067,-1,1067,904,903,-1,1067,903,1066,-1,1066,903,895,-1,1066,895,1095,-1,1095,895,894,-1,1095,894,1062,-1,1062,894,902,-1,1062,902,1090,-1,1090,902,989,-1,913,1128,914,-1,914,1128,1127,-1,1120,915,987,-1,1120,987,1122,-1,1122,987,973,-1,1122,973,1121,-1,1121,973,975,-1,1121,975,1119,-1,1119,975,977,-1,1119,977,1123,-1,1123,977,976,-1,1123,976,1124,-1,1124,976,974,-1,1124,974,1125,-1,1125,974,986,-1,1125,986,1126,-1,1126,986,914,-1,1126,914,1127,-1,915,1120,887,-1,887,1120,886,-1,1525,1526,2701,-1,2701,1526,2702,-1,2701,2702,2703,-1,2703,2702,2704,-1,2703,2704,2705,-1,2705,2704,2706,-1,2705,2706,2707,-1,2707,2706,2708,-1,2707,2708,2709,-1,2709,2708,2710,-1,2709,2710,2711,-1,2711,2710,2712,-1,843,2711,841,-1,841,2711,2712,-1,2713,842,2714,-1,2714,842,840,-1,2713,2714,2715,-1,2715,2714,2716,-1,2715,2716,2717,-1,2717,2716,2718,-1,2717,2718,2719,-1,2719,2718,2720,-1,2719,2720,2721,-1,2721,2720,2722,-1,2721,2722,2723,-1,2723,2722,2724,-1,2723,2724,1607,-1,1607,2724,1608,-1,1223,1222,1525,-1,2719,2721,2707,-1,2296,1223,2721,-1,2721,2723,2296,-1,2296,2723,1607,-1,2296,1607,1609,-1,1525,2701,1223,-1,1223,2701,2703,-1,1223,2703,2721,-1,2721,2703,2705,-1,2721,2705,2707,-1,843,842,2711,-1,2711,842,2713,-1,2711,2713,2709,-1,2709,2713,2715,-1,2709,2715,2707,-1,2707,2715,2717,-1,2707,2717,2719,-1,1199,1198,1526,-1,1526,1198,2702,-1,2722,1198,2724,-1,2724,1198,1832,-1,2724,1832,1608,-1,1608,1832,1610,-1,2722,2720,2706,-1,2706,2720,2718,-1,2706,2718,2708,-1,2708,2718,2710,-1,2722,2706,1198,-1,1198,2706,2704,-1,1198,2704,2702,-1,2714,840,841,-1,2718,2716,2710,-1,2710,2716,2714,-1,2710,2714,2712,-1,2712,2714,841,-1,1623,1624,2725,-1,2725,1624,2726,-1,2725,2726,2727,-1,2727,2726,2728,-1,2727,2728,2729,-1,2729,2728,2730,-1,2729,2730,2731,-1,2731,2730,2732,-1,2731,2732,2733,-1,2733,2732,2734,-1,2733,2734,2735,-1,2735,2734,2736,-1,802,2735,792,-1,792,2735,2736,-1,2737,803,2738,-1,2738,803,793,-1,2737,2738,2739,-1,2739,2738,2740,-1,2739,2740,2741,-1,2741,2740,2742,-1,2741,2742,2743,-1,2743,2742,2744,-1,2743,2744,2745,-1,2745,2744,2746,-1,2745,2746,2747,-1,2747,2746,2748,-1,2747,2748,1783,-1,1783,2748,1784,-1,1785,2555,1783,-1,1783,2555,2747,-1,2727,2555,2725,-1,2725,2555,2424,-1,2725,2424,1623,-1,1623,2424,1621,-1,2727,2743,2555,-1,2555,2743,2745,-1,2555,2745,2747,-1,2735,802,803,-1,2727,2729,2743,-1,2743,2729,2731,-1,2743,2731,2741,-1,2741,2731,2733,-1,2741,2733,2739,-1,2739,2733,2735,-1,2739,2735,2737,-1,2737,2735,803,-1,1808,1786,1784,-1,1810,1808,2728,-1,2728,2726,1810,-1,1810,2726,1624,-1,1810,1624,1622,-1,2740,2732,2742,-1,2742,2732,2730,-1,2742,2730,2728,-1,1784,2748,1808,-1,1808,2748,2746,-1,1808,2746,2728,-1,2728,2746,2744,-1,2728,2744,2742,-1,793,792,2738,-1,2738,792,2736,-1,2738,2736,2740,-1,2740,2736,2734,-1,2740,2734,2732,-1,2066,2438,2064,-1,2064,2438,2436,-1,2065,2435,2067,-1,2067,2435,2437,-1,2067,2437,2071,-1,2071,2437,2445,-1,2476,2122,2478,-1,2478,2122,2084,-1,2478,2084,2479,-1,2479,2084,2097,-1,2479,2097,2441,-1,2441,2097,2096,-1,2441,2096,2442,-1,2442,2096,2063,-1,2442,2063,2444,-1,2444,2063,2062,-1,2444,2062,2445,-1,2445,2062,2071,-1,2122,2476,2107,-1,2107,2476,2475,-1,2487,2081,2488,-1,2488,2081,2119,-1,2488,2119,2464,-1,2464,2119,2085,-1,2464,2085,2462,-1,2462,2085,2087,-1,2462,2087,2472,-1,2472,2087,2092,-1,2472,2092,2470,-1,2470,2092,2090,-1,2470,2090,2475,-1,2475,2090,2107,-1,2081,2487,2080,-1,2080,2487,2486,-1,2456,2113,2455,-1,2455,2113,2114,-1,2455,2114,2449,-1,2449,2114,2115,-1,2449,2115,2450,-1,2450,2115,2116,-1,2450,2116,2453,-1,2453,2116,2078,-1,2453,2078,2454,-1,2454,2078,2079,-1,2454,2079,2486,-1,2486,2079,2080,-1,2113,2456,2095,-1,2095,2456,2452,-1,2451,2070,2439,-1,2439,2070,2069,-1,2439,2069,2440,-1,2440,2069,2068,-1,2440,2068,2446,-1,2446,2068,2074,-1,2446,2074,2447,-1,2447,2074,2073,-1,2447,2073,2448,-1,2448,2073,2072,-1,2448,2072,2452,-1,2452,2072,2095,-1,2070,2451,2066,-1,2066,2451,2438,-1,1028,900,1024,-1,1024,900,901,-1,1024,901,1025,-1,1025,901,889,-1,1025,889,1027,-1,1027,889,888,-1,1027,888,1078,-1,1078,888,893,-1,1078,893,1079,-1,1079,893,968,-1,1079,968,1105,-1,1105,968,982,-1,900,1028,890,-1,890,1028,1019,-1,890,1019,891,-1,891,1019,1017,-1,892,1016,896,-1,896,1016,1018,-1,896,1018,897,-1,897,1018,1023,-1,1070,946,1040,-1,1040,946,921,-1,1040,921,1041,-1,1041,921,920,-1,1041,920,1042,-1,1042,920,919,-1,1042,919,1020,-1,1020,919,899,-1,1020,899,1021,-1,1021,899,898,-1,1021,898,1023,-1,1023,898,897,-1,946,1070,944,-1,944,1070,1072,-1,1064,923,1030,-1,1030,923,924,-1,1030,924,1032,-1,1032,924,925,-1,1032,925,1077,-1,1077,925,909,-1,1077,909,1076,-1,1076,909,908,-1,1076,908,1074,-1,1074,908,942,-1,1074,942,1072,-1,1072,942,944,-1,923,1064,927,-1,927,1064,1063,-1,1103,941,1061,-1,1061,941,940,-1,1061,940,1059,-1,1059,940,962,-1,1059,962,1047,-1,1047,962,937,-1,1047,937,1048,-1,1048,937,931,-1,1048,931,1035,-1,1035,931,926,-1,1035,926,1063,-1,1063,926,927,-1,941,1103,982,-1,982,1103,1105,-1,1394,562,771,-1,771,562,754,-1,755,31,772,-1,772,31,1395,-1,31,755,32,-1,32,755,754,-1,32,754,562,-1,771,772,1394,-1,1394,772,1395,-1,1403,522,790,-1,790,522,773,-1,774,521,791,-1,791,521,1404,-1,521,774,522,-1,522,774,773,-1,790,791,1403,-1,1403,791,1404,-1,2435,2065,2749,-1,2749,2065,2750,-1,2751,2064,2752,-1,2752,2064,2436,-1,2064,2751,2065,-1,2065,2751,2750,-1,2749,2752,2435,-1,2435,2752,2436,-1,2753,2751,2754,-1,2754,2751,2752,-1,2755,2749,2756,-1,2756,2749,2750,-1,2751,2757,2750,-1,2750,2757,2758,-1,2750,2758,2756,-1,2756,2758,2759,-1,2756,2759,2760,-1,2760,2761,2756,-1,2756,2761,2762,-1,2756,2762,2763,-1,2751,2753,2757,-1,2757,2753,2764,-1,2757,2764,2765,-1,2765,2766,2757,-1,2757,2766,2767,-1,2757,2767,2768,-1,2754,2752,2769,-1,2769,2752,2770,-1,2770,2752,2749,-1,2770,2749,2755,-1,2771,2770,2772,-1,2772,2770,2773,-1,2774,2769,2775,-1,2775,2769,2776,-1,2774,2777,2769,-1,2769,2777,2778,-1,2769,2778,2754,-1,2755,2779,2770,-1,2770,2779,2780,-1,2770,2780,2773,-1,2769,2770,2757,-1,2757,2770,2758,-1,1016,892,2781,-1,2781,892,2782,-1,2783,891,2784,-1,2784,891,1017,-1,891,2783,892,-1,892,2783,2782,-1,2781,2784,1016,-1,1016,2784,1017,-1,2785,2783,2786,-1,2786,2783,2784,-1,2787,2781,2788,-1,2788,2781,2782,-1,2788,2782,2789,-1,2789,2782,2790,-1,2782,2783,2790,-1,2790,2783,2785,-1,2790,2785,2791,-1,2791,2785,2792,-1,2793,2794,2785,-1,2785,2794,2795,-1,2785,2795,2792,-1,2796,2789,2797,-1,2797,2789,2798,-1,2796,2799,2789,-1,2789,2799,2800,-1,2789,2800,2788,-1,2801,2784,2802,-1,2802,2784,2781,-1,2803,2804,2801,-1,2801,2804,2805,-1,2801,2805,2806,-1,2806,2807,2801,-1,2801,2807,2786,-1,2801,2786,2784,-1,2781,2787,2802,-1,2802,2787,2808,-1,2802,2808,2809,-1,2809,2810,2802,-1,2802,2810,2811,-1,2802,2811,2812,-1,2801,2802,2790,-1,2790,2802,2789,-1,850,865,837,-1,837,865,845,-1,849,871,870,-1,849,870,851,-1,851,870,869,-1,851,869,852,-1,852,869,873,-1,852,873,853,-1,853,873,868,-1,853,868,854,-1,854,868,867,-1,854,867,856,-1,856,867,866,-1,856,866,855,-1,855,866,865,-1,855,865,850,-1,848,872,849,-1,849,872,871,-1,857,864,876,-1,857,876,858,-1,858,876,875,-1,858,875,859,-1,859,875,874,-1,859,874,860,-1,860,874,877,-1,860,877,861,-1,861,877,879,-1,861,879,863,-1,863,879,878,-1,863,878,862,-1,862,878,872,-1,862,872,848,-1,846,864,836,-1,836,864,857,-1,846,836,847,-1,847,836,838,-1,847,838,842,-1,842,838,840,-1,843,841,844,-1,844,841,839,-1,844,839,845,-1,845,839,837,-1,804,829,796,-1,796,829,798,-1,829,804,816,-1,829,816,830,-1,830,816,815,-1,830,815,831,-1,831,815,814,-1,831,814,832,-1,832,814,817,-1,832,817,833,-1,833,817,819,-1,833,819,835,-1,835,819,818,-1,835,818,834,-1,834,818,812,-1,834,812,820,-1,811,821,812,-1,812,821,820,-1,821,811,810,-1,821,810,823,-1,823,810,809,-1,823,809,824,-1,824,809,813,-1,824,813,825,-1,825,813,808,-1,825,808,826,-1,826,808,807,-1,826,807,828,-1,828,807,806,-1,828,806,827,-1,827,806,805,-1,827,805,822,-1,795,799,805,-1,805,799,822,-1,802,792,800,-1,800,792,797,-1,800,797,798,-1,798,797,796,-1,799,795,801,-1,801,795,794,-1,801,794,803,-1,803,794,793,-1,2813,2814,769,-1,769,2814,770,-1,2814,2815,770,-1,770,2815,757,-1,770,757,772,-1,772,757,755,-1,771,754,769,-1,769,754,756,-1,769,756,2813,-1,2813,756,2816,-1,2816,756,758,-1,2816,758,2817,-1,2817,758,761,-1,2817,761,2818,-1,2818,761,765,-1,2818,765,2819,-1,2819,765,764,-1,2819,764,2820,-1,2820,764,763,-1,2820,763,2821,-1,2821,763,766,-1,2821,766,2822,-1,2822,766,768,-1,2822,768,2823,-1,2823,768,767,-1,2823,767,2824,-1,2824,767,762,-1,2824,762,2825,-1,2825,762,760,-1,2825,760,2826,-1,2826,760,759,-1,2826,759,2827,-1,2827,759,757,-1,2827,757,2815,-1,2815,2814,2813,-1,2813,2816,2815,-1,2815,2816,2817,-1,2815,2817,2827,-1,2827,2817,2826,-1,2826,2817,2818,-1,2826,2818,2825,-1,2825,2818,2819,-1,2825,2819,2820,-1,2820,2821,2825,-1,2825,2821,2822,-1,2825,2822,2824,-1,2824,2822,2823,-1,2828,2829,789,-1,789,2829,776,-1,789,776,791,-1,791,776,774,-1,2830,2828,788,-1,788,2828,789,-1,790,773,788,-1,788,773,775,-1,788,775,2830,-1,2830,775,2831,-1,2831,775,777,-1,2831,777,2832,-1,2832,777,778,-1,2832,778,2833,-1,2833,778,784,-1,2833,784,2834,-1,2834,784,783,-1,2834,783,2835,-1,2835,783,782,-1,2835,782,2836,-1,2836,782,785,-1,2836,785,2837,-1,2837,785,787,-1,2837,787,2838,-1,2838,787,786,-1,2838,786,2839,-1,2839,786,781,-1,2839,781,2840,-1,2840,781,780,-1,2840,780,2841,-1,2841,780,779,-1,2841,779,2842,-1,2842,779,776,-1,2842,776,2829,-1,2828,2830,2829,-1,2829,2830,2831,-1,2831,2832,2829,-1,2829,2832,2833,-1,2829,2833,2842,-1,2842,2833,2841,-1,2841,2833,2840,-1,2840,2833,2834,-1,2840,2834,2835,-1,2835,2836,2840,-1,2840,2836,2837,-1,2840,2837,2839,-1,2839,2837,2838,-1,1953,1983,2340,-1,2340,1983,2327,-1,2327,1983,2010,-1,2327,2010,2343,-1,2343,2010,2009,-1,2343,2009,2344,-1,2344,2009,2008,-1,2344,2008,2345,-1,2345,2008,2023,-1,2345,2023,2365,-1,2365,2023,2022,-1,2365,2022,2336,-1,2336,2022,2021,-1,2336,2021,2325,-1,2326,2325,1982,-1,1982,2325,2021,-1,2326,1982,2312,-1,2312,1982,1974,-1,2312,1974,2313,-1,2313,1974,1981,-1,2313,1981,2353,-1,2353,1981,1980,-1,2353,1980,2354,-1,2354,1980,1978,-1,2354,1978,2355,-1,2355,1978,1977,-1,2355,1977,2339,-1,2339,1977,2045,-1,2375,2339,2047,-1,2047,2339,2045,-1,2047,2049,2375,-1,2375,2049,2371,-1,2411,2371,2044,-1,2044,2371,2049,-1,2411,2044,2061,-1,2411,2061,2417,-1,2417,2061,2060,-1,2417,2060,2418,-1,2418,2060,2058,-1,2418,2058,2420,-1,2420,2058,2057,-1,2420,2057,2421,-1,2421,2057,2059,-1,2421,2059,2419,-1,2419,2059,2043,-1,2419,2043,2407,-1,2408,2407,2042,-1,2042,2407,2043,-1,2408,2042,2056,-1,2408,2056,2414,-1,2414,2056,2055,-1,2414,2055,2413,-1,2413,2055,2054,-1,2413,2054,2412,-1,2412,2054,2053,-1,2412,2053,2415,-1,2415,2053,2052,-1,2415,2052,2416,-1,2416,2052,2051,-1,2416,2051,2409,-1,2369,2409,2050,-1,2050,2409,2051,-1,2050,2048,2369,-1,2369,2048,2370,-1,2337,2370,2046,-1,2046,2370,2048,-1,2337,2046,2338,-1,2338,2046,1979,-1,2338,1979,2314,-1,2314,1979,1976,-1,2314,1976,2341,-1,2341,1976,1975,-1,2341,1975,2397,-1,2397,1975,1973,-1,2397,1973,2398,-1,2398,1973,2014,-1,2398,2014,2399,-1,2399,2014,2013,-1,2401,2399,2012,-1,2012,2399,2013,-1,2401,2012,1997,-1,2401,1997,2402,-1,2402,1997,1996,-1,2402,1996,2380,-1,2380,1996,1995,-1,2380,1995,2378,-1,2378,1995,1962,-1,2378,1962,2376,-1,2376,1962,1961,-1,2376,1961,2377,-1,2377,1961,1963,-1,2377,1963,2379,-1,2400,2379,1964,-1,1964,2379,1963,-1,1990,1989,2324,-1,2324,1989,2323,-1,2323,1989,2032,-1,2323,2032,2321,-1,2321,2032,2028,-1,2321,2028,2322,-1,2322,2028,2027,-1,2322,2027,2346,-1,2346,2027,2029,-1,2346,2029,2347,-1,2347,2029,2030,-1,2347,2030,2348,-1,2348,2030,2031,-1,2348,2031,2366,-1,2367,2366,1991,-1,1991,2366,2031,-1,2367,1991,2368,-1,2368,1991,1986,-1,2368,1986,2329,-1,2329,1986,1992,-1,2329,1992,2330,-1,2330,1992,1969,-1,2330,1969,2306,-1,2306,1969,1971,-1,2306,1971,2307,-1,2307,1971,1972,-1,2307,1972,2362,-1,2362,1972,2004,-1,2360,2362,2002,-1,2002,2362,2004,-1,2002,2026,2360,-1,2360,2026,2358,-1,2356,2358,2020,-1,2020,2358,2026,-1,2356,2020,2037,-1,2356,2037,2381,-1,2381,2037,2036,-1,2381,2036,2382,-1,2382,2036,2034,-1,2382,2034,2384,-1,2384,2034,2033,-1,2384,2033,2385,-1,2385,2033,2035,-1,2385,2035,2383,-1,2383,2035,2019,-1,2383,2019,2372,-1,2373,2372,2018,-1,2018,2372,2019,-1,2373,2018,2040,-1,2373,2040,2386,-1,2386,2040,2041,-1,2386,2041,2387,-1,2387,2041,2039,-1,2387,2039,2388,-1,2388,2039,2038,-1,2388,2038,2403,-1,2403,2038,2024,-1,2403,2024,2374,-1,2374,2024,2025,-1,2374,2025,2357,-1,2359,2357,2001,-1,2001,2357,2025,-1,2001,2003,2359,-1,2359,2003,2361,-1,2363,2361,2005,-1,2005,2361,2003,-1,2363,2005,2364,-1,2364,2005,2006,-1,2364,2006,2308,-1,2308,2006,1970,-1,2308,1970,2389,-1,2389,1970,1993,-1,2389,1993,2390,-1,2390,1993,1988,-1,2390,1988,2391,-1,2391,1988,2017,-1,2391,2017,2392,-1,2392,2017,2016,-1,2394,2392,2015,-1,2015,2392,2016,-1,2394,2015,2000,-1,2394,2000,2404,-1,2404,2000,1999,-1,2404,1999,2405,-1,2405,1999,1998,-1,2405,1998,2406,-1,2406,1998,1966,-1,2406,1966,2410,-1,2410,1966,1965,-1,2410,1965,2396,-1,2396,1965,1967,-1,2396,1967,2395,-1,2393,2395,1968,-1,1968,2395,1967,-1,2251,2253,2610,-1,2610,2253,2609,-1,2609,2253,2261,-1,2609,2261,2607,-1,2607,2261,2260,-1,2607,2260,2608,-1,2608,2260,2262,-1,2608,2262,2631,-1,2631,2262,2263,-1,2631,2263,2632,-1,2632,2263,2255,-1,2632,2255,2633,-1,2633,2255,2254,-1,2633,2254,2638,-1,2589,2638,2252,-1,2252,2638,2254,-1,2589,2252,2590,-1,2590,2252,2250,-1,2590,2250,2592,-1,2592,2250,2249,-1,2592,2249,2594,-1,2594,2249,2208,-1,2594,2208,2580,-1,2580,2208,2204,-1,2580,2204,2582,-1,2582,2204,2206,-1,2582,2206,2669,-1,2669,2206,2233,-1,2671,2669,2234,-1,2234,2669,2233,-1,2234,2269,2671,-1,2671,2269,2673,-1,2674,2673,2270,-1,2270,2673,2269,-1,2674,2270,2293,-1,2674,2293,2675,-1,2675,2293,2292,-1,2675,2292,2676,-1,2676,2292,2289,-1,2676,2289,2677,-1,2677,2289,2290,-1,2677,2290,2678,-1,2678,2290,2291,-1,2678,2291,2679,-1,2679,2291,2286,-1,2679,2286,2663,-1,2664,2663,2285,-1,2285,2663,2286,-1,2664,2285,2288,-1,2664,2288,2665,-1,2665,2288,2287,-1,2665,2287,2666,-1,2666,2287,2281,-1,2666,2281,2667,-1,2667,2281,2283,-1,2667,2283,2639,-1,2639,2283,2284,-1,2639,2284,2640,-1,2640,2284,2282,-1,2640,2282,2641,-1,2672,2641,2268,-1,2268,2641,2282,-1,2268,2267,2672,-1,2672,2267,2670,-1,2668,2670,2232,-1,2232,2670,2267,-1,2668,2232,2584,-1,2584,2232,2231,-1,2584,2231,2583,-1,2583,2231,2207,-1,2583,2207,2581,-1,2581,2207,2205,-1,2581,2205,2579,-1,2579,2205,2203,-1,2579,2203,2596,-1,2596,2203,2202,-1,2596,2202,2618,-1,2618,2202,2209,-1,2619,2618,2230,-1,2230,2618,2209,-1,2619,2230,2229,-1,2619,2229,2620,-1,2620,2229,2248,-1,2620,2248,2637,-1,2637,2248,2247,-1,2637,2247,2636,-1,2636,2247,2246,-1,2636,2246,2634,-1,2634,2246,2228,-1,2634,2228,2635,-1,2635,2228,2210,-1,2635,2210,2595,-1,2593,2595,2188,-1,2188,2595,2210,-1,2201,2216,2588,-1,2588,2216,2587,-1,2587,2216,2244,-1,2587,2244,2585,-1,2585,2244,2245,-1,2585,2245,2586,-1,2586,2245,2243,-1,2586,2243,2603,-1,2603,2243,2242,-1,2603,2242,2604,-1,2604,2242,2218,-1,2604,2218,2605,-1,2605,2218,2217,-1,2605,2217,2621,-1,2622,2621,2215,-1,2215,2621,2217,-1,2622,2215,2624,-1,2624,2215,2214,-1,2624,2214,2625,-1,2625,2214,2200,-1,2625,2200,2575,-1,2575,2200,2199,-1,2575,2199,2573,-1,2573,2199,2196,-1,2573,2196,2617,-1,2617,2196,2198,-1,2617,2198,2616,-1,2616,2198,2235,-1,2614,2616,2237,-1,2237,2616,2235,-1,2237,2239,2614,-1,2614,2239,2612,-1,2647,2612,2241,-1,2241,2612,2239,-1,2647,2241,2280,-1,2647,2280,2662,-1,2662,2280,2278,-1,2662,2278,2642,-1,2642,2278,2277,-1,2642,2277,2643,-1,2643,2277,2276,-1,2643,2276,2644,-1,2644,2276,2279,-1,2644,2279,2645,-1,2645,2279,2266,-1,2645,2266,2646,-1,2650,2646,2265,-1,2265,2646,2266,-1,2650,2265,2275,-1,2650,2275,2651,-1,2651,2275,2274,-1,2651,2274,2652,-1,2652,2274,2271,-1,2652,2271,2653,-1,2653,2271,2272,-1,2653,2272,2654,-1,2654,2272,2273,-1,2654,2273,2655,-1,2655,2273,2264,-1,2655,2264,2648,-1,2649,2648,2240,-1,2240,2648,2264,-1,2240,2238,2649,-1,2649,2238,2613,-1,2615,2613,2236,-1,2236,2613,2238,-1,2615,2236,2571,-1,2571,2236,2197,-1,2571,2197,2572,-1,2572,2197,2195,-1,2572,2195,2574,-1,2574,2195,2194,-1,2574,2194,2627,-1,2627,2194,2211,-1,2627,2211,2628,-1,2628,2211,2192,-1,2628,2192,2629,-1,2629,2192,2191,-1,2660,2629,2226,-1,2226,2629,2191,-1,2660,2226,2227,-1,2660,2227,2659,-1,2659,2227,2258,-1,2659,2258,2658,-1,2658,2258,2259,-1,2658,2259,2656,-1,2656,2259,2257,-1,2656,2257,2657,-1,2657,2257,2256,-1,2657,2256,2661,-1,2661,2256,2225,-1,2661,2225,2630,-1,2597,2630,2224,-1,2224,2630,2225,-1,742,744,2219,-1,2219,744,2611,-1,2219,2611,2178,-1,2178,2611,2570,-1,2178,2570,2179,-1,2179,2570,2569,-1,2179,2569,2186,-1,2186,2569,2568,-1,2186,2568,2187,-1,2187,2568,2591,-1,2187,2591,2188,-1,2188,2591,2593,-1,2251,2610,2180,-1,2180,2610,2567,-1,2180,2567,2182,-1,2182,2567,2566,-1,2182,2566,2181,-1,2181,2566,2565,-1,2181,2565,2189,-1,2189,2565,2564,-1,2189,2564,2190,-1,2190,2564,2578,-1,2190,2578,740,-1,740,2578,738,-1,730,732,2601,-1,2601,732,2184,-1,2601,2184,2600,-1,2600,2184,2185,-1,2600,2185,2599,-1,2599,2185,2193,-1,2599,2193,2626,-1,2626,2193,2213,-1,2626,2213,2623,-1,2623,2213,2212,-1,2623,2212,2588,-1,2588,2212,2201,-1,2597,2224,2598,-1,2598,2224,2223,-1,2598,2223,2602,-1,2602,2223,2222,-1,2602,2222,2576,-1,2576,2222,2183,-1,2576,2183,2577,-1,2577,2183,2221,-1,2577,2221,2606,-1,2606,2221,2220,-1,2606,2220,736,-1,736,2220,734,-1,1924,1925,1959,-1,1959,1925,2335,-1,1959,2335,1952,-1,1952,2335,2334,-1,1952,2334,1984,-1,1984,2334,2332,-1,1984,2332,1985,-1,1985,2332,2331,-1,1985,2331,1987,-1,1987,2331,2349,-1,1987,2349,1968,-1,1968,2349,2393,-1,1990,2324,2007,-1,2007,2324,2328,-1,2007,2328,1950,-1,1950,2328,2342,-1,1950,2342,1951,-1,1951,2342,2351,-1,1951,2351,1958,-1,1958,2351,2350,-1,1958,2350,1994,-1,1994,2350,2333,-1,1994,2333,748,-1,748,2333,746,-1,750,752,2352,-1,2352,752,2011,-1,2352,2011,2315,-1,2315,2011,1957,-1,2315,1957,2316,-1,2316,1957,1956,-1,2316,1956,2317,-1,2317,1956,1955,-1,2317,1955,2318,-1,2318,1955,1954,-1,2318,1954,2340,-1,2340,1954,1953,-1,2400,1964,2311,-1,2311,1964,1949,-1,2311,1949,2310,-1,2310,1949,1948,-1,2310,1948,2309,-1,2309,1948,1947,-1,2309,1947,2319,-1,2319,1947,1946,-1,2319,1946,2320,-1,2320,1946,1960,-1,2320,1960,1482,-1,1482,1960,1480,-1,2431,1613,2443,-1,2443,1613,1615,-1,2431,2432,1613,-1,1613,2432,1793,-1,2432,2433,1793,-1,1793,2433,2434,-1,1793,2434,1791,-1,2434,2430,1791,-1,1791,2430,2429,-1,1791,2429,1789,-1,2429,2428,1789,-1,1789,2428,2427,-1,1789,2427,1813,-1,2427,2426,1813,-1,1813,2426,2422,-1,1813,2422,1811,-1,2424,1809,2425,-1,2425,1809,1811,-1,2425,1811,2423,-1,2423,1811,2422,-1,2555,1807,2424,-1,2424,1807,1809,-1,2555,2556,1807,-1,1807,2556,1805,-1,2556,2553,1805,-1,1805,2553,2554,-1,1805,2554,1803,-1,2554,2562,1803,-1,1803,2562,2563,-1,1803,2563,1800,-1,2563,2561,1800,-1,1800,2561,2560,-1,1800,2560,1798,-1,2560,2559,1798,-1,1798,2559,2558,-1,1798,2558,1796,-1,1369,1795,2540,-1,2540,1795,1796,-1,2540,1796,2557,-1,2557,1796,2558,-1,1270,1816,1369,-1,1369,1816,1795,-1,1270,1296,1816,-1,1816,1296,1817,-1,1296,1295,1817,-1,1817,1295,1294,-1,1817,1294,1818,-1,1294,1292,1818,-1,1818,1292,1291,-1,1818,1291,1819,-1,1291,1289,1819,-1,1819,1289,1288,-1,1819,1288,1835,-1,1288,1286,1835,-1,1835,1286,1244,-1,1835,1244,1834,-1,1223,1833,1264,-1,1264,1833,1834,-1,1264,1834,1263,-1,1263,1834,1244,-1,2296,1831,1223,-1,1223,1831,1833,-1,2296,2297,1831,-1,1831,2297,1829,-1,2297,2295,1829,-1,1829,2295,2294,-1,1829,2294,1827,-1,2294,2304,1827,-1,1827,2304,2305,-1,1827,2305,1824,-1,2305,2303,1824,-1,1824,2303,2302,-1,1824,2302,1822,-1,2302,2301,1822,-1,1822,2301,2300,-1,1822,2300,1820,-1,1022,882,2298,-1,2298,882,1820,-1,2298,1820,2299,-1,2299,1820,2300,-1,882,1022,880,-1,880,1022,1026,-1,2753,2754,2778,-1,2753,2778,2764,-1,2764,2778,2777,-1,2764,2777,2765,-1,2765,2777,2774,-1,2765,2774,2766,-1,2766,2774,2775,-1,2766,2775,2767,-1,2767,2775,2776,-1,2767,2776,2768,-1,2768,2776,2769,-1,2768,2769,2757,-1,2758,2770,2771,-1,2758,2771,2759,-1,2759,2771,2772,-1,2759,2772,2760,-1,2760,2772,2773,-1,2760,2773,2761,-1,2761,2773,2780,-1,2761,2780,2762,-1,2762,2780,2779,-1,2762,2779,2763,-1,2763,2779,2755,-1,2763,2755,2756,-1,2785,2786,2807,-1,2785,2807,2793,-1,2793,2807,2806,-1,2793,2806,2794,-1,2794,2806,2805,-1,2794,2805,2795,-1,2795,2805,2804,-1,2795,2804,2792,-1,2792,2804,2803,-1,2792,2803,2791,-1,2791,2803,2801,-1,2791,2801,2790,-1,2789,2802,2812,-1,2789,2812,2798,-1,2798,2812,2811,-1,2798,2811,2797,-1,2797,2811,2810,-1,2797,2810,2796,-1,2796,2810,2809,-1,2796,2809,2799,-1,2799,2809,2808,-1,2799,2808,2800,-1,2800,2808,2787,-1,2800,2787,2788,-1,
        ]
    }
}
Shape{
    appearance Appearance {
        material  Material 	{
            diffuseColor 0.0 0.0 0.0
            specularColor 0.0 0.0 0.0
            ambientIntensity 0.0
            transparency 0.0
            shininess 0.5
        }
    }
    geometry IndexedFaceSet {
        ccw TRUE
        solid FALSE
        coord DEF co Coordinate {
            point [
                0.0378 0.7781 1.1299, 0.0378 0.769 1.1299, 0.0378 0.7781 1.126, 0.0378 0.769 1.126, 0.0059 0.7781 1.1299, 0.0059 0.7781 1.126, 0.0059 0.8491 1.1299, 0.0059 0.8491 1.126, -0.0044 0.8491 1.1299, -0.0044 0.8491 1.126, -0.0044 0.769 1.1299, -0.0044 0.769 1.126, 0.0789 0.7676 1.1299, 0.0789 0.7676 1.126, 0.0911 0.7688 1.1299, 0.0859 0.7683 1.126, 0.0911 0.7688 1.126, 0.0997 0.7716 1.126, 0.0997 0.7716 1.1299, 0.101 0.7723 1.126, 0.101 0.7723 1.1299, 0.101 0.7822 1.1299, 0.101 0.7822 1.126, 0.0941 0.779 1.126, 0.0941 0.779 1.1299, 0.0852 0.7771 1.126, 0.0852 0.7771 1.1299, 0.0804 0.7769 1.126, 0.0804 0.7769 1.1299, 0.0728 0.7777 1.126, 0.0728 0.7777 1.1299, 0.067 0.7798 1.126, 0.067 0.7798 1.1299, 0.0617 0.7834 1.126, 0.0617 0.7834 1.1299, 0.0598 0.7853 1.126, 0.0598 0.7853 1.1299, 0.0559 0.7907 1.126, 0.0559 0.7907 1.1299, 0.0533 0.7972 1.126, 0.0533 0.7972 1.1299, 0.052 0.8052 1.126, 0.052 0.8052 1.1299, 0.0519 0.8081 1.126, 0.0519 0.8081 1.1299, 0.0532 0.819 1.126, 0.0532 0.819 1.1299, 0.0559 0.826 1.126, 0.0559 0.826 1.1299, 0.0598 0.8315 1.126, 0.0598 0.8315 1.1299, 0.0603 0.8322 1.126, 0.0603 0.8322 1.1299, 0.0657 0.8367 1.126, 0.0657 0.8367 1.1299, 0.072 0.8396 1.126, 0.072 0.8396 1.1299, 0.079 0.841 1.126, 0.079 0.841 1.1299, 0.0822 0.8411 1.126, 0.0822 0.8411 1.1299, 0.092 0.8399 1.126, 0.092 0.8399 1.1299, 0.1001 0.8368 1.126, 0.1001 0.8368 1.1299, 0.101 0.8363 1.126, 0.101 0.8363 1.1299, 0.101 0.8471 1.1299, 0.101 0.8471 1.126, 0.0821 0.8504 1.126, 0.0821 0.8504 1.1299, 0.0836 0.8504 1.1299, 0.0939 0.8493 1.126, 0.0939 0.8493 1.1299, 0.09 0.8497 1.126, 0.0836 0.8504 1.126, 0.0765 0.8497 1.126, 0.0706 0.849 1.1299, 0.0706 0.849 1.126, 0.0622 0.8458 1.126, 0.0622 0.8458 1.1299, 0.0544 0.8403 1.126, 0.0544 0.8403 1.1299, 0.0526 0.8386 1.126, 0.0526 0.8386 1.1299, 0.0476 0.8322 1.126, 0.0447 0.8261 1.126, 0.0435 0.8236 1.1299, 0.0476 0.8322 1.1299, 0.0435 0.8236 1.126, 0.0414 0.8134 1.126, 0.0414 0.8134 1.1299, 0.0411 0.8075 1.126, 0.0411 0.8075 1.1299, 0.0426 0.7946 1.126, 0.0447 0.7893 1.126, 0.0459 0.7862 1.1299, 0.0426 0.7946 1.1299, 0.0459 0.7862 1.126, 0.0506 0.7794 1.126, 0.0506 0.7794 1.1299, 0.0514 0.7786 1.126, 0.0514 0.7786 1.1299, 0.0732 0.768 1.1299, 0.0572 0.7736 1.126, 0.0572 0.7736 1.1299, 0.0646 0.7699 1.126, 0.0646 0.7699 1.1299, 0.0716 0.7683 1.126, 0.0732 0.768 1.126, 0.1601 0.7781 1.1299, 0.1601 0.769 1.1299, 0.1601 0.7781 1.126, 0.1601 0.769 1.126, 0.1274 0.7781 1.126, 0.1274 0.7781 1.1299, 0.149 0.7781 1.126, 0.1274 0.8051 1.1299, 0.1274 0.8051 1.126, 0.156 0.8051 1.1299, 0.149 0.8051 1.126, 0.156 0.8051 1.126, 0.156 0.8142 1.1299, 0.156 0.8142 1.126, 0.1274 0.8142 1.126, 0.1274 0.8142 1.1299, 0.149 0.8142 1.126, 0.1274 0.8399 1.1299, 0.1274 0.8399 1.126, 0.1583 0.8399 1.1299, 0.149 0.8399 1.126, 0.1583 0.8399 1.126, 0.1583 0.8491 1.1299, 0.1583 0.8491 1.126, 0.1171 0.8491 1.126, 0.1171 0.8491 1.1299, 0.149 0.8491 1.126, 0.1171 0.769 1.1299, 0.1171 0.769 1.126, 0.149 0.769 1.126, 0.2251 0.7916 1.1299, 0.221 0.7865 1.1299, 0.2284 0.7802 1.1299, 0.22 0.7855 1.1299, 0.2199 0.7742 1.1299, 0.2148 0.782 1.1299, 0.2108 0.7706 1.1299, 0.2082 0.7794 1.1299, 0.1973 0.769 1.1299, 0.1972 0.7781 1.1299, 0.1753 0.769 1.1299, 0.1856 0.7781 1.1299, 0.1753 0.8491 1.1299, 0.1856 0.8399 1.1299, 0.1981 0.8491 1.1299, 0.1977 0.8399 1.1299, 0.2103 0.8477 1.1299, 0.2082 0.8387 1.1299, 0.22 0.8442 1.1299, 0.2151 0.8361 1.1299, 0.2284 0.8385 1.1299, 0.2208 0.8323 1.1299, 0.2312 0.8357 1.1299, 0.2237 0.8293 1.1299, 0.2362 0.8287 1.1299, 0.2266 0.8246 1.1299, 0.2391 0.821 1.1299, 0.2287 0.8184 1.1299, 0.2404 0.8101 1.1299, 0.2296 0.8098 1.1299, 0.24 0.8036 1.1299, 0.2293 0.805 1.1299, 0.2379 0.7944 1.1299, 0.2278 0.7976 1.1299, 0.2336 0.7863 1.1299, 0.1973 0.769 1.126, 0.1753 0.769 1.126, 0.2284 0.7802 1.126, 0.2108 0.7706 1.126, 0.2119 0.7711 1.126, 0.2199 0.7742 1.126, 0.2336 0.7863 1.126, 0.2379 0.7944 1.126, 0.24 0.8036 1.126, 0.2404 0.8101 1.126, 0.2391 0.821 1.126, 0.2362 0.8287 1.126, 0.2312 0.8357 1.126, 0.2284 0.8385 1.126, 0.1981 0.8491 1.126, 0.22 0.8442 1.126, 0.2119 0.8471 1.126, 0.2103 0.8477 1.126, 0.1753 0.8491 1.126, 0.1977 0.8399 1.126, 0.1856 0.8399 1.126, 0.1856 0.7781 1.126, 0.1972 0.7781 1.126, 0.221 0.7865 1.126, 0.22 0.7855 1.126, 0.2148 0.782 1.126, 0.2082 0.7794 1.126, 0.2296 0.8098 1.126, 0.2293 0.805 1.126, 0.2278 0.7976 1.126, 0.2251 0.7916 1.126, 0.2208 0.8323 1.126, 0.2237 0.8293 1.126, 0.2266 0.8246 1.126, 0.2287 0.8184 1.126, 0.2082 0.8387 1.126, 0.2151 0.8361 1.126
            ]
        }
        coordIndex [
            0,1,2,-1,2,1,3,-1,4,0,5,-1,5,0,2,-1,6,4,7,-1,7,4,5,-1,8,6,9,-1,9,6,7,-1,10,8,11,-1,11,8,9,-1,1,10,3,-1,3,10,11,-1,6,8,4,-1,4,8,10,-1,4,10,0,-1,0,10,1,-1,12,13,14,-1,14,13,15,-1,15,16,14,-1,14,16,17,-1,14,17,18,-1,18,17,19,-1,18,19,20,-1,21,20,22,-1,22,20,19,-1,21,22,23,-1,21,23,24,-1,24,23,25,-1,24,25,26,-1,26,25,27,-1,26,27,28,-1,28,27,29,-1,28,29,30,-1,30,29,31,-1,30,31,32,-1,32,31,33,-1,32,33,34,-1,34,33,35,-1,34,35,36,-1,36,35,37,-1,36,37,38,-1,38,37,39,-1,38,39,40,-1,40,39,41,-1,40,41,42,-1,42,41,43,-1,42,43,44,-1,44,43,45,-1,44,45,46,-1,46,45,47,-1,46,47,48,-1,48,47,49,-1,48,49,50,-1,50,49,51,-1,50,51,52,-1,52,51,53,-1,52,53,54,-1,54,53,55,-1,54,55,56,-1,56,55,57,-1,56,57,58,-1,58,57,59,-1,58,59,60,-1,60,59,61,-1,60,61,62,-1,62,61,63,-1,62,63,64,-1,64,63,65,-1,64,65,66,-1,67,66,68,-1,68,66,65,-1,69,70,71,-1,67,68,72,-1,67,72,73,-1,73,72,74,-1,73,74,71,-1,71,74,75,-1,71,75,69,-1,70,69,76,-1,70,76,77,-1,76,78,77,-1,77,78,79,-1,77,79,80,-1,80,79,81,-1,80,81,82,-1,82,81,83,-1,82,83,84,-1,84,83,85,-1,86,87,85,-1,85,87,88,-1,85,88,84,-1,86,89,87,-1,87,89,90,-1,87,90,91,-1,91,90,92,-1,91,92,93,-1,93,92,94,-1,95,96,94,-1,94,96,97,-1,94,97,93,-1,95,98,96,-1,96,98,99,-1,96,99,100,-1,100,99,101,-1,100,101,102,-1,13,12,103,-1,102,101,104,-1,102,104,105,-1,105,104,106,-1,105,106,107,-1,107,106,108,-1,107,108,103,-1,103,108,109,-1,103,109,13,-1,64,66,67,-1,46,48,88,-1,64,67,62,-1,88,48,84,-1,70,60,71,-1,71,60,62,-1,71,62,73,-1,73,62,67,-1,48,50,84,-1,84,50,52,-1,84,52,82,-1,82,52,54,-1,82,54,80,-1,80,54,77,-1,77,54,56,-1,77,56,70,-1,70,56,58,-1,70,58,60,-1,93,44,91,-1,91,44,46,-1,91,46,87,-1,87,46,88,-1,20,21,18,-1,18,21,24,-1,18,24,14,-1,14,24,26,-1,14,26,12,-1,12,26,28,-1,12,28,103,-1,103,28,30,-1,103,30,107,-1,107,30,32,-1,107,32,105,-1,105,32,34,-1,105,34,102,-1,102,34,36,-1,102,36,100,-1,100,36,38,-1,100,38,96,-1,96,38,97,-1,97,38,40,-1,97,40,93,-1,93,40,42,-1,93,42,44,-1,110,111,112,-1,112,111,113,-1,114,115,116,-1,116,115,110,-1,116,110,112,-1,117,115,118,-1,118,115,114,-1,117,118,119,-1,119,118,120,-1,119,120,121,-1,122,119,123,-1,123,119,121,-1,124,125,126,-1,126,125,122,-1,126,122,123,-1,127,125,128,-1,128,125,124,-1,127,128,129,-1,129,128,130,-1,129,130,131,-1,132,129,133,-1,133,129,131,-1,134,135,136,-1,136,135,132,-1,136,132,133,-1,137,135,138,-1,138,135,134,-1,137,138,111,-1,111,138,139,-1,111,139,113,-1,137,111,110,-1,110,115,137,-1,137,115,117,-1,137,117,135,-1,129,132,127,-1,127,132,135,-1,127,135,125,-1,125,135,117,-1,125,117,122,-1,122,117,119,-1,140,141,142,-1,142,141,143,-1,142,143,144,-1,144,143,145,-1,144,145,146,-1,146,145,147,-1,146,147,148,-1,148,147,149,-1,148,149,150,-1,150,149,151,-1,150,151,152,-1,152,151,153,-1,152,153,154,-1,154,153,155,-1,154,155,156,-1,156,155,157,-1,156,157,158,-1,158,157,159,-1,158,159,160,-1,160,159,161,-1,160,161,162,-1,162,161,163,-1,162,163,164,-1,164,163,165,-1,164,165,166,-1,166,165,167,-1,166,167,168,-1,168,167,169,-1,168,169,170,-1,170,169,171,-1,170,171,172,-1,172,171,173,-1,172,173,174,-1,174,173,140,-1,174,140,142,-1,148,150,175,-1,175,150,176,-1,177,142,144,-1,148,175,178,-1,148,178,146,-1,146,178,179,-1,146,179,144,-1,144,179,180,-1,144,180,177,-1,142,177,181,-1,142,181,174,-1,174,181,182,-1,174,182,172,-1,172,182,183,-1,172,183,170,-1,170,183,184,-1,170,184,168,-1,168,184,185,-1,168,185,166,-1,166,185,186,-1,166,186,164,-1,164,186,187,-1,164,187,162,-1,162,187,188,-1,162,188,160,-1,189,154,156,-1,160,188,190,-1,160,190,158,-1,158,190,191,-1,158,191,156,-1,156,191,192,-1,156,192,189,-1,152,154,193,-1,193,154,189,-1,150,152,176,-1,176,152,193,-1,155,153,194,-1,194,153,195,-1,153,151,195,-1,195,151,196,-1,151,149,196,-1,196,149,197,-1,141,198,199,-1,141,199,143,-1,143,199,200,-1,143,200,145,-1,145,200,201,-1,145,201,147,-1,147,201,197,-1,147,197,149,-1,169,202,203,-1,169,203,171,-1,171,203,204,-1,171,204,173,-1,173,204,205,-1,173,205,140,-1,140,205,198,-1,140,198,141,-1,161,206,207,-1,161,207,163,-1,163,207,208,-1,163,208,165,-1,165,208,209,-1,165,209,167,-1,167,209,202,-1,167,202,169,-1,155,194,210,-1,155,210,157,-1,157,210,211,-1,157,211,159,-1,159,211,206,-1,159,206,161,-1,
        ]
    }
}
Shape{
    appearance Appearance {
        material  Material 	{
            diffuseColor 0.7529411764705882 0.7529411764705882 0.7529411764705882
            specularColor 0.3764705882352941 0.3764705882352941 0.3764705882352941
            ambientIntensity 0.7529
            transparency 0.0
            shininess 0.5
        }
    }
    geometry IndexedFaceSet {
        ccw TRUE
        solid FALSE
        coord DEF co Coordinate {
            point [
                0.1856 0.8399 1.126, 0.1856 0.7781 1.126, 0.1977 0.8399 1.126, 0.1972 0.7781 1.126, 0.22 0.7855 1.126, 0.221 0.7865 1.126, 0.2082 0.7794 1.126, 0.2148 0.782 1.126, 0.2293 0.805 1.126, 0.2296 0.8098 1.126, 0.2251 0.7916 1.126, 0.2278 0.7976 1.126, 0.2287 0.8184 1.126, 0.2266 0.8246 1.126, 0.2237 0.8293 1.126, 0.2208 0.8323 1.126, 0.2151 0.8361 1.126, 0.2082 0.8387 1.126
            ]
        }
        coordIndex [
            0,1,2,-1,2,1,3,-1,2,4,5,-1,3,6,2,-1,2,6,7,-1,2,7,4,-1,8,9,2,-1,5,10,2,-1,2,10,11,-1,2,11,8,-1,9,12,2,-1,2,12,13,-1,2,13,14,-1,14,15,2,-1,2,15,16,-1,2,16,17,-1,
        ]
    }
}
Shape{
    appearance Appearance {
        material  Material 	{
            diffuseColor 0.0 0.0 0.0
            specularColor 0.0 0.0 0.0
            ambientIntensity 0.0
            transparency 0.0
            shininess 0.5
        }
    }
    geometry IndexedFaceSet {
        ccw TRUE
        solid FALSE
        coord DEF co Coordinate {
            point [
                0.2673 0.7999 1.1299, 0.264 0.7909 1.1299, 0.2941 0.7999 1.1299, 0.2973 0.7909 1.1299, 0.2792 0.8332 1.1299, 0.2754 0.8491 1.1299, 0.2449 0.769 1.1299, 0.2563 0.769 1.1299, 0.2799 0.8356 1.1299, 0.2806 0.8388 1.1299, 0.2864 0.8491 1.1299, 0.2808 0.8388 1.1299, 0.2815 0.8354 1.1299, 0.2821 0.8332 1.1299, 0.3169 0.769 1.1299, 0.3055 0.769 1.1299, 0.2864 0.8491 1.126, 0.3169 0.769 1.126, 0.2754 0.8491 1.126, 0.2449 0.769 1.126, 0.268 0.8296 1.126, 0.2563 0.769 1.126, 0.264 0.7909 1.126, 0.2973 0.7909 1.126, 0.268 0.7909 1.126, 0.3055 0.769 1.126, 0.2673 0.7999 1.126, 0.2941 0.7999 1.126, 0.2821 0.8332 1.126, 0.2808 0.8388 1.126, 0.2815 0.8354 1.126, 0.2806 0.8388 1.126, 0.2792 0.8332 1.126, 0.2799 0.8356 1.126
            ]
        }
        coordIndex [
            0,1,2,-1,2,1,3,-1,4,5,0,-1,0,5,6,-1,0,6,1,-1,1,6,7,-1,4,8,5,-1,5,8,9,-1,5,9,10,-1,10,9,11,-1,10,11,12,-1,12,13,10,-1,10,13,2,-1,10,2,14,-1,14,2,3,-1,14,3,15,-1,10,14,16,-1,16,14,17,-1,5,10,18,-1,18,10,16,-1,19,6,20,-1,20,6,5,-1,20,5,18,-1,7,6,21,-1,21,6,19,-1,1,7,22,-1,22,7,21,-1,23,3,24,-1,24,3,1,-1,24,1,22,-1,15,3,25,-1,25,3,23,-1,14,15,17,-1,17,15,25,-1,0,2,26,-1,26,2,27,-1,2,13,27,-1,27,13,28,-1,11,29,30,-1,11,30,12,-1,12,30,28,-1,12,28,13,-1,11,9,29,-1,29,9,31,-1,4,32,33,-1,4,33,8,-1,8,33,31,-1,8,31,9,-1,4,0,32,-1,32,0,26,-1,
        ]
    }
}
Shape{
    appearance Appearance {
        material  Material 	{
            diffuseColor 0.7529411764705882 0.7529411764705882 0.7529411764705882
            specularColor 0.3764705882352941 0.3764705882352941 0.3764705882352941
            ambientIntensity 0.7529
            transparency 0.0
            shininess 0.5
        }
    }
    geometry IndexedFaceSet {
        ccw TRUE
        solid FALSE
        coord DEF co Coordinate {
            point [
                0.2808 0.8388 1.126, 0.2806 0.8388 1.126, 0.2815 0.8354 1.126, 0.2799 0.8356 1.126, 0.2821 0.8332 1.126, 0.2792 0.8332 1.126, 0.2941 0.7999 1.126, 0.2673 0.7999 1.126
            ]
        }
        coordIndex [
            0,1,2,-1,2,1,3,-1,2,3,4,-1,4,3,5,-1,4,5,6,-1,6,5,7,-1,
        ]
    }
}
Shape{
    appearance Appearance {
        material  Material 	{
            diffuseColor 0.0 0.0 0.0
            specularColor 0.0 0.0 0.0
            ambientIntensity 0.0
            transparency 0.0
            shininess 0.5
        }
    }
    geometry IndexedFaceSet {
        ccw TRUE
        solid FALSE
        coord DEF co Coordinate {
            point [
                0.0386 0.6511 1.1299, 0.0386 0.642 1.1299, 0.0386 0.6511 1.126, 0.0386 0.642 1.126, 0.0059 0.6511 1.1299, 0.0059 0.6511 1.126, 0.0059 0.678 1.1299, 0.0059 0.678 1.126, 0.0346 0.678 1.1299, 0.0346 0.678 1.126, 0.0346 0.6872 1.1299, 0.0346 0.6872 1.126, 0.0059 0.6872 1.1299, 0.0059 0.6872 1.126, 0.0059 0.7128 1.126, 0.0059 0.7128 1.1299, 0.0059 0.7113 1.126, 0.0368 0.7128 1.1299, 0.0368 0.7128 1.126, 0.0368 0.722 1.1299, 0.0368 0.722 1.126, -0.0044 0.722 1.1299, -0.0044 0.722 1.126, -0.0044 0.642 1.126, -0.0044 0.642 1.1299, -0.0044 0.7113 1.126, 0.0839 0.6508 1.1299, 0.0842 0.6508 1.1299, 0.0835 0.66 1.1299, 0.0842 0.6645 1.1299, 0.0942 0.6788 1.1299, 0.0842 0.6652 1.1299, 0.0842 0.6707 1.1299, 0.0842 0.642 1.1299, 0.0942 0.642 1.1299, 0.0624 0.6664 1.1299, 0.0648 0.6675 1.1299, 0.0594 0.674 1.1299, 0.082 0.6565 1.1299, 0.0799 0.6535 1.1299, 0.0823 0.6484 1.1299, 0.0786 0.6523 1.1299, 0.0792 0.645 1.1299, 0.0758 0.6504 1.1299, 0.0756 0.6427 1.1299, 0.0727 0.6493 1.1299, 0.0716 0.6412 1.1299, 0.069 0.6489 1.1299, 0.0664 0.6406 1.1299, 0.0656 0.6492 1.1299, 0.0604 0.6413 1.1299, 0.0633 0.6501 1.1299, 0.0565 0.6428 1.1299, 0.0613 0.6514 1.1299, 0.0532 0.6451 1.1299, 0.0605 0.6523 1.1299, 0.0672 0.676 1.1299, 0.0708 0.6689 1.1299, 0.0842 0.6783 1.1299, 0.0611 0.6653 1.1299, 0.0552 0.6718 1.1299, 0.0599 0.6639 1.1299, 0.0522 0.6691 1.1299, 0.059 0.662 1.1299, 0.0502 0.6662 1.1299, 0.0585 0.6597 1.1299, 0.0489 0.6627 1.1299, 0.0584 0.6581 1.1299, 0.0482 0.6573 1.1299, 0.0587 0.6558 1.1299, 0.0487 0.6527 1.1299, 0.0593 0.654 1.1299, 0.05 0.6493 1.1299, 0.052 0.6463 1.1299, 0.0538 0.6951 1.1299, 0.0538 0.6854 1.1299, 0.056 0.6964 1.1299, 0.0603 0.6895 1.1299, 0.0634 0.6993 1.1299, 0.0665 0.6917 1.1299, 0.0735 0.7005 1.1299, 0.0726 0.6923 1.1299, 0.0793 0.7 1.1299, 0.076 0.692 1.1299, 0.0836 0.6987 1.1299, 0.0783 0.6912 1.1299, 0.087 0.6969 1.1299, 0.0801 0.69 1.1299, 0.0897 0.6943 1.1299, 0.0816 0.6884 1.1299, 0.0917 0.6912 1.1299, 0.0828 0.6863 1.1299, 0.0933 0.6867 1.1299, 0.0838 0.6828 1.1299, 0.0735 0.7005 1.126, 0.0634 0.6993 1.126, 0.056 0.6964 1.126, 0.0538 0.6951 1.126, 0.0538 0.6854 1.126, 0.0603 0.6895 1.126, 0.0665 0.6917 1.126, 0.0726 0.6923 1.126, 0.076 0.692 1.126, 0.0783 0.6912 1.126, 0.0801 0.69 1.126, 0.0816 0.6884 1.126, 0.0828 0.6863 1.126, 0.0838 0.6828 1.126, 0.0842 0.6783 1.126, 0.0672 0.676 1.126, 0.0594 0.674 1.126, 0.0552 0.6718 1.126, 0.0522 0.6691 1.126, 0.0502 0.6662 1.126, 0.0489 0.6627 1.126, 0.0482 0.6573 1.126, 0.0487 0.6527 1.126, 0.05 0.6493 1.126, 0.052 0.6463 1.126, 0.0532 0.6451 1.126, 0.0664 0.6406 1.126, 0.0606 0.6413 1.126, 0.0604 0.6413 1.126, 0.0565 0.6428 1.126, 0.0716 0.6412 1.126, 0.0718 0.6413 1.126, 0.0756 0.6427 1.126, 0.0792 0.645 1.126, 0.0823 0.6484 1.126, 0.0839 0.6508 1.126, 0.0842 0.6508 1.126, 0.0842 0.642 1.126, 0.0942 0.642 1.126, 0.0942 0.6788 1.126, 0.0933 0.6867 1.126, 0.0917 0.6912 1.126, 0.0897 0.6943 1.126, 0.087 0.6969 1.126, 0.0836 0.6987 1.126, 0.0793 0.7 1.126, 0.0611 0.6653 1.126, 0.0624 0.6664 1.126, 0.0648 0.6675 1.126, 0.0708 0.6689 1.126, 0.0584 0.6581 1.126, 0.0585 0.6597 1.126, 0.059 0.662 1.126, 0.0599 0.6639 1.126, 0.0613 0.6514 1.126, 0.0605 0.6523 1.126, 0.0593 0.654 1.126, 0.0587 0.6558 1.126, 0.069 0.6489 1.126, 0.0656 0.6492 1.126, 0.0633 0.6501 1.126, 0.0799 0.6535 1.126, 0.0786 0.6523 1.126, 0.0758 0.6504 1.126, 0.0727 0.6493 1.126, 0.0842 0.6652 1.126, 0.0842 0.6645 1.126, 0.0835 0.66 1.126, 0.082 0.6565 1.126, 0.0842 0.6707 1.126
            ]
        }
        coordIndex [
            0,1,2,-1,2,1,3,-1,4,0,5,-1,5,0,2,-1,6,4,7,-1,7,4,5,-1,8,6,9,-1,9,6,7,-1,10,8,11,-1,11,8,9,-1,12,10,13,-1,13,10,11,-1,14,15,16,-1,16,15,12,-1,16,12,13,-1,17,15,18,-1,18,15,14,-1,19,17,20,-1,20,17,18,-1,21,19,22,-1,22,19,20,-1,23,24,25,-1,25,24,21,-1,25,21,22,-1,1,24,3,-1,3,24,23,-1,24,1,0,-1,0,4,24,-1,24,4,6,-1,24,6,21,-1,17,19,15,-1,15,19,21,-1,15,21,12,-1,12,21,6,-1,12,6,10,-1,10,6,8,-1,26,27,28,-1,29,30,31,-1,31,30,32,-1,33,34,27,-1,27,34,30,-1,27,30,28,-1,28,30,29,-1,35,36,37,-1,28,38,26,-1,26,38,39,-1,26,39,40,-1,40,39,41,-1,40,41,42,-1,42,41,43,-1,42,43,44,-1,44,43,45,-1,44,45,46,-1,46,45,47,-1,46,47,48,-1,48,47,49,-1,48,49,50,-1,50,49,51,-1,50,51,52,-1,52,51,53,-1,52,53,54,-1,54,53,55,-1,37,36,56,-1,56,36,57,-1,56,57,58,-1,35,37,59,-1,59,37,60,-1,59,60,61,-1,61,60,62,-1,61,62,63,-1,63,62,64,-1,63,64,65,-1,65,64,66,-1,65,66,67,-1,67,66,68,-1,67,68,69,-1,69,68,70,-1,69,70,71,-1,71,70,72,-1,71,72,55,-1,55,72,73,-1,55,73,54,-1,74,75,76,-1,76,75,77,-1,76,77,78,-1,78,77,79,-1,78,79,80,-1,80,79,81,-1,80,81,82,-1,82,81,83,-1,82,83,84,-1,84,83,85,-1,84,85,86,-1,86,85,87,-1,86,87,88,-1,88,87,89,-1,88,89,90,-1,90,89,91,-1,90,91,92,-1,92,91,93,-1,92,93,30,-1,30,93,58,-1,30,58,32,-1,32,58,57,-1,80,94,95,-1,80,95,78,-1,78,95,96,-1,78,96,76,-1,76,96,97,-1,76,97,74,-1,75,74,98,-1,98,74,97,-1,75,98,99,-1,75,99,77,-1,77,99,100,-1,77,100,79,-1,79,100,101,-1,79,101,81,-1,81,101,102,-1,81,102,83,-1,83,102,103,-1,83,103,85,-1,85,103,104,-1,85,104,87,-1,87,104,105,-1,87,105,89,-1,89,105,106,-1,89,106,91,-1,91,106,107,-1,91,107,93,-1,93,107,108,-1,93,108,58,-1,56,58,109,-1,109,58,108,-1,56,109,110,-1,56,110,37,-1,37,110,111,-1,37,111,60,-1,60,111,112,-1,60,112,62,-1,62,112,113,-1,62,113,64,-1,64,113,114,-1,64,114,66,-1,66,114,115,-1,66,115,68,-1,68,115,116,-1,68,116,70,-1,70,116,117,-1,70,117,72,-1,72,117,118,-1,72,118,73,-1,73,118,119,-1,73,119,54,-1,120,48,121,-1,121,48,50,-1,121,50,122,-1,122,50,52,-1,122,52,123,-1,123,52,54,-1,123,54,119,-1,48,120,124,-1,48,124,46,-1,46,124,125,-1,46,125,44,-1,125,126,44,-1,44,126,127,-1,44,127,42,-1,42,127,128,-1,42,128,40,-1,40,128,129,-1,40,129,26,-1,27,26,130,-1,130,26,129,-1,33,27,131,-1,131,27,130,-1,34,33,132,-1,132,33,131,-1,30,34,133,-1,133,34,132,-1,30,133,134,-1,30,134,92,-1,92,134,135,-1,92,135,90,-1,90,135,136,-1,90,136,88,-1,88,136,137,-1,88,137,86,-1,86,137,138,-1,86,138,84,-1,84,138,139,-1,84,139,82,-1,82,139,94,-1,82,94,80,-1,59,140,141,-1,59,141,35,-1,35,141,142,-1,35,142,36,-1,36,142,143,-1,36,143,57,-1,67,144,145,-1,67,145,65,-1,65,145,146,-1,65,146,63,-1,63,146,147,-1,63,147,61,-1,61,147,140,-1,61,140,59,-1,53,148,149,-1,53,149,55,-1,55,149,150,-1,55,150,71,-1,71,150,151,-1,71,151,69,-1,69,151,144,-1,69,144,67,-1,47,152,153,-1,47,153,49,-1,49,153,154,-1,49,154,51,-1,51,154,148,-1,51,148,53,-1,39,155,156,-1,39,156,41,-1,41,156,157,-1,41,157,43,-1,43,157,158,-1,43,158,45,-1,45,158,152,-1,45,152,47,-1,31,159,160,-1,31,160,29,-1,29,160,161,-1,29,161,28,-1,28,161,162,-1,28,162,38,-1,38,162,155,-1,38,155,39,-1,31,32,159,-1,159,32,163,-1,32,57,163,-1,163,57,143,-1,
        ]
    }
}
Shape{
    appearance Appearance {
        material  Material 	{
            diffuseColor 0.7529411764705882 0.7529411764705882 0.7529411764705882
            specularColor 0.3764705882352941 0.3764705882352941 0.3764705882352941
            ambientIntensity 0.7529
            transparency 0.0
            shininess 0.5
        }
    }
    geometry IndexedFaceSet {
        ccw TRUE
        solid FALSE
        coord DEF co Coordinate {
            point [
                0.0842 0.6645 1.126, 0.0842 0.6652 1.126, 0.0611 0.6653 1.126, 0.0842 0.6707 1.126, 0.0708 0.6689 1.126, 0.0648 0.6675 1.126, 0.0624 0.6664 1.126, 0.0835 0.66 1.126, 0.0599 0.6639 1.126, 0.082 0.6565 1.126, 0.0605 0.6523 1.126, 0.0613 0.6514 1.126, 0.0786 0.6523 1.126, 0.0593 0.654 1.126, 0.0758 0.6504 1.126, 0.0727 0.6493 1.126, 0.069 0.6489 1.126, 0.059 0.662 1.126, 0.0585 0.6597 1.126, 0.0799 0.6535 1.126, 0.0584 0.6581 1.126, 0.0587 0.6558 1.126, 0.0633 0.6501 1.126, 0.0656 0.6492 1.126
            ]
        }
        coordIndex [
            0,1,2,-1,1,3,4,-1,4,5,1,-1,1,5,6,-1,1,6,2,-1,0,2,7,-1,7,2,8,-1,7,8,9,-1,10,11,12,-1,10,12,13,-1,14,12,15,-1,15,12,16,-1,8,17,9,-1,9,17,18,-1,9,18,19,-1,19,18,20,-1,19,20,12,-1,12,20,21,-1,12,21,13,-1,11,22,12,-1,12,22,23,-1,12,23,16,-1,
        ]
    }
}
Shape{
    appearance Appearance {
        material  Material 	{
            diffuseColor 0.0 0.0 0.0
            specularColor 0.0 0.0 0.0
            ambientIntensity 0.0
            transparency 0.0
            shininess 0.5
        }
    }
    geometry IndexedFaceSet {
        ccw TRUE
        solid FALSE
        coord DEF co Coordinate {
            point [
                0.1078 0.6543 1.126, 0.1078 0.6543 1.1299, 0.1113 0.6521 1.1299, 0.1243 0.6488 1.1299, 0.1243 0.6488 1.126, 0.1176 0.6496 1.126, 0.1176 0.6496 1.1299, 0.1124 0.6517 1.126, 0.1113 0.6521 1.126, 0.1078 0.644 1.1299, 0.1078 0.644 1.126, 0.1124 0.6423 1.126, 0.1145 0.6416 1.1299, 0.1233 0.6406 1.126, 0.1233 0.6406 1.1299, 0.1171 0.6413 1.126, 0.1145 0.6416 1.126, 0.1297 0.6413 1.126, 0.1315 0.6415 1.1299, 0.1315 0.6415 1.126, 0.137 0.6434 1.126, 0.137 0.6434 1.1299, 0.14 0.6452 1.126, 0.14 0.6452 1.1299, 0.1428 0.6477 1.126, 0.1428 0.6477 1.1299, 0.1447 0.6503 1.126, 0.1447 0.6503 1.1299, 0.1459 0.6535 1.126, 0.1459 0.6535 1.1299, 0.1464 0.6575 1.126, 0.1464 0.6575 1.1299, 0.146 0.6613 1.126, 0.146 0.6613 1.1299, 0.1449 0.6642 1.126, 0.1449 0.6642 1.1299, 0.1431 0.667 1.126, 0.1431 0.667 1.1299, 0.1407 0.6691 1.126, 0.1407 0.6691 1.1299, 0.134 0.6728 1.126, 0.134 0.6728 1.1299, 0.1301 0.6744 1.126, 0.1301 0.6744 1.1299, 0.1239 0.6771 1.126, 0.1239 0.6771 1.1299, 0.1204 0.6793 1.126, 0.1204 0.6793 1.1299, 0.1194 0.6804 1.126, 0.1194 0.6804 1.1299, 0.1187 0.6817 1.126, 0.1187 0.6817 1.1299, 0.1183 0.6833 1.126, 0.1183 0.6833 1.1299, 0.1182 0.6846 1.126, 0.1182 0.6846 1.1299, 0.1184 0.6862 1.126, 0.1184 0.6862 1.1299, 0.1189 0.6876 1.126, 0.1189 0.6876 1.1299, 0.1197 0.6889 1.126, 0.1197 0.6889 1.1299, 0.1212 0.6902 1.126, 0.1212 0.6902 1.1299, 0.1235 0.6914 1.126, 0.1235 0.6914 1.1299, 0.1262 0.6921 1.126, 0.1262 0.6921 1.1299, 0.1291 0.6923 1.126, 0.1291 0.6923 1.1299, 0.1361 0.6915 1.126, 0.1361 0.6915 1.1299, 0.1418 0.6893 1.126, 0.1418 0.6893 1.1299, 0.1437 0.6882 1.126, 0.1437 0.6882 1.1299, 0.1437 0.6979 1.1299, 0.1437 0.6979 1.126, 0.1366 0.6999 1.126, 0.1366 0.6999 1.1299, 0.1301 0.7005 1.126, 0.1301 0.7005 1.1299, 0.1225 0.6996 1.126, 0.1225 0.6996 1.1299, 0.1171 0.6976 1.126, 0.1171 0.6976 1.1299, 0.1143 0.6959 1.126, 0.1143 0.6959 1.1299, 0.1124 0.6943 1.126, 0.1113 0.6933 1.1299, 0.1113 0.6933 1.126, 0.1094 0.6905 1.126, 0.1094 0.6905 1.1299, 0.1082 0.6873 1.126, 0.1082 0.6873 1.1299, 0.1079 0.6837 1.126, 0.1079 0.6837 1.1299, 0.1083 0.6798 1.126, 0.1083 0.6798 1.1299, 0.1094 0.6768 1.126, 0.1094 0.6768 1.1299, 0.1107 0.6747 1.126, 0.1107 0.6747 1.1299, 0.123 0.6671 1.126, 0.123 0.6671 1.1299, 0.1171 0.6698 1.1299, 0.1123 0.673 1.126, 0.1123 0.673 1.1299, 0.1124 0.6729 1.126, 0.1171 0.6698 1.126, 0.1296 0.6644 1.126, 0.1296 0.6644 1.1299, 0.1335 0.662 1.126, 0.1335 0.662 1.1299, 0.1348 0.6607 1.126, 0.1348 0.6607 1.1299, 0.1356 0.6594 1.126, 0.1356 0.6594 1.1299, 0.136 0.6578 1.126, 0.136 0.6578 1.1299, 0.1361 0.6565 1.126, 0.1361 0.6565 1.1299, 0.1359 0.6546 1.126, 0.1359 0.6546 1.1299, 0.1354 0.6532 1.126, 0.1354 0.6532 1.1299, 0.1345 0.6519 1.126, 0.1345 0.6519 1.1299, 0.1334 0.6509 1.126, 0.1334 0.6509 1.1299, 0.1325 0.6503 1.126, 0.1325 0.6503 1.1299, 0.1299 0.6494 1.126, 0.1299 0.6494 1.1299, 0.1247 0.6488 1.126, 0.1247 0.6488 1.1299, 0.1961 0.6992 1.1299, 0.2065 0.6992 1.1299, 0.1961 0.6992 1.126, 0.2065 0.6992 1.126, 0.1805 0.6561 1.1299, 0.1805 0.6561 1.126, 0.1797 0.6534 1.126, 0.1797 0.6534 1.1299, 0.1793 0.6515 1.126, 0.1793 0.6515 1.1299, 0.179 0.6515 1.1299, 0.179 0.6515 1.126, 0.1778 0.6562 1.1299, 0.1778 0.6562 1.126, 0.1628 0.6992 1.126, 0.1628 0.6992 1.1299, 0.1677 0.6852 1.126, 0.1516 0.6992 1.1299, 0.1516 0.6992 1.126, 0.1741 0.6421 1.126, 0.1741 0.6421 1.1299, 0.1677 0.6583 1.126, 0.1697 0.6317 1.126, 0.1697 0.6317 1.1299, 0.1737 0.6413 1.126, 0.1677 0.6281 1.126, 0.1677 0.6281 1.1299, 0.1677 0.6281 1.126, 0.1658 0.626 1.1299, 0.1658 0.626 1.126, 0.164 0.6247 1.126, 0.164 0.6247 1.1299, 0.1618 0.6239 1.126, 0.1618 0.6239 1.1299, 0.1594 0.6236 1.126, 0.1594 0.6236 1.1299, 0.1558 0.6241 1.126, 0.1558 0.6241 1.1299, 0.1537 0.6248 1.126, 0.1537 0.6248 1.1299, 0.1537 0.6159 1.1299, 0.1537 0.6159 1.126, 0.158 0.6151 1.126, 0.158 0.6151 1.1299, 0.1602 0.615 1.126, 0.1602 0.615 1.1299, 0.1642 0.6155 1.126, 0.1642 0.6155 1.1299, 0.1677 0.6168 1.126, 0.1682 0.617 1.1299, 0.1682 0.617 1.126, 0.1717 0.6195 1.126, 0.1717 0.6195 1.1299, 0.1724 0.6201 1.126, 0.1724 0.6201 1.1299, 0.176 0.6245 1.126, 0.176 0.6245 1.1299, 0.1806 0.6333 1.126, 0.1806 0.6333 1.1299, 0.1837 0.6413 1.126, 0.2604 0.6511 1.1299, 0.2604 0.642 1.1299, 0.2604 0.6511 1.126, 0.2604 0.642 1.126, 0.2277 0.6511 1.126, 0.2277 0.6511 1.1299, 0.2427 0.6511 1.126, 0.2277 0.678 1.1299, 0.2277 0.678 1.126, 0.2563 0.678 1.126, 0.2563 0.678 1.1299, 0.2427 0.678 1.126, 0.2563 0.6872 1.1299, 0.2563 0.6872 1.126, 0.2277 0.6872 1.126, 0.2277 0.6872 1.1299, 0.2427 0.6872 1.126, 0.2277 0.7128 1.126, 0.2277 0.7128 1.1299, 0.2277 0.7113 1.126, 0.2586 0.7128 1.126, 0.2586 0.7128 1.1299, 0.2427 0.7128 1.126, 0.2586 0.722 1.1299, 0.2586 0.722 1.126, 0.2173 0.722 1.126, 0.2173 0.722 1.1299, 0.2427 0.722 1.126, 0.2173 0.642 1.126, 0.2173 0.642 1.1299, 0.2173 0.7113 1.126, 0.2427 0.642 1.126, 0.3254 0.6646 1.1299, 0.3213 0.6595 1.1299, 0.3286 0.6532 1.1299, 0.3203 0.6585 1.1299, 0.3202 0.6471 1.1299, 0.3151 0.6549 1.1299, 0.311 0.6436 1.1299, 0.3085 0.6524 1.1299, 0.2975 0.642 1.1299, 0.2975 0.6511 1.1299, 0.2755 0.642 1.1299, 0.2859 0.6511 1.1299, 0.2755 0.722 1.1299, 0.2859 0.7128 1.1299, 0.2984 0.722 1.1299, 0.298 0.7128 1.1299, 0.3106 0.7207 1.1299, 0.3084 0.7117 1.1299, 0.3203 0.7172 1.1299, 0.3153 0.7091 1.1299, 0.3286 0.7114 1.1299, 0.3211 0.7053 1.1299, 0.3315 0.7086 1.1299, 0.324 0.7023 1.1299, 0.3365 0.7016 1.1299, 0.3269 0.6976 1.1299, 0.3394 0.694 1.1299, 0.329 0.6914 1.1299, 0.3407 0.683 1.1299, 0.3298 0.6827 1.1299, 0.3403 0.6766 1.1299, 0.3296 0.6779 1.1299, 0.3381 0.6674 1.1299, 0.3281 0.6705 1.1299, 0.3339 0.6593 1.1299, 0.2975 0.642 1.126, 0.2755 0.642 1.126, 0.311 0.6436 1.126, 0.3202 0.6471 1.126, 0.3286 0.6532 1.126, 0.3339 0.6593 1.126, 0.3381 0.6674 1.126, 0.3403 0.6766 1.126, 0.3407 0.683 1.126, 0.3286 0.7114 1.126, 0.3288 0.7113 1.126, 0.3315 0.7086 1.126, 0.3365 0.7016 1.126, 0.3394 0.694 1.126, 0.3203 0.7172 1.126, 0.3106 0.7207 1.126, 0.2984 0.722 1.126, 0.2755 0.722 1.126, 0.2755 0.7113 1.126, 0.298 0.7128 1.126, 0.2859 0.7128 1.126, 0.2859 0.6511 1.126, 0.2975 0.6511 1.126, 0.3213 0.6595 1.126, 0.3203 0.6585 1.126, 0.3151 0.6549 1.126, 0.3085 0.6524 1.126, 0.3298 0.6827 1.126, 0.3296 0.6779 1.126, 0.3281 0.6705 1.126, 0.3254 0.6646 1.126, 0.3211 0.7053 1.126, 0.324 0.7023 1.126, 0.3269 0.6976 1.126, 0.329 0.6914 1.126, 0.3084 0.7117 1.126, 0.3153 0.7091 1.126
            ]
        }
        coordIndex [
            0,1,2,-1,3,4,5,-1,3,5,6,-1,6,5,7,-1,6,7,2,-1,2,7,8,-1,2,8,0,-1,9,1,10,-1,10,1,0,-1,10,11,9,-1,9,11,12,-1,13,14,15,-1,15,14,12,-1,15,12,16,-1,16,12,11,-1,13,17,14,-1,14,17,18,-1,17,19,18,-1,18,19,20,-1,18,20,21,-1,21,20,22,-1,21,22,23,-1,23,22,24,-1,23,24,25,-1,25,24,26,-1,25,26,27,-1,27,26,28,-1,27,28,29,-1,29,28,30,-1,29,30,31,-1,31,30,32,-1,31,32,33,-1,33,32,34,-1,33,34,35,-1,35,34,36,-1,35,36,37,-1,37,36,38,-1,37,38,39,-1,39,38,40,-1,39,40,41,-1,41,40,42,-1,41,42,43,-1,43,42,44,-1,43,44,45,-1,45,44,46,-1,45,46,47,-1,47,46,48,-1,47,48,49,-1,49,48,50,-1,49,50,51,-1,51,50,52,-1,51,52,53,-1,53,52,54,-1,53,54,55,-1,55,54,56,-1,55,56,57,-1,57,56,58,-1,57,58,59,-1,59,58,60,-1,59,60,61,-1,61,60,62,-1,61,62,63,-1,63,62,64,-1,63,64,65,-1,65,64,66,-1,65,66,67,-1,67,66,68,-1,67,68,69,-1,69,68,70,-1,69,70,71,-1,71,70,72,-1,71,72,73,-1,73,72,74,-1,73,74,75,-1,76,75,77,-1,77,75,74,-1,76,77,78,-1,76,78,79,-1,79,78,80,-1,79,80,81,-1,81,80,82,-1,81,82,83,-1,83,82,84,-1,83,84,85,-1,85,84,86,-1,85,86,87,-1,86,88,87,-1,87,88,89,-1,88,90,89,-1,89,90,91,-1,89,91,92,-1,92,91,93,-1,92,93,94,-1,94,93,95,-1,94,95,96,-1,96,95,97,-1,96,97,98,-1,98,97,99,-1,98,99,100,-1,100,99,101,-1,100,101,102,-1,103,104,105,-1,102,101,106,-1,102,106,107,-1,107,106,108,-1,107,108,105,-1,105,108,109,-1,105,109,103,-1,104,103,110,-1,104,110,111,-1,111,110,112,-1,111,112,113,-1,113,112,114,-1,113,114,115,-1,115,114,116,-1,115,116,117,-1,117,116,118,-1,117,118,119,-1,119,118,120,-1,119,120,121,-1,121,120,122,-1,121,122,123,-1,123,122,124,-1,123,124,125,-1,125,124,126,-1,125,126,127,-1,127,126,128,-1,127,128,129,-1,129,128,130,-1,129,130,131,-1,131,130,132,-1,131,132,133,-1,133,132,134,-1,133,134,135,-1,135,134,4,-1,135,4,3,-1,61,63,85,-1,85,63,83,-1,111,43,104,-1,104,43,45,-1,21,23,127,-1,127,23,25,-1,127,25,125,-1,125,25,27,-1,125,27,123,-1,123,27,29,-1,123,29,121,-1,121,29,31,-1,121,31,119,-1,119,31,33,-1,119,33,117,-1,117,33,35,-1,117,35,115,-1,115,35,37,-1,115,37,113,-1,113,37,39,-1,113,39,111,-1,111,39,41,-1,111,41,43,-1,14,3,12,-1,12,3,6,-1,12,6,9,-1,9,6,2,-1,9,2,1,-1,63,65,83,-1,83,65,67,-1,83,67,81,-1,81,67,69,-1,81,69,79,-1,79,69,71,-1,79,71,76,-1,76,71,73,-1,76,73,75,-1,127,129,21,-1,21,129,131,-1,21,131,18,-1,18,131,133,-1,18,133,14,-1,14,133,135,-1,14,135,3,-1,85,87,61,-1,61,87,89,-1,61,89,59,-1,59,89,92,-1,59,92,57,-1,57,92,94,-1,57,94,55,-1,55,94,96,-1,55,96,53,-1,53,96,98,-1,53,98,51,-1,51,98,100,-1,51,100,49,-1,49,100,102,-1,49,102,47,-1,47,102,107,-1,47,107,45,-1,45,107,105,-1,45,105,104,-1,136,137,138,-1,138,137,139,-1,140,136,141,-1,141,136,138,-1,140,141,142,-1,140,142,143,-1,143,142,144,-1,143,144,145,-1,146,145,147,-1,147,145,144,-1,148,146,149,-1,149,146,147,-1,150,151,152,-1,152,151,148,-1,152,148,149,-1,153,151,154,-1,154,151,150,-1,155,156,157,-1,157,156,153,-1,157,153,154,-1,158,159,160,-1,160,159,156,-1,160,156,155,-1,159,158,161,-1,159,161,162,-1,162,161,163,-1,162,163,164,-1,163,165,164,-1,164,165,166,-1,164,166,167,-1,167,166,168,-1,167,168,169,-1,169,168,170,-1,169,170,171,-1,171,170,172,-1,171,172,173,-1,173,172,174,-1,173,174,175,-1,176,175,177,-1,177,175,174,-1,176,177,178,-1,176,178,179,-1,179,178,180,-1,179,180,181,-1,181,180,182,-1,181,182,183,-1,183,182,184,-1,183,184,185,-1,184,186,185,-1,185,186,187,-1,185,187,188,-1,188,187,189,-1,188,189,190,-1,190,189,191,-1,190,191,192,-1,192,191,193,-1,192,193,194,-1,139,137,195,-1,195,137,194,-1,195,194,193,-1,143,145,194,-1,137,136,194,-1,194,136,140,-1,194,140,143,-1,151,153,148,-1,148,153,156,-1,148,156,146,-1,192,162,190,-1,190,162,164,-1,175,176,173,-1,173,176,179,-1,173,179,171,-1,171,179,181,-1,171,181,169,-1,169,181,183,-1,169,183,167,-1,167,183,185,-1,167,185,164,-1,164,185,188,-1,164,188,190,-1,145,146,194,-1,194,146,156,-1,194,156,192,-1,192,156,159,-1,192,159,162,-1,196,197,198,-1,198,197,199,-1,200,201,202,-1,202,201,196,-1,202,196,198,-1,203,201,204,-1,204,201,200,-1,205,206,207,-1,207,206,203,-1,207,203,204,-1,208,206,209,-1,209,206,205,-1,210,211,212,-1,212,211,208,-1,212,208,209,-1,213,214,215,-1,215,214,211,-1,215,211,210,-1,216,217,218,-1,218,217,214,-1,218,214,213,-1,219,217,220,-1,220,217,216,-1,221,222,223,-1,223,222,219,-1,223,219,220,-1,224,225,226,-1,226,225,222,-1,226,222,221,-1,199,197,227,-1,227,197,225,-1,227,225,224,-1,225,197,196,-1,196,201,225,-1,225,201,203,-1,225,203,222,-1,217,219,214,-1,214,219,222,-1,214,222,211,-1,211,222,203,-1,211,203,208,-1,208,203,206,-1,228,229,230,-1,230,229,231,-1,230,231,232,-1,232,231,233,-1,232,233,234,-1,234,233,235,-1,234,235,236,-1,236,235,237,-1,236,237,238,-1,238,237,239,-1,238,239,240,-1,240,239,241,-1,240,241,242,-1,242,241,243,-1,242,243,244,-1,244,243,245,-1,244,245,246,-1,246,245,247,-1,246,247,248,-1,248,247,249,-1,248,249,250,-1,250,249,251,-1,250,251,252,-1,252,251,253,-1,252,253,254,-1,254,253,255,-1,254,255,256,-1,256,255,257,-1,256,257,258,-1,258,257,259,-1,258,259,260,-1,260,259,261,-1,260,261,262,-1,262,261,228,-1,262,228,230,-1,236,238,263,-1,263,238,264,-1,236,263,265,-1,236,265,234,-1,234,265,266,-1,234,266,232,-1,232,266,267,-1,232,267,230,-1,230,267,268,-1,230,268,262,-1,262,268,269,-1,262,269,260,-1,260,269,270,-1,260,270,258,-1,258,270,271,-1,258,271,256,-1,272,248,273,-1,273,248,250,-1,273,250,274,-1,274,250,252,-1,274,252,275,-1,275,252,254,-1,275,254,276,-1,276,254,256,-1,276,256,271,-1,248,272,277,-1,248,277,246,-1,246,277,278,-1,246,278,244,-1,244,278,279,-1,244,279,242,-1,240,242,280,-1,280,242,279,-1,264,238,281,-1,281,238,240,-1,281,240,280,-1,243,241,282,-1,282,241,283,-1,241,239,283,-1,283,239,284,-1,239,237,284,-1,284,237,285,-1,229,286,287,-1,229,287,231,-1,231,287,288,-1,231,288,233,-1,233,288,289,-1,233,289,235,-1,235,289,285,-1,235,285,237,-1,257,290,291,-1,257,291,259,-1,259,291,292,-1,259,292,261,-1,261,292,293,-1,261,293,228,-1,228,293,286,-1,228,286,229,-1,249,294,295,-1,249,295,251,-1,251,295,296,-1,251,296,253,-1,253,296,297,-1,253,297,255,-1,255,297,290,-1,255,290,257,-1,243,282,298,-1,243,298,245,-1,245,298,299,-1,245,299,247,-1,247,299,294,-1,247,294,249,-1,
        ]
    }
}
Shape{
    appearance Appearance {
        material  Material 	{
            diffuseColor 0.7529411764705882 0.7529411764705882 0.7529411764705882
            specularColor 0.3764705882352941 0.3764705882352941 0.3764705882352941
            ambientIntensity 0.7529
            transparency 0.0
            shininess 0.5
        }
    }
    geometry IndexedFaceSet {
        ccw TRUE
        solid FALSE
        coord DEF co Coordinate {
            point [
                0.2859 0.7128 1.126, 0.2859 0.6511 1.126, 0.298 0.7128 1.126, 0.2975 0.6511 1.126, 0.3203 0.6585 1.126, 0.3213 0.6595 1.126, 0.3085 0.6524 1.126, 0.3151 0.6549 1.126, 0.3296 0.6779 1.126, 0.3298 0.6827 1.126, 0.3254 0.6646 1.126, 0.3281 0.6705 1.126, 0.329 0.6914 1.126, 0.3269 0.6976 1.126, 0.324 0.7023 1.126, 0.3211 0.7053 1.126, 0.3153 0.7091 1.126, 0.3084 0.7117 1.126
            ]
        }
        coordIndex [
            0,1,2,-1,2,1,3,-1,2,4,5,-1,3,6,2,-1,2,6,7,-1,2,7,4,-1,8,9,2,-1,5,10,2,-1,2,10,11,-1,2,11,8,-1,9,12,2,-1,2,12,13,-1,2,13,14,-1,14,15,2,-1,2,15,16,-1,2,16,17,-1,
        ]
    }
}
Shape{
    appearance Appearance {
        material  Material 	{
            diffuseColor 0.0 0.0 0.0
            specularColor 0.0 0.0 0.0
            ambientIntensity 0.0
            transparency 0.0
            shininess 0.5
        }
    }
    geometry IndexedFaceSet {
        ccw TRUE
        solid FALSE
        coord DEF co Coordinate {
            point [
                0.3675 0.6729 1.1299, 0.3643 0.6639 1.1299, 0.3944 0.6729 1.1299, 0.3976 0.6639 1.1299, 0.3795 0.7062 1.1299, 0.3757 0.722 1.1299, 0.3452 0.642 1.1299, 0.3566 0.642 1.1299, 0.3802 0.7086 1.1299, 0.3808 0.7118 1.1299, 0.3867 0.722 1.1299, 0.3811 0.7118 1.1299, 0.3817 0.7084 1.1299, 0.3823 0.7062 1.1299, 0.4172 0.642 1.1299, 0.4058 0.642 1.1299, 0.4172 0.642 1.126, 0.3908 0.7113 1.126, 0.3867 0.722 1.126, 0.3757 0.722 1.126, 0.3452 0.642 1.126, 0.3715 0.7113 1.126, 0.3566 0.642 1.126, 0.3643 0.6639 1.126, 0.3976 0.6639 1.126, 0.4058 0.642 1.126, 0.3675 0.6729 1.126, 0.3944 0.6729 1.126, 0.3823 0.7062 1.126, 0.3811 0.7118 1.126, 0.3817 0.7084 1.126, 0.3808 0.7118 1.126, 0.3795 0.7062 1.126, 0.3802 0.7086 1.126
            ]
        }
        coordIndex [
            0,1,2,-1,2,1,3,-1,4,5,0,-1,0,5,6,-1,0,6,1,-1,1,6,7,-1,4,8,5,-1,5,8,9,-1,5,9,10,-1,10,9,11,-1,10,11,12,-1,12,13,10,-1,10,13,2,-1,10,2,14,-1,14,2,3,-1,14,3,15,-1,14,16,10,-1,10,16,17,-1,10,17,18,-1,5,10,19,-1,19,10,18,-1,20,6,21,-1,21,6,5,-1,21,5,19,-1,7,6,22,-1,22,6,20,-1,1,7,23,-1,23,7,22,-1,3,1,24,-1,24,1,23,-1,15,3,25,-1,25,3,24,-1,14,15,16,-1,16,15,25,-1,0,2,26,-1,26,2,27,-1,2,13,27,-1,27,13,28,-1,11,29,30,-1,11,30,12,-1,12,30,28,-1,12,28,13,-1,11,9,29,-1,29,9,31,-1,4,32,33,-1,4,33,8,-1,8,33,31,-1,8,31,9,-1,4,0,32,-1,32,0,26,-1,
        ]
    }
}
Shape{
    appearance Appearance {
        material  Material 	{
            diffuseColor 0.7529411764705882 0.7529411764705882 0.7529411764705882
            specularColor 0.3764705882352941 0.3764705882352941 0.3764705882352941
            ambientIntensity 0.7529
            transparency 0.0
            shininess 0.5
        }
    }
    geometry IndexedFaceSet {
        ccw TRUE
        solid FALSE
        coord DEF co Coordinate {
            point [
                0.3811 0.7118 1.126, 0.3808 0.7118 1.126, 0.3817 0.7084 1.126, 0.3802 0.7086 1.126, 0.3823 0.7062 1.126, 0.3795 0.7062 1.126, 0.3944 0.6729 1.126, 0.3675 0.6729 1.126
            ]
        }
        coordIndex [
            0,1,2,-1,2,1,3,-1,2,3,4,-1,4,3,5,-1,4,5,6,-1,6,5,7,-1,
        ]
    }
}
Shape{
    appearance Appearance {
        material  Material 	{
            diffuseColor 0.0 0.0 0.0
            specularColor 0.0 0.0 0.0
            ambientIntensity 0.0
            transparency 0.0
            shininess 0.5
        }
    }
    geometry IndexedFaceSet {
        ccw TRUE
        solid FALSE
        coord DEF co Coordinate {
            point [
                -0.3731 0.7799 1.1299, -0.3604 0.7866 1.1299, -0.3634 0.8217 1.1299, -0.2631 0.6283 1.1299, -0.2564 0.641 1.1299, -0.253 0.6551 1.1299, -0.3279 0.8233 1.1299, -0.3102 0.7817 1.1299, -0.3015 0.7998 1.1299, -0.3313 0.6535 1.1299, -0.3324 0.6588 1.1299, -0.3632 0.681 1.1299, -0.3637 0.6428 1.1299, -0.3709 0.645 1.1299, -0.3756 0.6886 1.1299, -0.341 0.8244 1.1299, -0.173 0.7089 1.1299, -0.1907 0.739 1.1299, -0.2527 0.6667 1.1299, -0.267 0.6992 1.1299, -0.2527 0.6611 1.1299, -0.2832 0.6107 1.1299, -0.2718 0.6186 1.1299, -0.3291 0.6487 1.1299, -0.3495 0.6202 1.1299, -0.358 0.6306 1.1299, -0.1542 0.7652 1.1299, -0.1497 0.7652 1.1299, -0.1263 0.796 1.1299, -0.1388 0.7639 1.1299, -0.1236 0.795 1.1299, -0.1289 0.7601 1.1299, -0.1066 0.7866 1.1299, -0.0912 0.7736 1.1299, -0.3162 0.8369 1.1299, -0.2888 0.815 1.1299, -0.3028 0.8483 1.1299, -0.2735 0.8261 1.1299, -0.2887 0.8571 1.1299, -0.3464 0.79 1.1299, -0.3404 0.7903 1.1299, -0.3344 0.8241 1.1299, -0.327 0.7886 1.1299, -0.3142 0.7839 1.1299, -0.2922 0.6476 1.1299, -0.2953 0.6441 1.1299, -0.2996 0.641 1.1299, -0.2959 0.6058 1.1299, -0.3045 0.639 1.1299, -0.3097 0.6041 1.1299, -0.3102 0.6383 1.1299, -0.3118 0.6042 1.1299, -0.3112 0.6383 1.1299, -0.3253 0.6063 1.1299, -0.3163 0.6391 1.1299, -0.3384 0.6118 1.1299, -0.3215 0.6413 1.1299, -0.3258 0.6447 1.1299, -0.2895 0.6684 1.1299, -0.2882 0.6631 1.1299, -0.2882 0.6579 1.1299, -0.2895 0.6525 1.1299, -0.0911 0.6673 1.1299, -0.1176 0.6899 1.1299, -0.1065 0.6542 1.1299, -0.126 0.6831 1.1299, -0.1239 0.6457 1.1299, -0.136 0.6784 1.1299, -0.1429 0.6417 1.1299, -0.1463 0.6764 1.1299, -0.1764 0.6417 1.1299, -0.1719 0.6764 1.1299, -0.1797 0.6422 1.1299, -0.3321 0.6644 1.1299, -0.3304 0.6698 1.1299, -0.3569 0.6932 1.1299, -0.3275 0.6745 1.1299, -0.3475 0.704 1.1299, -0.3252 0.6768 1.1299, -0.3358 0.7121 1.1299, -0.3208 0.68 1.1299, -0.3233 0.7169 1.1299, -0.3158 0.682 1.1299, -0.3097 0.7185 1.1299, -0.3102 0.6827 1.1299, -0.3028 0.7181 1.1299, -0.3055 0.6822 1.1299, -0.289 0.7147 1.1299, -0.3002 0.6803 1.1299, -0.2769 0.7083 1.1299, -0.2956 0.6772 1.1299, -0.292 0.6731 1.1299, -0.1201 0.7539 1.1299, -0.1136 0.7466 1.1299, -0.0796 0.7574 1.1299, -0.1083 0.7368 1.1299, -0.0726 0.74 1.1299, -0.1056 0.7259 1.1299, -0.07 0.7214 1.1299, -0.1053 0.7208 1.1299, -0.0726 0.7011 1.1299, -0.1067 0.7097 1.1299, -0.0797 0.6831 1.1299, -0.1106 0.6996 1.1299, -0.1168 0.6907 1.1299, -0.1571 0.8409 1.1299, -0.1794 0.8148 1.1299, -0.1382 0.819 1.1299, -0.1665 0.7995 1.1299, -0.1577 0.7811 1.1299, -0.3956 0.7471 1.1299, -0.433 0.7377 1.1299, -0.3973 0.7334 1.1299, -0.4332 0.7322 1.1299, -0.3966 0.7245 1.1299, -0.4304 0.7099 1.1299, -0.3925 0.7106 1.1299, -0.4223 0.6887 1.1299, -0.3858 0.6991 1.1299, -0.4093 0.6702 1.1299, -0.3915 0.655 1.1299, -0.2624 0.8671 1.1299, -0.2549 0.8337 1.1299, -0.2345 0.8705 1.1299, -0.2339 0.8364 1.1299, -0.2099 0.8678 1.1299, -0.2146 0.834 1.1299, -0.1814 0.8575 1.1299, -0.1968 0.8272 1.1299, -0.1808 0.8161 1.1299, -0.3845 0.8135 1.1299, -0.4026 0.8007 1.1299, -0.3829 0.7712 1.1299, -0.4064 0.7971 1.1299, -0.3907 0.7598 1.1299, -0.4201 0.7796 1.1299, -0.4292 0.7591 1.1299, -0.1748 0.677 1.1299, -0.1884 0.6477 1.1299, -0.1871 0.6463 1.1299, -0.173 0.6766 1.1299, -0.1834 0.6437 1.1299, -0.193 0.6593 1.1299, -0.1924 0.6551 1.1299, -0.1909 0.6512 1.1299, -0.1797 0.6764 1.1299, -0.1836 0.6749 1.1299, -0.1928 0.6616 1.1299, -0.1871 0.6724 1.1299, -0.1895 0.6698 1.1299, -0.1917 0.6659 1.1299, -0.1753 0.677 1.1299, -0.0796 0.7574 1.126, -0.0726 0.74 1.126, -0.07 0.7214 1.126, -0.0874 0.7683 1.126, -0.0912 0.7736 1.126, -0.1066 0.7866 1.126, -0.1236 0.795 1.126, -0.1263 0.796 1.126, -0.1382 0.819 1.126, -0.1571 0.8409 1.126, -0.17 0.8497 1.126, -0.1814 0.8575 1.126, -0.2099 0.8678 1.126, -0.2345 0.8705 1.126, -0.2624 0.8671 1.126, -0.2887 0.8571 1.126, -0.3006 0.8497 1.126, -0.3028 0.8483 1.126, -0.3162 0.8369 1.126, -0.3279 0.8233 1.126, -0.3344 0.8241 1.126, -0.341 0.8244 1.126, -0.3634 0.8217 1.126, -0.3845 0.8135 1.126, -0.4026 0.8007 1.126, -0.4064 0.7971 1.126, -0.4201 0.7796 1.126, -0.4251 0.7683 1.126, -0.4292 0.7591 1.126, -0.433 0.7377 1.126, -0.4332 0.7322 1.126, -0.4306 0.7113 1.126, -0.4304 0.7099 1.126, -0.4223 0.6887 1.126, -0.4093 0.6702 1.126, -0.3915 0.655 1.126, -0.3709 0.645 1.126, -0.3637 0.6428 1.126, -0.363 0.6413 1.126, -0.358 0.6306 1.126, -0.3495 0.6202 1.126, -0.3384 0.6118 1.126, -0.3332 0.6096 1.126, -0.3253 0.6063 1.126, -0.3118 0.6042 1.126, -0.3097 0.6041 1.126, -0.2527 0.6611 1.126, -0.2959 0.6058 1.126, -0.2861 0.6096 1.126, -0.2832 0.6107 1.126, -0.2718 0.6186 1.126, -0.2631 0.6283 1.126, -0.2564 0.641 1.126, -0.2563 0.6413 1.126, -0.253 0.6551 1.126, -0.2527 0.6667 1.126, -0.173 0.7089 1.126, -0.1907 0.739 1.126, -0.1744 0.7113 1.126, -0.267 0.6992 1.126, -0.2439 0.7113 1.126, -0.2769 0.7083 1.126, -0.2825 0.7113 1.126, -0.289 0.7147 1.126, -0.3028 0.7181 1.126, -0.3097 0.7185 1.126, -0.3233 0.7169 1.126, -0.3358 0.7121 1.126, -0.337 0.7113 1.126, -0.3475 0.704 1.126, -0.3569 0.6932 1.126, -0.3632 0.681 1.126, -0.3973 0.7334 1.126, -0.3756 0.6886 1.126, -0.3858 0.6991 1.126, -0.3925 0.7106 1.126, -0.3927 0.7113 1.126, -0.3966 0.7245 1.126, -0.3907 0.7598 1.126, -0.3956 0.7471 1.126, -0.3848 0.7683 1.126, -0.3829 0.7712 1.126, -0.3731 0.7799 1.126, -0.3604 0.7866 1.126, -0.3464 0.79 1.126, -0.3404 0.7903 1.126, -0.327 0.7886 1.126, -0.3142 0.7839 1.126, -0.3102 0.7817 1.126, -0.3015 0.7998 1.126, -0.2888 0.815 1.126, -0.2735 0.8261 1.126, -0.2549 0.8337 1.126, -0.2339 0.8364 1.126, -0.2146 0.834 1.126, -0.1968 0.8272 1.126, -0.1808 0.8161 1.126, -0.1794 0.8148 1.126, -0.1665 0.7995 1.126, -0.1577 0.7811 1.126, -0.1549 0.7683 1.126, -0.1542 0.7652 1.126, -0.1497 0.7652 1.126, -0.1388 0.7639 1.126, -0.1289 0.7601 1.126, -0.1201 0.7539 1.126, -0.1136 0.7466 1.126, -0.1083 0.7368 1.126, -0.1056 0.7259 1.126, -0.1053 0.7208 1.126, -0.1065 0.7113 1.126, -0.1067 0.7097 1.126, -0.1106 0.6996 1.126, -0.1168 0.6907 1.126, -0.1176 0.6899 1.126, -0.126 0.6831 1.126, -0.136 0.6784 1.126, -0.1463 0.6764 1.126, -0.1719 0.6764 1.126, -0.173 0.6766 1.126, -0.1748 0.677 1.126, -0.1753 0.677 1.126, -0.1797 0.6764 1.126, -0.1836 0.6749 1.126, -0.1871 0.6724 1.126, -0.1895 0.6698 1.126, -0.1917 0.6659 1.126, -0.1928 0.6616 1.126, -0.193 0.6593 1.126, -0.1924 0.6551 1.126, -0.1909 0.6512 1.126, -0.1884 0.6477 1.126, -0.1871 0.6463 1.126, -0.1834 0.6437 1.126, -0.1797 0.6422 1.126, -0.1764 0.6417 1.126, -0.1429 0.6417 1.126, -0.1239 0.6457 1.126, -0.1065 0.6542 1.126, -0.0911 0.6673 1.126, -0.0797 0.6831 1.126, -0.0726 0.7011 1.126, -0.0713 0.7113 1.126, -0.3102 0.6827 1.126, -0.3055 0.6822 1.126, -0.3002 0.6803 1.126, -0.2956 0.6772 1.126, -0.292 0.6731 1.126, -0.2895 0.6684 1.126, -0.2882 0.6631 1.126, -0.2882 0.6579 1.126, -0.2895 0.6525 1.126, -0.2922 0.6476 1.126, -0.2953 0.6441 1.126, -0.2996 0.641 1.126, -0.3045 0.639 1.126, -0.3102 0.6383 1.126, -0.3112 0.6383 1.126, -0.3163 0.6391 1.126, -0.3215 0.6413 1.126, -0.3258 0.6447 1.126, -0.3291 0.6487 1.126, -0.3313 0.6535 1.126, -0.3324 0.6588 1.126, -0.3321 0.6644 1.126, -0.3304 0.6698 1.126, -0.3275 0.6745 1.126, -0.3252 0.6768 1.126, -0.3208 0.68 1.126, -0.3158 0.682 1.126
            ]
        }
        coordIndex [
            0,1,2,-1,3,4,5,-1,6,7,8,-1,9,10,11,-1,12,11,13,-1,13,11,14,-1,2,1,15,-1,16,17,18,-1,18,17,19,-1,18,19,20,-1,20,19,21,-1,20,21,5,-1,5,21,22,-1,5,22,3,-1,23,9,24,-1,24,9,11,-1,24,11,25,-1,25,11,12,-1,26,27,28,-1,28,27,29,-1,28,29,30,-1,30,29,31,-1,30,31,32,-1,32,31,33,-1,6,8,34,-1,34,8,35,-1,34,35,36,-1,36,35,37,-1,36,37,38,-1,1,39,15,-1,15,39,40,-1,15,40,41,-1,41,40,42,-1,41,42,6,-1,6,42,43,-1,6,43,7,-1,44,45,21,-1,21,45,46,-1,21,46,47,-1,47,46,48,-1,47,48,49,-1,49,48,50,-1,49,50,51,-1,51,50,52,-1,51,52,53,-1,53,52,54,-1,53,54,55,-1,55,54,56,-1,55,56,24,-1,24,56,57,-1,24,57,23,-1,58,59,19,-1,19,59,60,-1,19,60,21,-1,21,60,61,-1,21,61,44,-1,62,63,64,-1,64,63,65,-1,64,65,66,-1,66,65,67,-1,66,67,68,-1,68,67,69,-1,68,69,70,-1,70,69,71,-1,70,71,72,-1,10,73,11,-1,11,73,74,-1,11,74,75,-1,75,74,76,-1,75,76,77,-1,77,76,78,-1,77,78,79,-1,79,78,80,-1,79,80,81,-1,81,80,82,-1,81,82,83,-1,83,82,84,-1,83,84,85,-1,85,84,86,-1,85,86,87,-1,87,86,88,-1,87,88,89,-1,89,88,90,-1,89,90,19,-1,19,90,91,-1,19,91,58,-1,31,92,33,-1,33,92,93,-1,33,93,94,-1,94,93,95,-1,94,95,96,-1,96,95,97,-1,96,97,98,-1,98,97,99,-1,98,99,100,-1,100,99,101,-1,100,101,102,-1,102,101,103,-1,102,103,62,-1,62,103,104,-1,62,104,63,-1,105,106,107,-1,107,106,108,-1,107,108,28,-1,28,108,109,-1,28,109,26,-1,110,111,112,-1,112,111,113,-1,112,113,114,-1,114,113,115,-1,114,115,116,-1,116,115,117,-1,116,117,118,-1,118,117,119,-1,118,119,14,-1,14,119,120,-1,14,120,13,-1,38,37,121,-1,121,37,122,-1,121,122,123,-1,123,122,124,-1,123,124,125,-1,125,124,126,-1,125,126,127,-1,127,126,128,-1,127,128,105,-1,105,128,129,-1,105,129,106,-1,2,130,0,-1,0,130,131,-1,0,131,132,-1,132,131,133,-1,132,133,134,-1,134,133,135,-1,134,135,110,-1,110,135,136,-1,110,136,111,-1,137,138,139,-1,71,140,72,-1,72,140,137,-1,72,137,141,-1,141,137,139,-1,142,143,137,-1,137,143,144,-1,137,144,138,-1,145,146,147,-1,146,148,147,-1,147,148,149,-1,147,149,150,-1,142,137,147,-1,147,137,151,-1,147,151,145,-1,152,96,153,-1,153,96,98,-1,153,98,154,-1,155,33,152,-1,152,33,94,-1,152,94,96,-1,155,156,33,-1,33,156,157,-1,33,157,32,-1,32,157,158,-1,32,158,30,-1,30,158,159,-1,30,159,28,-1,28,159,160,-1,28,160,107,-1,107,160,161,-1,107,161,105,-1,127,105,162,-1,162,105,161,-1,162,163,127,-1,127,163,164,-1,127,164,125,-1,125,164,165,-1,125,165,123,-1,123,165,166,-1,123,166,121,-1,121,166,167,-1,121,167,38,-1,38,167,36,-1,36,167,168,-1,36,168,169,-1,36,169,170,-1,36,170,34,-1,34,170,171,-1,34,171,6,-1,6,171,172,-1,6,172,41,-1,41,172,173,-1,41,173,15,-1,15,173,174,-1,15,174,2,-1,2,174,175,-1,2,175,130,-1,130,175,176,-1,130,176,131,-1,131,176,177,-1,131,177,133,-1,133,177,178,-1,179,136,178,-1,178,136,135,-1,178,135,133,-1,179,180,136,-1,136,180,181,-1,136,181,111,-1,111,181,182,-1,111,182,113,-1,182,183,113,-1,113,183,115,-1,183,184,115,-1,115,184,185,-1,115,185,117,-1,117,185,186,-1,117,186,119,-1,119,186,187,-1,119,187,120,-1,120,187,188,-1,120,188,13,-1,13,188,189,-1,13,189,12,-1,12,189,190,-1,12,190,25,-1,190,191,25,-1,25,191,192,-1,25,192,24,-1,24,192,193,-1,24,193,55,-1,55,193,194,-1,55,194,53,-1,194,195,53,-1,53,195,196,-1,53,196,51,-1,51,196,197,-1,51,197,49,-1,198,20,5,-1,49,197,199,-1,200,21,199,-1,199,21,47,-1,199,47,49,-1,200,201,21,-1,21,201,202,-1,21,202,22,-1,22,202,203,-1,22,203,3,-1,3,203,204,-1,3,204,4,-1,4,204,205,-1,4,205,5,-1,5,205,206,-1,5,206,198,-1,18,20,207,-1,207,20,198,-1,16,18,208,-1,208,18,207,-1,209,17,210,-1,210,17,16,-1,210,16,208,-1,211,19,212,-1,212,19,17,-1,212,17,209,-1,19,211,213,-1,19,213,89,-1,89,213,214,-1,89,214,87,-1,214,215,87,-1,87,215,216,-1,87,216,85,-1,85,216,217,-1,85,217,83,-1,83,217,218,-1,83,218,81,-1,81,218,219,-1,81,219,79,-1,79,219,220,-1,79,220,77,-1,220,221,77,-1,77,221,222,-1,77,222,75,-1,75,222,223,-1,75,223,11,-1,224,112,114,-1,11,223,225,-1,11,225,14,-1,14,225,226,-1,14,226,118,-1,118,226,227,-1,118,227,116,-1,116,227,228,-1,116,228,114,-1,114,228,229,-1,114,229,224,-1,230,110,231,-1,231,110,112,-1,231,112,224,-1,232,132,230,-1,230,132,134,-1,230,134,110,-1,232,233,132,-1,132,233,234,-1,132,234,0,-1,0,234,235,-1,0,235,1,-1,1,235,236,-1,1,236,39,-1,39,236,237,-1,39,237,40,-1,40,237,238,-1,40,238,42,-1,42,238,239,-1,42,239,43,-1,43,239,240,-1,43,240,7,-1,7,240,241,-1,7,241,8,-1,8,241,242,-1,8,242,35,-1,35,242,243,-1,35,243,37,-1,37,243,244,-1,37,244,122,-1,122,244,245,-1,122,245,124,-1,124,245,246,-1,124,246,126,-1,126,246,247,-1,126,247,128,-1,128,247,248,-1,128,248,129,-1,129,248,249,-1,129,249,106,-1,106,249,250,-1,106,250,108,-1,108,250,251,-1,108,251,109,-1,109,251,26,-1,26,251,252,-1,26,252,253,-1,27,26,254,-1,254,26,253,-1,27,254,255,-1,27,255,29,-1,29,255,256,-1,29,256,31,-1,31,256,257,-1,31,257,92,-1,92,257,258,-1,92,258,93,-1,93,258,259,-1,93,259,95,-1,95,259,260,-1,95,260,97,-1,97,260,261,-1,97,261,99,-1,261,262,99,-1,99,262,101,-1,262,263,101,-1,101,263,264,-1,101,264,103,-1,103,264,265,-1,103,265,104,-1,104,265,266,-1,104,266,63,-1,63,266,267,-1,63,267,65,-1,65,267,268,-1,65,268,67,-1,67,268,269,-1,67,269,69,-1,71,69,270,-1,270,69,269,-1,71,270,271,-1,71,271,140,-1,140,271,272,-1,140,272,137,-1,137,272,273,-1,137,273,151,-1,151,273,274,-1,151,274,145,-1,145,274,275,-1,145,275,146,-1,146,275,276,-1,146,276,148,-1,148,276,277,-1,148,277,149,-1,149,277,278,-1,149,278,150,-1,150,278,279,-1,150,279,147,-1,147,279,280,-1,147,280,142,-1,142,280,281,-1,142,281,143,-1,143,281,282,-1,143,282,144,-1,144,282,283,-1,144,283,138,-1,138,283,284,-1,138,284,139,-1,139,284,285,-1,139,285,141,-1,141,285,286,-1,141,286,72,-1,72,286,287,-1,72,287,70,-1,68,70,288,-1,288,70,287,-1,68,288,289,-1,68,289,66,-1,66,289,290,-1,66,290,64,-1,64,290,291,-1,64,291,62,-1,62,291,292,-1,62,292,102,-1,102,292,293,-1,102,293,100,-1,100,293,98,-1,98,293,294,-1,98,294,154,-1,84,295,296,-1,84,296,86,-1,86,296,297,-1,86,297,88,-1,88,297,298,-1,88,298,90,-1,90,298,299,-1,90,299,91,-1,91,299,300,-1,91,300,58,-1,58,300,301,-1,58,301,59,-1,59,301,302,-1,59,302,60,-1,60,302,303,-1,60,303,61,-1,61,303,304,-1,61,304,44,-1,44,304,305,-1,44,305,45,-1,45,305,306,-1,45,306,46,-1,46,306,307,-1,46,307,48,-1,48,307,308,-1,48,308,50,-1,50,308,309,-1,50,309,52,-1,52,309,310,-1,52,310,54,-1,54,310,311,-1,54,311,56,-1,56,311,312,-1,56,312,57,-1,57,312,313,-1,57,313,23,-1,23,313,314,-1,23,314,9,-1,9,314,315,-1,9,315,10,-1,10,315,316,-1,10,316,73,-1,73,316,317,-1,73,317,74,-1,74,317,318,-1,74,318,76,-1,76,318,319,-1,76,319,78,-1,78,319,320,-1,78,320,80,-1,80,320,321,-1,80,321,82,-1,82,321,295,-1,82,295,84,-1,
        ]
    }
}
Shape{
    appearance Appearance {
        material  Material 	{
            diffuseColor 0.7529411764705882 0.7529411764705882 0.7529411764705882
            specularColor 0.3764705882352941 0.3764705882352941 0.3764705882352941
            ambientIntensity 0.7529
            transparency 0.0
            shininess 0.5
        }
    }
    geometry IndexedFaceSet {
        ccw TRUE
        solid FALSE
        coord DEF co Coordinate {
            point [
                -0.3112 0.6383 1.126, -0.3252 0.6768 1.126, -0.3275 0.6745 1.126, -0.3045 0.639 1.126, -0.2996 0.641 1.126, -0.3055 0.6822 1.126, -0.3102 0.6827 1.126, -0.3158 0.682 1.126, -0.3208 0.68 1.126, -0.3313 0.6535 1.126, -0.3291 0.6487 1.126, -0.3258 0.6447 1.126, -0.3102 0.6383 1.126, -0.3304 0.6698 1.126, -0.3321 0.6644 1.126, -0.3324 0.6588 1.126, -0.3215 0.6413 1.126, -0.3163 0.6391 1.126, -0.2953 0.6441 1.126, -0.2922 0.6476 1.126, -0.2895 0.6525 1.126, -0.2882 0.6579 1.126, -0.2882 0.6631 1.126, -0.2895 0.6684 1.126, -0.292 0.6731 1.126, -0.2956 0.6772 1.126, -0.3002 0.6803 1.126
            ]
        }
        coordIndex [
            0,1,2,-1,3,4,5,-1,6,7,0,-1,0,7,8,-1,0,8,1,-1,9,10,2,-1,2,10,11,-1,6,0,5,-1,5,0,12,-1,5,12,3,-1,13,14,2,-1,2,14,15,-1,2,15,9,-1,11,16,2,-1,2,16,17,-1,2,17,0,-1,4,18,5,-1,5,18,19,-1,5,19,20,-1,20,21,5,-1,5,21,22,-1,5,22,23,-1,23,24,5,-1,5,24,25,-1,5,25,26,-1,
        ]
    }
}
Shape{
    appearance Appearance {
        material  Material 	{
            diffuseColor 1.0 0.8117647058823529 0.5019607843137255
            specularColor 1.0 0.8117647058823529 0.5019607843137255
            ambientIntensity 0.8327
            transparency 0.0
            shininess 0.5
        }
    }
    geometry IndexedFaceSet {
        ccw TRUE
        solid FALSE
        coord DEF co Coordinate {
            point [
                -0.1378 -1.0492 0.3858, -0.1378 -1.8268 0.3858, -0.1378 -1.0492 0.4449, -0.1378 -1.8268 0.4449, -0.1228 -1.9154 0.4449, -0.1228 -1.9154 0.4154, -0.074 -1.9154 0.4449, -0.074 -1.9154 0.4154, -0.0591 -1.8268 0.4449, -0.0591 -1.8268 0.3858, -0.0591 -1.0492 0.3858, -0.0591 -1.0492 0.4449
            ]
        }
        coordIndex [
            0,1,2,-1,2,1,3,-1,3,1,4,-1,4,1,5,-1,4,5,6,-1,6,5,7,-1,6,7,8,-1,8,7,9,-1,9,10,8,-1,8,10,11,-1,10,0,11,-1,11,0,2,-1,0,10,1,-1,1,10,9,-1,4,6,3,-1,3,6,8,-1,3,8,2,-1,2,8,11,-1,1,9,5,-1,5,9,7,-1,
        ]
    }
}
Shape{
    appearance Appearance {
        material  Material 	{
            diffuseColor 0.7529411764705882 0.7529411764705882 0.7529411764705882
            specularColor 0.3764705882352941 0.3764705882352941 0.3764705882352941
            ambientIntensity 0.7529
            transparency 0.0
            shininess 0.5
        }
    }
    geometry IndexedFaceSet {
        ccw TRUE
        solid FALSE
        coord DEF co Coordinate {
            point [
                -0.5177 0.9803 0.0394, -0.4272 0.9803 0.0394, -0.5177 1.0394 0.0394, -0.4272 1.0394 0.0394, -0.5177 0.9803 -0.6496, -0.5177 1.0394 -0.6496, -0.4971 0.9803 -0.7874, -0.4971 1.0394 -0.7874, -0.4478 0.9803 -0.7874, -0.4478 1.0394 -0.7874, -0.4272 0.9803 -0.6496, -0.4272 1.0394 -0.6496, -1.0433 1.3327 0.3394, -1.0236 1.3327 0.3394, -1.0236 1.3327 0.6478, -1.1417 1.3327 0.6478, -1.1417 1.3327 0.3394, -1.122 1.3327 0.3394, -1.122 1.3327 0.1026, -1.0433 1.3327 0.1026, -1.122 1.3351 0.0768, -1.0433 1.3351 0.0768, -1.122 1.3422 0.0519, -1.0433 1.3422 0.0519, -1.122 1.3538 0.0288, -1.0433 1.3538 0.0288, -1.122 1.3695 0.0082, -1.0433 1.3695 0.0082, -1.122 1.3887 -0.0092, -1.0433 1.3887 -0.0092, -1.122 1.4108 -0.0227, -1.0433 1.4108 -0.0227, -1.122 1.435 -0.0319, -1.0433 1.435 -0.0319, -1.0433 1.6043 -0.0787, -1.122 1.6043 -0.0787, -1.0433 1.6201 -0.0218, -1.122 1.6201 -0.0218, -1.0433 1.4508 0.025, -1.122 1.4508 0.025, -1.0433 1.4315 0.0332, -1.122 1.4315 0.0332, -1.0433 1.415 0.046, -1.122 1.415 0.046, -1.0433 1.4024 0.0626, -1.122 1.4024 0.0626, -1.0433 1.3944 0.0819, -1.122 1.3944 0.0819, -1.0433 1.3917 0.1026, -1.122 1.3917 0.1026, -1.122 1.3917 0.3394, -1.1417 1.3917 0.3394, -1.1417 1.3917 0.6478, -1.0236 1.3917 0.6478, -1.0236 1.3917 0.3394, -1.0433 1.3917 0.3394, -1.1417 1.3891 0.6751, -1.0236 1.3891 0.6751, -1.1417 1.3811 0.7012, -1.0236 1.3811 0.7012, -1.1417 1.3682 0.7254, -1.0236 1.3682 0.7254, -1.1417 1.3509 0.7465, -1.0236 1.3509 0.7465, -1.1417 1.3297 0.7639, -1.0236 1.3297 0.7639, -1.1417 1.3056 0.7768, -1.0236 1.3056 0.7768, -1.1417 1.2794 0.7847, -1.0236 1.2794 0.7847, -1.1417 1.2521 0.7874, -1.0236 1.2521 0.7874, -1.0236 0.9095 0.7874, -1.1417 0.9095 0.7874, -1.0236 0.9095 0.7283, -1.1417 0.9095 0.7283, -1.0236 1.2521 0.7283, -1.1417 1.2521 0.7283, -1.0236 1.273 0.7256, -1.1417 1.273 0.7256, -1.0236 1.2924 0.7176, -1.1417 1.2924 0.7176, -1.0236 1.3091 0.7048, -1.1417 1.3091 0.7048, -1.0236 1.3219 0.6881, -1.1417 1.3219 0.6881, -1.0236 1.3299 0.6687, -1.1417 1.3299 0.6687
            ]
        }
        coordIndex [
            0,1,2,-1,2,1,3,-1,4,0,5,-1,5,0,2,-1,6,4,7,-1,7,4,5,-1,8,6,9,-1,9,6,7,-1,10,8,11,-1,11,8,9,-1,1,10,3,-1,3,10,11,-1,6,8,4,-1,4,8,10,-1,4,10,0,-1,0,10,1,-1,9,7,11,-1,11,7,5,-1,11,5,3,-1,3,5,2,-1,12,13,14,-1,15,16,17,-1,18,19,17,-1,17,19,12,-1,17,12,15,-1,15,12,14,-1,19,18,20,-1,19,20,21,-1,21,20,22,-1,21,22,23,-1,23,22,24,-1,23,24,25,-1,25,24,26,-1,25,26,27,-1,27,26,28,-1,27,28,29,-1,29,28,30,-1,29,30,31,-1,31,30,32,-1,31,32,33,-1,34,33,35,-1,35,33,32,-1,36,34,37,-1,37,34,35,-1,38,36,39,-1,39,36,37,-1,38,39,40,-1,40,39,41,-1,40,41,42,-1,42,41,43,-1,42,43,44,-1,44,43,45,-1,44,45,46,-1,46,45,47,-1,46,47,48,-1,48,47,49,-1,50,51,52,-1,53,54,55,-1,48,49,55,-1,55,49,50,-1,55,50,53,-1,53,50,52,-1,42,29,40,-1,40,29,31,-1,40,31,38,-1,38,31,33,-1,38,33,36,-1,36,33,34,-1,46,23,44,-1,44,23,25,-1,44,25,42,-1,42,25,27,-1,42,27,29,-1,55,12,48,-1,48,12,19,-1,48,19,46,-1,46,19,21,-1,46,21,23,-1,45,22,47,-1,47,22,20,-1,47,20,49,-1,49,20,18,-1,49,18,50,-1,50,18,17,-1,41,28,43,-1,43,28,26,-1,43,26,45,-1,45,26,24,-1,45,24,22,-1,37,35,39,-1,39,35,32,-1,39,32,41,-1,41,32,30,-1,41,30,28,-1,55,54,12,-1,12,54,13,-1,53,52,56,-1,53,56,57,-1,57,56,58,-1,57,58,59,-1,59,58,60,-1,59,60,61,-1,61,60,62,-1,61,62,63,-1,63,62,64,-1,63,64,65,-1,65,64,66,-1,65,66,67,-1,67,66,68,-1,67,68,69,-1,69,68,70,-1,69,70,71,-1,72,71,73,-1,73,71,70,-1,74,72,75,-1,75,72,73,-1,76,74,77,-1,77,74,75,-1,76,77,78,-1,78,77,79,-1,78,79,80,-1,80,79,81,-1,80,81,82,-1,82,81,83,-1,82,83,84,-1,84,83,85,-1,84,85,86,-1,86,85,87,-1,86,87,14,-1,14,87,15,-1,16,51,17,-1,17,51,50,-1,13,54,14,-1,14,54,53,-1,14,53,86,-1,72,74,71,-1,71,74,76,-1,71,76,69,-1,69,76,78,-1,69,78,67,-1,67,78,80,-1,53,57,86,-1,86,57,59,-1,86,59,84,-1,84,59,61,-1,84,61,82,-1,82,61,63,-1,82,63,80,-1,80,63,65,-1,80,65,67,-1,75,73,77,-1,77,73,70,-1,77,70,79,-1,51,16,52,-1,52,16,15,-1,52,15,56,-1,56,15,87,-1,56,87,58,-1,58,87,85,-1,70,68,79,-1,79,68,66,-1,79,66,81,-1,81,66,64,-1,81,64,83,-1,83,64,62,-1,83,62,85,-1,85,62,60,-1,85,60,58,-1,
        ]
    }
}
Shape{
    appearance Appearance {
        material  Material 	{
            diffuseColor 1.0 0.8117647058823529 0.5019607843137255
            specularColor 1.0 0.8117647058823529 0.5019607843137255
            ambientIntensity 0.8327
            transparency 0.0
            shininess 0.5
        }
    }
    geometry IndexedFaceSet {
        ccw TRUE
        solid FALSE
        coord DEF co Coordinate {
            point [
                -0.4528 -2.0236 0.3858, -0.4528 -1.0492 0.3858, -0.4528 -2.0236 0.4449, -0.4528 -1.0492 0.4449, -0.5315 -1.0492 0.3858, -0.5315 -1.0492 0.4449, -0.5315 -2.0236 0.3858, -0.5315 -2.0236 0.4449, -0.5165 -2.1122 0.4449, -0.5165 -2.1122 0.4154, -0.4677 -2.1122 0.4449, -0.4677 -2.1122 0.4154
            ]
        }
        coordIndex [
            0,1,2,-1,2,1,3,-1,1,4,3,-1,3,4,5,-1,4,6,5,-1,5,6,7,-1,7,6,8,-1,8,6,9,-1,8,9,10,-1,10,9,11,-1,10,11,2,-1,2,11,0,-1,1,0,4,-1,4,0,6,-1,8,10,7,-1,7,10,2,-1,7,2,5,-1,5,2,3,-1,6,0,9,-1,9,0,11,-1,
        ]
    }
}
Shape{
    appearance Appearance {
        material  Material 	{
            diffuseColor 0.7529411764705882 0.7529411764705882 0.7529411764705882
            specularColor 0.3764705882352941 0.3764705882352941 0.3764705882352941
            ambientIntensity 0.7529
            transparency 0.0
            shininess 0.5
        }
    }
    geometry IndexedFaceSet {
        ccw TRUE
        solid FALSE
        coord DEF co Coordinate {
            point [
                0.5315 1.3327 0.3394, 0.5512 1.3327 0.3394, 0.5512 1.3327 0.6478, 0.4331 1.3327 0.6478, 0.4331 1.3327 0.3394, 0.4528 1.3327 0.3394, 0.4528 1.3327 0.1026, 0.5315 1.3327 0.1026, 0.4528 1.3351 0.0768, 0.5315 1.3351 0.0768, 0.4528 1.3422 0.0519, 0.5315 1.3422 0.0519, 0.4528 1.3538 0.0288, 0.5315 1.3538 0.0288, 0.4528 1.3695 0.0082, 0.5315 1.3695 0.0082, 0.4528 1.3887 -0.0092, 0.5315 1.3887 -0.0092, 0.4528 1.4108 -0.0227, 0.5315 1.4108 -0.0227, 0.4528 1.435 -0.0319, 0.5315 1.435 -0.0319, 0.5315 1.6043 -0.0787, 0.4528 1.6043 -0.0787, 0.5315 1.6201 -0.0218, 0.4528 1.6201 -0.0218, 0.5315 1.4508 0.025, 0.4528 1.4508 0.025, 0.5315 1.4315 0.0332, 0.4528 1.4315 0.0332, 0.5315 1.415 0.046, 0.4528 1.415 0.046, 0.5315 1.4024 0.0626, 0.4528 1.4024 0.0626, 0.5315 1.3944 0.0819, 0.4528 1.3944 0.0819, 0.5315 1.3917 0.1026, 0.4528 1.3917 0.1026, 0.4528 1.3917 0.3394, 0.4331 1.3917 0.3394, 0.4331 1.3917 0.6478, 0.5512 1.3917 0.6478, 0.5512 1.3917 0.3394, 0.5315 1.3917 0.3394, 0.4331 1.3891 0.6751, 0.5512 1.3891 0.6751, 0.4331 1.3811 0.7012, 0.5512 1.3811 0.7012, 0.4331 1.3682 0.7254, 0.5512 1.3682 0.7254, 0.4331 1.3509 0.7465, 0.5512 1.3509 0.7465, 0.4331 1.3297 0.7639, 0.5512 1.3297 0.7639, 0.4331 1.3056 0.7768, 0.5512 1.3056 0.7768, 0.4331 1.2794 0.7847, 0.5512 1.2794 0.7847, 0.4331 1.2521 0.7874, 0.5512 1.2521 0.7874, 0.5512 0.9095 0.7874, 0.4331 0.9095 0.7874, 0.5512 0.9095 0.7283, 0.4331 0.9095 0.7283, 0.5512 1.2521 0.7283, 0.4331 1.2521 0.7283, 0.5512 1.273 0.7256, 0.4331 1.273 0.7256, 0.5512 1.2924 0.7176, 0.4331 1.2924 0.7176, 0.5512 1.3091 0.7048, 0.4331 1.3091 0.7048, 0.5512 1.3219 0.6881, 0.4331 1.3219 0.6881, 0.5512 1.3299 0.6687, 0.4331 1.3299 0.6687, 0.1122 0.9803 0.0394, 0.2028 0.9803 0.0394, 0.1122 1.0394 0.0394, 0.2028 1.0394 0.0394, 0.1122 0.9803 -0.6496, 0.1122 1.0394 -0.6496, 0.1328 0.9803 -0.7874, 0.1328 1.0394 -0.7874, 0.1822 0.9803 -0.7874, 0.1822 1.0394 -0.7874, 0.2028 0.9803 -0.6496, 0.2028 1.0394 -0.6496, -1.1476 0.9803 0.0394, -1.0571 0.9803 0.0394, -1.1476 1.0394 0.0394, -1.0571 1.0394 0.0394, -1.1476 0.9803 -0.6496, -1.1476 1.0394 -0.6496, -1.127 0.9803 -0.7874, -1.127 1.0394 -0.7874, -1.0777 0.9803 -0.7874, -1.0777 1.0394 -0.7874, -1.0571 0.9803 -0.6496, -1.0571 1.0394 -0.6496, 1.122 1.3327 0.3394, 1.1417 1.3327 0.3394, 1.1417 1.3327 0.6478, 1.0236 1.3327 0.6478, 1.0236 1.3327 0.3394, 1.0433 1.3327 0.3394, 1.0433 1.3327 0.1026, 1.122 1.3327 0.1026, 1.0433 1.3351 0.0768, 1.122 1.3351 0.0768, 1.0433 1.3422 0.0519, 1.122 1.3422 0.0519, 1.0433 1.3538 0.0288, 1.122 1.3538 0.0288, 1.0433 1.3695 0.0082, 1.122 1.3695 0.0082, 1.0433 1.3887 -0.0092, 1.122 1.3887 -0.0092, 1.0433 1.4108 -0.0227, 1.122 1.4108 -0.0227, 1.0433 1.435 -0.0319, 1.122 1.435 -0.0319, 1.122 1.6043 -0.0787, 1.0433 1.6043 -0.0787, 1.122 1.6201 -0.0218, 1.0433 1.6201 -0.0218, 1.122 1.4508 0.025, 1.0433 1.4508 0.025, 1.122 1.4315 0.0332, 1.0433 1.4315 0.0332, 1.122 1.415 0.046, 1.0433 1.415 0.046, 1.122 1.4024 0.0626, 1.0433 1.4024 0.0626, 1.122 1.3944 0.0819, 1.0433 1.3944 0.0819, 1.122 1.3917 0.1026, 1.0433 1.3917 0.1026, 1.0433 1.3917 0.3394, 1.0236 1.3917 0.3394, 1.0236 1.3917 0.6478, 1.1417 1.3917 0.6478, 1.1417 1.3917 0.3394, 1.122 1.3917 0.3394, 1.0236 1.3891 0.6751, 1.1417 1.3891 0.6751, 1.0236 1.3811 0.7012, 1.1417 1.3811 0.7012, 1.0236 1.3682 0.7254, 1.1417 1.3682 0.7254, 1.0236 1.3509 0.7465, 1.1417 1.3509 0.7465, 1.0236 1.3297 0.7639, 1.1417 1.3297 0.7639, 1.0236 1.3056 0.7768, 1.1417 1.3056 0.7768, 1.0236 1.2794 0.7847, 1.1417 1.2794 0.7847, 1.0236 1.2521 0.7874, 1.1417 1.2521 0.7874, 1.1417 0.9095 0.7874, 1.0236 0.9095 0.7874, 1.1417 0.9095 0.7283, 1.0236 0.9095 0.7283, 1.1417 1.2521 0.7283, 1.0236 1.2521 0.7283, 1.1417 1.273 0.7256, 1.0236 1.273 0.7256, 1.1417 1.2924 0.7176, 1.0236 1.2924 0.7176, 1.1417 1.3091 0.7048, 1.0236 1.3091 0.7048, 1.1417 1.3219 0.6881, 1.0236 1.3219 0.6881, 1.1417 1.3299 0.6687, 1.0236 1.3299 0.6687, 1.0571 0.9803 0.0394, 1.1476 0.9803 0.0394, 1.0571 1.0394 0.0394, 1.1476 1.0394 0.0394, 1.0571 0.9803 -0.6496, 1.0571 1.0394 -0.6496, 1.0777 0.9803 -0.7874, 1.0777 1.0394 -0.7874, 1.127 0.9803 -0.7874, 1.127 1.0394 -0.7874, 1.1476 0.9803 -0.6496, 1.1476 1.0394 -0.6496
            ]
        }
        coordIndex [
            0,1,2,-1,3,4,5,-1,6,7,5,-1,5,7,0,-1,5,0,3,-1,3,0,2,-1,7,6,8,-1,7,8,9,-1,9,8,10,-1,9,10,11,-1,11,10,12,-1,11,12,13,-1,13,12,14,-1,13,14,15,-1,15,14,16,-1,15,16,17,-1,17,16,18,-1,17,18,19,-1,19,18,20,-1,19,20,21,-1,22,21,23,-1,23,21,20,-1,24,22,25,-1,25,22,23,-1,26,24,27,-1,27,24,25,-1,26,27,28,-1,28,27,29,-1,28,29,30,-1,30,29,31,-1,30,31,32,-1,32,31,33,-1,32,33,34,-1,34,33,35,-1,34,35,36,-1,36,35,37,-1,38,39,40,-1,41,42,43,-1,36,37,43,-1,43,37,38,-1,43,38,41,-1,41,38,40,-1,30,17,28,-1,28,17,19,-1,28,19,26,-1,26,19,21,-1,26,21,24,-1,24,21,22,-1,34,11,32,-1,32,11,13,-1,32,13,30,-1,30,13,15,-1,30,15,17,-1,43,0,36,-1,36,0,7,-1,36,7,34,-1,34,7,9,-1,34,9,11,-1,33,10,35,-1,35,10,8,-1,35,8,37,-1,37,8,6,-1,37,6,38,-1,38,6,5,-1,29,16,31,-1,31,16,14,-1,31,14,33,-1,33,14,12,-1,33,12,10,-1,25,23,27,-1,27,23,20,-1,27,20,29,-1,29,20,18,-1,29,18,16,-1,43,42,0,-1,0,42,1,-1,41,40,44,-1,41,44,45,-1,45,44,46,-1,45,46,47,-1,47,46,48,-1,47,48,49,-1,49,48,50,-1,49,50,51,-1,51,50,52,-1,51,52,53,-1,53,52,54,-1,53,54,55,-1,55,54,56,-1,55,56,57,-1,57,56,58,-1,57,58,59,-1,60,59,61,-1,61,59,58,-1,62,60,63,-1,63,60,61,-1,64,62,65,-1,65,62,63,-1,64,65,66,-1,66,65,67,-1,66,67,68,-1,68,67,69,-1,68,69,70,-1,70,69,71,-1,70,71,72,-1,72,71,73,-1,72,73,74,-1,74,73,75,-1,74,75,2,-1,2,75,3,-1,4,39,5,-1,5,39,38,-1,1,42,2,-1,2,42,41,-1,2,41,74,-1,60,62,59,-1,59,62,64,-1,59,64,57,-1,57,64,66,-1,57,66,55,-1,55,66,68,-1,41,45,74,-1,74,45,47,-1,74,47,72,-1,72,47,49,-1,72,49,70,-1,70,49,51,-1,70,51,68,-1,68,51,53,-1,68,53,55,-1,63,61,65,-1,65,61,58,-1,65,58,67,-1,39,4,40,-1,40,4,3,-1,40,3,44,-1,44,3,75,-1,44,75,46,-1,46,75,73,-1,58,56,67,-1,67,56,54,-1,67,54,69,-1,69,54,52,-1,69,52,71,-1,71,52,50,-1,71,50,73,-1,73,50,48,-1,73,48,46,-1,76,77,78,-1,78,77,79,-1,80,76,81,-1,81,76,78,-1,82,80,83,-1,83,80,81,-1,84,82,85,-1,85,82,83,-1,86,84,87,-1,87,84,85,-1,77,86,79,-1,79,86,87,-1,77,76,86,-1,86,76,80,-1,86,80,84,-1,84,80,82,-1,85,83,87,-1,87,83,81,-1,87,81,79,-1,79,81,78,-1,88,89,90,-1,90,89,91,-1,92,88,93,-1,93,88,90,-1,94,92,95,-1,95,92,93,-1,96,94,97,-1,97,94,95,-1,98,96,99,-1,99,96,97,-1,89,98,91,-1,91,98,99,-1,94,96,92,-1,92,96,98,-1,92,98,88,-1,88,98,89,-1,90,91,93,-1,93,91,99,-1,93,99,95,-1,95,99,97,-1,100,101,102,-1,103,104,105,-1,106,107,105,-1,105,107,100,-1,105,100,103,-1,103,100,102,-1,107,106,108,-1,107,108,109,-1,109,108,110,-1,109,110,111,-1,111,110,112,-1,111,112,113,-1,113,112,114,-1,113,114,115,-1,115,114,116,-1,115,116,117,-1,117,116,118,-1,117,118,119,-1,119,118,120,-1,119,120,121,-1,122,121,123,-1,123,121,120,-1,124,122,125,-1,125,122,123,-1,126,124,127,-1,127,124,125,-1,126,127,128,-1,128,127,129,-1,128,129,130,-1,130,129,131,-1,130,131,132,-1,132,131,133,-1,132,133,134,-1,134,133,135,-1,134,135,136,-1,136,135,137,-1,138,139,140,-1,141,142,143,-1,136,137,143,-1,143,137,138,-1,143,138,141,-1,141,138,140,-1,130,117,128,-1,128,117,119,-1,128,119,126,-1,126,119,121,-1,126,121,124,-1,124,121,122,-1,134,111,132,-1,132,111,113,-1,132,113,130,-1,130,113,115,-1,130,115,117,-1,143,100,136,-1,136,100,107,-1,136,107,134,-1,134,107,109,-1,134,109,111,-1,133,110,135,-1,135,110,108,-1,135,108,137,-1,137,108,106,-1,137,106,138,-1,138,106,105,-1,129,116,131,-1,131,116,114,-1,131,114,133,-1,133,114,112,-1,133,112,110,-1,125,123,127,-1,127,123,120,-1,127,120,129,-1,129,120,118,-1,129,118,116,-1,143,142,100,-1,100,142,101,-1,141,140,144,-1,141,144,145,-1,145,144,146,-1,145,146,147,-1,147,146,148,-1,147,148,149,-1,149,148,150,-1,149,150,151,-1,151,150,152,-1,151,152,153,-1,153,152,154,-1,153,154,155,-1,155,154,156,-1,155,156,157,-1,157,156,158,-1,157,158,159,-1,160,159,161,-1,161,159,158,-1,162,160,163,-1,163,160,161,-1,164,162,165,-1,165,162,163,-1,164,165,166,-1,166,165,167,-1,166,167,168,-1,168,167,169,-1,168,169,170,-1,170,169,171,-1,170,171,172,-1,172,171,173,-1,172,173,174,-1,174,173,175,-1,174,175,102,-1,102,175,103,-1,104,139,105,-1,105,139,138,-1,101,142,102,-1,102,142,141,-1,102,141,174,-1,160,162,159,-1,159,162,164,-1,159,164,157,-1,157,164,166,-1,157,166,155,-1,155,166,168,-1,141,145,174,-1,174,145,147,-1,174,147,172,-1,172,147,149,-1,172,149,170,-1,170,149,151,-1,170,151,168,-1,168,151,153,-1,168,153,155,-1,163,161,165,-1,165,161,158,-1,165,158,167,-1,139,104,140,-1,140,104,103,-1,140,103,144,-1,144,103,175,-1,144,175,146,-1,146,175,173,-1,158,156,167,-1,167,156,154,-1,167,154,169,-1,169,154,152,-1,169,152,171,-1,171,152,150,-1,171,150,173,-1,173,150,148,-1,173,148,146,-1,176,177,178,-1,178,177,179,-1,180,176,181,-1,181,176,178,-1,182,180,183,-1,183,180,181,-1,184,182,185,-1,185,182,183,-1,186,184,187,-1,187,184,185,-1,177,186,179,-1,179,186,187,-1,177,176,186,-1,186,176,180,-1,186,180,184,-1,184,180,182,-1,185,183,187,-1,187,183,181,-1,187,181,179,-1,179,181,178,-1,
        ]
    }
}
Shape{
    appearance Appearance {
        material  Material 	{
            diffuseColor 1.0 0.8117647058823529 0.5019607843137255
            specularColor 1.0 0.8117647058823529 0.5019607843137255
            ambientIntensity 0.8327
            transparency 0.0
            shininess 0.5
        }
    }
    geometry IndexedFaceSet {
        ccw TRUE
        solid FALSE
        coord DEF co Coordinate {
            point [
                -0.3346 -1.8268 0.7008, -0.3346 -1.0492 0.7008, -0.3346 -1.8268 0.6417, -0.3346 -1.0492 0.6417, -0.3197 -1.9154 0.6713, -0.3197 -1.9154 0.6417, -0.2709 -1.9154 0.6713, -0.2709 -1.9154 0.6417, -0.2559 -1.8268 0.7008, -0.2559 -1.8268 0.6417, -0.2559 -1.0492 0.7008, -0.2559 -1.0492 0.6417, -0.1378 -1.8268 0.7008, -0.1378 -1.0492 0.7008, -0.1378 -1.8268 0.6417, -0.1378 -1.0492 0.6417, -0.1228 -1.9154 0.6713, -0.1228 -1.9154 0.6417, -0.074 -1.9154 0.6713, -0.074 -1.9154 0.6417, -0.0591 -1.8268 0.7008, -0.0591 -1.8268 0.6417, -0.0591 -1.0492 0.7008, -0.0591 -1.0492 0.6417, -0.9252 -1.0492 0.3858, -0.9252 -1.8268 0.3858, -0.9252 -1.0492 0.4449, -0.9252 -1.8268 0.4449, -0.9102 -1.9154 0.4449, -0.9102 -1.9154 0.4154, -0.8614 -1.9154 0.4449, -0.8614 -1.9154 0.4154, -0.8465 -1.8268 0.4449, -0.8465 -1.8268 0.3858, -0.8465 -1.0492 0.3858, -0.8465 -1.0492 0.4449
            ]
        }
        coordIndex [
            0,1,2,-1,2,1,3,-1,0,2,4,-1,4,2,5,-1,4,5,6,-1,6,5,7,-1,6,7,8,-1,8,7,9,-1,10,8,11,-1,11,8,9,-1,1,10,3,-1,3,10,11,-1,10,1,8,-1,8,1,0,-1,3,11,2,-1,2,11,9,-1,2,9,5,-1,5,9,7,-1,8,0,6,-1,6,0,4,-1,12,13,14,-1,14,13,15,-1,12,14,16,-1,16,14,17,-1,16,17,18,-1,18,17,19,-1,18,19,20,-1,20,19,21,-1,22,20,23,-1,23,20,21,-1,13,22,15,-1,15,22,23,-1,22,13,20,-1,20,13,12,-1,19,17,21,-1,21,17,14,-1,21,14,23,-1,23,14,15,-1,20,12,18,-1,18,12,16,-1,24,25,26,-1,26,25,27,-1,27,25,28,-1,28,25,29,-1,28,29,30,-1,30,29,31,-1,30,31,32,-1,32,31,33,-1,33,34,32,-1,32,34,35,-1,34,24,35,-1,35,24,26,-1,24,34,25,-1,25,34,33,-1,35,26,32,-1,32,26,27,-1,32,27,30,-1,30,27,28,-1,25,33,29,-1,29,33,31,-1,
        ]
    }
}
Shape{
    appearance Appearance {
        material  Material 	{
            diffuseColor 0.7529411764705882 0.7529411764705882 0.7529411764705882
            specularColor 0.3764705882352941 0.3764705882352941 0.3764705882352941
            ambientIntensity 0.7529
            transparency 0.0
            shininess 0.5
        }
    }
    geometry IndexedFaceSet {
        ccw TRUE
        solid FALSE
        coord DEF co Coordinate {
            point [
                0.7421 0.9803 0.0394, 0.8327 0.9803 0.0394, 0.7421 1.0394 0.0394, 0.8327 1.0394 0.0394, 0.7421 0.9803 -0.6496, 0.7421 1.0394 -0.6496, 0.7627 0.9803 -0.7874, 0.7627 1.0394 -0.7874, 0.8121 0.9803 -0.7874, 0.8121 1.0394 -0.7874, 0.8327 0.9803 -0.6496, 0.8327 1.0394 -0.6496, 0.9252 1.3327 0.3394, 0.9449 1.3327 0.3394, 0.9449 1.3327 0.6478, 0.8268 1.3327 0.6478, 0.8268 1.3327 0.3394, 0.8465 1.3327 0.3394, 0.8465 1.3327 0.1026, 0.9252 1.3327 0.1026, 0.8465 1.3351 0.0768, 0.9252 1.3351 0.0768, 0.8465 1.3422 0.0519, 0.9252 1.3422 0.0519, 0.8465 1.3538 0.0288, 0.9252 1.3538 0.0288, 0.8465 1.3695 0.0082, 0.9252 1.3695 0.0082, 0.8465 1.3887 -0.0092, 0.9252 1.3887 -0.0092, 0.8465 1.4108 -0.0227, 0.9252 1.4108 -0.0227, 0.8465 1.435 -0.0319, 0.9252 1.435 -0.0319, 0.9252 1.6043 -0.0787, 0.8465 1.6043 -0.0787, 0.9252 1.6201 -0.0218, 0.8465 1.6201 -0.0218, 0.9252 1.4508 0.025, 0.8465 1.4508 0.025, 0.9252 1.4315 0.0332, 0.8465 1.4315 0.0332, 0.9252 1.415 0.046, 0.8465 1.415 0.046, 0.9252 1.4024 0.0626, 0.8465 1.4024 0.0626, 0.9252 1.3944 0.0819, 0.8465 1.3944 0.0819, 0.9252 1.3917 0.1026, 0.8465 1.3917 0.1026, 0.8465 1.3917 0.3394, 0.8268 1.3917 0.3394, 0.8268 1.3917 0.6478, 0.9449 1.3917 0.6478, 0.9449 1.3917 0.3394, 0.9252 1.3917 0.3394, 0.8268 1.3891 0.6751, 0.9449 1.3891 0.6751, 0.8268 1.3811 0.7012, 0.9449 1.3811 0.7012, 0.8268 1.3682 0.7254, 0.9449 1.3682 0.7254, 0.8268 1.3509 0.7465, 0.9449 1.3509 0.7465, 0.8268 1.3297 0.7639, 0.9449 1.3297 0.7639, 0.8268 1.3056 0.7768, 0.9449 1.3056 0.7768, 0.8268 1.2794 0.7847, 0.9449 1.2794 0.7847, 0.8268 1.2521 0.7874, 0.9449 1.2521 0.7874, 0.9449 0.9095 0.7874, 0.8268 0.9095 0.7874, 0.9449 0.9095 0.7283, 0.8268 0.9095 0.7283, 0.9449 1.2521 0.7283, 0.8268 1.2521 0.7283, 0.9449 1.273 0.7256, 0.8268 1.273 0.7256, 0.9449 1.2924 0.7176, 0.8268 1.2924 0.7176, 0.9449 1.3091 0.7048, 0.8268 1.3091 0.7048, 0.9449 1.3219 0.6881, 0.8268 1.3219 0.6881, 0.9449 1.3299 0.6687, 0.8268 1.3299 0.6687
            ]
        }
        coordIndex [
            0,1,2,-1,2,1,3,-1,4,0,5,-1,5,0,2,-1,6,4,7,-1,7,4,5,-1,8,6,9,-1,9,6,7,-1,10,8,11,-1,11,8,9,-1,1,10,3,-1,3,10,11,-1,6,8,4,-1,4,8,10,-1,4,10,0,-1,0,10,1,-1,2,3,5,-1,5,3,11,-1,5,11,7,-1,7,11,9,-1,12,13,14,-1,15,16,17,-1,18,19,17,-1,17,19,12,-1,17,12,15,-1,15,12,14,-1,19,18,20,-1,19,20,21,-1,21,20,22,-1,21,22,23,-1,23,22,24,-1,23,24,25,-1,25,24,26,-1,25,26,27,-1,27,26,28,-1,27,28,29,-1,29,28,30,-1,29,30,31,-1,31,30,32,-1,31,32,33,-1,34,33,35,-1,35,33,32,-1,36,34,37,-1,37,34,35,-1,38,36,39,-1,39,36,37,-1,38,39,40,-1,40,39,41,-1,40,41,42,-1,42,41,43,-1,42,43,44,-1,44,43,45,-1,44,45,46,-1,46,45,47,-1,46,47,48,-1,48,47,49,-1,50,51,52,-1,53,54,55,-1,48,49,55,-1,55,49,50,-1,55,50,53,-1,53,50,52,-1,42,29,40,-1,40,29,31,-1,40,31,38,-1,38,31,33,-1,38,33,36,-1,36,33,34,-1,46,23,44,-1,44,23,25,-1,44,25,42,-1,42,25,27,-1,42,27,29,-1,55,12,48,-1,48,12,19,-1,48,19,46,-1,46,19,21,-1,46,21,23,-1,45,22,47,-1,47,22,20,-1,47,20,49,-1,49,20,18,-1,49,18,50,-1,50,18,17,-1,41,28,43,-1,43,28,26,-1,43,26,45,-1,45,26,24,-1,45,24,22,-1,37,35,39,-1,39,35,32,-1,39,32,41,-1,41,32,30,-1,41,30,28,-1,55,54,12,-1,12,54,13,-1,53,52,56,-1,53,56,57,-1,57,56,58,-1,57,58,59,-1,59,58,60,-1,59,60,61,-1,61,60,62,-1,61,62,63,-1,63,62,64,-1,63,64,65,-1,65,64,66,-1,65,66,67,-1,67,66,68,-1,67,68,69,-1,69,68,70,-1,69,70,71,-1,72,71,73,-1,73,71,70,-1,74,72,75,-1,75,72,73,-1,76,74,77,-1,77,74,75,-1,76,77,78,-1,78,77,79,-1,78,79,80,-1,80,79,81,-1,80,81,82,-1,82,81,83,-1,82,83,84,-1,84,83,85,-1,84,85,86,-1,86,85,87,-1,86,87,14,-1,14,87,15,-1,16,51,17,-1,17,51,50,-1,13,54,14,-1,14,54,53,-1,14,53,86,-1,72,74,71,-1,71,74,76,-1,71,76,69,-1,69,76,78,-1,69,78,67,-1,67,78,80,-1,53,57,86,-1,86,57,59,-1,86,59,84,-1,84,59,61,-1,84,61,82,-1,82,61,63,-1,82,63,80,-1,80,63,65,-1,80,65,67,-1,75,73,77,-1,77,73,70,-1,77,70,79,-1,51,16,52,-1,52,16,15,-1,52,15,56,-1,56,15,87,-1,56,87,58,-1,58,87,85,-1,70,68,79,-1,79,68,66,-1,79,66,81,-1,81,66,64,-1,81,64,83,-1,83,64,62,-1,83,62,85,-1,85,62,60,-1,85,60,58,-1,
        ]
    }
}
Shape{
    appearance Appearance {
        material  Material 	{
            diffuseColor 1.0 0.8117647058823529 0.5019607843137255
            specularColor 1.0 0.8117647058823529 0.5019607843137255
            ambientIntensity 0.8327
            transparency 0.0
            shininess 0.5
        }
    }
    geometry IndexedFaceSet {
        ccw TRUE
        solid FALSE
        coord DEF co Coordinate {
            point [
                0.6496 -1.8268 0.7008, 0.6496 -1.0492 0.7008, 0.6496 -1.8268 0.6417, 0.6496 -1.0492 0.6417, 0.6646 -1.9154 0.6713, 0.6646 -1.9154 0.6417, 0.7134 -1.9154 0.6713, 0.7134 -1.9154 0.6417, 0.7283 -1.8268 0.7008, 0.7283 -1.8268 0.6417, 0.7283 -1.0492 0.7008, 0.7283 -1.0492 0.6417, 0.2559 -1.0492 0.3858, 0.2559 -1.8268 0.3858, 0.2559 -1.0492 0.4449, 0.2559 -1.8268 0.4449, 0.2709 -1.9154 0.4449, 0.2709 -1.9154 0.4154, 0.3197 -1.9154 0.4449, 0.3197 -1.9154 0.4154, 0.3346 -1.8268 0.4449, 0.3346 -1.8268 0.3858, 0.3346 -1.0492 0.3858, 0.3346 -1.0492 0.4449
            ]
        }
        coordIndex [
            0,1,2,-1,2,1,3,-1,0,2,4,-1,4,2,5,-1,4,5,6,-1,6,5,7,-1,6,7,8,-1,8,7,9,-1,10,8,11,-1,11,8,9,-1,1,10,3,-1,3,10,11,-1,10,1,8,-1,8,1,0,-1,7,5,9,-1,9,5,2,-1,9,2,11,-1,11,2,3,-1,8,0,6,-1,6,0,4,-1,12,13,14,-1,14,13,15,-1,15,13,16,-1,16,13,17,-1,16,17,18,-1,18,17,19,-1,18,19,20,-1,20,19,21,-1,21,22,20,-1,20,22,23,-1,22,12,23,-1,23,12,14,-1,12,22,13,-1,13,22,21,-1,23,14,20,-1,20,14,15,-1,20,15,18,-1,18,15,16,-1,13,21,17,-1,17,21,19,-1,
        ]
    }
}
Shape{
    appearance Appearance {
        material  Material 	{
            diffuseColor 0.7529411764705882 0.7529411764705882 0.7529411764705882
            specularColor 0.3764705882352941 0.3764705882352941 0.3764705882352941
            ambientIntensity 0.7529
            transparency 0.0
            shininess 0.5
        }
    }
    geometry IndexedFaceSet {
        ccw TRUE
        solid FALSE
        coord DEF co Coordinate {
            point [
                0.8996 0.7047 0.0394, 0.9902 0.7047 0.0394, 0.8996 0.7638 0.0394, 0.9902 0.7638 0.0394, 0.8996 0.7047 -0.6496, 0.8996 0.7638 -0.6496, 0.9202 0.7047 -0.7874, 0.9202 0.7638 -0.7874, 0.9696 0.7047 -0.7874, 0.9696 0.7638 -0.7874, 0.9902 0.7047 -0.6496, 0.9902 0.7638 -0.6496, -0.2028 0.9803 0.0394, -0.1122 0.9803 0.0394, -0.2028 1.0394 0.0394, -0.1122 1.0394 0.0394, -0.2028 0.9803 -0.6496, -0.2028 1.0394 -0.6496, -0.1822 0.9803 -0.7874, -0.1822 1.0394 -0.7874, -0.1328 0.9803 -0.7874, -0.1328 1.0394 -0.7874, -0.1122 0.9803 -0.6496, -0.1122 1.0394 -0.6496, -0.8465 1.3327 0.3394, -0.8268 1.3327 0.3394, -0.8268 1.3327 0.6478, -0.9449 1.3327 0.6478, -0.9449 1.3327 0.3394, -0.9252 1.3327 0.3394, -0.9252 1.3327 0.1026, -0.8465 1.3327 0.1026, -0.9252 1.3351 0.0768, -0.8465 1.3351 0.0768, -0.9252 1.3422 0.0519, -0.8465 1.3422 0.0519, -0.9252 1.3538 0.0288, -0.8465 1.3538 0.0288, -0.9252 1.3695 0.0082, -0.8465 1.3695 0.0082, -0.9252 1.3887 -0.0092, -0.8465 1.3887 -0.0092, -0.9252 1.4108 -0.0227, -0.8465 1.4108 -0.0227, -0.9252 1.435 -0.0319, -0.8465 1.435 -0.0319, -0.8465 1.6043 -0.0787, -0.9252 1.6043 -0.0787, -0.8465 1.6201 -0.0218, -0.9252 1.6201 -0.0218, -0.8465 1.4508 0.025, -0.9252 1.4508 0.025, -0.8465 1.4315 0.0332, -0.9252 1.4315 0.0332, -0.8465 1.415 0.046, -0.9252 1.415 0.046, -0.8465 1.4024 0.0626, -0.9252 1.4024 0.0626, -0.8465 1.3944 0.0819, -0.9252 1.3944 0.0819, -0.8465 1.3917 0.1026, -0.9252 1.3917 0.1026, -0.9252 1.3917 0.3394, -0.9449 1.3917 0.3394, -0.9449 1.3917 0.6478, -0.8268 1.3917 0.6478, -0.8268 1.3917 0.3394, -0.8465 1.3917 0.3394, -0.9449 1.3891 0.6751, -0.8268 1.3891 0.6751, -0.9449 1.3811 0.7012, -0.8268 1.3811 0.7012, -0.9449 1.3682 0.7254, -0.8268 1.3682 0.7254, -0.9449 1.3509 0.7465, -0.8268 1.3509 0.7465, -0.9449 1.3297 0.7639, -0.8268 1.3297 0.7639, -0.9449 1.3056 0.7768, -0.8268 1.3056 0.7768, -0.9449 1.2794 0.7847, -0.8268 1.2794 0.7847, -0.9449 1.2521 0.7874, -0.8268 1.2521 0.7874, -0.8268 0.9095 0.7874, -0.9449 0.9095 0.7874, -0.8268 0.9095 0.7283, -0.9449 0.9095 0.7283, -0.8268 1.2521 0.7283, -0.9449 1.2521 0.7283, -0.8268 1.273 0.7256, -0.9449 1.273 0.7256, -0.8268 1.2924 0.7176, -0.9449 1.2924 0.7176, -0.8268 1.3091 0.7048, -0.9449 1.3091 0.7048, -0.8268 1.3219 0.6881, -0.9449 1.3219 0.6881, -0.8268 1.3299 0.6687, -0.9449 1.3299 0.6687, 0.5846 0.7047 0.0394, 0.6752 0.7047 0.0394, 0.5846 0.7638 0.0394, 0.6752 0.7638 0.0394, 0.5846 0.7047 -0.6496, 0.5846 0.7638 -0.6496, 0.6052 0.7047 -0.7874, 0.6052 0.7638 -0.7874, 0.6546 0.7047 -0.7874, 0.6546 0.7638 -0.7874, 0.6752 0.7047 -0.6496, 0.6752 0.7638 -0.6496, -0.6752 0.7047 0.0394, -0.5846 0.7047 0.0394, -0.6752 0.7638 0.0394, -0.5846 0.7638 0.0394, -0.6752 0.7047 -0.6496, -0.6752 0.7638 -0.6496, -0.6546 0.7047 -0.7874, -0.6546 0.7638 -0.7874, -0.6052 0.7047 -0.7874, -0.6052 0.7638 -0.7874, -0.5846 0.7047 -0.6496, -0.5846 0.7638 -0.6496
            ]
        }
        coordIndex [
            0,1,2,-1,2,1,3,-1,4,0,5,-1,5,0,2,-1,6,4,7,-1,7,4,5,-1,8,6,9,-1,9,6,7,-1,10,8,11,-1,11,8,9,-1,1,10,3,-1,3,10,11,-1,1,0,10,-1,10,0,4,-1,10,4,8,-1,8,4,6,-1,9,7,11,-1,11,7,5,-1,11,5,3,-1,3,5,2,-1,12,13,14,-1,14,13,15,-1,16,12,17,-1,17,12,14,-1,18,16,19,-1,19,16,17,-1,20,18,21,-1,21,18,19,-1,22,20,23,-1,23,20,21,-1,13,22,15,-1,15,22,23,-1,18,20,16,-1,16,20,22,-1,16,22,12,-1,12,22,13,-1,14,15,17,-1,17,15,23,-1,17,23,19,-1,19,23,21,-1,24,25,26,-1,27,28,29,-1,30,31,29,-1,29,31,24,-1,29,24,27,-1,27,24,26,-1,31,30,32,-1,31,32,33,-1,33,32,34,-1,33,34,35,-1,35,34,36,-1,35,36,37,-1,37,36,38,-1,37,38,39,-1,39,38,40,-1,39,40,41,-1,41,40,42,-1,41,42,43,-1,43,42,44,-1,43,44,45,-1,46,45,47,-1,47,45,44,-1,48,46,49,-1,49,46,47,-1,50,48,51,-1,51,48,49,-1,50,51,52,-1,52,51,53,-1,52,53,54,-1,54,53,55,-1,54,55,56,-1,56,55,57,-1,56,57,58,-1,58,57,59,-1,58,59,60,-1,60,59,61,-1,62,63,64,-1,65,66,67,-1,60,61,67,-1,67,61,62,-1,67,62,65,-1,65,62,64,-1,54,41,52,-1,52,41,43,-1,52,43,50,-1,50,43,45,-1,50,45,48,-1,48,45,46,-1,58,35,56,-1,56,35,37,-1,56,37,54,-1,54,37,39,-1,54,39,41,-1,67,24,60,-1,60,24,31,-1,60,31,58,-1,58,31,33,-1,58,33,35,-1,57,34,59,-1,59,34,32,-1,59,32,61,-1,61,32,30,-1,61,30,62,-1,62,30,29,-1,53,40,55,-1,55,40,38,-1,55,38,57,-1,57,38,36,-1,57,36,34,-1,49,47,51,-1,51,47,44,-1,51,44,53,-1,53,44,42,-1,53,42,40,-1,67,66,24,-1,24,66,25,-1,65,64,68,-1,65,68,69,-1,69,68,70,-1,69,70,71,-1,71,70,72,-1,71,72,73,-1,73,72,74,-1,73,74,75,-1,75,74,76,-1,75,76,77,-1,77,76,78,-1,77,78,79,-1,79,78,80,-1,79,80,81,-1,81,80,82,-1,81,82,83,-1,84,83,85,-1,85,83,82,-1,86,84,87,-1,87,84,85,-1,88,86,89,-1,89,86,87,-1,88,89,90,-1,90,89,91,-1,90,91,92,-1,92,91,93,-1,92,93,94,-1,94,93,95,-1,94,95,96,-1,96,95,97,-1,96,97,98,-1,98,97,99,-1,98,99,26,-1,26,99,27,-1,28,63,29,-1,29,63,62,-1,25,66,26,-1,26,66,65,-1,26,65,98,-1,84,86,83,-1,83,86,88,-1,83,88,81,-1,81,88,90,-1,81,90,79,-1,79,90,92,-1,65,69,98,-1,98,69,71,-1,98,71,96,-1,96,71,73,-1,96,73,94,-1,94,73,75,-1,94,75,92,-1,92,75,77,-1,92,77,79,-1,87,85,89,-1,89,85,82,-1,89,82,91,-1,63,28,64,-1,64,28,27,-1,64,27,68,-1,68,27,99,-1,68,99,70,-1,70,99,97,-1,82,80,91,-1,91,80,78,-1,91,78,93,-1,93,78,76,-1,93,76,95,-1,95,76,74,-1,95,74,97,-1,97,74,72,-1,97,72,70,-1,100,101,102,-1,102,101,103,-1,104,100,105,-1,105,100,102,-1,106,104,107,-1,107,104,105,-1,108,106,109,-1,109,106,107,-1,110,108,111,-1,111,108,109,-1,101,110,103,-1,103,110,111,-1,106,108,104,-1,104,108,110,-1,104,110,100,-1,100,110,101,-1,109,107,111,-1,111,107,105,-1,111,105,103,-1,103,105,102,-1,112,113,114,-1,114,113,115,-1,116,112,117,-1,117,112,114,-1,118,116,119,-1,119,116,117,-1,120,118,121,-1,121,118,119,-1,122,120,123,-1,123,120,121,-1,113,122,115,-1,115,122,123,-1,118,120,116,-1,116,120,122,-1,116,122,112,-1,112,122,113,-1,121,119,123,-1,123,119,117,-1,123,117,115,-1,115,117,114,-1,
        ]
    }
}
Shape{
    appearance Appearance {
        material  Material 	{
            diffuseColor 1.0 0.8117647058823529 0.5019607843137255
            specularColor 1.0 0.8117647058823529 0.5019607843137255
            ambientIntensity 0.8327
            transparency 0.0
            shininess 0.5
        }
    }
    geometry IndexedFaceSet {
        ccw TRUE
        solid FALSE
        coord DEF co Coordinate {
            point [
                0.2559 -1.8268 0.7008, 0.2559 -1.0492 0.7008, 0.2559 -1.8268 0.6417, 0.2559 -1.0492 0.6417, 0.2709 -1.9154 0.6713, 0.2709 -1.9154 0.6417, 0.3197 -1.9154 0.6713, 0.3197 -1.9154 0.6417, 0.3346 -1.8268 0.7008, 0.3346 -1.8268 0.6417, 0.3346 -1.0492 0.7008, 0.3346 -1.0492 0.6417
            ]
        }
        coordIndex [
            0,1,2,-1,2,1,3,-1,0,2,4,-1,4,2,5,-1,4,5,6,-1,6,5,7,-1,6,7,8,-1,8,7,9,-1,10,8,11,-1,11,8,9,-1,1,10,3,-1,3,10,11,-1,10,1,8,-1,8,1,0,-1,7,5,9,-1,9,5,2,-1,9,2,11,-1,11,2,3,-1,8,0,6,-1,6,0,4,-1,
        ]
    }
}
Shape{
    appearance Appearance {
        material  Material 	{
            diffuseColor 0.7529411764705882 0.7529411764705882 0.7529411764705882
            specularColor 0.3764705882352941 0.3764705882352941 0.3764705882352941
            ambientIntensity 0.7529
            transparency 0.0
            shininess 0.5
        }
    }
    geometry IndexedFaceSet {
        ccw TRUE
        solid FALSE
        coord DEF co Coordinate {
            point [
                -0.6496 1.3327 0.3394, -0.6299 1.3327 0.3394, -0.6299 1.3327 0.6478, -0.748 1.3327 0.6478, -0.748 1.3327 0.3394, -0.7283 1.3327 0.3394, -0.7283 1.3327 0.1026, -0.6496 1.3327 0.1026, -0.7283 1.3351 0.0768, -0.6496 1.3351 0.0768, -0.7283 1.3422 0.0519, -0.6496 1.3422 0.0519, -0.7283 1.3538 0.0288, -0.6496 1.3538 0.0288, -0.7283 1.3695 0.0082, -0.6496 1.3695 0.0082, -0.7283 1.3887 -0.0092, -0.6496 1.3887 -0.0092, -0.7283 1.4108 -0.0227, -0.6496 1.4108 -0.0227, -0.7283 1.435 -0.0319, -0.6496 1.435 -0.0319, -0.6496 1.6043 -0.0787, -0.7283 1.6043 -0.0787, -0.6496 1.6201 -0.0218, -0.7283 1.6201 -0.0218, -0.6496 1.4508 0.025, -0.7283 1.4508 0.025, -0.6496 1.4315 0.0332, -0.7283 1.4315 0.0332, -0.6496 1.415 0.046, -0.7283 1.415 0.046, -0.6496 1.4024 0.0626, -0.7283 1.4024 0.0626, -0.6496 1.3944 0.0819, -0.7283 1.3944 0.0819, -0.6496 1.3917 0.1026, -0.7283 1.3917 0.1026, -0.7283 1.3917 0.3394, -0.748 1.3917 0.3394, -0.748 1.3917 0.6478, -0.6299 1.3917 0.6478, -0.6299 1.3917 0.3394, -0.6496 1.3917 0.3394, -0.748 1.3891 0.6751, -0.6299 1.3891 0.6751, -0.748 1.3811 0.7012, -0.6299 1.3811 0.7012, -0.748 1.3682 0.7254, -0.6299 1.3682 0.7254, -0.748 1.3509 0.7465, -0.6299 1.3509 0.7465, -0.748 1.3297 0.7639, -0.6299 1.3297 0.7639, -0.748 1.3056 0.7768, -0.6299 1.3056 0.7768, -0.748 1.2794 0.7847, -0.6299 1.2794 0.7847, -0.748 1.2521 0.7874, -0.6299 1.2521 0.7874, -0.6299 0.9095 0.7874, -0.748 0.9095 0.7874, -0.6299 0.9095 0.7283, -0.748 0.9095 0.7283, -0.6299 1.2521 0.7283, -0.748 1.2521 0.7283, -0.6299 1.273 0.7256, -0.748 1.273 0.7256, -0.6299 1.2924 0.7176, -0.748 1.2924 0.7176, -0.6299 1.3091 0.7048, -0.748 1.3091 0.7048, -0.6299 1.3219 0.6881, -0.748 1.3219 0.6881, -0.6299 1.3299 0.6687, -0.748 1.3299 0.6687
            ]
        }
        coordIndex [
            0,1,2,-1,3,4,5,-1,6,7,5,-1,5,7,0,-1,5,0,3,-1,3,0,2,-1,7,6,8,-1,7,8,9,-1,9,8,10,-1,9,10,11,-1,11,10,12,-1,11,12,13,-1,13,12,14,-1,13,14,15,-1,15,14,16,-1,15,16,17,-1,17,16,18,-1,17,18,19,-1,19,18,20,-1,19,20,21,-1,22,21,23,-1,23,21,20,-1,24,22,25,-1,25,22,23,-1,26,24,27,-1,27,24,25,-1,26,27,28,-1,28,27,29,-1,28,29,30,-1,30,29,31,-1,30,31,32,-1,32,31,33,-1,32,33,34,-1,34,33,35,-1,34,35,36,-1,36,35,37,-1,38,39,40,-1,41,42,43,-1,36,37,43,-1,43,37,38,-1,43,38,41,-1,41,38,40,-1,30,17,28,-1,28,17,19,-1,28,19,26,-1,26,19,21,-1,26,21,24,-1,24,21,22,-1,34,11,32,-1,32,11,13,-1,32,13,30,-1,30,13,15,-1,30,15,17,-1,43,0,36,-1,36,0,7,-1,36,7,34,-1,34,7,9,-1,34,9,11,-1,33,10,35,-1,35,10,8,-1,35,8,37,-1,37,8,6,-1,37,6,38,-1,38,6,5,-1,29,16,31,-1,31,16,14,-1,31,14,33,-1,33,14,12,-1,33,12,10,-1,25,23,27,-1,27,23,20,-1,27,20,29,-1,29,20,18,-1,29,18,16,-1,43,42,0,-1,0,42,1,-1,41,40,44,-1,41,44,45,-1,45,44,46,-1,45,46,47,-1,47,46,48,-1,47,48,49,-1,49,48,50,-1,49,50,51,-1,51,50,52,-1,51,52,53,-1,53,52,54,-1,53,54,55,-1,55,54,56,-1,55,56,57,-1,57,56,58,-1,57,58,59,-1,60,59,61,-1,61,59,58,-1,62,60,63,-1,63,60,61,-1,64,62,65,-1,65,62,63,-1,64,65,66,-1,66,65,67,-1,66,67,68,-1,68,67,69,-1,68,69,70,-1,70,69,71,-1,70,71,72,-1,72,71,73,-1,72,73,74,-1,74,73,75,-1,74,75,2,-1,2,75,3,-1,4,39,5,-1,5,39,38,-1,1,42,2,-1,2,42,41,-1,2,41,74,-1,60,62,59,-1,59,62,64,-1,59,64,57,-1,57,64,66,-1,57,66,55,-1,55,66,68,-1,41,45,74,-1,74,45,47,-1,74,47,72,-1,72,47,49,-1,72,49,70,-1,70,49,51,-1,70,51,68,-1,68,51,53,-1,68,53,55,-1,63,61,65,-1,65,61,58,-1,65,58,67,-1,39,4,40,-1,40,4,3,-1,40,3,44,-1,44,3,75,-1,44,75,46,-1,46,75,73,-1,58,56,67,-1,67,56,54,-1,67,54,69,-1,69,54,52,-1,69,52,71,-1,71,52,50,-1,71,50,73,-1,73,50,48,-1,73,48,46,-1,
        ]
    }
}
Shape{
    appearance Appearance {
        material  Material 	{
            diffuseColor 1.0 0.8117647058823529 0.5019607843137255
            specularColor 1.0 0.8117647058823529 0.5019607843137255
            ambientIntensity 0.8327
            transparency 0.0
            shininess 0.5
        }
    }
    geometry IndexedFaceSet {
        ccw TRUE
        solid FALSE
        coord DEF co Coordinate {
            point [
                -0.4528 -1.0492 0.7008, -0.4528 -2.0236 0.7008, -0.4528 -1.0492 0.6417, -0.4528 -2.0236 0.6417, -0.5315 -1.0492 0.7008, -0.5315 -1.0492 0.6417, -0.5315 -2.0236 0.7008, -0.5315 -2.0236 0.6417, -0.5165 -2.1122 0.6713, -0.5165 -2.1122 0.6417, -0.4677 -2.1122 0.6713, -0.4677 -2.1122 0.6417
            ]
        }
        coordIndex [
            0,1,2,-1,2,1,3,-1,4,0,5,-1,5,0,2,-1,6,4,7,-1,7,4,5,-1,6,7,8,-1,8,7,9,-1,8,9,10,-1,10,9,11,-1,10,11,1,-1,1,11,3,-1,1,0,6,-1,6,0,4,-1,11,9,3,-1,3,9,7,-1,3,7,2,-1,2,7,5,-1,1,6,10,-1,10,6,8,-1,
        ]
    }
}
Shape{
    appearance Appearance {
        material  Material 	{
            diffuseColor 0.7529411764705882 0.7529411764705882 0.7529411764705882
            specularColor 0.3764705882352941 0.3764705882352941 0.3764705882352941
            ambientIntensity 0.7529
            transparency 0.0
            shininess 0.5
        }
    }
    geometry IndexedFaceSet {
        ccw TRUE
        solid FALSE
        coord DEF co Coordinate {
            point [
                0.1378 1.3327 0.3394, 0.1575 1.3327 0.3394, 0.1575 1.3327 0.6478, 0.0394 1.3327 0.6478, 0.0394 1.3327 0.3394, 0.0591 1.3327 0.3394, 0.0591 1.3327 0.1026, 0.1378 1.3327 0.1026, 0.0591 1.3351 0.0768, 0.1378 1.3351 0.0768, 0.0591 1.3422 0.0519, 0.1378 1.3422 0.0519, 0.0591 1.3538 0.0288, 0.1378 1.3538 0.0288, 0.0591 1.3695 0.0082, 0.1378 1.3695 0.0082, 0.0591 1.3887 -0.0092, 0.1378 1.3887 -0.0092, 0.0591 1.4108 -0.0227, 0.1378 1.4108 -0.0227, 0.0591 1.435 -0.0319, 0.1378 1.435 -0.0319, 0.1378 1.6043 -0.0787, 0.0591 1.6043 -0.0787, 0.1378 1.6201 -0.0218, 0.0591 1.6201 -0.0218, 0.1378 1.4508 0.025, 0.0591 1.4508 0.025, 0.1378 1.4315 0.0332, 0.0591 1.4315 0.0332, 0.1378 1.415 0.046, 0.0591 1.415 0.046, 0.1378 1.4024 0.0626, 0.0591 1.4024 0.0626, 0.1378 1.3944 0.0819, 0.0591 1.3944 0.0819, 0.1378 1.3917 0.1026, 0.0591 1.3917 0.1026, 0.0591 1.3917 0.3394, 0.0394 1.3917 0.3394, 0.0394 1.3917 0.6478, 0.1575 1.3917 0.6478, 0.1575 1.3917 0.3394, 0.1378 1.3917 0.3394, 0.0394 1.3891 0.6751, 0.1575 1.3891 0.6751, 0.0394 1.3811 0.7012, 0.1575 1.3811 0.7012, 0.0394 1.3682 0.7254, 0.1575 1.3682 0.7254, 0.0394 1.3509 0.7465, 0.1575 1.3509 0.7465, 0.0394 1.3297 0.7639, 0.1575 1.3297 0.7639, 0.0394 1.3056 0.7768, 0.1575 1.3056 0.7768, 0.0394 1.2794 0.7847, 0.1575 1.2794 0.7847, 0.0394 1.2521 0.7874, 0.1575 1.2521 0.7874, 0.1575 0.9095 0.7874, 0.0394 0.9095 0.7874, 0.1575 0.9095 0.7283, 0.0394 0.9095 0.7283, 0.1575 1.2521 0.7283, 0.0394 1.2521 0.7283, 0.1575 1.273 0.7256, 0.0394 1.273 0.7256, 0.1575 1.2924 0.7176, 0.0394 1.2924 0.7176, 0.1575 1.3091 0.7048, 0.0394 1.3091 0.7048, 0.1575 1.3219 0.6881, 0.0394 1.3219 0.6881, 0.1575 1.3299 0.6687, 0.0394 1.3299 0.6687, -0.9902 0.7047 0.0394, -0.8996 0.7047 0.0394, -0.9902 0.7638 0.0394, -0.8996 0.7638 0.0394, -0.9902 0.7047 -0.6496, -0.9902 0.7638 -0.6496, -0.9696 0.7047 -0.7874, -0.9696 0.7638 -0.7874, -0.9202 0.7047 -0.7874, -0.9202 0.7638 -0.7874, -0.8996 0.7047 -0.6496, -0.8996 0.7638 -0.6496
            ]
        }
        coordIndex [
            0,1,2,-1,3,4,5,-1,6,7,5,-1,5,7,0,-1,5,0,3,-1,3,0,2,-1,7,6,8,-1,7,8,9,-1,9,8,10,-1,9,10,11,-1,11,10,12,-1,11,12,13,-1,13,12,14,-1,13,14,15,-1,15,14,16,-1,15,16,17,-1,17,16,18,-1,17,18,19,-1,19,18,20,-1,19,20,21,-1,22,21,23,-1,23,21,20,-1,24,22,25,-1,25,22,23,-1,26,24,27,-1,27,24,25,-1,26,27,28,-1,28,27,29,-1,28,29,30,-1,30,29,31,-1,30,31,32,-1,32,31,33,-1,32,33,34,-1,34,33,35,-1,34,35,36,-1,36,35,37,-1,38,39,40,-1,41,42,43,-1,36,37,43,-1,43,37,38,-1,43,38,41,-1,41,38,40,-1,30,17,28,-1,28,17,19,-1,28,19,26,-1,26,19,21,-1,26,21,24,-1,24,21,22,-1,34,11,32,-1,32,11,13,-1,32,13,30,-1,30,13,15,-1,30,15,17,-1,43,0,36,-1,36,0,7,-1,36,7,34,-1,34,7,9,-1,34,9,11,-1,33,10,35,-1,35,10,8,-1,35,8,37,-1,37,8,6,-1,37,6,38,-1,38,6,5,-1,29,16,31,-1,31,16,14,-1,31,14,33,-1,33,14,12,-1,33,12,10,-1,25,23,27,-1,27,23,20,-1,27,20,29,-1,29,20,18,-1,29,18,16,-1,43,42,0,-1,0,42,1,-1,41,40,44,-1,41,44,45,-1,45,44,46,-1,45,46,47,-1,47,46,48,-1,47,48,49,-1,49,48,50,-1,49,50,51,-1,51,50,52,-1,51,52,53,-1,53,52,54,-1,53,54,55,-1,55,54,56,-1,55,56,57,-1,57,56,58,-1,57,58,59,-1,60,59,61,-1,61,59,58,-1,62,60,63,-1,63,60,61,-1,64,62,65,-1,65,62,63,-1,64,65,66,-1,66,65,67,-1,66,67,68,-1,68,67,69,-1,68,69,70,-1,70,69,71,-1,70,71,72,-1,72,71,73,-1,72,73,74,-1,74,73,75,-1,74,75,2,-1,2,75,3,-1,4,39,5,-1,5,39,38,-1,1,42,2,-1,2,42,41,-1,2,41,74,-1,60,62,59,-1,59,62,64,-1,59,64,57,-1,57,64,66,-1,57,66,55,-1,55,66,68,-1,41,45,74,-1,74,45,47,-1,74,47,72,-1,72,47,49,-1,72,49,70,-1,70,49,51,-1,70,51,68,-1,68,51,53,-1,68,53,55,-1,63,61,65,-1,65,61,58,-1,65,58,67,-1,39,4,40,-1,40,4,3,-1,40,3,44,-1,44,3,75,-1,44,75,46,-1,46,75,73,-1,58,56,67,-1,67,56,54,-1,67,54,69,-1,69,54,52,-1,69,52,71,-1,71,52,50,-1,71,50,73,-1,73,50,48,-1,73,48,46,-1,76,77,78,-1,78,77,79,-1,80,76,81,-1,81,76,78,-1,82,80,83,-1,83,80,81,-1,84,82,85,-1,85,82,83,-1,86,84,87,-1,87,84,85,-1,77,86,79,-1,79,86,87,-1,82,84,80,-1,80,84,86,-1,80,86,76,-1,76,86,77,-1,78,79,81,-1,81,79,87,-1,81,87,83,-1,83,87,85,-1,
        ]
    }
}
Shape{
    appearance Appearance {
        material  Material 	{
            diffuseColor 1.0 0.8117647058823529 0.5019607843137255
            specularColor 1.0 0.8117647058823529 0.5019607843137255
            ambientIntensity 0.8327
            transparency 0.0
            shininess 0.5
        }
    }
    geometry IndexedFaceSet {
        ccw TRUE
        solid FALSE
        coord DEF co Coordinate {
            point [
                0.8465 -1.8268 0.7008, 0.8465 -1.0492 0.7008, 0.8465 -1.8268 0.6417, 0.8465 -1.0492 0.6417, 0.8614 -1.9154 0.6713, 0.8614 -1.9154 0.6417, 0.9102 -1.9154 0.6713, 0.9102 -1.9154 0.6417, 0.9252 -1.8268 0.7008, 0.9252 -1.8268 0.6417, 0.9252 -1.0492 0.7008, 0.9252 -1.0492 0.6417, -1.0433 -1.0492 0.7008, -1.0433 -2.0236 0.7008, -1.0433 -1.0492 0.6417, -1.0433 -2.0236 0.6417, -1.122 -1.0492 0.7008, -1.122 -1.0492 0.6417, -1.122 -2.0236 0.7008, -1.122 -2.0236 0.6417, -1.1071 -2.1122 0.6713, -1.1071 -2.1122 0.6417, -1.0583 -2.1122 0.6713, -1.0583 -2.1122 0.6417, 0.0591 -1.8268 0.7008, 0.0591 -1.0492 0.7008, 0.0591 -1.8268 0.6417, 0.0591 -1.0492 0.6417, 0.074 -1.9154 0.6713, 0.074 -1.9154 0.6417, 0.1228 -1.9154 0.6713, 0.1228 -1.9154 0.6417, 0.1378 -1.8268 0.7008, 0.1378 -1.8268 0.6417, 0.1378 -1.0492 0.7008, 0.1378 -1.0492 0.6417, -1.1988 -2.2894 0.5728, -1.3169 -1.9941 0.5728, -1.1988 -2.2894 0.5138, -1.3169 -1.9941 0.5138, -0.689 -2.2894 0.5728, -0.689 -2.2894 0.5138
            ]
        }
        coordIndex [
            0,1,2,-1,2,1,3,-1,0,2,4,-1,4,2,5,-1,4,5,6,-1,6,5,7,-1,6,7,8,-1,8,7,9,-1,10,8,11,-1,11,8,9,-1,1,10,3,-1,3,10,11,-1,10,1,8,-1,8,1,0,-1,3,11,2,-1,2,11,9,-1,2,9,5,-1,5,9,7,-1,8,0,6,-1,6,0,4,-1,12,13,14,-1,14,13,15,-1,16,12,17,-1,17,12,14,-1,18,16,19,-1,19,16,17,-1,18,19,20,-1,20,19,21,-1,20,21,22,-1,22,21,23,-1,22,23,13,-1,13,23,15,-1,13,12,18,-1,18,12,16,-1,23,21,15,-1,15,21,19,-1,15,19,14,-1,14,19,17,-1,13,18,22,-1,22,18,20,-1,24,25,26,-1,26,25,27,-1,24,26,28,-1,28,26,29,-1,28,29,30,-1,30,29,31,-1,30,31,32,-1,32,31,33,-1,34,32,35,-1,35,32,33,-1,25,34,27,-1,27,34,35,-1,34,25,32,-1,32,25,24,-1,31,29,33,-1,33,29,26,-1,33,26,35,-1,35,26,27,-1,32,24,30,-1,30,24,28,-1,36,37,38,-1,38,37,39,-1,40,36,41,-1,41,36,38,-1,
        ]
    }
}
Shape{
    appearance Appearance {
        material  Material 	{
            diffuseColor 0.7529411764705882 0.7529411764705882 0.7529411764705882
            specularColor 0.3764705882352941 0.3764705882352941 0.3764705882352941
            ambientIntensity 0.7529
            transparency 0.0
            shininess 0.5
        }
    }
    geometry IndexedFaceSet {
        ccw TRUE
        solid FALSE
        coord DEF co Coordinate {
            point [
                -0.689 -1.3276 0.5728, -0.689 -2.2894 0.5728, -0.689 -1.3276 0.5138, -0.689 -2.2894 0.5138
            ]
        }
        coordIndex [
            0,1,2,-1,2,1,3,-1,
        ]
    }
}
Shape{
    appearance Appearance {
        material  Material 	{
            diffuseColor 1.0 0.8117647058823529 0.5019607843137255
            specularColor 1.0 0.8117647058823529 0.5019607843137255
            ambientIntensity 0.8327
            transparency 0.0
            shininess 0.5
        }
    }
    geometry IndexedFaceSet {
        ccw TRUE
        solid FALSE
        coord DEF co Coordinate {
            point [
                -1.2185 -1.3276 0.5728, -0.689 -1.3276 0.5728, -1.2185 -1.3276 0.5138, -0.689 -1.3276 0.5138, -1.2185 -1.637 0.5728, -1.2185 -1.637 0.5138
            ]
        }
        coordIndex [
            0,1,2,-1,2,1,3,-1,4,0,5,-1,5,0,2,-1,
        ]
    }
}
Shape{
    appearance Appearance {
        material  Material 	{
            diffuseColor 0.7529411764705882 0.7529411764705882 0.7529411764705882
            specularColor 0.3764705882352941 0.3764705882352941 0.3764705882352941
            ambientIntensity 0.7529
            transparency 0.0
            shininess 0.5
        }
    }
    geometry IndexedFaceSet {
        ccw TRUE
        solid FALSE
        coord DEF co Coordinate {
            point [
                -1.2185 -1.637 0.5728, -1.2185 -1.637 0.5138, -1.2208 -1.663 0.5728, -1.2208 -1.663 0.5138, -1.2275 -1.6881 0.5728, -1.2275 -1.6881 0.5138, -1.2385 -1.7118 0.5728, -1.2385 -1.7118 0.5138, -1.2535 -1.7331 0.5728, -1.2535 -1.7331 0.5138, -1.2719 -1.7516 0.5728, -1.2719 -1.7516 0.5138, -1.2933 -1.7665 0.5728, -1.2933 -1.7665 0.5138, -1.3169 -1.7776 0.5728, -1.3169 -1.7776 0.5138, -1.3169 -1.9941 0.5728, -1.3169 -1.9941 0.5138
            ]
        }
        coordIndex [
            0,1,2,-1,2,1,3,-1,2,3,4,-1,4,3,5,-1,4,5,6,-1,6,5,7,-1,6,7,8,-1,8,7,9,-1,8,9,10,-1,10,9,11,-1,10,11,12,-1,12,11,13,-1,12,13,14,-1,14,13,15,-1,16,14,17,-1,17,14,15,-1,
        ]
    }
}
Shape{
    appearance Appearance {
        material  Material 	{
            diffuseColor 1.0 0.8117647058823529 0.5019607843137255
            specularColor 1.0 0.8117647058823529 0.5019607843137255
            ambientIntensity 0.8327
            transparency 0.0
            shininess 0.5
        }
    }
    geometry IndexedFaceSet {
        ccw TRUE
        solid FALSE
        coord DEF co Coordinate {
            point [
                -1.3169 -1.9941 0.5728, -1.1988 -2.2894 0.5728, -0.689 -2.2894 0.5728, -0.689 -1.3276 0.5728, -1.2185 -1.3276 0.5728, -1.2185 -1.637 0.5728, -1.2385 -1.7118 0.5728, -1.2535 -1.7331 0.5728, -1.2275 -1.6881 0.5728, -1.2208 -1.663 0.5728, -1.3169 -1.7776 0.5728, -1.2933 -1.7665 0.5728, -1.2719 -1.7516 0.5728
            ]
        }
        coordIndex [
            0,1,2,-1,3,4,5,-1,6,7,2,-1,6,2,8,-1,3,5,2,-1,2,5,9,-1,2,9,8,-1,10,0,11,-1,11,0,2,-1,11,2,12,-1,12,2,7,-1,
        ]
    }
}
Shape{
    appearance Appearance {
        material  Material 	{
            diffuseColor 0.7529411764705882 0.7529411764705882 0.7529411764705882
            specularColor 0.3764705882352941 0.3764705882352941 0.3764705882352941
            ambientIntensity 0.7529
            transparency 0.0
            shininess 0.5
        }
    }
    geometry IndexedFaceSet {
        ccw TRUE
        solid FALSE
        coord DEF co Coordinate {
            point [
                -1.2719 -1.7516 0.5138, -1.2535 -1.7331 0.5138, -0.689 -2.2894 0.5138, -1.2385 -1.7118 0.5138, -1.1988 -2.2894 0.5138, -1.3169 -1.9941 0.5138, -1.2275 -1.6881 0.5138, -1.2208 -1.663 0.5138, -0.689 -1.3276 0.5138, -1.2185 -1.637 0.5138, -1.2185 -1.3276 0.5138, -1.2933 -1.7665 0.5138, -1.3169 -1.7776 0.5138
            ]
        }
        coordIndex [
            0,1,2,-1,2,1,3,-1,2,4,5,-1,3,6,2,-1,2,6,7,-1,2,7,8,-1,8,7,9,-1,8,9,10,-1,0,2,11,-1,11,2,5,-1,11,5,12,-1,
        ]
    }
}
Shape{
    appearance Appearance {
        material  Material 	{
            diffuseColor 1.0 0.8117647058823529 0.5019607843137255
            specularColor 1.0 0.8117647058823529 0.5019607843137255
            ambientIntensity 0.8327
            transparency 0.0
            shininess 0.5
        }
    }
    geometry IndexedFaceSet {
        ccw TRUE
        solid FALSE
        coord DEF co Coordinate {
            point [
                -0.3346 -1.0492 0.3858, -0.3346 -1.8268 0.3858, -0.3346 -1.0492 0.4449, -0.3346 -1.8268 0.4449, -0.3197 -1.9154 0.4449, -0.3197 -1.9154 0.4154, -0.2709 -1.9154 0.4449, -0.2709 -1.9154 0.4154, -0.2559 -1.8268 0.4449, -0.2559 -1.8268 0.3858, -0.2559 -1.0492 0.3858, -0.2559 -1.0492 0.4449
            ]
        }
        coordIndex [
            0,1,2,-1,2,1,3,-1,3,1,4,-1,4,1,5,-1,4,5,6,-1,6,5,7,-1,6,7,8,-1,8,7,9,-1,9,10,8,-1,8,10,11,-1,10,0,11,-1,11,0,2,-1,0,10,1,-1,1,10,9,-1,4,6,3,-1,3,6,8,-1,3,8,2,-1,2,8,11,-1,1,9,5,-1,5,9,7,-1,
        ]
    }
}
Shape{
    appearance Appearance {
        material  Material 	{
            diffuseColor 0.7529411764705882 0.7529411764705882 0.7529411764705882
            specularColor 0.3764705882352941 0.3764705882352941 0.3764705882352941
            ambientIntensity 0.7529
            transparency 0.0
            shininess 0.5
        }
    }
    geometry IndexedFaceSet {
        ccw TRUE
        solid FALSE
        coord DEF co Coordinate {
            point [
                0.2697 0.7047 0.0394, 0.3602 0.7047 0.0394, 0.2697 0.7638 0.0394, 0.3602 0.7638 0.0394, 0.2697 0.7047 -0.6496, 0.2697 0.7638 -0.6496, 0.2903 0.7047 -0.7874, 0.2903 0.7638 -0.7874, 0.3396 0.7047 -0.7874, 0.3396 0.7638 -0.7874, 0.3602 0.7047 -0.6496, 0.3602 0.7638 -0.6496, 0.3346 1.3327 0.3394, 0.3543 1.3327 0.3394, 0.3543 1.3327 0.6478, 0.2362 1.3327 0.6478, 0.2362 1.3327 0.3394, 0.2559 1.3327 0.3394, 0.2559 1.3327 0.1026, 0.3346 1.3327 0.1026, 0.2559 1.3351 0.0768, 0.3346 1.3351 0.0768, 0.2559 1.3422 0.0519, 0.3346 1.3422 0.0519, 0.2559 1.3538 0.0288, 0.3346 1.3538 0.0288, 0.2559 1.3695 0.0082, 0.3346 1.3695 0.0082, 0.2559 1.3887 -0.0092, 0.3346 1.3887 -0.0092, 0.2559 1.4108 -0.0227, 0.3346 1.4108 -0.0227, 0.2559 1.435 -0.0319, 0.3346 1.435 -0.0319, 0.3346 1.6043 -0.0787, 0.2559 1.6043 -0.0787, 0.3346 1.6201 -0.0218, 0.2559 1.6201 -0.0218, 0.3346 1.4508 0.025, 0.2559 1.4508 0.025, 0.3346 1.4315 0.0332, 0.2559 1.4315 0.0332, 0.3346 1.415 0.046, 0.2559 1.415 0.046, 0.3346 1.4024 0.0626, 0.2559 1.4024 0.0626, 0.3346 1.3944 0.0819, 0.2559 1.3944 0.0819, 0.3346 1.3917 0.1026, 0.2559 1.3917 0.1026, 0.2559 1.3917 0.3394, 0.2362 1.3917 0.3394, 0.2362 1.3917 0.6478, 0.3543 1.3917 0.6478, 0.3543 1.3917 0.3394, 0.3346 1.3917 0.3394, 0.2362 1.3891 0.6751, 0.3543 1.3891 0.6751, 0.2362 1.3811 0.7012, 0.3543 1.3811 0.7012, 0.2362 1.3682 0.7254, 0.3543 1.3682 0.7254, 0.2362 1.3509 0.7465, 0.3543 1.3509 0.7465, 0.2362 1.3297 0.7639, 0.3543 1.3297 0.7639, 0.2362 1.3056 0.7768, 0.3543 1.3056 0.7768, 0.2362 1.2794 0.7847, 0.3543 1.2794 0.7847, 0.2362 1.2521 0.7874, 0.3543 1.2521 0.7874, 0.3543 0.9095 0.7874, 0.2362 0.9095 0.7874, 0.3543 0.9095 0.7283, 0.2362 0.9095 0.7283, 0.3543 1.2521 0.7283, 0.2362 1.2521 0.7283, 0.3543 1.273 0.7256, 0.2362 1.273 0.7256, 0.3543 1.2924 0.7176, 0.2362 1.2924 0.7176, 0.3543 1.3091 0.7048, 0.2362 1.3091 0.7048, 0.3543 1.3219 0.6881, 0.2362 1.3219 0.6881, 0.3543 1.3299 0.6687, 0.2362 1.3299 0.6687
            ]
        }
        coordIndex [
            0,1,2,-1,2,1,3,-1,4,0,5,-1,5,0,2,-1,6,4,7,-1,7,4,5,-1,8,6,9,-1,9,6,7,-1,10,8,11,-1,11,8,9,-1,1,10,3,-1,3,10,11,-1,6,8,4,-1,4,8,10,-1,4,10,0,-1,0,10,1,-1,9,7,11,-1,11,7,5,-1,11,5,3,-1,3,5,2,-1,12,13,14,-1,15,16,17,-1,18,19,17,-1,17,19,12,-1,17,12,15,-1,15,12,14,-1,19,18,20,-1,19,20,21,-1,21,20,22,-1,21,22,23,-1,23,22,24,-1,23,24,25,-1,25,24,26,-1,25,26,27,-1,27,26,28,-1,27,28,29,-1,29,28,30,-1,29,30,31,-1,31,30,32,-1,31,32,33,-1,34,33,35,-1,35,33,32,-1,36,34,37,-1,37,34,35,-1,38,36,39,-1,39,36,37,-1,38,39,40,-1,40,39,41,-1,40,41,42,-1,42,41,43,-1,42,43,44,-1,44,43,45,-1,44,45,46,-1,46,45,47,-1,46,47,48,-1,48,47,49,-1,50,51,52,-1,53,54,55,-1,48,49,55,-1,55,49,50,-1,55,50,53,-1,53,50,52,-1,42,29,40,-1,40,29,31,-1,40,31,38,-1,38,31,33,-1,38,33,36,-1,36,33,34,-1,46,23,44,-1,44,23,25,-1,44,25,42,-1,42,25,27,-1,42,27,29,-1,55,12,48,-1,48,12,19,-1,48,19,46,-1,46,19,21,-1,46,21,23,-1,45,22,47,-1,47,22,20,-1,47,20,49,-1,49,20,18,-1,49,18,50,-1,50,18,17,-1,41,28,43,-1,43,28,26,-1,43,26,45,-1,45,26,24,-1,45,24,22,-1,37,35,39,-1,39,35,32,-1,39,32,41,-1,41,32,30,-1,41,30,28,-1,55,54,12,-1,12,54,13,-1,53,52,56,-1,53,56,57,-1,57,56,58,-1,57,58,59,-1,59,58,60,-1,59,60,61,-1,61,60,62,-1,61,62,63,-1,63,62,64,-1,63,64,65,-1,65,64,66,-1,65,66,67,-1,67,66,68,-1,67,68,69,-1,69,68,70,-1,69,70,71,-1,72,71,73,-1,73,71,70,-1,74,72,75,-1,75,72,73,-1,76,74,77,-1,77,74,75,-1,76,77,78,-1,78,77,79,-1,78,79,80,-1,80,79,81,-1,80,81,82,-1,82,81,83,-1,82,83,84,-1,84,83,85,-1,84,85,86,-1,86,85,87,-1,86,87,14,-1,14,87,15,-1,16,51,17,-1,17,51,50,-1,13,54,14,-1,14,54,53,-1,14,53,86,-1,72,74,71,-1,71,74,76,-1,71,76,69,-1,69,76,78,-1,69,78,67,-1,67,78,80,-1,53,57,86,-1,86,57,59,-1,86,59,84,-1,84,59,61,-1,84,61,82,-1,82,61,63,-1,82,63,80,-1,80,63,65,-1,80,65,67,-1,75,73,77,-1,77,73,70,-1,77,70,79,-1,51,16,52,-1,52,16,15,-1,52,15,56,-1,56,15,87,-1,56,87,58,-1,58,87,85,-1,70,68,79,-1,79,68,66,-1,79,66,81,-1,81,66,64,-1,81,64,83,-1,83,64,62,-1,83,62,85,-1,85,62,60,-1,85,60,58,-1,
        ]
    }
}
Shape{
    appearance Appearance {
        material  Material 	{
            diffuseColor 1.0 0.8117647058823529 0.5019607843137255
            specularColor 1.0 0.8117647058823529 0.5019607843137255
            ambientIntensity 0.8327
            transparency 0.0
            shininess 0.5
        }
    }
    geometry IndexedFaceSet {
        ccw TRUE
        solid FALSE
        coord DEF co Coordinate {
            point [
                0.4528 -1.0492 0.3858, 0.4528 -2.0236 0.3858, 0.4528 -1.0492 0.4449, 0.4528 -2.0236 0.4449, 0.4677 -2.1122 0.4449, 0.4677 -2.1122 0.4154, 0.5165 -2.1122 0.4449, 0.5165 -2.1122 0.4154, 0.5315 -2.0236 0.4449, 0.5315 -2.0236 0.3858, 0.5315 -1.0492 0.3858, 0.5315 -1.0492 0.4449
            ]
        }
        coordIndex [
            0,1,2,-1,2,1,3,-1,3,1,4,-1,4,1,5,-1,4,5,6,-1,6,5,7,-1,6,7,8,-1,8,7,9,-1,9,10,8,-1,8,10,11,-1,10,0,11,-1,11,0,2,-1,0,10,1,-1,1,10,9,-1,4,6,3,-1,3,6,8,-1,3,8,2,-1,2,8,11,-1,1,9,5,-1,5,9,7,-1,
        ]
    }
}
Shape{
    appearance Appearance {
        material  Material 	{
            diffuseColor 0.25098039215686274 0.25098039215686274 0.25098039215686274
            specularColor 0.12549019607843137 0.12549019607843137 0.12549019607843137
            ambientIntensity 0.251
            transparency 0.0
            shininess 0.5
        }
    }
    geometry IndexedFaceSet {
        ccw TRUE
        solid FALSE
        coord DEF co Coordinate {
            point [
                -0.7 -0.9692 0.3169, -0.7 -0.9692 0.3071, -0.7116 -0.9677 0.3169, -0.7116 -0.9677 0.3071, -0.7225 -0.9632 0.3169, -0.7225 -0.9632 0.3071, -0.7318 -0.956 0.3169, -0.7318 -0.956 0.3071, -0.739 -0.9467 0.3169, -0.739 -0.9467 0.3071, -0.7435 -0.9359 0.3169, -0.7435 -0.9359 0.3071, -0.745 -0.9242 0.3169, -0.745 -0.9242 0.3071, 0.7 -0.9692 0.3169, 0.7 -0.9692 0.3071, 0.6884 -0.9677 0.3169, 0.6884 -0.9677 0.3071, 0.6775 -0.9632 0.3169, 0.6775 -0.9632 0.3071, 0.6682 -0.956 0.3169, 0.6682 -0.956 0.3071, 0.661 -0.9467 0.3169, 0.661 -0.9467 0.3071, 0.6565 -0.9359 0.3169, 0.6565 -0.9359 0.3071, 0.655 -0.9242 0.3169, 0.655 -0.9242 0.3071, 0.0 -0.9692 0.3169, 0.0 -0.9692 0.3071, -0.0116 -0.9677 0.3169, -0.0116 -0.9677 0.3071, -0.0225 -0.9632 0.3169, -0.0225 -0.9632 0.3071, -0.0318 -0.956 0.3169, -0.0318 -0.956 0.3071, -0.039 -0.9467 0.3169, -0.039 -0.9467 0.3071, -0.0435 -0.9359 0.3169, -0.0435 -0.9359 0.3071, -0.045 -0.9242 0.3169, -0.045 -0.9242 0.3071, -1.1417 -0.498 0.3071, -1.1417 -1.0177 0.3071, -1.1417 -0.498 0.3465, -1.1417 -1.0177 0.3465, 1.1417 -1.0177 0.3071, 1.1417 -1.0177 0.3465, 1.1417 -0.498 0.3071, 1.1417 -0.498 0.3465, -0.661 -0.9467 0.3071, -0.0435 -0.6114 0.3071, -0.6682 -0.956 0.3071, -0.6775 -0.9632 0.3071, -0.6565 -0.6114 0.3071, -0.661 -0.6005 0.3071, -0.039 -0.6005 0.3071, 0.745 -0.623 0.3071, 0.7435 -0.6114 0.3071, -0.0318 -0.5912 0.3071, -0.6775 -0.5841 0.3071, -0.6884 -0.5796 0.3071, -0.0225 -0.5841 0.3071, -0.7 -0.578 0.3071, -0.7116 -0.5796 0.3071, 0.0225 -0.9632 0.3071, 0.0318 -0.956 0.3071, 0.0 -0.578 0.3071, -0.0116 -0.5796 0.3071, 0.739 -0.6005 0.3071, 0.7318 -0.5912 0.3071, 0.7225 -0.5841 0.3071, -0.6682 -0.5912 0.3071, 0.745 -0.9242 0.3071, 0.7435 -0.9359 0.3071, -0.7225 -0.5841 0.3071, -0.7318 -0.5912 0.3071, -0.739 -0.6005 0.3071, 0.7116 -0.5796 0.3071, 0.7 -0.578 0.3071, 0.6884 -0.5796 0.3071, 0.6775 -0.5841 0.3071, 0.0116 -0.5796 0.3071, -0.6565 -0.9359 0.3071, -0.655 -0.9242 0.3071, -0.655 -0.623 0.3071, 0.0116 -0.9677 0.3071, -0.6884 -0.9677 0.3071, 0.039 -0.6005 0.3071, 0.0318 -0.5912 0.3071, 0.0225 -0.5841 0.3071, -0.7435 -0.6114 0.3071, -0.745 -0.623 0.3071, 0.7116 -0.9677 0.3071, 0.7225 -0.9632 0.3071, 0.7318 -0.956 0.3071, 0.739 -0.9467 0.3071, -0.045 -0.623 0.3071, 0.6682 -0.5912 0.3071, 0.661 -0.6005 0.3071, 0.0435 -0.6114 0.3071, 0.6565 -0.6114 0.3071, 0.045 -0.623 0.3071, 0.655 -0.623 0.3071, 0.045 -0.9242 0.3071, 0.0435 -0.9359 0.3071, 0.039 -0.9467 0.3071, -0.045 -0.623 0.3169, -0.0435 -0.6114 0.3169, -0.039 -0.6005 0.3169, -0.0318 -0.5912 0.3169, -0.0225 -0.5841 0.3169, -0.0116 -0.5796 0.3169, 0.0 -0.578 0.3169, 0.0116 -0.5796 0.3169, 0.0225 -0.5841 0.3169, 0.0318 -0.5912 0.3169, 0.039 -0.6005 0.3169, 0.0435 -0.6114 0.3169, 0.045 -0.623 0.3169, 0.045 -0.9242 0.3169, 0.0435 -0.9359 0.3169, 0.039 -0.9467 0.3169, 0.0318 -0.956 0.3169, 0.0225 -0.9632 0.3169, 0.0116 -0.9677 0.3169, 0.655 -0.623 0.3169, 0.6565 -0.6114 0.3169, 0.661 -0.6005 0.3169, 0.6682 -0.5912 0.3169, 0.6775 -0.5841 0.3169, 0.6884 -0.5796 0.3169, 0.7 -0.578 0.3169, 0.7116 -0.5796 0.3169, 0.7225 -0.5841 0.3169, 0.7318 -0.5912 0.3169, 0.739 -0.6005 0.3169, 0.7435 -0.6114 0.3169, 0.745 -0.623 0.3169, 0.745 -0.9242 0.3169, 0.7435 -0.9359 0.3169, 0.739 -0.9467 0.3169, 0.7318 -0.956 0.3169, 0.7225 -0.9632 0.3169, 0.7116 -0.9677 0.3169, -0.745 -0.623 0.3169, -0.7435 -0.6114 0.3169, -0.739 -0.6005 0.3169, -0.7318 -0.5912 0.3169, -0.7225 -0.5841 0.3169, -0.7116 -0.5796 0.3169, -0.7 -0.578 0.3169, -0.6884 -0.5796 0.3169, -0.6775 -0.5841 0.3169, -0.6682 -0.5912 0.3169, -0.661 -0.6005 0.3169, -0.6565 -0.6114 0.3169, -0.655 -0.623 0.3169, -0.655 -0.9242 0.3169, -0.6565 -0.9359 0.3169, -0.661 -0.9467 0.3169, -0.6682 -0.956 0.3169, -0.6775 -0.9632 0.3169, -0.6884 -0.9677 0.3169
            ]
        }
        coordIndex [
            0,1,2,-1,2,1,3,-1,2,3,4,-1,4,3,5,-1,4,5,6,-1,6,5,7,-1,6,7,8,-1,8,7,9,-1,8,9,10,-1,10,9,11,-1,10,11,12,-1,12,11,13,-1,14,15,16,-1,16,15,17,-1,16,17,18,-1,18,17,19,-1,18,19,20,-1,20,19,21,-1,20,21,22,-1,22,21,23,-1,22,23,24,-1,24,23,25,-1,24,25,26,-1,26,25,27,-1,28,29,30,-1,30,29,31,-1,30,31,32,-1,32,31,33,-1,32,33,34,-1,34,33,35,-1,34,35,36,-1,36,35,37,-1,36,37,38,-1,38,37,39,-1,38,39,40,-1,40,39,41,-1,42,43,44,-1,44,43,45,-1,43,46,45,-1,45,46,47,-1,46,48,47,-1,47,48,49,-1,48,42,49,-1,49,42,44,-1,50,51,52,-1,52,51,53,-1,54,55,56,-1,57,58,48,-1,56,55,59,-1,60,61,62,-1,42,63,64,-1,65,66,46,-1,67,68,42,-1,42,68,62,-1,42,62,63,-1,63,62,61,-1,58,69,48,-1,48,69,70,-1,48,70,71,-1,59,55,62,-1,62,55,72,-1,62,72,60,-1,57,48,73,-1,73,48,46,-1,73,46,74,-1,64,75,42,-1,42,75,76,-1,42,76,77,-1,71,78,48,-1,48,78,79,-1,48,79,42,-1,79,80,42,-1,42,80,81,-1,42,81,67,-1,67,81,82,-1,11,9,43,-1,43,9,7,-1,43,7,5,-1,50,83,51,-1,51,83,84,-1,51,84,56,-1,56,84,85,-1,56,85,54,-1,33,31,43,-1,43,31,29,-1,43,29,46,-1,46,29,86,-1,46,86,65,-1,5,3,43,-1,43,3,1,-1,43,1,33,-1,33,1,87,-1,33,87,35,-1,35,87,37,-1,88,89,81,-1,81,89,90,-1,81,90,82,-1,77,91,42,-1,42,91,92,-1,42,92,43,-1,43,92,13,-1,43,13,11,-1,25,23,66,-1,66,23,21,-1,66,21,19,-1,19,17,66,-1,66,17,15,-1,66,15,46,-1,46,15,93,-1,46,93,94,-1,94,95,46,-1,46,95,96,-1,46,96,74,-1,51,97,53,-1,53,97,41,-1,53,41,87,-1,87,41,39,-1,87,39,37,-1,81,98,88,-1,88,98,99,-1,88,99,100,-1,100,99,101,-1,100,101,102,-1,102,101,103,-1,102,103,104,-1,104,103,27,-1,104,27,105,-1,105,27,25,-1,105,25,106,-1,106,25,66,-1,47,49,45,-1,45,49,44,-1,107,97,108,-1,108,97,51,-1,108,51,109,-1,109,51,56,-1,109,56,110,-1,110,56,59,-1,110,59,111,-1,111,59,62,-1,111,62,112,-1,112,62,68,-1,112,68,113,-1,113,68,67,-1,113,67,114,-1,114,67,82,-1,114,82,115,-1,115,82,90,-1,115,90,116,-1,116,90,89,-1,116,89,117,-1,117,89,88,-1,117,88,118,-1,118,88,100,-1,118,100,119,-1,119,100,102,-1,120,119,104,-1,104,119,102,-1,120,104,121,-1,121,104,105,-1,121,105,122,-1,122,105,106,-1,122,106,123,-1,123,106,66,-1,123,66,124,-1,124,66,65,-1,124,65,125,-1,125,65,86,-1,125,86,28,-1,28,86,29,-1,107,40,97,-1,97,40,41,-1,108,118,107,-1,107,118,119,-1,107,119,40,-1,40,119,120,-1,40,120,121,-1,121,122,40,-1,40,122,123,-1,40,123,124,-1,124,125,40,-1,40,125,28,-1,40,28,30,-1,108,109,118,-1,118,109,110,-1,118,110,111,-1,30,32,40,-1,40,32,34,-1,40,34,38,-1,38,34,36,-1,111,112,118,-1,118,112,113,-1,118,113,114,-1,114,115,118,-1,118,115,116,-1,118,116,117,-1,126,103,127,-1,127,103,101,-1,127,101,128,-1,128,101,99,-1,128,99,129,-1,129,99,98,-1,129,98,130,-1,130,98,81,-1,130,81,131,-1,131,81,80,-1,131,80,132,-1,132,80,79,-1,132,79,133,-1,133,79,78,-1,133,78,134,-1,134,78,71,-1,134,71,135,-1,135,71,70,-1,135,70,136,-1,136,70,69,-1,136,69,137,-1,137,69,58,-1,137,58,138,-1,138,58,57,-1,139,138,73,-1,73,138,57,-1,139,73,140,-1,140,73,74,-1,140,74,141,-1,141,74,96,-1,141,96,142,-1,142,96,95,-1,142,95,143,-1,143,95,94,-1,143,94,144,-1,144,94,93,-1,144,93,14,-1,14,93,15,-1,126,26,103,-1,103,26,27,-1,141,142,24,-1,126,138,26,-1,26,138,139,-1,26,139,24,-1,24,139,140,-1,24,140,141,-1,126,127,138,-1,138,127,128,-1,138,128,129,-1,129,130,138,-1,138,130,131,-1,138,131,137,-1,137,131,132,-1,137,132,133,-1,142,143,24,-1,24,143,144,-1,24,144,14,-1,14,16,24,-1,24,16,18,-1,24,18,22,-1,22,18,20,-1,133,134,137,-1,137,134,135,-1,137,135,136,-1,145,92,146,-1,146,92,91,-1,146,91,147,-1,147,91,77,-1,147,77,148,-1,148,77,76,-1,148,76,149,-1,149,76,75,-1,149,75,150,-1,150,75,64,-1,150,64,151,-1,151,64,63,-1,151,63,152,-1,152,63,61,-1,152,61,153,-1,153,61,60,-1,153,60,154,-1,154,60,72,-1,154,72,155,-1,155,72,55,-1,155,55,156,-1,156,55,54,-1,156,54,157,-1,157,54,85,-1,158,157,84,-1,84,157,85,-1,158,84,159,-1,159,84,83,-1,159,83,160,-1,160,83,50,-1,160,50,161,-1,161,50,52,-1,161,52,162,-1,162,52,53,-1,162,53,163,-1,163,53,87,-1,163,87,0,-1,0,87,1,-1,145,12,92,-1,92,12,13,-1,156,157,145,-1,160,161,12,-1,160,12,159,-1,145,157,12,-1,12,157,158,-1,12,158,159,-1,156,151,152,-1,161,162,12,-1,12,162,163,-1,12,163,0,-1,145,146,156,-1,156,146,147,-1,156,147,148,-1,4,6,8,-1,148,149,156,-1,156,149,150,-1,156,150,151,-1,152,153,156,-1,156,153,154,-1,156,154,155,-1,0,2,12,-1,12,2,4,-1,12,4,10,-1,10,4,8,-1,
        ]
    }
}
Shape{
    appearance Appearance {
        material  Material 	{
            diffuseColor 0.7529411764705882 0.7529411764705882 0.7529411764705882
            specularColor 0.3764705882352941 0.3764705882352941 0.3764705882352941
            ambientIntensity 0.7529
            transparency 0.0
            shininess 0.5
        }
    }
    geometry IndexedFaceSet {
        ccw TRUE
        solid FALSE
        coord DEF co Coordinate {
            point [
                -0.2559 1.3327 0.3394, -0.2362 1.3327 0.3394, -0.2362 1.3327 0.6478, -0.3543 1.3327 0.6478, -0.3543 1.3327 0.3394, -0.3346 1.3327 0.3394, -0.3346 1.3327 0.1026, -0.2559 1.3327 0.1026, -0.3346 1.3351 0.0768, -0.2559 1.3351 0.0768, -0.3346 1.3422 0.0519, -0.2559 1.3422 0.0519, -0.3346 1.3538 0.0288, -0.2559 1.3538 0.0288, -0.3346 1.3695 0.0082, -0.2559 1.3695 0.0082, -0.3346 1.3887 -0.0092, -0.2559 1.3887 -0.0092, -0.3346 1.4108 -0.0227, -0.2559 1.4108 -0.0227, -0.3346 1.435 -0.0319, -0.2559 1.435 -0.0319, -0.2559 1.6043 -0.0787, -0.3346 1.6043 -0.0787, -0.2559 1.6201 -0.0218, -0.3346 1.6201 -0.0218, -0.2559 1.4508 0.025, -0.3346 1.4508 0.025, -0.2559 1.4315 0.0332, -0.3346 1.4315 0.0332, -0.2559 1.415 0.046, -0.3346 1.415 0.046, -0.2559 1.4024 0.0626, -0.3346 1.4024 0.0626, -0.2559 1.3944 0.0819, -0.3346 1.3944 0.0819, -0.2559 1.3917 0.1026, -0.3346 1.3917 0.1026, -0.3346 1.3917 0.3394, -0.3543 1.3917 0.3394, -0.3543 1.3917 0.6478, -0.2362 1.3917 0.6478, -0.2362 1.3917 0.3394, -0.2559 1.3917 0.3394, -0.3543 1.3891 0.6751, -0.2362 1.3891 0.6751, -0.3543 1.3811 0.7012, -0.2362 1.3811 0.7012, -0.3543 1.3682 0.7254, -0.2362 1.3682 0.7254, -0.3543 1.3509 0.7465, -0.2362 1.3509 0.7465, -0.3543 1.3297 0.7639, -0.2362 1.3297 0.7639, -0.3543 1.3056 0.7768, -0.2362 1.3056 0.7768, -0.3543 1.2794 0.7847, -0.2362 1.2794 0.7847, -0.3543 1.2521 0.7874, -0.2362 1.2521 0.7874, -0.2362 0.9095 0.7874, -0.3543 0.9095 0.7874, -0.2362 0.9095 0.7283, -0.3543 0.9095 0.7283, -0.2362 1.2521 0.7283, -0.3543 1.2521 0.7283, -0.2362 1.273 0.7256, -0.3543 1.273 0.7256, -0.2362 1.2924 0.7176, -0.3543 1.2924 0.7176, -0.2362 1.3091 0.7048, -0.3543 1.3091 0.7048, -0.2362 1.3219 0.6881, -0.3543 1.3219 0.6881, -0.2362 1.3299 0.6687, -0.3543 1.3299 0.6687
            ]
        }
        coordIndex [
            0,1,2,-1,3,4,5,-1,6,7,5,-1,5,7,0,-1,5,0,3,-1,3,0,2,-1,7,6,8,-1,7,8,9,-1,9,8,10,-1,9,10,11,-1,11,10,12,-1,11,12,13,-1,13,12,14,-1,13,14,15,-1,15,14,16,-1,15,16,17,-1,17,16,18,-1,17,18,19,-1,19,18,20,-1,19,20,21,-1,22,21,23,-1,23,21,20,-1,24,22,25,-1,25,22,23,-1,26,24,27,-1,27,24,25,-1,26,27,28,-1,28,27,29,-1,28,29,30,-1,30,29,31,-1,30,31,32,-1,32,31,33,-1,32,33,34,-1,34,33,35,-1,34,35,36,-1,36,35,37,-1,38,39,40,-1,41,42,43,-1,36,37,43,-1,43,37,38,-1,43,38,41,-1,41,38,40,-1,30,17,28,-1,28,17,19,-1,28,19,26,-1,26,19,21,-1,26,21,24,-1,24,21,22,-1,34,11,32,-1,32,11,13,-1,32,13,30,-1,30,13,15,-1,30,15,17,-1,43,0,36,-1,36,0,7,-1,36,7,34,-1,34,7,9,-1,34,9,11,-1,33,10,35,-1,35,10,8,-1,35,8,37,-1,37,8,6,-1,37,6,38,-1,38,6,5,-1,29,16,31,-1,31,16,14,-1,31,14,33,-1,33,14,12,-1,33,12,10,-1,25,23,27,-1,27,23,20,-1,27,20,29,-1,29,20,18,-1,29,18,16,-1,43,42,0,-1,0,42,1,-1,41,40,44,-1,41,44,45,-1,45,44,46,-1,45,46,47,-1,47,46,48,-1,47,48,49,-1,49,48,50,-1,49,50,51,-1,51,50,52,-1,51,52,53,-1,53,52,54,-1,53,54,55,-1,55,54,56,-1,55,56,57,-1,57,56,58,-1,57,58,59,-1,60,59,61,-1,61,59,58,-1,62,60,63,-1,63,60,61,-1,64,62,65,-1,65,62,63,-1,64,65,66,-1,66,65,67,-1,66,67,68,-1,68,67,69,-1,68,69,70,-1,70,69,71,-1,70,71,72,-1,72,71,73,-1,72,73,74,-1,74,73,75,-1,74,75,2,-1,2,75,3,-1,4,39,5,-1,5,39,38,-1,1,42,2,-1,2,42,41,-1,2,41,74,-1,60,62,59,-1,59,62,64,-1,59,64,57,-1,57,64,66,-1,57,66,55,-1,55,66,68,-1,41,45,74,-1,74,45,47,-1,74,47,72,-1,72,47,49,-1,72,49,70,-1,70,49,51,-1,70,51,68,-1,68,51,53,-1,68,53,55,-1,63,61,65,-1,65,61,58,-1,65,58,67,-1,39,4,40,-1,40,4,3,-1,40,3,44,-1,44,3,75,-1,44,75,46,-1,46,75,73,-1,58,56,67,-1,67,56,54,-1,67,54,69,-1,69,54,52,-1,69,52,71,-1,71,52,50,-1,71,50,73,-1,73,50,48,-1,73,48,46,-1,
        ]
    }
}